user_id,group,signup_date,country,baseline_steps_7d,steps_7d,reward_points_7d,ad_revenue_7d,is_retained_d7
u_007338,test,2024-11-10,JP,4213,26521,61,1.8,0
u_009989,test,2024-11-07,JP,5345,44911,111,3.67,1
u_003914,control,2024-12-18,JP,11610,72004,156,4.17,1
u_013079,control,2024-12-08,US,7857,64940,137,3.72,1
u_010889,test,2024-12-22,JP,9942,72454,170,6.7,1
u_004826,test,2024-11-18,US,3519,27470,55,1.52,1
u_010795,test,2024-11-02,US,7424,59036,139,5.93,1
u_005338,control,2024-11-09,KR,5311,31373,72,1.92,1
u_011482,test,2024-11-05,KR,7585,64079,120,3.12,1
u_010970,test,2024-12-31,KR,4356,37456,72,3.49,1
u_013346,test,2024-11-11,KR,4503,42325,103,3.0,1
u_000782,test,2024-11-04,KR,6400,55475,134,2.96,1
u_009204,control,2024-11-28,US,4109,33091,78,3.46,1
u_007174,control,2024-11-02,JP,6737,45938,114,1.34,0
u_010433,test,2024-11-28,US,6381,54935,101,5.57,1
u_002223,test,2024-12-21,KR,4405,25102,55,0.79,1
u_003607,control,2024-12-19,KR,7747,60016,141,4.09,1
u_013254,control,2024-11-03,JP,5379,38555,73,1.34,1
u_011888,test,2024-12-01,KR,5458,44384,80,2.76,1
u_010279,test,2024-12-11,KR,5493,42776,72,1.88,0
u_001785,test,2024-11-03,KR,6691,51021,80,2.05,1
u_000528,test,2024-12-27,KR,3174,21696,34,1.2,1
u_009096,test,2024-12-30,KR,5580,40263,76,3.45,1
u_011985,test,2024-11-09,JP,3666,35925,76,1.37,1
u_013030,control,2024-11-28,KR,5448,32331,73,1.8,1
u_009326,control,2024-11-07,KR,5096,34798,56,2.75,0
u_005291,control,2024-12-16,KR,8804,74034,127,4.69,0
u_010140,test,2024-12-16,KR,4122,27560,57,2.31,0
u_003804,test,2024-12-05,JP,6232,40204,83,4.25,0
u_008988,control,2024-12-04,US,5264,37130,72,3.88,1
u_003082,test,2024-12-30,JP,4135,33584,74,1.44,1
u_006524,test,2024-11-18,KR,4568,38267,69,3.18,1
u_001292,test,2024-11-27,US,7150,61504,147,4.61,1
u_004074,control,2024-11-28,KR,6266,42016,74,2.69,1
u_009992,control,2024-12-31,KR,6189,41069,92,1.09,1
u_007046,test,2024-12-06,JP,4442,32363,53,2.41,1
u_008624,test,2024-11-22,US,1696,14492,35,0.94,0
u_009400,test,2024-12-26,JP,7442,52964,111,5.37,1
u_005042,control,2024-11-25,KR,2151,15060,25,1.49,0
u_000874,control,2024-12-10,KR,5947,53015,94,4.68,1
u_009561,test,2024-11-07,JP,7053,57326,94,2.7,1
u_014563,control,2024-12-19,JP,7798,43496,68,4.03,1
u_001767,test,2024-11-10,KR,7766,61990,132,4.8,1
u_008442,test,2024-11-07,KR,4817,34194,71,3.54,1
u_006768,control,2024-11-25,KR,5806,43823,107,4.77,1
u_005383,control,2024-11-09,KR,5233,34033,70,0.96,1
u_002858,control,2024-11-12,KR,2645,20106,40,1.71,0
u_007739,control,2024-12-14,KR,3741,28346,51,3.07,1
u_003797,control,2024-11-12,KR,10585,78688,133,5.11,1
u_013578,test,2024-12-25,KR,2420,17585,35,1.59,0
u_005663,control,2024-12-21,US,7120,41659,98,2.41,0
u_010268,test,2024-11-05,KR,4684,42212,67,2.6,1
u_014354,test,2024-12-24,JP,4200,34243,84,1.96,0
u_007026,test,2024-11-04,KR,4857,41096,89,1.11,1
u_011542,control,2024-11-27,KR,4070,34093,66,3.0,1
u_014582,test,2024-12-31,KR,5445,44601,95,1.59,0
u_001405,control,2024-11-25,KR,6119,48323,75,4.81,0
u_012212,test,2024-12-05,JP,8264,77934,134,4.14,1
u_006414,test,2024-11-13,KR,6118,45489,69,4.79,1
u_009802,control,2024-11-16,KR,1976,11392,17,0.7,0
u_002788,test,2024-12-24,JP,5518,51577,82,5.2,1
u_002877,test,2024-12-03,KR,5658,46043,74,1.49,1
u_005416,control,2024-12-14,JP,7065,43036,92,2.81,0
u_008093,test,2024-11-01,KR,6220,42926,69,1.33,1
u_013217,test,2024-11-18,KR,7638,54509,124,3.02,1
u_005701,control,2024-12-07,US,6634,48982,78,2.37,0
u_001025,control,2024-12-03,KR,5951,47192,101,4.9,0
u_012670,control,2024-11-09,KR,4679,35770,61,2.79,1
u_001703,test,2024-12-09,KR,7060,50247,88,2.01,0
u_001533,test,2024-12-12,KR,6648,43588,72,1.17,0
u_004602,test,2024-11-23,JP,8665,60886,148,5.67,1
u_008613,control,2024-11-21,KR,7108,52851,107,4.08,0
u_013227,control,2024-11-26,KR,6947,45878,98,3.01,0
u_010135,test,2024-11-04,US,8893,75954,163,5.36,1
u_000612,test,2024-12-04,KR,5006,38451,74,1.9,1
u_009353,test,2024-11-08,KR,4266,33792,70,3.71,1
u_013671,test,2024-11-15,KR,4372,40286,65,3.16,0
u_002300,test,2024-12-09,KR,4351,31511,59,2.7,0
u_011147,control,2024-12-05,JP,3200,22405,43,1.95,0
u_006485,control,2024-12-16,US,6249,45551,74,4.92,1
u_010264,control,2024-11-11,KR,5210,45675,81,4.04,0
u_004332,test,2024-11-18,KR,5737,46377,112,3.0,1
u_004286,control,2024-11-30,KR,881,5738,12,0.47,1
u_001162,control,2024-11-21,US,6360,42412,73,4.51,1
u_004080,test,2024-11-06,KR,6213,38976,78,1.61,0
u_012000,test,2024-11-10,JP,4973,42544,79,1.17,1
u_007089,control,2024-11-27,KR,7506,48787,90,4.48,1
u_007193,test,2024-12-13,JP,2979,27046,53,1.82,1
u_007206,test,2024-12-31,JP,5246,46731,114,4.93,0
u_011727,test,2024-11-18,KR,7185,50087,94,3.67,1
u_003253,control,2024-11-09,JP,6412,47034,75,1.33,0
u_011529,test,2024-12-23,KR,4017,31169,55,3.16,0
u_007651,control,2024-11-10,JP,7275,51099,116,4.25,0
u_011590,test,2024-11-18,JP,3079,20142,38,2.07,0
u_011446,control,2024-12-27,KR,4893,34642,60,2.91,1
u_000084,test,2024-12-15,KR,5136,38751,65,2.36,1
u_006469,control,2024-11-27,KR,4552,28022,48,2.92,0
u_013166,control,2024-12-27,KR,6114,46048,74,3.92,1
u_011301,control,2024-12-23,KR,6391,41670,87,2.1,1
u_014919,control,2024-12-10,KR,8750,51166,82,2.56,0
u_003012,control,2024-11-03,KR,5677,45433,97,1.47,1
u_009309,test,2024-12-05,KR,4353,22919,53,1.84,0
u_004556,control,2024-12-05,KR,6225,34489,75,1.35,0
u_003443,test,2024-11-25,US,6423,55665,126,2.96,1
u_013425,control,2024-11-27,KR,7385,54359,103,2.94,0
u_008828,test,2024-11-01,JP,2926,17370,39,1.85,1
u_005252,control,2024-12-15,KR,5467,37335,56,1.41,0
u_003821,test,2024-11-24,US,5833,52098,121,1.34,1
u_012366,test,2024-11-22,US,2237,20812,32,1.11,0
u_012075,test,2024-11-02,KR,6484,38680,81,3.23,1
u_008678,control,2024-11-12,KR,5883,38197,94,1.37,1
u_010293,test,2024-12-19,KR,9003,72373,126,3.07,0
u_012241,test,2024-11-02,KR,4756,46479,70,1.22,1
u_005709,test,2024-11-25,JP,5415,44091,104,4.16,1
u_012883,control,2024-11-02,KR,8375,53442,96,2.69,1
u_013463,test,2024-11-07,US,4893,39075,95,1.03,0
u_013773,test,2024-12-21,JP,4304,41156,99,3.58,1
u_010483,test,2024-12-09,KR,3333,17183,39,1.16,0
u_002019,test,2024-12-26,US,6774,50225,99,4.88,0
u_000226,control,2024-12-27,KR,5556,33833,79,1.82,1
u_012649,control,2024-11-10,JP,6050,32923,77,3.53,0
u_013159,control,2024-12-14,KR,4574,25962,63,2.49,0
u_013080,control,2024-12-10,JP,3201,21475,49,0.91,1
u_009773,test,2024-12-23,KR,7407,68560,134,2.91,1
u_014227,control,2024-11-29,KR,4861,41903,101,2.5,1
u_003305,test,2024-11-28,JP,1840,11716,21,1.13,0
u_013653,control,2024-12-23,JP,6904,40677,85,1.82,1
u_007602,control,2024-12-09,US,2305,16778,35,1.26,0
u_011365,control,2024-12-16,KR,7481,41374,101,2.47,1
u_000965,control,2024-11-20,KR,6499,51472,108,2.36,1
u_014535,control,2024-11-02,US,5645,36433,57,3.2,1
u_005231,test,2024-11-09,KR,3882,26580,64,1.5,1
u_004133,control,2024-11-23,JP,5089,42017,101,4.56,1
u_000285,test,2024-11-23,KR,6101,48390,115,4.1,1
u_000071,control,2024-12-28,KR,5976,40227,79,2.81,1
u_003617,control,2024-12-01,KR,3975,33167,79,0.94,1
u_001235,test,2024-12-20,US,7244,46618,105,4.09,1
u_013546,control,2024-12-20,JP,6898,36269,60,2.91,0
u_009902,test,2024-11-15,US,6510,44150,81,3.82,1
u_005403,test,2024-11-05,KR,8992,77731,127,3.3,1
u_009008,test,2024-11-17,JP,1920,18121,27,1.26,1
u_014678,test,2024-11-25,KR,3715,25247,48,0.87,0
u_003020,control,2024-12-11,JP,4529,39015,93,1.45,1
u_010806,control,2024-11-01,KR,7534,45153,98,2.22,1
u_013684,control,2024-12-19,KR,5453,33790,64,2.87,0
u_012382,test,2024-12-30,US,5815,37528,78,3.0,1
u_012588,control,2024-11-16,KR,4788,32554,63,3.17,1
u_012293,control,2024-12-06,KR,6679,40614,66,3.79,1
u_013668,test,2024-12-19,JP,6390,50061,87,3.62,1
u_004143,control,2024-12-14,JP,4856,32917,77,2.16,1
u_012167,control,2024-12-31,JP,5921,35969,89,1.22,0
u_010034,test,2024-11-28,US,7349,65048,116,4.89,1
u_009630,control,2024-11-10,US,3494,20537,44,0.78,0
u_006595,test,2024-11-03,KR,3686,27538,60,2.45,0
u_002622,test,2024-12-19,KR,3660,27750,50,2.78,0
u_004131,test,2024-12-24,KR,4618,34432,65,3.75,1
u_011893,test,2024-12-17,KR,6579,57997,90,5.55,0
u_000477,control,2024-11-10,JP,6915,63667,96,4.96,1
u_003279,control,2024-12-29,JP,8441,71140,115,5.89,1
u_002187,test,2024-12-22,JP,6171,49601,87,4.22,1
u_006751,control,2024-12-28,US,6029,35213,73,3.33,1
u_007114,test,2024-12-27,JP,8560,46088,77,1.68,1
u_002090,test,2024-12-03,KR,6112,47196,111,4.21,1
u_004314,test,2024-12-01,KR,3149,34216,51,2.58,1
u_003590,control,2024-11-22,JP,11233,83439,153,8.87,1
u_000195,control,2024-11-01,KR,8043,62579,103,3.32,1
u_014971,test,2024-12-26,KR,3609,23420,40,1.82,1
u_002272,test,2024-11-19,KR,2226,16569,32,0.91,1
u_010520,control,2024-12-25,KR,8187,54190,121,1.79,1
u_009757,control,2024-12-22,US,4786,44481,83,1.67,1
u_010000,control,2024-12-24,JP,1862,13823,29,0.62,1
u_001157,test,2024-11-19,KR,5079,46739,101,2.34,1
u_002654,test,2024-12-04,KR,6928,58810,101,3.64,1
u_004555,test,2024-11-01,KR,5958,35474,80,3.3,1
u_010137,test,2024-12-25,US,4893,41055,62,3.53,1
u_012654,test,2024-11-09,JP,6554,34763,58,3.57,1
u_014261,test,2024-11-24,KR,5833,51035,87,4.87,0
u_008813,control,2024-11-05,KR,3218,25811,54,1.41,1
u_005246,control,2024-11-01,KR,5948,45797,99,4.49,1
u_011334,test,2024-12-27,KR,3341,27053,58,2.04,1
u_009249,control,2024-11-07,KR,6950,44505,75,3.23,1
u_008541,test,2024-11-03,JP,5825,39047,86,1.88,1
u_001478,test,2024-11-08,US,9922,81826,162,3.49,0
u_006194,test,2024-12-04,JP,4170,44758,68,4.79,1
u_007995,control,2024-12-16,US,3090,24213,59,0.93,1
u_009858,test,2024-12-28,KR,5543,39289,69,1.47,1
u_014691,control,2024-12-27,KR,5499,36310,59,3.45,1
u_010441,control,2024-12-24,KR,7075,49963,85,2.1,0
u_004175,test,2024-11-16,JP,6412,52924,118,5.67,1
u_009783,test,2024-11-17,KR,4892,24510,49,2.15,0
u_005374,control,2024-12-22,KR,5277,42788,83,3.67,0
u_002325,control,2024-12-02,KR,5199,38524,77,3.47,1
u_010966,control,2024-12-15,US,6480,46563,83,2.05,1
u_002733,test,2024-12-01,KR,5026,40269,85,4.03,0
u_002204,control,2024-12-02,KR,6589,50916,87,1.57,1
u_014233,control,2024-11-13,KR,5414,36607,70,2.68,1
u_005366,test,2024-11-22,US,10530,81010,130,5.69,1
u_013338,control,2024-12-29,KR,6376,48017,74,5.03,1
u_005641,control,2024-11-27,US,5941,55607,103,4.92,1
u_013160,test,2024-12-15,KR,6853,67779,118,2.35,1
u_004376,control,2024-11-21,KR,5188,31371,62,0.9,1
u_001154,control,2024-12-12,US,4653,24609,52,2.19,1
u_001802,control,2024-12-17,US,6188,42053,98,4.59,0
u_012374,test,2024-12-24,US,5654,48677,85,4.32,1
u_013631,test,2024-11-07,KR,3167,24616,45,2.48,1
u_004000,test,2024-12-07,JP,6124,47994,97,4.72,1
u_012346,test,2024-11-03,KR,6322,48681,108,3.6,1
u_008980,control,2024-11-09,JP,6582,65852,163,6.74,0
u_014337,control,2024-11-28,KR,4431,28177,55,2.18,0
u_008293,control,2024-11-07,KR,6013,45794,78,1.52,1
u_013873,control,2024-11-06,JP,0,1072,2,0.09,0
u_014070,control,2024-12-07,US,7182,51490,92,4.97,1
u_010776,test,2024-11-07,JP,5144,48767,98,4.81,1
u_005733,test,2024-11-18,US,10708,85814,153,2.9,1
u_007248,test,2024-11-21,KR,5783,42150,90,2.68,1
u_004640,test,2024-12-05,KR,7495,58131,125,1.63,1
u_008422,test,2024-11-27,JP,4574,36758,57,1.69,1
u_004243,test,2024-11-10,KR,7812,62031,124,6.15,1
u_008742,test,2024-11-10,KR,5787,40179,61,2.14,0
u_012757,test,2024-11-30,KR,6102,53042,105,2.61,1
u_000693,control,2024-12-25,KR,9094,55830,117,5.86,1
u_000521,control,2024-11-09,JP,1455,10995,16,1.12,0
u_000158,control,2024-12-22,US,5694,47910,104,3.09,1
u_011127,test,2024-11-13,US,8196,77429,184,2.31,1
u_007703,test,2024-11-01,KR,4664,35391,55,2.31,0
u_010614,test,2024-11-06,JP,4790,33850,75,1.8,0
u_013770,control,2024-12-06,JP,5493,40653,84,2.48,1
u_001198,control,2024-12-11,US,3544,29881,52,2.05,0
u_003979,test,2024-11-24,JP,6771,46228,91,3.45,1
u_003352,control,2024-12-06,JP,6643,55538,123,2.32,1
u_011003,test,2024-12-03,US,5403,50696,112,4.04,1
u_007015,test,2024-11-28,KR,8418,70695,120,3.72,1
u_008461,test,2024-11-30,US,7489,53860,110,2.05,0
u_010003,test,2024-12-10,US,8185,66621,137,6.51,1
u_003856,test,2024-11-26,JP,3772,26849,44,2.41,0
u_012133,control,2024-12-15,KR,5345,32305,58,3.42,0
u_007895,test,2024-12-03,JP,6027,54679,84,3.44,0
u_011649,test,2024-11-21,US,6227,51752,126,3.74,0
u_001766,test,2024-12-06,KR,3440,18935,39,1.11,0
u_010331,test,2024-11-20,KR,4877,31257,71,2.6,0
u_014237,test,2024-11-18,KR,3543,25991,47,2.69,1
u_011942,control,2024-12-16,KR,5448,49825,102,5.28,1
u_014995,test,2024-11-15,KR,4070,26950,64,1.39,0
u_010734,test,2024-11-02,KR,5288,35900,72,1.24,1
u_002580,control,2024-11-21,JP,6358,44578,71,2.03,1
u_001139,control,2024-12-12,US,6099,46581,105,3.66,1
u_007020,control,2024-11-27,JP,5505,25071,57,1.44,0
u_001809,control,2024-12-13,KR,4201,27043,49,1.45,1
u_002861,control,2024-11-01,US,5223,39874,64,1.32,1
u_000515,test,2024-11-21,KR,4786,44761,91,4.37,1
u_005694,test,2024-11-23,JP,5661,53585,123,4.26,1
u_009804,control,2024-12-24,JP,5214,39056,87,3.54,1
u_008298,control,2024-12-25,US,4121,30470,60,1.41,0
u_011388,test,2024-12-21,KR,9506,67464,115,5.27,1
u_006650,control,2024-11-20,JP,4868,37573,74,1.88,1
u_010369,test,2024-12-07,KR,3238,29540,59,1.56,1
u_002783,test,2024-12-31,JP,6271,35521,60,3.36,1
u_004879,test,2024-11-18,JP,5345,35384,69,1.47,1
u_013246,control,2024-12-16,JP,6163,45305,95,1.63,0
u_002702,control,2024-11-12,JP,7038,36193,59,1.17,1
u_000650,test,2024-11-02,KR,6733,43866,80,2.2,1
u_008744,control,2024-11-12,KR,4141,25594,55,1.69,1
u_003064,control,2024-12-05,KR,4055,35764,60,1.84,0
u_001224,control,2024-12-26,KR,5876,44503,90,2.64,1
u_011784,control,2024-11-11,KR,9767,70704,120,4.68,0
u_012424,test,2024-12-22,KR,3834,30897,58,1.74,1
u_011437,test,2024-11-03,KR,4908,40089,65,1.71,1
u_003088,control,2024-12-31,KR,6278,50227,124,2.88,1
u_000491,test,2024-11-28,JP,5600,48306,74,2.94,1
u_009372,control,2024-12-30,KR,5140,32632,69,2.43,0
u_006261,control,2024-12-28,KR,6812,48406,93,4.73,1
u_012343,control,2024-12-28,JP,5418,41376,73,2.88,1
u_007512,control,2024-12-09,KR,7797,60597,146,4.4,0
u_008943,control,2024-12-18,KR,7688,52399,112,4.63,0
u_010277,test,2024-11-11,JP,3224,29567,72,2.16,0
u_003244,test,2024-11-29,KR,5089,42655,101,1.42,1
u_012775,test,2024-12-25,US,7463,67521,164,5.76,1
u_004444,test,2024-12-13,JP,2637,19738,46,1.75,1
u_009866,test,2024-12-26,KR,5238,28398,48,1.6,1
u_003101,test,2024-11-29,JP,6174,45622,108,3.97,1
u_001945,test,2024-12-25,JP,6088,43497,86,3.31,1
u_008014,test,2024-12-11,JP,4022,30082,71,2.97,1
u_009129,control,2024-12-12,JP,4372,37843,84,2.49,1
u_003208,control,2024-11-30,KR,8069,35932,70,3.44,1
u_003861,control,2024-11-15,US,3036,21490,42,1.99,0
u_001361,test,2024-11-28,KR,5642,34242,71,3.1,1
u_009131,control,2024-12-29,KR,6742,49937,93,1.33,1
u_001543,test,2024-12-28,KR,6645,43751,106,4.65,1
u_002118,control,2024-12-07,KR,6972,51664,128,4.29,1
u_014978,test,2024-12-23,KR,5609,49102,84,3.88,1
u_014113,control,2024-12-10,KR,996,8175,18,0.47,1
u_013410,control,2024-11-23,KR,3972,27882,43,2.74,1
u_000052,control,2024-12-04,US,5265,29561,70,1.33,0
u_013129,control,2024-12-09,US,8466,52949,95,2.84,0
u_007800,control,2024-12-03,US,3084,23044,55,0.8,0
u_006774,test,2024-12-16,US,7871,57964,137,6.18,1
u_012053,control,2024-12-20,KR,6184,45349,88,4.82,1
u_002367,test,2024-12-04,KR,3102,22969,56,1.77,0
u_011084,test,2024-12-27,KR,3039,26016,57,1.97,1
u_013366,test,2024-11-11,KR,6237,51993,122,5.04,0
u_004548,test,2024-11-05,KR,4082,23210,53,2.2,0
u_002299,control,2024-11-22,KR,4001,32543,80,2.51,0
u_013039,test,2024-11-02,KR,5397,46657,105,4.17,1
u_008740,control,2024-11-18,JP,4856,36168,74,3.73,0
u_013697,test,2024-11-25,US,5579,41421,103,1.96,0
u_005336,test,2024-11-23,US,7073,54803,91,3.82,0
u_003364,control,2024-11-30,KR,4171,29091,52,1.88,0
u_013473,test,2024-12-03,JP,2223,18137,44,1.43,1
u_014559,control,2024-12-28,KR,5410,29251,70,2.12,1
u_000541,control,2024-11-20,KR,7166,42415,91,3.45,1
u_012571,test,2024-11-21,KR,4739,34095,78,1.48,0
u_004381,control,2024-12-19,KR,3852,28596,53,2.09,0
u_001958,control,2024-12-03,JP,2244,11980,22,0.43,0
u_005229,control,2024-11-08,US,5145,34729,54,3.63,1
u_014418,control,2024-12-11,KR,5827,47252,100,3.38,1
u_004528,test,2024-11-13,US,4880,34936,86,0.9,0
u_007074,control,2024-12-05,KR,8535,56652,95,2.94,0
u_004822,control,2024-11-09,JP,5752,47358,79,2.43,1
u_005455,test,2024-11-27,KR,2091,15661,27,0.41,1
u_003365,test,2024-11-08,US,4341,35742,57,3.65,0
u_002887,control,2024-11-16,KR,4381,32526,67,2.66,0
u_000983,test,2024-11-26,KR,6680,53455,86,4.63,1
u_012252,control,2024-12-07,KR,3960,32246,59,2.0,1
u_003478,test,2024-12-17,JP,6655,57811,89,3.25,1
u_001410,control,2024-12-25,JP,5574,33926,78,1.18,0
u_002055,test,2024-12-30,KR,6853,54390,111,1.91,1
u_002677,control,2024-12-11,JP,1424,11423,27,0.62,1
u_010948,control,2024-11-09,KR,4608,30626,51,2.0,1
u_011329,control,2024-11-25,JP,4008,25741,52,0.84,1
u_001621,test,2024-11-17,KR,8353,67462,154,6.89,1
u_010570,control,2024-12-12,JP,4174,37046,58,1.9,0
u_006389,test,2024-11-06,KR,3154,19997,46,0.98,1
u_000701,test,2024-11-19,US,3819,30748,50,0.9,1
u_003418,control,2024-11-10,KR,7292,56620,90,1.65,1
u_000428,test,2024-11-29,KR,3024,29543,45,2.31,0
u_012613,control,2024-12-20,KR,4860,39877,97,3.6,1
u_010595,control,2024-11-09,KR,5013,39369,90,3.54,0
u_007832,control,2024-11-29,JP,6456,56978,105,2.81,1
u_009806,control,2024-11-17,JP,7094,48883,73,3.57,0
u_006699,test,2024-11-22,KR,6866,64745,124,5.85,1
u_010982,control,2024-12-18,KR,1998,15287,24,0.54,0
u_009801,control,2024-12-15,KR,7814,65340,132,6.4,1
u_011572,control,2024-12-15,KR,3313,19969,46,1.19,1
u_010018,control,2024-12-31,KR,3431,21727,46,2.09,0
u_002710,test,2024-11-14,JP,4368,37797,69,1.06,0
u_002642,control,2024-11-22,KR,4832,32656,62,3.07,1
u_000486,control,2024-12-16,KR,5378,46373,84,2.84,1
u_000342,test,2024-11-16,US,5481,38217,71,1.18,1
u_010670,control,2024-11-19,US,6420,40575,87,3.18,1
u_005398,control,2024-12-14,JP,3572,28962,65,2.88,1
u_007894,test,2024-12-17,KR,7415,50770,107,2.11,1
u_010115,control,2024-11-22,KR,3711,30400,60,2.67,0
u_001387,control,2024-11-24,JP,1653,13370,20,1.16,1
u_005153,control,2024-12-05,KR,8116,58373,141,2.99,1
u_005779,test,2024-12-30,JP,6726,56048,130,5.28,1
u_014926,control,2024-11-21,JP,4002,26241,60,0.91,1
u_002648,control,2024-12-13,KR,3560,31166,46,3.12,1
u_013318,test,2024-11-01,JP,2942,20599,43,0.59,1
u_000123,control,2024-12-22,KR,6874,40346,67,1.46,1
u_011661,test,2024-11-07,KR,2163,16615,38,0.44,0
u_005317,control,2024-11-26,JP,2000,14173,32,1.1,1
u_008692,control,2024-12-10,KR,5825,35018,65,3.1,1
u_003931,control,2024-12-02,KR,3175,15691,30,0.83,0
u_003606,test,2024-12-14,JP,4603,39414,70,4.32,1
u_009165,test,2024-12-05,JP,5126,44287,101,1.29,1
u_013926,control,2024-11-22,JP,4732,39341,65,1.44,0
u_004785,test,2024-12-02,JP,6127,32795,69,3.55,1
u_006870,test,2024-11-13,KR,6443,52776,130,3.39,0
u_011554,control,2024-11-28,US,5217,35781,60,3.06,1
u_003900,test,2024-12-15,KR,3287,24821,47,0.9,0
u_005379,control,2024-11-18,KR,932,6806,14,0.72,0
u_009142,control,2024-12-22,KR,6134,47769,87,1.25,0
u_007631,control,2024-12-20,US,4691,25653,39,1.93,0
u_001647,control,2024-11-12,JP,5130,40389,92,2.31,1
u_009374,control,2024-12-19,KR,1554,13200,29,0.63,1
u_009110,control,2024-11-25,KR,4287,31980,74,0.81,1
u_006362,control,2024-11-20,US,4099,26228,63,2.52,1
u_009998,test,2024-12-04,US,3350,27636,42,2.72,0
u_014318,test,2024-12-02,JP,2504,20248,30,0.76,1
u_007107,control,2024-11-02,JP,5693,43679,105,3.22,1
u_009516,control,2024-11-16,JP,7693,57167,139,2.58,0
u_002900,control,2024-11-29,KR,7604,59258,91,3.64,0
u_013325,control,2024-11-20,KR,8207,48233,104,4.77,1
u_010985,control,2024-12-23,KR,5339,37459,91,1.56,1
u_001324,control,2024-11-29,KR,7807,46628,98,4.25,1
u_013335,test,2024-11-15,KR,6280,62518,96,6.7,1
u_005623,control,2024-11-11,KR,2552,21378,49,2.27,0
u_010890,control,2024-11-23,KR,5516,33976,54,3.08,0
u_000346,test,2024-11-16,KR,6675,64884,103,6.17,1
u_013612,test,2024-11-12,KR,8264,59854,121,5.12,0
u_000370,control,2024-11-30,JP,8435,68286,136,6.78,0
u_007621,control,2024-12-02,KR,6274,35612,83,3.84,0
u_010774,control,2024-12-24,US,4393,33718,63,3.07,1
u_006437,test,2024-11-22,KR,4277,35002,70,3.15,1
u_014458,control,2024-12-17,JP,4433,25146,44,0.78,0
u_001535,test,2024-12-31,JP,2330,15702,23,1.04,1
u_014450,control,2024-11-19,KR,5192,40363,87,3.24,1
u_002759,control,2024-11-01,US,3245,25701,49,2.06,0
u_009705,control,2024-12-16,US,4629,34440,82,1.98,0
u_001898,control,2024-12-30,JP,6136,45854,80,4.11,0
u_014094,test,2024-11-30,JP,5713,45588,93,1.72,0
u_010238,control,2024-11-19,JP,5166,39650,75,1.0,1
u_012641,test,2024-12-28,KR,4391,35303,84,1.03,0
u_010055,control,2024-11-20,JP,8912,49979,96,4.58,1
u_003355,control,2024-11-28,JP,4658,26593,62,1.35,1
u_008477,test,2024-11-28,KR,6461,48417,75,2.3,0
u_012786,test,2024-11-07,JP,6029,36896,80,1.83,0
u_012724,test,2024-11-06,KR,3171,21125,48,1.95,1
u_007666,control,2024-12-02,KR,6339,46470,92,3.79,0
u_012093,control,2024-11-13,KR,6712,38833,75,2.89,1
u_008611,test,2024-11-02,KR,6422,43543,67,3.03,0
u_013732,control,2024-12-23,KR,6280,48345,114,1.31,1
u_011381,test,2024-11-04,JP,2921,27518,68,2.27,0
u_010593,control,2024-12-06,JP,4006,30447,52,2.67,0
u_014005,test,2024-11-19,KR,7973,57299,91,2.89,1
u_005832,control,2024-12-29,KR,3468,29888,48,3.09,0
u_013693,test,2024-12-14,US,3994,35396,86,1.56,1
u_010561,test,2024-12-19,KR,4850,36320,58,3.7,1
u_011203,control,2024-11-25,JP,6950,42048,87,3.12,1
u_000893,control,2024-11-18,KR,6085,48285,87,2.07,1
u_002131,test,2024-11-04,KR,4338,26060,44,2.79,1
u_005581,test,2024-12-05,KR,8612,64469,158,3.69,1
u_004466,test,2024-12-03,US,4387,43627,82,3.5,1
u_011069,control,2024-11-10,KR,5744,38996,96,4.29,1
u_013575,control,2024-12-10,KR,5420,38631,83,1.6,1
u_004563,test,2024-11-26,JP,7201,44253,78,3.14,1
u_006860,test,2024-11-04,JP,3113,20810,31,0.54,1
u_012464,control,2024-12-03,KR,8558,51607,95,3.08,1
u_005257,test,2024-12-25,KR,7213,54806,115,5.8,0
u_009056,control,2024-11-01,JP,4576,26125,51,1.27,0
u_005400,test,2024-11-04,JP,7009,56213,130,4.87,1
u_000979,test,2024-11-23,KR,5190,31043,65,2.55,1
u_003588,control,2024-11-10,KR,4361,28390,47,2.06,1
u_000647,test,2024-11-16,US,6061,56333,123,2.67,1
u_004038,test,2024-12-18,KR,4660,40267,63,3.24,1
u_006633,control,2024-11-20,KR,3035,19593,36,1.09,1
u_002761,control,2024-11-09,US,3734,24600,46,0.91,0
u_001201,control,2024-11-18,US,3590,24975,42,2.22,0
u_004606,test,2024-12-12,KR,5692,46859,74,4.11,1
u_009512,test,2024-11-21,KR,2527,17895,38,0.92,1
u_013105,control,2024-11-07,KR,4658,23917,58,2.42,0
u_001170,test,2024-12-19,KR,6030,46933,95,4.14,1
u_005937,test,2024-11-04,KR,8557,81434,142,4.03,1
u_008183,test,2024-11-12,JP,4489,32720,66,1.99,1
u_009685,control,2024-12-21,JP,5752,37981,86,2.75,0
u_000579,test,2024-12-20,US,6283,55848,126,4.98,1
u_009376,test,2024-11-29,KR,1439,11901,18,0.67,0
u_010054,test,2024-11-28,KR,7542,68396,115,1.95,1
u_012676,control,2024-12-22,KR,4311,31718,49,1.31,1
u_010854,test,2024-11-16,JP,5807,50521,86,1.78,1
u_006419,control,2024-11-08,JP,7917,50493,117,3.47,1
u_002145,control,2024-12-21,JP,3473,22716,41,0.73,1
u_006921,test,2024-11-24,KR,10572,80391,193,3.37,1
u_011841,control,2024-11-06,KR,5301,47443,103,2.89,0
u_007022,control,2024-11-09,JP,6133,42915,102,2.68,1
u_001941,test,2024-12-20,KR,9263,71895,173,2.58,1
u_014812,test,2024-12-02,KR,5311,50769,86,3.31,1
u_008366,test,2024-12-30,US,1972,14899,29,0.49,0
u_006913,test,2024-11-01,KR,2807,24801,50,1.0,1
u_005790,test,2024-11-23,US,5073,33194,62,3.0,0
u_002206,control,2024-11-04,KR,3783,27252,58,2.94,1
u_002315,test,2024-12-25,KR,3680,26904,41,1.03,1
u_012452,control,2024-11-07,KR,5910,44120,105,3.63,1
u_008885,control,2024-11-23,KR,2138,11658,27,0.71,1
u_014851,test,2024-11-17,KR,5465,46726,111,2.32,1
u_005304,test,2024-11-10,US,3241,22292,41,2.33,0
u_007262,control,2024-11-11,US,6798,45700,79,1.94,0
u_007307,test,2024-12-16,KR,7525,66562,124,6.77,1
u_003795,test,2024-11-06,KR,6918,51231,125,1.35,1
u_001970,test,2024-12-19,US,6235,45296,112,2.01,1
u_009070,test,2024-11-14,KR,5418,41109,73,3.98,1
u_007218,test,2024-12-11,KR,5340,37219,69,2.11,0
u_013573,test,2024-11-22,US,4851,46969,73,2.11,1
u_001901,test,2024-11-28,KR,2994,22527,43,0.61,0
u_014569,control,2024-12-13,KR,5395,32696,71,1.23,1
u_005702,control,2024-12-15,KR,7282,49549,86,1.33,1
u_011322,control,2024-11-23,JP,3775,28918,50,2.43,0
u_006532,test,2024-12-03,JP,7100,49539,80,1.86,1
u_005421,control,2024-11-17,KR,5437,35116,71,3.59,0
u_013754,test,2024-12-23,JP,6438,47012,110,2.99,0
u_009201,test,2024-11-30,KR,2357,17161,39,1.12,0
u_004932,test,2024-12-20,KR,6312,41593,82,3.28,1
u_008661,control,2024-12-30,US,5073,39795,78,4.02,1
u_008130,test,2024-12-15,US,5594,47090,90,2.29,1
u_014844,test,2024-11-01,US,6524,44118,73,4.83,1
u_010894,control,2024-11-23,JP,5259,37993,76,2.91,1
u_010747,test,2024-12-23,US,5977,37311,86,3.1,1
u_009053,test,2024-11-17,JP,4024,31714,56,1.57,0
u_007264,control,2024-11-17,KR,7438,51480,113,3.55,1
u_014735,test,2024-11-29,JP,5879,49775,74,2.35,1
u_011691,control,2024-12-25,US,3008,21854,38,1.74,0
u_000747,test,2024-12-23,US,4076,28807,53,1.3,0
u_009145,test,2024-12-07,KR,4551,35910,74,3.26,0
u_007669,control,2024-11-01,US,5409,53272,127,1.89,0
u_000917,control,2024-11-02,US,6933,51560,111,4.11,0
u_003423,control,2024-12-12,KR,6449,48148,88,4.54,1
u_001988,control,2024-12-30,KR,8650,54304,121,5.58,0
u_014762,test,2024-12-22,KR,6478,46339,70,4.06,1
u_000641,test,2024-12-15,KR,4999,34748,84,3.71,1
u_012536,control,2024-11-05,JP,4345,27974,63,1.12,1
u_008718,control,2024-12-22,KR,2673,10700,25,0.96,0
u_006828,control,2024-11-15,JP,3077,24719,43,2.35,0
u_009816,test,2024-12-17,KR,5598,61479,95,6.51,1
u_007644,control,2024-12-26,KR,9812,71655,122,2.05,1
u_013235,control,2024-11-19,KR,5692,35161,63,3.11,0
u_000118,control,2024-12-26,KR,6190,39607,89,2.27,1
u_010517,control,2024-11-12,KR,3830,22435,48,1.22,0
u_006447,control,2024-11-12,KR,6182,47959,73,1.6,1
u_014650,test,2024-11-05,JP,4408,19767,40,1.97,0
u_004993,test,2024-11-12,KR,4970,37299,87,3.82,1
u_008754,control,2024-12-27,JP,5231,40671,71,3.52,1
u_014928,control,2024-11-22,JP,4484,26997,56,0.86,1
u_009048,test,2024-12-21,KR,1202,6883,13,0.37,0
u_004087,control,2024-12-25,KR,4382,31637,70,1.62,1
u_003030,test,2024-12-31,US,5745,52401,94,5.27,1
u_000004,test,2024-12-06,JP,3039,23118,42,0.88,0
u_007821,control,2024-11-09,US,5712,43854,84,3.96,0
u_007793,control,2024-12-24,KR,8612,49162,112,3.79,1
u_003616,control,2024-12-16,KR,4834,34989,80,1.51,1
u_005884,test,2024-12-31,KR,6734,60438,123,5.71,1
u_008180,test,2024-11-16,KR,4974,33637,56,2.06,1
u_011019,control,2024-12-30,US,4713,28542,56,1.54,0
u_011758,test,2024-12-04,US,7575,62177,141,1.9,1
u_010146,control,2024-11-17,JP,5764,34834,70,3.08,1
u_008079,test,2024-11-01,KR,2780,21833,33,0.71,0
u_007996,test,2024-12-13,KR,6724,54187,96,3.39,1
u_007251,test,2024-11-14,KR,4730,47513,87,3.25,1
u_008177,control,2024-12-27,KR,6923,48793,88,4.77,0
u_010386,control,2024-12-12,KR,4231,25665,62,0.68,0
u_007221,test,2024-11-21,KR,7926,76012,166,2.64,0
u_008791,test,2024-11-15,KR,4363,34330,67,1.98,1
u_009444,test,2024-12-09,KR,7697,51564,87,4.31,1
u_014674,test,2024-11-16,KR,7151,59530,115,2.39,1
u_014410,control,2024-12-19,US,9549,70405,108,4.42,1
u_006757,test,2024-12-31,KR,2523,20939,51,2.28,1
u_013195,control,2024-11-17,KR,10580,74750,183,2.25,1
u_010639,test,2024-11-12,KR,4977,36034,80,2.56,1
u_003139,test,2024-11-28,KR,4483,39208,84,1.85,0
u_008134,test,2024-11-30,JP,6598,34705,64,1.59,1
u_006081,test,2024-12-09,JP,7185,63960,120,1.8,1
u_008266,control,2024-11-28,US,8553,67285,161,6.45,0
u_007998,test,2024-12-01,JP,4240,41216,82,2.13,0
u_009067,control,2024-11-25,KR,5307,31447,60,1.59,0
u_006246,test,2024-11-11,KR,7155,52073,79,5.56,0
u_010769,test,2024-12-01,KR,6732,56895,112,5.65,1
u_004355,test,2024-11-11,JP,5131,34023,78,1.87,1
u_000271,control,2024-12-25,KR,5185,41441,100,2.72,0
u_002927,control,2024-12-09,KR,5979,52434,110,2.45,1
u_014785,control,2024-12-19,KR,6208,43559,83,2.54,0
u_009514,control,2024-11-23,JP,7178,39335,66,2.43,1
u_011273,control,2024-12-24,KR,4905,31315,63,3.03,0
u_000104,test,2024-12-01,KR,4331,31345,67,3.08,1
u_006950,test,2024-11-22,KR,4222,33097,82,2.69,1
u_012227,control,2024-11-29,JP,3562,27886,60,1.32,1
u_012043,control,2024-12-04,US,3832,28012,42,2.46,1
u_000723,test,2024-12-27,US,8611,73957,159,6.66,0
u_003120,control,2024-12-02,KR,5895,40908,66,1.1,1
u_009034,control,2024-11-13,JP,4009,29316,64,1.48,1
u_000872,control,2024-12-20,JP,9558,63299,105,3.6,0
u_010036,test,2024-11-08,KR,7785,62234,121,3.82,1
u_013629,control,2024-11-16,KR,7175,52149,106,5.74,0
u_002239,control,2024-12-01,KR,6213,41156,73,2.44,1
u_004674,test,2024-11-28,KR,7439,57754,117,4.18,1
u_001083,test,2024-12-07,JP,5606,45784,90,4.49,1
u_003224,control,2024-12-07,KR,4271,24171,51,0.67,0
u_001133,test,2024-12-12,KR,7359,51650,93,3.52,1
u_000838,control,2024-12-19,KR,6295,46836,92,4.03,1
u_013197,control,2024-11-06,KR,3276,25106,39,2.03,1
u_002097,test,2024-11-01,US,5926,44766,99,4.34,1
u_008421,control,2024-12-10,KR,2829,16740,36,0.43,0
u_004708,control,2024-12-30,KR,2029,10945,26,0.8,0
u_001071,test,2024-11-30,KR,5859,45951,85,4.81,1
u_014191,control,2024-11-11,US,5625,27452,59,2.27,1
u_004467,control,2024-11-23,JP,7047,45870,112,4.76,0
u_002138,test,2024-12-09,KR,4480,32134,79,2.65,0
u_011860,control,2024-11-23,JP,6466,42040,68,1.41,1
u_010247,test,2024-12-21,JP,2126,17922,42,0.72,0
u_005967,test,2024-12-16,KR,4216,25978,45,0.85,1
u_006585,control,2024-12-27,JP,3126,25518,63,1.61,0
u_014362,control,2024-11-04,US,8548,56411,99,4.73,1
u_003460,test,2024-11-05,US,5572,50232,114,3.06,0
u_013833,control,2024-11-23,KR,8330,56345,109,2.91,1
u_001827,test,2024-12-18,US,3563,19660,45,1.56,0
u_010813,control,2024-11-20,KR,6892,49618,106,3.18,1
u_004370,control,2024-12-25,KR,3778,29739,63,1.67,1
u_014145,control,2024-11-09,US,4369,39594,81,4.35,1
u_008503,test,2024-11-05,KR,5480,28365,67,2.21,0
u_013401,control,2024-11-19,JP,5692,39055,78,1.41,0
u_010897,test,2024-11-21,KR,6747,44006,76,1.87,0
u_006802,test,2024-12-28,US,4306,30944,67,1.43,0
u_001415,test,2024-12-14,JP,6993,45747,97,2.24,1
u_011584,control,2024-12-16,US,3211,28878,53,1.29,0
u_012172,control,2024-12-30,KR,9907,70280,151,2.29,1
u_007052,control,2024-12-19,US,7358,60662,151,6.1,0
u_014795,test,2024-12-22,KR,9675,76534,149,3.95,1
u_002694,test,2024-11-10,US,5374,43450,73,4.09,1
u_010560,control,2024-12-21,JP,3675,24705,55,2.35,1
u_010158,test,2024-12-07,JP,3342,25639,59,2.64,0
u_006572,test,2024-11-08,KR,4456,39721,85,2.91,1
u_000046,control,2024-12-06,KR,5386,46320,75,3.19,0
u_010815,test,2024-12-01,KR,6818,41588,71,3.47,0
u_006441,test,2024-11-10,KR,4323,29331,46,1.38,0
u_001414,control,2024-11-02,US,6634,49263,110,5.08,0
u_000853,control,2024-11-03,JP,9616,67872,115,2.56,1
u_001858,control,2024-11-11,US,7231,39998,81,2.12,0
u_004195,control,2024-11-04,JP,3588,24598,40,1.78,0
u_007742,control,2024-11-28,JP,5406,35191,66,2.69,1
u_006443,test,2024-11-26,JP,4099,33661,54,2.52,1
u_013896,control,2024-11-28,KR,5328,37049,57,2.38,0
u_008685,control,2024-12-24,US,8066,65841,142,6.29,1
u_005897,control,2024-12-20,KR,2915,24787,42,1.77,1
u_011468,control,2024-11-21,KR,1724,14600,25,1.26,0
u_014136,control,2024-12-30,KR,5866,42229,85,3.57,1
u_014659,control,2024-11-13,US,4261,32087,56,3.12,1
u_013866,test,2024-11-07,KR,6144,46358,94,2.12,1
u_014216,test,2024-12-15,KR,4347,36928,81,2.18,1
u_000478,test,2024-11-15,KR,6050,39712,92,1.26,1
u_007298,control,2024-11-30,KR,1685,11921,29,0.59,1
u_003814,control,2024-11-07,KR,5907,45409,84,2.48,1
u_013832,control,2024-12-01,JP,6718,45728,104,1.43,1
u_013982,control,2024-12-09,KR,4216,20814,32,0.64,0
u_003810,control,2024-12-06,JP,7502,50788,102,4.88,1
u_014983,test,2024-11-23,KR,4390,39789,93,2.94,0
u_009118,control,2024-12-06,US,5881,41711,100,1.12,1
u_005557,test,2024-11-15,US,5453,45033,93,3.2,1
u_012567,test,2024-12-26,KR,4022,32656,78,2.74,1
u_002755,control,2024-11-21,JP,7680,49057,105,2.2,1
u_003738,test,2024-12-13,KR,4677,41952,85,4.49,0
u_013913,control,2024-12-01,KR,4119,28144,55,2.09,0
u_004550,control,2024-12-06,JP,4315,40536,90,4.31,0
u_000108,test,2024-12-29,JP,3976,27742,49,1.55,0
u_014916,control,2024-11-10,US,5498,42114,99,4.43,1
u_010316,test,2024-12-08,JP,5728,48500,91,1.85,1
u_011793,test,2024-11-02,JP,5769,44625,81,3.65,1
u_008762,test,2024-12-20,US,4726,25925,46,2.5,1
u_002273,test,2024-12-07,KR,4332,32888,74,1.79,1
u_003181,test,2024-11-21,JP,6932,43053,74,2.26,1
u_009413,control,2024-11-12,JP,3668,29754,48,1.02,1
u_005989,control,2024-12-18,KR,4114,33407,64,1.67,0
u_001041,test,2024-12-08,KR,5901,51924,127,4.75,0
u_009941,test,2024-11-27,KR,6801,66693,148,3.82,1
u_012402,test,2024-11-25,KR,4293,25624,47,1.5,1
u_014933,test,2024-12-27,KR,6889,53409,81,5.71,1
u_013849,test,2024-11-28,JP,3783,30892,72,0.82,1
u_004030,test,2024-12-24,US,7977,70932,145,3.43,0
u_014646,control,2024-12-01,KR,4132,32144,64,2.08,1
u_001978,control,2024-11-21,KR,8206,64802,145,4.58,0
u_003917,test,2024-11-03,JP,6735,61680,146,5.51,1
u_012338,control,2024-12-02,US,1705,13944,20,0.47,0
u_001204,test,2024-12-08,JP,6031,44982,86,2.73,1
u_000532,control,2024-11-05,US,4146,21976,54,2.25,0
u_002309,test,2024-12-01,JP,8594,56304,119,6.01,1
u_013937,control,2024-11-11,US,3552,23622,57,1.38,1
u_013124,control,2024-11-07,KR,6077,33855,53,2.08,1
u_008892,control,2024-11-22,KR,5458,36012,85,3.55,0
u_001035,test,2024-12-28,KR,4225,31191,54,1.54,0
u_008294,control,2024-11-12,JP,4628,24948,47,1.82,1
u_013071,control,2024-12-29,KR,9402,86274,143,6.75,1
u_001183,test,2024-11-04,KR,6843,43168,78,1.58,0
u_002798,control,2024-12-20,KR,6165,36040,85,1.71,1
u_000796,control,2024-12-28,KR,6627,50330,82,1.95,1
u_010802,control,2024-12-30,JP,5283,43393,69,2.21,1
u_012876,control,2024-11-17,KR,2854,22069,48,2.34,0
u_007976,control,2024-12-17,KR,3640,18602,33,1.68,0
u_012659,test,2024-12-29,KR,454,3852,8,0.2,0
u_008500,control,2024-12-18,US,2923,24145,54,0.74,1
u_012763,test,2024-11-15,KR,5710,41102,84,3.52,1
u_003308,control,2024-12-18,US,3263,25197,38,1.41,1
u_001475,control,2024-12-10,KR,5559,36871,87,3.43,0
u_011821,control,2024-11-03,KR,5756,41919,89,3.23,0
u_007610,test,2024-12-24,KR,3807,31032,51,1.08,0
u_002649,control,2024-11-10,JP,5023,37028,60,3.76,1
u_007542,test,2024-11-12,KR,2205,18998,31,1.06,0
u_003485,test,2024-12-21,KR,2600,20371,50,0.64,1
u_008738,control,2024-12-27,KR,6336,41726,102,2.39,0
u_003379,test,2024-11-20,JP,8248,51379,82,3.72,1
u_008175,control,2024-12-28,JP,3011,19859,33,0.66,1
u_013699,test,2024-12-24,KR,7340,49831,110,3.77,1
u_013869,control,2024-12-10,US,5439,38187,88,3.05,1
u_011266,test,2024-12-05,KR,5189,45170,97,1.65,0
u_001833,control,2024-11-04,US,4666,33578,81,2.85,1
u_000164,test,2024-12-30,KR,3597,30334,58,3.27,0
u_008739,control,2024-12-09,KR,4820,43052,106,2.42,0
u_002772,control,2024-12-04,US,6549,39709,70,2.94,1
u_004493,control,2024-11-17,KR,6039,40127,73,4.31,0
u_012594,control,2024-12-28,KR,3862,32288,68,0.88,1
u_003685,control,2024-12-25,KR,6047,38195,72,3.04,1
u_006569,control,2024-12-06,KR,8100,59304,117,2.06,1
u_004916,test,2024-11-06,US,7044,54026,100,2.91,1
u_000444,control,2024-11-26,KR,6058,46827,81,4.93,1
u_011125,test,2024-12-28,KR,4997,49966,102,4.02,1
u_004655,control,2024-11-24,JP,5069,36271,54,2.76,1
u_004384,control,2024-12-10,KR,6248,47752,104,2.99,0
u_002553,control,2024-12-05,KR,2379,17597,30,1.4,0
u_012292,test,2024-12-16,KR,5384,47243,97,2.86,1
u_002565,test,2024-12-14,KR,5816,42613,76,3.44,0
u_005482,control,2024-11-16,KR,3296,18935,41,1.1,0
u_002496,test,2024-12-12,US,9293,56769,125,3.74,0
u_002383,test,2024-12-26,JP,6096,38661,66,4.02,1
u_014201,test,2024-12-16,US,5844,42176,88,1.69,1
u_003828,test,2024-11-21,US,1883,14960,26,1.36,0
u_008602,test,2024-12-12,KR,6124,43615,93,4.19,0
u_013007,test,2024-11-23,KR,7505,64308,113,1.71,1
u_009362,test,2024-11-08,JP,6065,47598,103,2.24,1
u_004530,control,2024-11-30,US,6494,46361,103,3.26,1
u_010681,test,2024-11-10,KR,5977,44166,79,3.36,1
u_006243,test,2024-11-05,KR,5577,48918,106,2.22,1
u_011374,test,2024-12-27,KR,7877,53076,108,4.76,1
u_000551,control,2024-12-25,JP,3906,28695,70,2.45,1
u_002170,control,2024-11-18,KR,5151,35023,58,2.74,1
u_003361,test,2024-11-05,KR,8548,56185,113,3.9,1
u_001605,test,2024-11-21,US,7421,57340,129,3.31,1
u_007106,test,2024-11-15,KR,5743,43269,84,1.2,1
u_008288,control,2024-11-17,KR,6406,58068,124,4.13,1
u_004052,control,2024-11-16,US,6038,43451,84,2.68,0
u_013343,test,2024-11-11,KR,4874,36086,54,2.04,1
u_006301,test,2024-11-16,JP,4114,37134,56,1.77,1
u_008210,control,2024-12-19,KR,7244,62610,111,3.85,1
u_006167,control,2024-11-25,JP,4977,28503,42,1.3,1
u_008570,control,2024-12-11,US,4142,27497,57,1.9,0
u_014630,control,2024-12-16,KR,4148,32683,59,2.13,1
u_011441,control,2024-11-26,KR,6515,55875,85,5.14,1
u_010862,test,2024-12-03,KR,6052,33701,68,1.94,0
u_003741,test,2024-11-23,JP,4232,35521,59,2.42,1
u_005112,control,2024-12-21,JP,5567,33781,63,2.34,0
u_009278,control,2024-12-24,KR,3819,29083,68,1.49,1
u_014742,test,2024-11-03,JP,4895,41230,81,4.0,1
u_012851,control,2024-12-27,US,3927,31610,62,1.45,1
u_001452,test,2024-11-12,KR,3982,31462,64,2.22,1
u_008540,control,2024-12-15,KR,3956,31795,73,3.2,0
u_006847,control,2024-11-14,US,5001,30398,57,2.04,0
u_003178,test,2024-11-17,JP,8624,63303,130,6.88,1
u_001152,test,2024-12-10,KR,5444,33582,67,2.53,1
u_005975,test,2024-12-25,US,3691,31482,47,2.13,0
u_009250,control,2024-11-07,KR,8623,67957,141,3.6,1
u_014686,test,2024-11-14,KR,3176,27096,61,1.87,0
u_003581,control,2024-11-08,KR,2748,25152,53,1.28,1
u_004281,control,2024-12-15,JP,4785,33027,57,2.9,0
u_007413,control,2024-11-15,KR,6776,52481,94,4.15,1
u_001527,control,2024-11-30,KR,6665,32258,65,2.08,0
u_000542,test,2024-11-04,KR,7578,53861,87,2.19,0
u_006857,test,2024-11-06,JP,4746,37462,79,3.01,1
u_011289,control,2024-11-18,KR,7136,52673,99,4.53,1
u_010744,test,2024-12-23,US,4057,33197,53,3.04,1
u_013251,control,2024-11-06,KR,8403,65891,116,7.12,1
u_002149,test,2024-11-05,US,5185,39969,61,1.21,0
u_011870,test,2024-12-19,JP,9058,78070,150,5.26,1
u_012255,control,2024-12-09,JP,5957,35572,84,2.47,1
u_014146,control,2024-11-08,US,2732,22873,46,2.38,1
u_008601,test,2024-11-01,KR,5040,32053,72,1.41,1
u_009225,test,2024-11-21,JP,5204,42203,105,2.1,1
u_003334,control,2024-12-28,KR,5917,46098,83,1.79,0
u_001219,test,2024-12-19,US,3555,33510,60,0.87,0
u_009645,control,2024-12-28,JP,2334,18920,39,1.86,0
u_001424,control,2024-12-07,US,8148,47051,105,3.35,1
u_010370,control,2024-12-14,KR,8202,71460,112,4.94,0
u_011197,test,2024-11-17,JP,7342,50283,83,1.84,1
u_003440,test,2024-12-27,KR,6342,54045,127,2.21,0
u_012456,test,2024-11-18,KR,6362,49589,107,3.23,1
u_009230,test,2024-11-29,JP,4876,35778,67,3.12,0
u_011004,control,2024-12-17,KR,5661,40137,97,2.97,1
u_002121,test,2024-12-22,KR,7493,56730,133,5.79,1
u_011453,control,2024-12-14,KR,5027,37782,71,3.61,0
u_000655,control,2024-11-11,US,4670,38352,61,2.57,1
u_011398,test,2024-12-07,JP,3066,20393,48,0.61,0
u_008588,test,2024-11-23,US,4951,46017,95,2.39,1
u_011356,test,2024-12-09,JP,6320,44145,102,4.02,1
u_004955,test,2024-12-19,KR,4786,36035,56,0.92,0
u_003424,test,2024-12-05,KR,7573,61810,116,6.58,1
u_000446,control,2024-11-14,US,6534,53179,81,4.68,0
u_002762,control,2024-12-13,KR,7072,60956,144,2.53,1
u_010123,test,2024-11-23,KR,5340,42644,83,2.89,1
u_010781,control,2024-12-24,KR,3237,22097,45,0.65,0
u_004299,test,2024-12-30,JP,5849,41834,75,3.85,1
u_008730,test,2024-11-26,JP,5824,38434,75,3.51,1
u_007699,test,2024-12-30,JP,7509,58618,130,2.69,1
u_004288,test,2024-12-05,JP,1514,13445,28,1.46,0
u_008453,test,2024-11-01,KR,5436,37772,77,2.95,1
u_000961,test,2024-12-03,KR,6809,49219,84,4.27,1
u_003757,test,2024-11-01,KR,8311,60762,91,3.57,1
u_001182,test,2024-11-21,KR,7447,56219,104,4.97,1
u_002329,control,2024-12-18,KR,4983,36256,83,1.73,0
u_014574,control,2024-12-18,KR,2516,19550,37,0.54,0
u_003493,control,2024-11-10,KR,6145,45723,90,2.51,1
u_002774,control,2024-12-16,US,6574,46147,83,4.62,1
u_013204,control,2024-11-01,JP,3615,22684,45,0.66,0
u_012054,control,2024-12-06,KR,5887,33185,58,3.12,1
u_002210,control,2024-11-09,JP,4930,33302,71,1.95,0
u_010850,control,2024-11-22,US,7768,40349,83,1.55,1
u_000178,test,2024-11-05,KR,8721,64298,130,3.02,1
u_011911,control,2024-11-06,JP,5691,41538,62,1.88,1
u_007790,test,2024-11-26,KR,4627,29571,68,1.26,0
u_000035,test,2024-12-05,KR,4895,29737,45,1.75,0
u_010269,control,2024-11-15,KR,9556,58434,109,3.53,0
u_007427,test,2024-11-16,KR,6118,39082,82,2.01,1
u_007014,control,2024-11-03,KR,9430,58591,143,3.97,1
u_010169,test,2024-12-13,KR,6991,52338,128,3.14,1
u_003632,test,2024-11-07,KR,6592,45564,81,2.61,0
u_013354,test,2024-11-06,JP,6796,48313,80,1.32,1
u_004722,control,2024-12-22,KR,4044,29522,60,2.13,1
u_012875,control,2024-12-01,KR,8575,58012,124,2.47,1
u_000567,control,2024-12-20,KR,5027,30379,58,0.93,0
u_000497,control,2024-12-17,US,4391,28409,55,2.17,1
u_002685,test,2024-12-24,KR,4396,37197,64,2.12,0
u_010315,test,2024-11-03,JP,5729,32015,76,1.09,1
u_008460,control,2024-12-29,US,6257,39427,61,2.21,1
u_009917,control,2024-12-03,KR,5540,25766,64,1.79,1
u_004403,test,2024-12-02,US,4832,38128,75,3.36,0
u_012749,test,2024-11-12,KR,5877,40551,63,3.17,0
u_002243,test,2024-11-22,KR,5813,45521,77,2.89,1
u_002914,test,2024-12-01,KR,3569,28686,56,1.33,0
u_003018,control,2024-11-23,KR,3772,23652,58,1.05,1
u_001294,test,2024-11-11,KR,5764,51020,95,5.55,1
u_003413,test,2024-11-05,KR,3542,29529,63,2.96,0
u_001479,control,2024-11-17,JP,6061,34725,72,1.59,0
u_002152,control,2024-12-29,KR,8667,54913,94,2.69,1
u_003126,test,2024-12-27,KR,6929,66188,150,3.94,1
u_004011,control,2024-12-02,JP,7102,54237,118,3.95,1
u_009654,test,2024-12-20,KR,6365,42321,91,2.6,1
u_002324,control,2024-11-23,JP,4364,25857,51,2.47,1
u_003331,control,2024-11-09,US,6601,49688,83,2.89,1
u_006057,control,2024-12-12,JP,7715,48454,73,5.24,1
u_003009,control,2024-12-23,KR,6654,42005,68,1.27,1
u_000673,control,2024-12-04,US,4687,33826,67,3.24,1
u_005269,test,2024-12-09,JP,7849,67451,103,3.96,0
u_001277,test,2024-12-16,JP,7945,63512,106,5.94,1
u_009638,control,2024-12-24,US,5171,45209,94,2.34,1
u_006805,control,2024-11-02,US,5432,42009,84,2.03,0
u_009740,control,2024-12-31,US,5776,45229,110,2.13,1
u_004393,control,2024-12-09,JP,3509,27198,51,2.96,0
u_009287,test,2024-11-14,US,5106,34162,70,3.44,0
u_004304,test,2024-12-29,KR,5951,53530,98,4.2,1
u_013981,control,2024-11-04,JP,6441,51132,88,3.64,0
u_013359,control,2024-12-31,KR,7150,50676,86,1.65,0
u_008470,test,2024-12-18,KR,6604,62794,102,2.28,1
u_001646,control,2024-12-17,US,3226,25153,56,1.95,1
u_002044,control,2024-12-14,KR,6046,42429,66,3.4,0
u_003668,control,2024-11-01,KR,4507,28270,60,1.39,0
u_003906,test,2024-12-30,KR,9316,58990,141,3.42,1
u_004468,test,2024-11-01,KR,7185,57328,104,4.18,1
u_005714,test,2024-12-16,KR,6381,53697,112,4.65,1
u_003452,test,2024-12-15,KR,3350,24345,52,1.91,1
u_000622,test,2024-12-05,JP,7439,73959,162,6.29,1
u_006579,control,2024-11-18,KR,8332,57426,108,3.84,1
u_005839,control,2024-12-13,US,5788,37191,85,3.7,1
u_003108,control,2024-11-04,JP,7621,52403,116,1.93,1
u_004961,test,2024-11-15,US,4251,28627,60,1.27,0
u_013427,control,2024-11-06,JP,7291,44392,77,1.3,0
u_000626,control,2024-12-19,KR,7865,55043,118,2.74,1
u_009115,test,2024-12-12,KR,4628,35678,75,3.37,1
u_004244,test,2024-11-04,JP,7304,65116,112,5.45,0
u_014279,control,2024-12-27,KR,405,2747,5,0.12,0
u_010456,control,2024-12-04,KR,4456,34779,76,1.31,1
u_007854,test,2024-11-14,JP,8282,54252,99,1.38,1
u_012624,control,2024-11-24,KR,7563,48432,113,3.09,0
u_005887,control,2024-11-16,US,4841,39658,61,4.02,1
u_002634,test,2024-11-30,KR,6156,66794,117,5.49,1
u_006235,test,2024-12-24,KR,4997,39775,74,3.93,0
u_012450,test,2024-12-05,KR,4946,43561,86,4.64,1
u_014063,test,2024-12-18,KR,7021,67804,141,4.68,1
u_014888,control,2024-12-27,KR,6226,45373,84,4.94,0
u_006004,test,2024-11-02,KR,5619,45418,84,2.75,1
u_011400,control,2024-12-25,JP,8208,71417,164,2.46,1
u_009108,test,2024-11-26,KR,2742,20493,30,0.79,0
u_007087,test,2024-11-25,US,4484,37416,60,1.11,0
u_005636,control,2024-12-15,KR,7356,50180,118,4.45,0
u_009787,test,2024-12-19,US,5127,25360,55,1.94,1
u_007658,control,2024-12-31,US,5373,33332,65,3.56,0
u_006311,test,2024-12-13,KR,5038,34533,54,2.57,1
u_002920,control,2024-11-24,JP,5546,23004,51,1.92,1
u_001346,test,2024-12-04,US,4082,27294,47,2.67,1
u_003577,test,2024-12-13,JP,5662,42944,68,1.48,1
u_005451,test,2024-12-16,KR,5403,44764,96,4.23,1
u_002029,control,2024-12-21,KR,5714,49595,117,4.01,1
u_005561,test,2024-12-30,US,5609,37352,58,0.99,1
u_013962,test,2024-11-25,US,3645,22545,39,0.98,1
u_013032,test,2024-11-27,KR,4692,33952,67,1.67,0
u_006799,control,2024-11-29,KR,3780,26381,57,2.36,1
u_014524,test,2024-11-09,JP,6403,51288,103,4.3,1
u_005121,test,2024-12-07,KR,3615,29777,52,1.6,0
u_000512,control,2024-11-30,US,5616,40807,83,1.25,1
u_005061,test,2024-11-07,JP,4788,35314,64,2.76,1
u_002696,control,2024-12-29,KR,5174,30445,73,2.44,1
u_002916,control,2024-11-12,US,4393,30529,71,0.84,0
u_002636,control,2024-11-04,JP,6972,47348,117,4.95,1
u_004344,test,2024-11-07,KR,726,6390,10,0.47,0
u_005433,test,2024-12-28,KR,7166,53690,103,4.95,1
u_012725,control,2024-12-18,KR,5920,47559,116,4.45,0
u_010352,test,2024-11-17,KR,3068,25393,43,1.45,0
u_008598,control,2024-11-08,KR,3501,28111,54,2.12,0
u_014475,control,2024-12-21,JP,7947,60984,129,6.26,1
u_009726,control,2024-12-06,KR,3472,22351,52,2.18,0
u_005039,test,2024-12-01,US,5561,37911,70,3.72,1
u_006052,test,2024-11-26,KR,4206,33669,54,1.0,0
u_002411,control,2024-12-09,US,5305,37715,92,0.94,1
u_014254,control,2024-12-23,JP,5865,38143,80,2.15,0
u_008454,test,2024-12-12,KR,7175,50205,104,2.65,1
u_004770,test,2024-11-23,JP,4890,33541,54,1.87,0
u_012188,control,2024-12-12,JP,4811,38503,94,1.41,1
u_005617,test,2024-12-25,US,3979,37776,80,3.12,1
u_000206,test,2024-12-07,JP,7985,79875,124,7.73,0
u_010892,test,2024-12-23,KR,9217,62392,125,6.56,1
u_013540,control,2024-12-12,KR,3164,20519,37,1.28,0
u_003402,control,2024-11-25,US,4274,28866,58,1.0,1
u_010022,test,2024-11-06,KR,4898,33836,60,2.65,0
u_008167,control,2024-11-16,JP,7444,45353,82,3.23,1
u_006560,test,2024-11-22,JP,5360,31251,60,1.68,0
u_005773,test,2024-12-16,KR,5778,41412,80,4.25,1
u_012364,control,2024-12-27,KR,4554,25145,51,0.88,1
u_000358,control,2024-12-18,KR,6052,39180,65,4.04,1
u_001573,test,2024-12-26,KR,4719,42404,66,4.64,0
u_014921,test,2024-12-17,KR,7593,60491,92,4.4,1
u_000286,test,2024-11-05,JP,4437,34251,78,1.07,0
u_002417,test,2024-12-29,KR,3112,27737,55,2.81,1
u_006069,control,2024-12-01,US,2709,23024,38,2.2,1
u_013285,test,2024-12-07,KR,5930,49790,84,4.56,1
u_013306,control,2024-12-03,KR,6403,45599,107,3.43,1
u_008449,control,2024-11-15,KR,4275,27131,43,2.07,0
u_010342,control,2024-12-17,JP,1597,13126,21,1.17,1
u_011213,test,2024-11-16,JP,6054,42868,90,2.19,1
u_010546,control,2024-11-08,KR,4466,31574,61,3.39,1
u_002589,test,2024-12-05,KR,5132,43240,91,4.31,1
u_002686,control,2024-12-13,KR,7104,52685,128,3.27,0
u_007332,test,2024-12-12,KR,4973,44595,95,2.2,0
u_001275,control,2024-12-19,JP,7956,68414,115,2.86,1
u_011837,test,2024-11-17,KR,4597,30621,46,1.69,1
u_009100,test,2024-12-26,KR,3278,30065,70,2.08,1
u_013940,test,2024-12-03,US,5159,37720,88,1.09,1
u_001931,control,2024-11-14,JP,4627,34642,70,2.29,0
u_002602,test,2024-12-12,KR,5713,50655,122,1.56,1
u_013257,test,2024-12-05,US,7171,65570,148,6.48,1
u_012198,control,2024-12-18,KR,4691,35852,71,1.78,1
u_010283,test,2024-11-10,KR,8288,74749,114,3.36,1
u_012431,control,2024-12-13,KR,3886,25852,45,2.44,0
u_014031,test,2024-12-25,KR,5583,32581,53,1.29,1
u_009284,control,2024-11-29,US,5065,38583,82,2.53,1
u_005799,control,2024-12-02,JP,4605,27598,68,1.42,1
u_005152,test,2024-12-01,JP,5878,51868,104,4.59,1
u_003202,control,2024-11-06,JP,6135,37703,60,3.61,1
u_007383,control,2024-11-01,US,6666,46170,70,1.38,0
u_007765,test,2024-12-09,KR,6343,48325,83,3.58,1
u_014627,test,2024-11-18,JP,4061,25457,48,0.88,1
u_007751,control,2024-12-22,KR,473,3665,8,0.4,0
u_000237,test,2024-12-30,KR,6273,59921,120,2.63,1
u_013954,control,2024-11-28,KR,6354,50090,81,4.98,1
u_013437,control,2024-11-29,KR,3487,24637,42,2.46,0
u_009759,test,2024-12-11,US,4083,26498,47,1.01,1
u_007937,control,2024-12-03,JP,4302,33704,62,2.73,1
u_001161,control,2024-12-02,JP,6088,47189,112,2.77,1
u_005732,test,2024-11-15,JP,5477,34668,70,2.07,1
u_004904,test,2024-11-03,JP,4361,34205,53,3.74,1
u_003991,test,2024-11-10,KR,4485,33814,61,3.34,1
u_006634,test,2024-11-14,KR,6120,44708,93,2.92,1
u_005521,control,2024-12-10,KR,5831,47218,116,3.97,1
u_012078,control,2024-12-27,KR,6301,44989,74,3.08,1
u_001519,test,2024-12-10,US,8223,62268,147,1.84,1
u_007813,test,2024-12-06,US,4106,32669,55,2.46,0
u_004321,control,2024-12-04,JP,3614,25127,46,0.87,1
u_000025,test,2024-12-13,JP,3889,35456,56,3.28,0
u_014950,test,2024-12-13,US,4395,37814,82,3.52,1
u_007118,control,2024-12-29,KR,4608,37891,74,3.69,0
u_014501,control,2024-11-06,KR,3003,21546,35,1.53,1
u_000152,test,2024-12-21,JP,4892,32437,76,1.71,1
u_000399,control,2024-11-16,KR,5657,46152,90,3.9,1
u_012307,control,2024-11-17,JP,4238,25664,53,1.42,1
u_001416,control,2024-12-16,JP,2807,20342,46,1.16,1
u_005428,test,2024-12-05,US,4866,35814,87,1.54,0
u_008961,test,2024-11-08,KR,5252,44691,70,2.77,1
u_010496,control,2024-12-11,JP,5994,24707,51,0.8,1
u_012118,control,2024-11-06,KR,3461,21677,50,2.09,0
u_012149,control,2024-12-28,KR,7105,53639,133,3.72,1
u_013828,control,2024-12-13,JP,8000,50565,86,1.38,1
u_001810,test,2024-11-08,US,1495,9329,14,0.68,0
u_007652,control,2024-12-23,KR,5170,45054,71,1.88,1
u_007769,control,2024-11-14,KR,7798,52754,98,3.85,0
u_014800,control,2024-11-18,JP,8368,71901,135,4.71,1
u_001593,control,2024-12-07,JP,4769,34150,55,1.75,1
u_011789,control,2024-12-10,US,8399,64055,138,3.14,1
u_008186,control,2024-11-25,KR,5119,38205,90,2.25,0
u_009963,test,2024-11-26,KR,5179,30535,61,1.39,0
u_002059,test,2024-11-27,JP,5003,43298,90,3.9,1
u_008238,control,2024-12-16,KR,8399,54366,117,1.47,0
u_012918,control,2024-12-31,KR,7188,71167,143,3.28,0
u_014268,test,2024-12-06,US,6167,37175,61,3.52,1
u_004166,control,2024-11-10,US,4741,26258,62,0.74,1
u_001299,control,2024-12-26,KR,5111,37151,76,3.05,1
u_010223,test,2024-12-25,JP,5690,42970,104,3.46,1
u_007070,test,2024-12-16,JP,7136,58099,102,5.98,1
u_014712,control,2024-11-21,JP,3606,21495,49,1.91,1
u_006380,control,2024-11-02,KR,6722,58219,129,2.71,1
u_000683,test,2024-11-22,KR,7662,37208,87,2.41,1
u_003198,control,2024-11-25,US,6868,50739,120,2.04,1
u_010165,control,2024-11-24,KR,6133,41902,97,3.79,0
u_001260,test,2024-11-20,KR,5124,40570,83,4.12,0
u_008755,test,2024-11-27,KR,4030,26900,56,1.37,1
u_001920,test,2024-11-23,JP,6474,54599,123,5.82,1
u_006013,control,2024-12-30,KR,3009,20150,47,1.28,1
u_011570,test,2024-11-02,JP,3871,36399,84,2.25,1
u_012902,test,2024-12-22,US,4109,30401,50,2.11,1
u_009641,control,2024-12-20,JP,6649,50148,101,3.14,1
u_003874,test,2024-12-23,KR,5241,45243,100,2.74,1
u_004211,test,2024-12-30,KR,5677,52500,118,2.46,1
u_002704,control,2024-11-28,KR,3589,22815,36,0.61,0
u_012886,test,2024-12-14,US,5218,42103,76,3.26,1
u_005145,test,2024-11-10,JP,6404,36134,56,1.15,0
u_011457,control,2024-11-22,KR,8501,54442,84,5.71,1
u_004324,control,2024-11-27,JP,3823,25041,60,1.13,1
u_001166,test,2024-12-19,KR,4308,29465,54,2.26,1
u_006542,test,2024-12-09,JP,5041,33636,57,1.15,0
u_005597,control,2024-11-14,JP,3398,31271,51,3.39,0
u_000125,test,2024-11-28,US,6354,43184,77,4.31,1
u_006165,test,2024-12-22,JP,3487,32449,59,2.58,1
u_006623,control,2024-11-07,KR,4056,33040,58,1.99,1
u_001819,test,2024-11-26,KR,4697,34062,84,1.89,0
u_010533,control,2024-11-24,US,2569,16165,37,1.28,1
u_004464,control,2024-11-19,KR,8218,50411,104,1.39,1
u_004933,control,2024-11-21,KR,3708,30543,53,3.35,1
u_010962,control,2024-11-10,KR,6253,38871,94,3.31,1
u_004233,test,2024-12-30,US,4808,42350,102,3.75,1
u_001694,test,2024-11-04,KR,7973,70386,153,2.09,1
u_013461,test,2024-12-17,KR,5829,40448,94,3.79,1
u_000785,control,2024-11-05,KR,4644,33883,55,1.04,0
u_006360,test,2024-11-04,JP,3615,34024,75,1.65,1
u_014350,control,2024-12-12,KR,7067,55084,100,6.06,0
u_003599,test,2024-11-30,JP,4225,33533,63,2.37,1
u_001269,test,2024-11-07,KR,4144,30934,68,1.16,0
u_005276,test,2024-11-20,KR,6236,31735,74,1.85,0
u_012716,control,2024-11-07,KR,5495,47374,87,4.28,1
u_003676,test,2024-11-17,JP,5140,45739,101,1.95,0
u_001342,control,2024-11-01,KR,5254,42690,76,1.31,1
u_001123,test,2024-12-08,KR,5970,40047,76,2.56,1
u_004395,control,2024-12-15,JP,5321,38424,68,3.52,0
u_009441,control,2024-11-30,KR,5974,35490,58,2.96,1
u_004394,test,2024-12-16,KR,5993,46135,112,4.5,1
u_012433,test,2024-12-02,KR,7709,56091,124,5.41,0
u_009594,control,2024-11-08,US,10167,73989,164,5.24,0
u_008670,control,2024-12-06,US,4293,36600,79,2.54,0
u_009868,control,2024-11-02,JP,4997,28529,57,3.01,1
u_002945,control,2024-12-12,KR,7573,51467,88,3.31,0
u_006547,test,2024-12-02,KR,6819,43326,82,1.18,1
u_004747,control,2024-12-29,JP,7783,45503,101,2.98,1
u_001813,control,2024-12-25,KR,7303,52432,87,5.01,0
u_009884,test,2024-11-19,KR,6048,39947,82,1.68,1
u_002469,control,2024-11-29,JP,6395,49138,121,3.83,1
u_014209,test,2024-12-09,KR,3948,28276,58,2.86,1
u_004509,control,2024-12-08,JP,6764,44869,109,2.13,1
u_000906,test,2024-12-12,KR,2591,19529,47,1.22,1
u_009042,test,2024-11-18,KR,6409,38933,96,1.48,0
u_003962,control,2024-11-22,US,6663,31728,52,1.14,1
u_004118,control,2024-12-08,KR,3978,27743,55,2.1,0
u_000116,control,2024-12-19,JP,4886,39629,69,1.45,1
u_003820,control,2024-11-14,US,4687,28060,64,0.77,1
u_004972,control,2024-12-01,JP,3728,29367,64,2.13,0
u_001456,test,2024-12-06,US,4368,26056,47,2.43,0
u_005935,control,2024-12-27,US,4898,33296,57,2.91,1
u_011850,control,2024-12-11,JP,4619,39060,59,1.74,0
u_010301,test,2024-12-15,JP,5067,32686,75,2.98,1
u_010785,test,2024-11-07,KR,3529,20392,50,0.92,1
u_007508,control,2024-11-01,KR,5399,39500,75,3.64,1
u_012251,control,2024-11-18,KR,5897,43953,83,2.55,0
u_012509,control,2024-12-29,JP,8064,48585,83,4.25,1
u_011975,control,2024-11-15,KR,5501,38038,58,1.95,1
u_012367,test,2024-12-04,JP,4861,35467,66,1.09,1
u_001929,control,2024-11-02,KR,5369,24306,46,2.45,1
u_011152,control,2024-11-26,KR,6323,56311,96,3.83,1
u_002066,test,2024-12-04,US,4790,36803,84,1.95,1
u_001107,test,2024-11-12,KR,9983,86509,204,8.55,1
u_003389,test,2024-12-02,JP,7532,56821,94,3.51,0
u_008314,test,2024-12-12,JP,6552,72200,162,5.32,0
u_009743,test,2024-12-29,KR,6083,34952,54,1.51,1
u_003001,test,2024-12-15,US,4847,39876,90,3.77,1
u_004516,test,2024-12-17,US,3673,27423,59,2.4,1
u_010779,control,2024-12-19,JP,5166,39787,92,4.27,1
u_001890,control,2024-11-22,KR,9157,68091,148,4.27,0
u_010322,control,2024-12-23,KR,6494,44028,90,3.21,1
u_004221,test,2024-12-12,KR,9097,70583,147,1.96,1
u_003745,test,2024-11-23,JP,8606,82746,160,4.33,1
u_002815,control,2024-12-27,JP,7002,56389,92,1.48,0
u_009823,control,2024-12-30,KR,7430,59981,138,4.65,0
u_012927,test,2024-12-27,KR,5614,49240,111,4.37,0
u_007236,control,2024-11-13,KR,2791,25390,56,1.63,0
u_001529,control,2024-11-17,US,8268,59788,133,6.5,1
u_010841,test,2024-12-26,KR,2779,15448,25,0.64,1
u_003567,control,2024-12-21,JP,4593,29976,71,2.72,0
u_012270,test,2024-12-08,US,6772,53361,110,4.4,1
u_008342,test,2024-11-22,JP,7591,61275,135,2.82,0
u_006138,control,2024-12-02,US,5445,34747,75,1.54,1
u_013994,test,2024-11-05,JP,2359,14374,22,0.59,0
u_009276,control,2024-12-31,KR,5328,35344,82,3.16,0
u_000959,test,2024-11-24,KR,7028,67273,102,6.25,1
u_009315,control,2024-12-01,KR,4543,31916,52,1.03,0
u_013729,control,2024-11-05,US,9328,85492,191,9.09,1
u_005827,test,2024-11-06,US,8380,50932,112,3.55,1
u_012189,test,2024-12-22,KR,5908,48129,113,2.89,1
u_006738,test,2024-11-08,KR,10167,91639,193,2.74,1
u_004253,test,2024-12-19,KR,4594,37215,60,1.27,0
u_008963,test,2024-12-26,KR,2293,19902,40,1.85,0
u_012214,test,2024-11-19,KR,6195,44819,85,2.87,1
u_011018,control,2024-11-13,KR,7798,53109,102,2.71,1
u_000792,control,2024-12-01,KR,4857,34304,76,3.33,1
u_014613,test,2024-11-22,US,5429,45044,88,4.4,0
u_011153,control,2024-12-27,KR,7236,40617,90,1.13,0
u_014839,test,2024-11-08,KR,5142,47594,98,4.36,1
u_014277,control,2024-11-06,JP,2079,11813,29,1.09,0
u_013923,test,2024-12-19,US,7501,67086,152,2.62,1
u_004575,test,2024-12-13,KR,4289,30181,53,1.36,0
u_012773,test,2024-12-10,US,4471,32997,52,2.98,0
u_004710,control,2024-11-12,JP,5115,36255,77,3.49,1
u_003953,test,2024-11-09,KR,4329,38287,79,1.12,1
u_014128,test,2024-11-29,KR,5236,45865,94,4.66,0
u_011035,test,2024-11-23,JP,6157,47706,86,1.41,0
u_003159,control,2024-12-18,US,6151,37945,73,2.99,0
u_014985,test,2024-11-01,KR,2614,18179,35,1.03,0
u_000966,control,2024-11-21,KR,5964,52196,88,4.64,0
u_007597,test,2024-11-19,KR,3019,20164,33,2.12,1
u_011486,control,2024-12-26,US,8408,56391,127,1.6,1
u_004425,test,2024-12-19,KR,6653,44029,71,3.59,1
u_005620,test,2024-12-06,KR,5488,40190,60,3.5,1
u_010160,control,2024-12-19,US,4099,30227,65,3.23,0
u_002936,test,2024-12-20,KR,5167,41194,76,2.45,0
u_012423,test,2024-12-28,JP,8738,60968,108,2.61,1
u_007136,test,2024-11-25,JP,4657,36071,84,2.76,1
u_005833,control,2024-12-19,JP,7672,48654,77,4.9,1
u_002284,test,2024-11-26,KR,3722,25216,54,1.06,0
u_014404,test,2024-11-20,KR,4504,39277,60,3.47,1
u_003147,test,2024-11-06,JP,4487,43433,70,1.36,0
u_014553,control,2024-11-15,KR,8870,64173,145,2.79,1
u_014347,control,2024-12-02,KR,3074,21640,32,0.54,0
u_009344,test,2024-11-29,JP,6845,64831,115,6.81,1
u_009314,test,2024-11-13,KR,3164,22953,50,0.76,0
u_010181,control,2024-12-24,KR,4719,37791,89,2.56,1
u_005091,test,2024-12-07,KR,3698,30844,47,3.03,0
u_013286,test,2024-11-09,KR,8675,83030,161,8.1,1
u_011272,test,2024-12-08,JP,5829,41233,93,3.19,1
u_004644,control,2024-11-24,KR,6179,50729,115,3.03,1
u_005111,control,2024-11-29,KR,531,3626,6,0.33,0
u_009662,test,2024-12-27,KR,6156,48658,75,4.83,1
u_001892,control,2024-12-24,US,9580,82660,159,5.39,1
u_011150,test,2024-12-17,JP,3913,30214,73,2.92,1
u_010916,test,2024-12-23,KR,3659,31978,49,2.77,0
u_009590,test,2024-11-02,KR,6591,45573,68,3.34,0
u_014725,test,2024-11-13,KR,6446,48172,87,3.11,1
u_011513,test,2024-12-14,KR,4930,44031,101,3.08,0
u_008468,test,2024-12-01,KR,1889,12714,30,1.05,0
u_002676,control,2024-12-03,KR,6584,37905,72,1.66,0
u_005838,control,2024-11-13,JP,4740,35467,86,3.53,0
u_010401,test,2024-12-14,JP,5017,39929,86,1.62,1
u_007993,test,2024-12-19,KR,2861,22608,46,1.89,1
u_007719,test,2024-11-09,KR,6586,62655,123,3.04,1
u_012174,test,2024-12-04,JP,5505,42710,78,4.09,1
u_005660,control,2024-12-26,KR,7250,47044,109,3.07,1
u_008140,test,2024-12-27,KR,5242,38256,70,3.74,1
u_000658,control,2024-12-09,JP,4099,30565,67,1.28,0
u_012308,control,2024-12-01,JP,4910,27957,50,0.86,1
u_002965,test,2024-12-29,KR,3250,22353,37,0.61,1
u_011966,test,2024-12-21,JP,9236,69417,124,5.69,1
u_013405,control,2024-11-13,KR,9014,70370,135,4.85,0
u_000424,test,2024-11-19,US,5709,37912,75,3.22,1
u_008651,test,2024-11-01,JP,3239,30241,56,0.82,0
u_006379,control,2024-11-21,US,6614,37625,66,2.44,0
u_006566,control,2024-12-07,KR,5923,50004,123,1.41,1
u_004927,control,2024-12-17,KR,8052,67073,140,6.08,1
u_000335,control,2024-12-10,KR,2388,17112,33,1.1,0
u_005391,test,2024-12-21,JP,7121,65927,113,2.28,0
u_007396,test,2024-12-09,KR,7207,54027,131,2.18,0
u_011498,test,2024-12-27,US,4025,25924,63,0.7,0
u_002905,control,2024-12-10,US,3661,31733,67,3.26,0
u_010056,control,2024-12-10,US,3312,20836,32,1.67,0
u_000442,test,2024-11-09,KR,7175,40397,95,1.31,1
u_013778,test,2024-11-27,KR,4789,36492,66,3.4,1
u_000162,test,2024-11-23,JP,6294,62073,138,5.49,1
u_011238,control,2024-11-02,KR,5325,42400,80,4.28,0
u_014327,test,2024-12-05,KR,6353,55333,113,5.22,1
u_002955,test,2024-11-30,KR,5005,35631,83,3.53,1
u_014181,control,2024-12-27,KR,4583,44337,101,1.54,1
u_010568,control,2024-12-29,KR,5911,43347,102,2.99,0
u_009936,control,2024-12-12,KR,3334,20623,36,1.32,0
u_014689,test,2024-12-05,KR,4999,40312,65,3.11,1
u_007169,control,2024-11-15,KR,9405,64113,146,3.31,1
u_006359,control,2024-12-08,KR,4726,37374,66,3.79,0
u_002982,test,2024-12-26,JP,1783,11920,23,0.61,1
u_006691,control,2024-12-10,KR,3978,31664,54,0.94,1
u_007166,test,2024-12-03,KR,6675,45413,106,4.36,1
u_003990,control,2024-12-01,JP,5195,32841,64,2.35,0
u_009728,test,2024-12-20,KR,10968,76344,126,3.01,1
u_004227,test,2024-11-11,KR,6132,40108,72,1.33,1
u_006523,test,2024-11-24,US,8705,67332,138,5.74,1
u_000481,test,2024-11-20,KR,7581,57453,125,3.26,0
u_008768,control,2024-11-24,JP,8484,55111,133,1.42,1
u_011714,test,2024-11-07,KR,5435,38737,64,3.06,1
u_010760,control,2024-12-23,KR,5198,36583,56,3.47,0
u_003130,test,2024-11-25,KR,5652,53152,114,2.0,1
u_006259,control,2024-11-22,KR,7630,52577,81,3.82,1
u_013824,control,2024-11-27,KR,3759,21700,33,1.88,0
u_002203,control,2024-12-08,KR,8995,61499,149,3.94,0
u_003732,test,2024-11-29,KR,7440,62778,94,5.21,1
u_004821,test,2024-11-21,KR,4031,31470,65,2.43,0
u_001202,test,2024-11-13,KR,3169,24947,48,2.57,0
u_009668,control,2024-11-17,JP,5792,41043,71,1.86,1
u_002706,test,2024-12-13,JP,7340,55093,83,3.17,1
u_005188,control,2024-12-23,KR,7274,46528,85,4.29,0
u_007743,test,2024-12-02,JP,5924,56241,137,4.37,1
u_009530,control,2024-11-22,KR,5725,52243,114,4.49,1
u_010028,test,2024-12-12,KR,6307,57370,120,4.73,1
u_012717,test,2024-11-06,US,4191,28302,52,0.93,0
u_013512,control,2024-12-02,KR,7276,46066,101,1.24,1
u_006927,test,2024-12-29,JP,4419,32856,66,2.59,1
u_004681,test,2024-12-03,KR,5472,46730,92,3.75,1
u_009665,test,2024-11-30,JP,4977,43769,95,1.15,1
u_004242,control,2024-12-28,JP,5645,33960,60,2.8,0
u_000378,test,2024-12-30,KR,4949,41055,65,1.46,0
u_007540,test,2024-12-11,KR,5333,37645,69,3.45,1
u_005719,control,2024-11-04,US,6069,42622,70,3.42,1
u_012673,control,2024-12-06,JP,6895,39941,62,2.79,0
u_006276,control,2024-11-07,KR,7062,46904,93,3.61,1
u_004010,test,2024-12-08,KR,6034,49784,117,1.34,1
u_005450,test,2024-12-16,US,5354,47734,86,2.42,0
u_014836,control,2024-12-01,KR,6301,45492,72,4.2,1
u_001707,control,2024-11-03,JP,7952,51767,115,3.96,0
u_012377,test,2024-12-31,KR,4192,30899,67,2.09,0
u_012960,test,2024-12-29,KR,5308,38536,67,3.35,1
u_009468,control,2024-11-01,US,7390,51607,96,2.75,1
u_012955,control,2024-12-23,US,5560,30626,47,1.44,0
u_005647,test,2024-12-16,US,4232,32237,70,2.45,1
u_013242,control,2024-12-15,US,6193,39104,63,2.3,1
u_014252,test,2024-12-14,KR,5367,34424,74,3.08,1
u_001355,control,2024-11-08,US,4590,30178,57,2.02,0
u_013234,test,2024-12-15,KR,6338,41543,100,3.58,1
u_008562,test,2024-12-13,US,5588,36282,68,2.14,0
u_006764,control,2024-11-11,KR,6925,58301,122,5.69,1
u_009918,control,2024-12-08,US,8692,62390,105,3.88,0
u_009113,test,2024-12-24,JP,6920,54078,90,4.51,1
u_007957,test,2024-12-15,JP,3577,26849,42,1.95,1
u_000417,control,2024-12-11,KR,6349,36160,74,2.03,0
u_011771,control,2024-11-04,US,2112,13026,23,0.41,0
u_001131,test,2024-11-19,KR,5849,38468,83,3.44,0
u_005453,test,2024-12-10,KR,490,4345,9,0.11,0
u_006316,control,2024-11-14,KR,6542,41088,99,3.1,1
u_007471,test,2024-12-25,KR,4671,36291,70,1.98,1
u_003056,test,2024-11-04,US,6879,65569,114,3.63,0
u_007971,test,2024-11-25,JP,4357,39874,74,3.34,1
u_013477,control,2024-11-22,US,6099,46755,92,1.65,1
u_007063,test,2024-12-01,KR,5630,40268,96,3.68,1
u_004256,test,2024-11-06,KR,7055,60464,146,3.05,1
u_008504,control,2024-12-04,US,6985,42457,75,3.32,1
u_000485,test,2024-11-01,KR,5160,38675,84,2.4,1
u_001899,test,2024-12-01,KR,9035,81863,201,6.27,1
u_014962,control,2024-12-29,US,6372,59525,110,1.74,1
u_014238,test,2024-12-14,KR,7045,53746,110,2.37,1
u_010564,control,2024-12-26,KR,5591,46513,87,4.22,1
u_008854,test,2024-11-18,JP,2672,20886,31,2.25,0
u_010435,test,2024-11-03,KR,4474,42933,66,2.4,1
u_009614,control,2024-12-22,KR,6445,49500,89,2.72,1
u_002572,control,2024-11-28,KR,5100,39278,91,2.62,1
u_011352,test,2024-12-26,JP,4450,31447,60,2.17,0
u_005513,test,2024-12-16,KR,5002,37856,78,2.83,0
u_011991,control,2024-12-06,JP,4791,40251,95,3.44,1
u_005287,control,2024-11-20,JP,7114,52353,93,5.21,1
u_014564,test,2024-11-28,KR,4029,33849,73,2.03,1
u_013757,control,2024-11-14,KR,4920,33263,61,3.24,1
u_008244,test,2024-12-18,JP,4779,35439,73,3.72,0
u_004898,test,2024-12-18,KR,8977,67867,112,7.46,1
u_011410,control,2024-12-01,US,6288,46649,93,1.27,1
u_007878,control,2024-12-31,KR,2110,17107,31,0.53,1
u_007060,control,2024-12-05,US,6571,43037,85,2.4,0
u_004806,control,2024-12-17,KR,4638,26698,57,0.86,1
u_008871,test,2024-11-26,US,3550,35117,77,2.59,1
u_009950,control,2024-12-06,KR,4556,35092,67,2.16,0
u_010440,control,2024-12-15,KR,6596,39724,60,1.12,0
u_009593,control,2024-11-08,US,8452,71997,128,6.81,0
u_012058,test,2024-12-19,KR,2661,23976,51,0.6,0
u_001227,test,2024-11-16,JP,6750,51514,113,2.29,1
u_010920,control,2024-11-08,JP,6433,51823,122,1.67,1
u_000187,control,2024-12-29,KR,5284,46412,110,1.66,1
u_012339,test,2024-11-11,US,3492,22603,35,0.83,0
u_000835,test,2024-11-17,JP,8627,56799,120,3.05,1
u_006401,test,2024-11-03,KR,6666,53392,93,1.79,1
u_003293,test,2024-11-07,KR,4436,38341,63,3.6,1
u_007681,test,2024-11-13,US,3466,25267,38,1.71,1
u_007920,test,2024-12-16,KR,5855,48849,100,3.88,0
u_005949,control,2024-12-26,KR,3498,25178,57,1.38,0
u_002416,test,2024-12-13,KR,8216,73040,182,5.67,1
u_009574,control,2024-12-22,KR,2727,18180,44,0.92,0
u_009205,control,2024-11-14,KR,6845,46234,99,3.35,1
u_002892,test,2024-12-27,JP,5109,40682,82,2.21,1
u_003886,test,2024-12-14,KR,4172,27421,45,0.77,1
u_014155,control,2024-12-13,KR,6633,51044,107,1.44,0
u_012595,control,2024-12-22,KR,5259,38240,81,3.69,1
u_003547,control,2024-12-03,JP,5168,29392,50,3.06,1
u_011717,control,2024-11-14,KR,11233,77754,147,3.98,1
u_002062,test,2024-12-13,JP,6095,37800,72,3.56,1
u_013765,test,2024-11-08,KR,8812,69642,152,4.16,1
u_005332,test,2024-11-21,KR,8977,62569,136,3.92,0
u_011827,test,2024-11-04,KR,5509,46325,78,3.29,1
u_010529,test,2024-11-28,US,5336,45109,87,4.37,1
u_008550,test,2024-12-03,JP,7214,60796,118,1.55,1
u_000933,test,2024-11-02,KR,2657,21670,35,1.96,1
u_008476,control,2024-11-21,JP,4024,26438,44,1.85,0
u_008944,test,2024-11-05,KR,6057,43087,97,1.67,0
u_013134,test,2024-12-04,JP,7156,51230,109,3.92,1
u_005021,test,2024-11-29,US,3695,18980,31,1.53,0
u_013901,control,2024-11-13,JP,6318,33830,82,2.71,0
u_002879,test,2024-11-27,KR,6802,63486,100,2.17,0
u_001442,test,2024-11-30,KR,6741,34932,86,3.16,0
u_007378,control,2024-12-14,US,7586,46142,73,5.01,1
u_007737,control,2024-12-13,US,9693,50397,118,4.64,1
u_012130,control,2024-11-13,US,5040,32171,73,3.54,0
u_007611,test,2024-12-09,JP,5138,39245,83,2.59,1
u_000620,test,2024-11-22,KR,6060,41101,76,1.04,0
u_012709,control,2024-11-20,JP,8108,69049,129,7.33,0
u_007748,test,2024-12-21,US,6965,42022,94,2.28,1
u_009646,control,2024-12-20,JP,4314,25091,48,0.89,0
u_007645,test,2024-11-20,KR,3658,32043,62,0.88,1
u_000314,test,2024-11-11,KR,2676,17027,39,0.65,0
u_010085,control,2024-12-23,JP,3079,22524,45,1.05,1
u_011060,control,2024-12-18,JP,4341,36174,80,3.38,0
u_003458,control,2024-12-22,JP,5862,31956,71,3.4,1
u_014314,test,2024-12-06,JP,8673,59660,142,4.02,1
u_010641,test,2024-12-09,KR,5479,43709,70,2.88,0
u_008769,test,2024-12-23,KR,4720,30377,66,3.03,1
u_006846,test,2024-11-26,JP,3367,29548,54,2.31,1
u_012833,control,2024-11-22,JP,5679,44325,95,1.69,1
u_001512,test,2024-11-19,KR,3781,26968,56,1.1,1
u_000212,control,2024-11-13,KR,7024,40640,78,1.59,1
u_001861,control,2024-12-09,KR,10115,72727,168,6.28,1
u_006660,control,2024-11-30,KR,3974,23216,44,1.0,1
u_006653,control,2024-11-02,KR,5331,42821,93,2.99,0
u_007473,test,2024-11-01,KR,4007,34334,57,3.06,0
u_011505,test,2024-12-30,KR,6174,53701,100,4.63,1
u_006600,control,2024-12-28,US,5603,43418,92,3.74,1
u_007848,control,2024-11-06,US,7274,69281,171,4.67,0
u_000469,control,2024-11-16,KR,6833,53904,123,1.96,0
u_001844,test,2024-12-28,US,2777,16894,30,0.72,1
u_001284,control,2024-12-15,KR,5560,39700,85,1.06,0
u_009000,test,2024-12-26,KR,8876,69896,153,7.27,1
u_000770,control,2024-12-26,JP,4704,25375,62,1.37,0
u_007097,test,2024-11-19,KR,7009,68392,162,4.86,1
u_002289,control,2024-12-22,JP,4182,33719,71,1.56,1
u_001377,control,2024-12-31,JP,4868,35302,54,1.78,1
u_011633,test,2024-12-05,KR,4639,37845,91,1.81,1
u_001207,test,2024-11-15,JP,5513,41347,93,2.82,1
u_008218,control,2024-12-11,JP,3725,25298,45,1.48,0
u_009921,control,2024-11-19,US,5349,34344,54,2.8,1
u_011253,control,2024-11-25,KR,4461,30489,62,0.96,0
u_012225,control,2024-11-25,JP,3610,22594,46,1.3,0
u_003998,test,2024-12-24,JP,3641,29912,64,1.22,0
u_014583,test,2024-12-18,KR,4453,38079,72,2.36,0
u_014445,control,2024-11-24,KR,7025,53274,126,3.83,1
u_000601,test,2024-11-23,JP,4785,36890,55,3.49,0
u_008315,control,2024-12-27,KR,8243,57370,98,1.69,1
u_005060,test,2024-11-08,KR,4699,35533,82,2.46,1
u_001979,test,2024-11-30,KR,4221,31070,70,1.33,0
u_014721,control,2024-11-27,KR,3530,27460,47,1.92,0
u_005844,control,2024-11-15,KR,5784,37239,64,2.53,0
u_002849,test,2024-12-04,JP,5541,49256,86,5.15,1
u_002047,test,2024-11-11,KR,6142,41148,72,2.62,0
u_010996,control,2024-12-28,KR,2607,15238,36,1.4,1
u_004613,test,2024-12-02,KR,5941,48633,96,4.53,1
u_012245,control,2024-12-16,KR,4973,26516,41,2.1,0
u_006151,test,2024-11-18,KR,5137,35515,72,3.14,1
u_009849,control,2024-12-22,KR,8523,70193,145,5.31,1
u_010987,control,2024-12-11,US,6388,51886,125,4.52,1
u_014023,control,2024-12-19,KR,4066,31390,73,1.94,0
u_006798,control,2024-11-13,JP,6047,45423,110,3.94,0
u_002968,test,2024-12-23,US,5559,37083,86,1.7,1
u_010700,test,2024-11-08,KR,6037,48485,80,3.09,1
u_012945,test,2024-12-06,KR,7781,65293,154,5.56,1
u_011122,test,2024-11-10,KR,6906,43907,93,3.99,1
u_014617,test,2024-12-04,JP,7023,73410,124,2.3,1
u_003376,test,2024-12-01,KR,5849,40118,93,3.48,1
u_002481,test,2024-11-04,KR,6414,44473,75,3.98,1
u_009454,test,2024-12-03,JP,3460,28496,57,0.86,0
u_007772,control,2024-12-25,JP,3848,25640,53,1.69,1
u_014871,test,2024-12-13,KR,5671,47442,98,1.91,1
u_010417,control,2024-11-17,JP,5428,32172,69,2.57,1
u_004594,control,2024-11-26,KR,7512,56916,109,5.21,1
u_010729,test,2024-12-09,JP,6961,44145,84,2.34,1
u_011887,control,2024-12-26,JP,3518,30075,70,2.16,1
u_000284,test,2024-12-30,JP,3501,24001,59,1.85,0
u_007897,test,2024-12-04,KR,4702,37974,94,1.65,1
u_011188,control,2024-12-02,JP,6388,46724,99,1.63,1
u_002457,test,2024-12-22,KR,1417,10895,23,0.79,1
u_010872,control,2024-12-21,KR,5109,40839,96,3.54,1
u_007257,test,2024-11-08,JP,5057,42717,104,2.87,1
u_004857,test,2024-11-27,KR,5981,52681,122,2.89,0
u_013659,control,2024-12-20,JP,4363,34348,76,0.86,1
u_003005,test,2024-11-08,KR,5320,36532,80,3.26,0
u_014028,test,2024-11-29,KR,5735,44957,95,2.01,1
u_002766,control,2024-11-22,KR,5663,33725,57,2.93,1
u_003878,control,2024-11-29,US,8160,56827,104,6.2,1
u_008835,test,2024-11-11,KR,8086,50949,83,4.22,0
u_008776,control,2024-12-04,KR,6150,47132,103,1.53,1
u_007517,test,2024-12-13,KR,1563,12480,31,1.13,0
u_010259,test,2024-12-20,US,6024,53420,83,5.27,1
u_013360,control,2024-11-04,KR,6208,41774,103,2.44,1
u_010885,test,2024-11-20,KR,5223,43090,84,1.29,1
u_014041,control,2024-11-01,KR,6960,47367,87,3.54,1
u_011625,control,2024-12-04,JP,5499,45487,93,4.21,0
u_004721,control,2024-11-16,KR,6472,40430,96,2.02,1
u_000633,control,2024-11-24,KR,3670,22862,41,1.21,0
u_005066,test,2024-11-26,JP,5082,37344,60,2.26,1
u_008827,test,2024-12-01,JP,5463,47527,88,2.54,1
u_003553,control,2024-12-13,JP,3142,24272,54,1.14,0
u_009064,test,2024-11-11,JP,7045,62113,151,2.69,1
u_005365,control,2024-11-25,KR,4851,33965,84,0.98,1
u_012737,control,2024-11-25,JP,5103,34139,66,2.35,0
u_001982,test,2024-11-16,JP,6716,51731,126,3.59,1
u_001252,control,2024-12-10,KR,7587,57369,128,5.21,0
u_003191,control,2024-11-24,JP,5100,37416,85,0.98,1
u_002540,control,2024-11-11,KR,5325,43869,107,1.13,1
u_001719,control,2024-12-06,KR,4241,31490,49,1.76,0
u_003169,test,2024-11-07,KR,3672,25368,63,1.59,1
u_006429,test,2024-12-08,KR,5761,50034,100,3.96,1
u_009296,control,2024-11-20,JP,5301,41717,102,3.29,1
u_010993,control,2024-12-25,KR,5586,38226,90,2.95,0
u_014356,control,2024-11-16,US,6872,47988,77,2.41,1
u_006129,test,2024-11-16,KR,3445,30790,64,1.44,0
u_006697,control,2024-11-24,JP,5808,37780,91,3.48,1
u_007345,control,2024-11-15,JP,5735,45171,111,2.58,1
u_014957,control,2024-11-02,KR,7908,58461,90,2.49,1
u_011204,control,2024-12-15,KR,5781,52780,124,5.29,0
u_008085,control,2024-12-31,KR,3548,23535,55,1.19,0
u_005567,control,2024-11-06,JP,4133,28925,57,1.6,1
u_001974,control,2024-12-12,KR,5727,35097,78,3.56,1
u_000293,control,2024-11-08,KR,4669,31014,62,1.53,0
u_008082,control,2024-12-17,JP,6391,56364,91,4.88,1
u_005911,test,2024-12-27,KR,7358,63586,123,4.14,0
u_010504,control,2024-12-27,KR,5986,37431,71,2.19,1
u_003576,test,2024-12-19,KR,2779,19318,37,1.57,0
u_001322,control,2024-12-09,JP,8575,64972,149,5.84,1
u_008833,test,2024-12-31,JP,3575,29920,49,1.57,1
u_007716,test,2024-12-26,JP,8894,72189,111,5.68,0
u_009173,control,2024-12-06,US,3425,20899,40,1.18,1
u_007196,control,2024-11-24,JP,6175,45848,89,4.49,1
u_010565,test,2024-11-28,US,5160,40198,95,2.81,1
u_003419,test,2024-11-10,KR,4280,33983,66,1.92,1
u_004808,test,2024-12-05,US,743,6009,13,0.64,0
u_010474,test,2024-11-18,JP,7352,46122,97,3.38,1
u_013542,control,2024-12-02,KR,7246,45835,92,4.61,1
u_007902,test,2024-11-14,KR,8391,71178,144,2.58,0
u_006790,control,2024-11-14,US,1360,7726,19,0.66,0
u_000533,test,2024-12-14,JP,3562,29955,68,2.66,1
u_004007,test,2024-11-13,KR,3885,29799,69,0.91,0
u_009568,control,2024-12-14,JP,5284,31647,54,2.19,0
u_005501,test,2024-11-27,US,3220,25793,39,2.72,0
u_005816,test,2024-11-19,KR,5486,42952,72,3.73,1
u_002391,test,2024-12-04,KR,6515,55041,118,2.06,1
u_009235,control,2024-11-04,KR,5175,29884,70,1.92,0
u_014339,control,2024-11-05,KR,5925,44489,73,1.54,1
u_008402,control,2024-11-11,KR,4676,24604,38,2.45,1
u_012672,test,2024-12-20,KR,3675,34633,61,1.43,1
u_001376,control,2024-12-09,KR,1156,9928,24,1.07,0
u_006498,test,2024-12-02,JP,6556,46923,103,1.87,1
u_013868,control,2024-12-09,KR,2895,23624,58,0.8,1
u_013248,control,2024-11-08,US,5585,35847,60,2.26,1
u_009896,test,2024-12-12,KR,5735,50514,115,1.31,1
u_008296,control,2024-11-23,JP,5322,28534,68,1.28,1
u_001003,test,2024-11-29,KR,6116,45784,99,4.82,1
u_004473,control,2024-11-08,KR,5295,43816,81,2.98,1
u_008513,control,2024-11-11,US,7121,49822,99,1.64,1
u_014071,test,2024-12-27,JP,3657,29855,61,1.62,0
u_009448,control,2024-12-18,KR,5531,34192,78,3.1,0
u_007861,control,2024-12-28,KR,6602,43712,84,3.71,1
u_013971,test,2024-12-27,KR,2611,24198,48,2.59,1
u_006985,test,2024-11-15,JP,6408,48673,111,3.69,1
u_008456,test,2024-11-13,JP,3561,23502,49,1.19,0
u_013051,control,2024-12-04,JP,6967,49336,104,4.2,1
u_006891,control,2024-12-08,US,3329,20709,39,0.97,0
u_001480,control,2024-12-07,KR,6710,43949,74,2.23,1
u_004626,test,2024-12-13,KR,4804,43806,85,1.45,1
u_010305,control,2024-11-06,KR,3055,22826,50,0.62,0
u_008935,test,2024-11-26,JP,5356,39445,78,4.19,1
u_001178,test,2024-12-02,US,8634,48090,74,2.83,1
u_014399,control,2024-11-22,US,6647,32581,77,1.75,1
u_010410,control,2024-12-26,KR,9845,56754,101,3.0,0
u_006175,control,2024-12-10,JP,3878,26958,59,2.21,0
u_014526,control,2024-11-07,JP,4168,30919,47,1.75,0
u_009275,control,2024-12-06,JP,4200,29268,62,1.0,1
u_000594,control,2024-12-30,KR,8536,63989,105,5.46,0
u_009692,test,2024-12-06,JP,6430,59846,135,3.46,1
u_000160,test,2024-11-10,KR,9107,83109,194,8.65,1
u_005761,control,2024-11-21,JP,8184,66478,163,4.02,1
u_006211,test,2024-12-07,JP,6822,41129,73,2.8,1
u_014498,test,2024-12-19,KR,4971,43944,82,3.59,0
u_004924,test,2024-12-01,JP,5944,49376,95,3.26,0
u_014345,test,2024-11-12,KR,6793,54902,121,5.85,1
u_011261,control,2024-12-05,JP,7696,43647,100,2.54,0
u_002600,control,2024-11-17,KR,9386,60466,141,4.41,1
u_005302,control,2024-11-17,JP,6350,45830,111,1.63,1
u_002931,test,2024-12-28,KR,4880,38036,81,2.97,1
u_012933,test,2024-12-10,KR,2053,16529,34,1.46,0
u_003182,test,2024-12-31,KR,7485,62739,123,2.1,1
u_003190,test,2024-12-29,JP,3779,28341,49,2.55,0
u_004848,test,2024-11-26,KR,5373,41507,84,1.96,1
u_012895,test,2024-12-20,KR,3978,27453,52,2.56,0
u_009716,test,2024-12-30,US,4337,28666,51,1.74,1
u_014032,control,2024-11-08,JP,12420,83034,204,3.56,1
u_001431,test,2024-12-21,KR,6985,48190,118,2.26,1
u_003401,test,2024-12-30,JP,5444,43862,69,1.63,1
u_006058,control,2024-11-06,KR,6422,52698,128,4.75,0
u_005124,control,2024-11-20,JP,5522,41853,75,2.4,0
u_000890,test,2024-12-02,JP,5341,36445,80,3.82,0
u_014324,test,2024-11-29,KR,3533,23328,37,2.42,1
u_005721,test,2024-12-24,US,6603,53956,107,4.14,1
u_005560,test,2024-12-28,KR,4945,34899,69,1.88,0
u_000182,test,2024-11-17,KR,4874,34089,59,3.72,1
u_006865,test,2024-11-20,KR,7447,55078,89,5.85,1
u_006949,test,2024-12-23,KR,5435,53907,92,4.64,1
u_013636,test,2024-11-28,KR,4261,35866,74,2.88,0
u_011935,control,2024-12-02,KR,8825,43678,99,3.41,0
u_011978,control,2024-11-28,KR,4358,25963,43,1.4,1
u_005055,test,2024-12-14,JP,6626,53564,132,5.29,1
u_010810,control,2024-11-11,KR,4792,29638,70,2.42,0
u_009411,control,2024-12-17,KR,2237,15776,26,0.43,1
u_001710,test,2024-12-10,KR,4403,43368,81,2.64,1
u_005272,test,2024-11-07,JP,4393,34364,73,2.91,0
u_003535,test,2024-11-16,KR,7183,49199,95,5.21,1
u_013036,test,2024-11-19,KR,11493,105678,160,10.0,1
u_004154,control,2024-11-01,KR,6617,40347,79,1.15,0
u_003319,control,2024-12-09,KR,7392,58753,109,5.49,1
u_003220,test,2024-12-28,KR,7915,62952,121,4.07,1
u_005494,control,2024-12-03,KR,6246,43239,106,3.14,0
u_002452,test,2024-11-16,KR,4368,29195,50,2.71,0
u_001496,control,2024-12-10,JP,7894,70065,134,4.7,1
u_006378,control,2024-12-16,KR,5439,44528,81,2.61,1
u_011497,test,2024-11-22,KR,2406,17107,35,1.2,0
u_006765,control,2024-12-07,KR,4027,27594,67,2.18,1
u_009711,test,2024-11-24,US,3751,32014,59,3.47,0
u_012911,test,2024-11-28,JP,6076,50933,79,2.38,1
u_013073,control,2024-11-16,KR,5106,38020,73,2.93,1
u_011961,test,2024-12-01,KR,5213,41792,104,4.12,1
u_008593,control,2024-12-23,KR,6300,46930,85,4.04,1
u_014225,control,2024-12-15,JP,5623,38162,61,2.85,1
u_000667,control,2024-11-30,JP,4550,36436,81,1.13,1
u_000082,test,2024-12-21,JP,6606,42118,101,3.23,1
u_003544,test,2024-11-05,JP,6306,35890,72,1.68,0
u_000364,test,2024-12-16,KR,3379,24402,49,0.64,1
u_010297,control,2024-11-24,KR,4537,35019,75,1.89,1
u_003718,control,2024-12-02,JP,5089,41381,97,4.05,1
u_009763,test,2024-12-17,KR,6230,41674,104,3.22,0
u_003985,test,2024-12-30,US,4626,26188,61,2.78,1
u_004586,test,2024-11-14,KR,2337,18443,31,1.66,0
u_003536,test,2024-11-10,JP,5860,55096,95,3.84,1
u_004792,test,2024-12-07,US,9098,59216,119,2.37,1
u_012552,control,2024-12-06,KR,4993,34971,70,3.1,1
u_002721,test,2024-12-29,KR,5119,33435,80,3.28,0
u_012989,test,2024-11-21,JP,6367,57342,94,3.76,1
u_010621,control,2024-11-12,US,3358,21994,35,2.01,1
u_004407,control,2024-11-12,KR,3291,26705,45,2.0,0
u_010321,test,2024-11-15,US,4017,29233,56,2.93,1
u_006731,control,2024-11-16,KR,3171,24654,61,1.78,1
u_007081,control,2024-11-24,US,2243,14650,22,1.1,0
u_001119,test,2024-11-28,KR,5944,50619,91,2.19,1
u_014114,test,2024-12-26,KR,7236,57722,129,6.13,1
u_009595,control,2024-12-15,US,6057,31196,72,2.84,0
u_012025,control,2024-12-05,KR,2578,14604,33,0.85,0
u_002975,control,2024-12-01,JP,4983,39278,69,2.89,1
u_008676,control,2024-11-22,JP,6891,56312,111,2.61,1
u_009688,test,2024-11-17,KR,4004,27984,61,2.89,0
u_014230,test,2024-12-30,KR,5491,52247,129,3.64,1
u_010039,control,2024-11-29,JP,4997,35151,78,2.36,0
u_006086,test,2024-11-28,JP,4229,34038,59,2.59,0
u_012752,control,2024-12-20,JP,2563,18660,44,0.69,1
u_000230,control,2024-11-14,KR,5386,42649,83,2.16,1
u_000394,test,2024-11-01,KR,5424,40634,85,1.95,0
u_002529,test,2024-11-25,KR,3959,31735,60,3.26,1
u_010526,test,2024-11-11,JP,7465,51819,99,1.44,0
u_009485,control,2024-12-16,JP,5136,35456,53,1.1,1
u_008163,control,2024-11-03,US,6366,49279,83,3.08,1
u_012863,test,2024-11-26,US,6680,46441,112,4.97,1
u_003648,control,2024-11-25,KR,6292,47232,76,2.67,1
u_005136,control,2024-11-21,JP,3454,21063,35,2.01,0
u_002939,test,2024-11-08,KR,4409,34633,74,2.82,1
u_005991,control,2024-11-23,US,7415,57161,104,5.61,0
u_011696,control,2024-11-20,JP,5190,37596,63,2.25,1
u_014930,test,2024-11-29,KR,6003,38000,61,1.37,1
u_013097,test,2024-12-28,KR,4596,38210,89,2.34,1
u_014223,control,2024-12-12,KR,2571,18598,37,1.34,0
u_010206,test,2024-11-18,JP,6903,55386,122,1.59,0
u_014125,test,2024-12-04,KR,6767,52854,123,1.6,1
u_005311,control,2024-11-10,KR,4823,32945,50,2.5,1
u_005457,control,2024-12-14,JP,6060,52176,112,1.46,0
u_001686,control,2024-11-20,KR,5608,34047,80,1.35,1
u_004019,test,2024-12-22,KR,7341,47046,108,1.96,1
u_009785,control,2024-11-27,KR,3849,25687,62,2.78,1
u_007600,control,2024-11-08,KR,3559,25280,58,2.56,0
u_009364,test,2024-12-20,JP,5338,48452,94,2.42,1
u_006212,test,2024-11-24,KR,5937,39213,89,3.18,0
u_002368,test,2024-12-23,KR,7726,49611,90,1.67,1
u_000804,control,2024-11-04,US,8653,73511,129,3.81,1
u_009631,test,2024-12-07,KR,2944,24628,57,2.07,1
u_012564,test,2024-12-25,US,6600,41116,86,1.37,1
u_008197,test,2024-12-23,US,5569,44364,84,3.8,1
u_011218,control,2024-12-29,KR,5016,42276,86,3.58,0
u_014754,control,2024-11-09,US,6586,45718,90,5.0,0
u_003925,test,2024-12-07,JP,5339,45146,100,2.78,1
u_008787,test,2024-11-19,KR,7211,52409,126,5.11,1
u_014671,test,2024-12-05,US,4684,31557,63,1.19,0
u_009526,control,2024-12-10,KR,5041,33407,81,3.18,1
u_007128,control,2024-11-23,KR,6651,57737,100,3.9,1
u_002807,control,2024-11-08,KR,6283,44192,80,1.67,0
u_014601,control,2024-12-30,KR,4868,36092,74,3.73,0
u_005898,test,2024-11-03,JP,6736,64676,99,5.63,1
u_011369,test,2024-12-08,KR,6393,49359,102,5.19,0
u_003598,test,2024-11-25,US,5391,41861,80,1.14,1
u_009938,test,2024-11-26,KR,6334,49710,90,2.1,1
u_004981,test,2024-11-25,KR,5698,39331,95,3.61,1
u_013070,test,2024-11-15,KR,3749,22624,39,0.74,0
u_006088,control,2024-11-17,JP,1918,13309,32,0.66,0
u_005669,control,2024-11-11,JP,5140,42142,93,4.07,0
u_001304,test,2024-12-27,KR,4237,30261,52,2.95,1
u_011472,test,2024-11-28,KR,4881,42530,102,2.17,1
u_008203,test,2024-12-26,JP,1357,11651,21,0.32,1
u_005337,test,2024-11-24,KR,7380,61315,95,5.23,1
u_010569,test,2024-12-16,KR,4595,34958,61,2.32,1
u_003207,test,2024-12-13,JP,5845,48557,88,1.96,1
u_004149,test,2024-11-23,KR,7928,62414,109,3.33,1
u_007296,control,2024-11-15,KR,6343,41886,98,4.6,1
u_000382,control,2024-11-10,US,4949,40037,82,3.71,0
u_009707,control,2024-11-21,KR,6031,46367,73,3.89,1
u_006991,test,2024-11-29,KR,7719,65463,123,6.39,1
u_004336,control,2024-11-15,US,7694,51467,122,4.64,1
u_005253,control,2024-11-10,JP,6379,43148,85,4.7,1
u_012687,test,2024-11-19,KR,5296,38348,79,4.15,1
u_012320,test,2024-11-19,KR,4175,40886,83,1.08,1
u_012151,control,2024-11-10,KR,5609,31317,47,3.04,0
u_005082,control,2024-12-14,KR,6841,55868,100,5.05,1
u_001034,test,2024-12-29,KR,4522,37769,58,3.1,1
u_011658,test,2024-11-04,KR,7351,55878,134,3.66,1
u_012750,test,2024-12-27,KR,699,5682,13,0.56,0
u_001412,control,2024-12-26,KR,5479,24853,45,0.68,1
u_008275,control,2024-12-16,US,7791,68767,103,4.59,1
u_011948,control,2024-12-20,KR,669,4983,10,0.37,0
u_007744,test,2024-12-01,KR,8699,63952,123,4.75,0
u_008898,test,2024-11-11,US,4992,41502,98,2.89,1
u_011805,control,2024-12-28,JP,6472,54750,124,5.58,0
u_009038,control,2024-11-03,US,4580,26865,43,1.56,1
u_003726,test,2024-11-04,KR,9736,68158,119,3.32,0
u_014349,control,2024-11-27,JP,5059,42843,104,2.84,1
u_014749,test,2024-12-12,US,4450,39197,76,1.47,0
u_008199,control,2024-12-17,JP,7957,42993,102,2.16,1
u_009672,test,2024-11-10,KR,3280,24404,55,1.19,1
u_005019,control,2024-11-26,KR,5126,42711,82,1.92,0
u_004110,control,2024-11-25,KR,5735,45170,86,1.22,1
u_008731,control,2024-11-04,US,6505,43196,105,3.98,1
u_004277,test,2024-12-27,JP,6914,45398,99,3.32,1
u_004647,control,2024-11-01,KR,5605,33983,65,3.61,1
u_002865,control,2024-12-28,KR,8551,56134,118,4.05,1
u_006972,control,2024-12-05,JP,2708,18581,31,1.99,0
u_011411,control,2024-11-17,KR,5902,33257,72,3.57,1
u_000269,control,2024-12-14,KR,6340,48241,82,2.7,1
u_002262,test,2024-11-03,KR,6193,53101,127,1.85,1
u_004831,test,2024-12-31,KR,4024,33224,62,2.64,1
u_004986,control,2024-11-08,US,8869,72363,162,6.3,1
u_001594,test,2024-11-06,US,4062,34436,61,2.62,0
u_002957,test,2024-12-11,KR,5445,43896,72,1.54,1
u_005230,test,2024-12-31,US,6820,55760,121,5.63,1
u_008909,test,2024-12-13,US,5857,48104,115,2.53,1
u_011604,control,2024-12-02,US,8040,56285,110,4.34,1
u_001052,control,2024-12-13,KR,4178,31913,79,3.42,1
u_013547,control,2024-12-15,US,5946,34147,72,1.97,1
u_008373,test,2024-12-11,US,5242,37913,70,2.31,0
u_008734,test,2024-12-01,KR,3635,24137,59,2.09,0
u_002542,control,2024-12-30,JP,5941,40159,74,3.39,1
u_005486,control,2024-11-08,KR,5141,32805,59,2.98,1
u_005615,test,2024-12-08,KR,5656,38722,90,4.06,1
u_002528,test,2024-12-03,US,4390,29429,66,2.9,1
u_013859,test,2024-12-29,KR,6095,50224,120,5.44,1
u_010718,test,2024-12-08,KR,2850,22631,47,0.8,0
u_009212,test,2024-11-15,KR,1999,13149,20,1.29,1
u_007076,control,2024-11-29,KR,5357,39224,61,2.12,1
u_001448,control,2024-11-29,JP,3921,32820,67,1.13,1
u_004624,test,2024-11-27,JP,7024,51921,82,2.99,1
u_000615,test,2024-11-21,KR,4427,30405,74,1.12,0
u_001444,test,2024-12-04,KR,5026,32581,79,1.17,0
u_007274,control,2024-11-29,US,5733,37231,73,2.23,1
u_009523,test,2024-12-25,KR,5406,52128,122,3.41,1
u_005226,control,2024-11-21,KR,6432,53973,108,4.45,1
u_001851,control,2024-11-20,KR,5613,36492,77,2.84,0
u_011181,control,2024-12-09,KR,5157,34477,78,1.72,1
u_008259,test,2024-11-27,US,5871,47791,118,4.29,1
u_000134,control,2024-11-19,US,8743,49263,107,2.06,0
u_010732,test,2024-11-03,JP,2971,28267,59,2.83,1
u_001391,test,2024-11-29,KR,5746,33461,54,2.75,1
u_000105,test,2024-12-05,KR,5075,47829,118,3.31,1
u_003211,control,2024-12-28,KR,3840,22934,36,1.28,1
u_001122,control,2024-12-30,KR,6073,32611,74,2.77,1
u_001542,control,2024-11-03,US,3039,20941,35,1.0,1
u_005158,test,2024-11-19,US,4163,33166,70,3.15,0
u_006970,test,2024-12-30,US,5759,49528,80,5.37,1
u_008115,test,2024-11-12,KR,7681,49837,117,1.4,1
u_011526,test,2024-11-21,KR,7305,58535,139,4.21,0
u_009927,control,2024-11-09,JP,6053,51623,84,4.37,1
u_003016,test,2024-12-26,KR,8172,78548,175,7.17,1
u_013008,test,2024-12-26,KR,4380,42362,95,3.84,1
u_012755,test,2024-11-13,KR,3186,21031,41,1.64,0
u_013752,test,2024-11-30,KR,6107,41929,81,1.7,1
u_010953,control,2024-12-22,JP,5442,23262,47,1.79,1
u_009824,control,2024-12-18,JP,5791,35281,87,2.25,1
u_003643,control,2024-12-31,KR,4164,27292,57,1.7,1
u_009375,control,2024-12-03,KR,6396,46403,75,3.91,1
u_005624,test,2024-11-24,US,4268,37870,65,1.0,1
u_005264,test,2024-12-11,US,6686,53473,111,4.36,1
u_007075,test,2024-11-18,JP,5466,51421,125,2.68,1
u_001384,test,2024-11-04,KR,6493,43024,96,4.66,1
u_003188,test,2024-11-28,JP,6667,53720,94,2.82,1
u_003815,test,2024-11-24,KR,7131,54174,111,5.93,0
u_004202,test,2024-12-30,KR,5851,49242,103,1.93,1
u_009596,test,2024-12-29,US,4608,30323,65,2.98,1
u_002238,test,2024-12-11,KR,5608,44465,89,4.82,1
u_010195,test,2024-11-09,US,5874,43395,74,3.01,1
u_003051,control,2024-12-08,KR,5710,49042,78,3.1,1
u_001748,test,2024-12-18,KR,6083,42520,72,1.4,1
u_002283,control,2024-12-29,KR,7684,50865,104,5.0,1
u_002928,test,2024-11-29,KR,4553,40525,95,1.47,1
u_001856,test,2024-12-30,KR,6952,50118,111,1.71,1
u_000326,test,2024-12-20,KR,6933,52329,105,3.54,1
u_007554,control,2024-11-08,KR,5146,40484,82,2.35,0
u_008023,test,2024-11-05,KR,8829,66608,113,4.78,1
u_002375,control,2024-11-02,JP,2989,18894,45,1.63,1
u_007562,test,2024-12-09,US,6556,53115,114,2.02,1
u_003461,control,2024-12-30,US,8655,72475,126,6.35,1
u_002681,test,2024-12-05,KR,2740,20592,39,1.45,1
u_007465,control,2024-11-29,KR,5380,36270,68,2.05,1
u_003156,test,2024-12-02,JP,3621,29169,46,1.77,0
u_014082,control,2024-11-16,US,7198,48496,77,4.83,0
u_000864,test,2024-11-23,US,4872,36756,88,3.78,1
u_000639,test,2024-11-16,JP,2818,22120,34,0.73,0
u_003763,control,2024-12-17,JP,7287,50047,100,4.24,1
u_012796,control,2024-11-30,US,3238,21333,52,1.46,0
u_010459,test,2024-11-29,KR,5552,42016,95,1.54,0
u_013209,control,2024-12-17,KR,6662,39836,84,1.07,1
u_004093,control,2024-11-11,JP,6215,40583,76,3.47,1
u_010501,control,2024-11-13,KR,5300,43209,102,1.88,0
u_000200,test,2024-11-27,KR,2392,22127,43,1.9,1
u_013029,control,2024-11-07,KR,4330,28283,65,1.85,1
u_012192,test,2024-12-29,KR,3216,29946,71,1.42,1
u_012693,test,2024-12-17,KR,5844,51172,115,2.85,1
u_013058,test,2024-12-15,KR,5844,43314,71,4.3,1
u_002334,control,2024-11-07,JP,7096,51984,78,4.5,1
u_013789,test,2024-11-22,JP,6969,71856,165,7.83,1
u_005394,test,2024-11-26,US,7747,58135,138,3.44,1
u_006656,control,2024-12-13,KR,5524,45943,92,3.06,1
u_009624,control,2024-11-18,KR,9315,68884,135,5.9,1
u_006852,control,2024-12-12,KR,4603,34166,83,1.79,1
u_004581,control,2024-12-11,JP,7374,49898,121,2.78,1
u_008970,test,2024-11-23,KR,6908,59897,131,5.97,1
u_009675,control,2024-12-14,KR,3694,29301,62,0.9,0
u_011957,test,2024-12-05,KR,3307,25273,53,1.95,0
u_008889,test,2024-11-21,KR,6535,47322,73,1.48,1
u_012520,control,2024-11-14,KR,3208,22503,53,0.82,0
u_001634,control,2024-11-09,JP,5183,44838,103,4.88,1
u_001580,test,2024-12-07,JP,3363,23940,55,1.17,0
u_009073,test,2024-12-23,KR,9491,87019,193,4.77,0
u_009300,control,2024-11-22,US,4240,29073,67,1.11,1
u_013991,test,2024-12-28,KR,4043,44844,100,2.61,1
u_009185,test,2024-12-29,KR,4496,34557,71,2.91,0
u_006304,control,2024-12-30,KR,4034,28463,47,1.59,1
u_003988,test,2024-11-02,KR,6053,30103,60,2.53,0
u_011308,control,2024-11-02,KR,7107,48603,81,2.67,1
u_011031,control,2024-12-27,KR,1819,12211,23,0.79,1
u_006322,control,2024-12-14,JP,3470,22136,38,1.66,0
u_012744,control,2024-11-17,JP,7393,49744,101,3.63,1
u_000042,test,2024-11-28,KR,2568,15975,27,0.82,0
u_003346,control,2024-11-14,KR,6793,48863,73,2.82,1
u_009135,control,2024-11-30,JP,3004,17772,32,0.47,0
u_004650,test,2024-12-10,US,4769,38629,68,2.64,1
u_001995,control,2024-11-16,JP,4579,34958,73,0.96,1
u_010981,test,2024-12-21,KR,3702,26137,47,0.98,0
u_007668,control,2024-11-15,JP,5660,33653,51,3.53,0
u_010530,control,2024-11-04,JP,5743,40131,68,3.35,1
u_003119,control,2024-11-05,JP,5233,34341,81,2.66,1
u_010379,test,2024-12-29,KR,4155,30910,61,2.55,1
u_009519,control,2024-12-18,KR,3531,20650,47,0.75,0
u_013015,test,2024-11-11,JP,4967,40811,76,3.27,1
u_010947,test,2024-12-23,JP,3629,32960,79,1.49,1
u_008905,control,2024-12-25,JP,5877,41951,75,4.15,1
u_010986,control,2024-12-24,US,4223,35158,55,1.02,0
u_007417,test,2024-11-23,KR,3204,22025,35,2.15,0
u_004649,control,2024-12-20,KR,3940,31732,66,2.62,0
u_007275,control,2024-11-23,KR,5795,39513,81,3.04,1
u_005824,test,2024-12-31,KR,1455,9663,22,0.26,0
u_010298,control,2024-12-22,KR,6087,49355,93,2.61,1
u_014150,control,2024-12-08,JP,5375,31434,72,0.81,1
u_009442,control,2024-11-10,US,5423,42826,99,4.0,1
u_005461,control,2024-12-16,KR,7247,58579,122,3.16,1
u_000334,control,2024-11-30,US,6042,37505,61,1.62,1
u_000385,test,2024-12-23,JP,7183,61914,118,1.6,1
u_001902,test,2024-11-14,JP,4973,30205,71,1.03,1
u_013273,test,2024-12-03,KR,3939,28114,45,2.38,1
u_013018,control,2024-11-01,JP,6699,50119,116,3.61,1
u_012842,test,2024-12-24,KR,3376,26882,57,2.58,1
u_000016,control,2024-11-14,JP,6459,51516,79,3.17,0
u_002668,control,2024-12-30,KR,8684,62247,138,6.38,1
u_006701,control,2024-12-05,JP,5502,38243,82,1.02,1
u_014300,control,2024-12-21,US,1871,18533,45,1.89,0
u_004828,test,2024-12-02,JP,4315,34151,79,1.93,1
u_009544,test,2024-11-21,KR,3165,24596,61,1.82,0
u_009857,test,2024-11-27,JP,5713,45879,69,2.62,0
u_001137,test,2024-12-15,US,3763,31345,52,0.99,0
u_003438,test,2024-12-05,KR,3753,29925,46,1.87,1
u_011045,control,2024-12-04,KR,4771,37189,92,3.03,1
u_006357,test,2024-11-15,KR,4243,30773,64,1.89,1
u_005083,control,2024-12-06,JP,1186,9358,22,0.86,0
u_009859,test,2024-11-08,JP,5662,36283,85,3.32,1
u_010442,control,2024-11-09,KR,4202,23401,45,1.95,0
u_008020,control,2024-12-14,KR,8599,73745,125,7.4,1
u_007424,test,2024-12-08,JP,4881,42721,69,3.84,1
u_014348,test,2024-11-10,KR,3513,25912,52,1.62,1
u_008792,test,2024-11-16,KR,2988,21701,39,0.94,0
u_013702,test,2024-12-24,JP,1928,12229,23,0.7,0
u_000155,test,2024-11-04,JP,4300,29383,70,1.99,0
u_012076,control,2024-12-17,KR,5044,37644,59,1.38,1
u_005831,control,2024-12-25,US,7138,41888,71,4.17,1
u_011163,test,2024-12-17,JP,4151,28859,60,1.39,0
u_010610,test,2024-11-29,JP,7386,63184,105,6.09,1
u_007078,test,2024-11-06,KR,5158,39616,98,3.05,1
u_014433,test,2024-11-14,KR,3632,27118,59,2.15,0
u_005172,test,2024-11-23,JP,7782,49822,77,2.98,0
u_008606,control,2024-11-14,KR,2468,14730,32,0.43,1
u_007448,control,2024-11-05,KR,1154,8139,19,0.77,0
u_006888,control,2024-12-20,KR,1383,8600,21,0.94,0
u_009117,test,2024-12-03,JP,5470,36840,65,2.44,1
u_006937,test,2024-12-28,KR,6503,59130,124,3.64,1
u_010102,test,2024-11-27,KR,7150,59804,119,4.74,0
u_002912,control,2024-12-29,JP,7438,40682,62,4.22,1
u_009345,test,2024-11-07,KR,3702,28114,59,1.52,1
u_010147,test,2024-11-15,KR,5150,31573,66,2.09,1
u_001668,control,2024-12-21,KR,8158,67002,146,6.49,1
u_010274,control,2024-12-04,US,7397,50402,90,5.25,1
u_012651,test,2024-11-19,KR,3653,22254,44,2.26,1
u_007844,test,2024-12-02,KR,8639,90386,155,6.95,1
u_005772,test,2024-12-14,JP,2835,21593,37,1.35,1
u_014732,test,2024-12-12,KR,7474,54068,90,3.89,1
u_011889,test,2024-12-29,KR,2566,19305,46,1.75,0
u_004152,control,2024-11-06,KR,7045,40115,98,4.02,1
u_007989,test,2024-12-23,KR,2193,15668,38,0.43,1
u_002188,control,2024-11-18,KR,6913,44258,101,2.85,1
u_001298,test,2024-11-18,KR,4206,40123,96,3.38,0
u_011118,test,2024-12-14,JP,9022,77078,125,2.1,1
u_010991,control,2024-12-22,US,3112,25089,48,0.69,0
u_005402,control,2024-12-28,US,4495,24481,60,1.06,1
u_008448,control,2024-11-12,JP,3844,21871,39,1.3,0
u_002747,test,2024-11-06,JP,3478,28117,60,2.86,1
u_003769,test,2024-11-20,KR,7664,60896,91,6.59,1
u_013133,control,2024-12-31,JP,5545,39425,88,3.88,1
u_004734,control,2024-11-18,JP,4641,36544,59,1.79,1
u_011530,test,2024-11-28,JP,5295,43589,106,1.25,1
u_009170,control,2024-12-29,US,5745,35311,75,1.4,0
u_000897,test,2024-11-17,KR,7932,57785,133,5.25,1
u_009609,test,2024-11-20,US,7039,50732,117,4.66,1
u_013877,control,2024-11-18,JP,6491,47379,91,3.65,0
u_006128,control,2024-12-27,KR,3291,26179,46,1.04,0
u_000376,test,2024-12-02,KR,4995,43104,100,4.33,0
u_000644,test,2024-12-28,JP,6277,43796,70,2.55,0
u_001164,control,2024-12-17,JP,7226,60068,145,3.26,1
u_012018,test,2024-12-01,KR,6804,53194,118,2.39,1
u_007670,test,2024-11-08,KR,6346,59673,130,4.16,1
u_004369,control,2024-12-09,KR,5704,44048,83,2.07,1
u_010439,test,2024-11-06,US,6627,41118,69,2.63,1
u_001521,control,2024-12-12,KR,10395,81881,172,8.22,0
u_007532,test,2024-12-05,JP,9096,88180,174,7.85,1
u_008281,test,2024-11-01,US,7009,55396,104,2.93,0
u_012579,test,2024-12-14,KR,3187,22501,47,0.93,1
u_004532,test,2024-11-17,KR,8645,67572,150,7.35,1
u_004213,test,2024-11-20,KR,4911,41102,97,3.65,1
u_010454,test,2024-11-10,JP,7916,61816,131,2.03,1
u_001967,control,2024-11-14,KR,7266,63723,152,4.17,1
u_012584,test,2024-11-26,KR,4673,34499,79,1.55,1
u_000430,control,2024-12-25,KR,4225,33422,82,2.76,1
u_009349,control,2024-12-06,KR,4633,21465,32,0.94,0
u_012105,test,2024-11-15,KR,5574,56418,95,2.79,1
u_004268,control,2024-11-06,US,6273,47321,73,2.99,1
u_010392,test,2024-11-07,JP,5475,38468,76,2.71,1
u_001662,control,2024-12-05,KR,8402,65803,107,1.8,0
u_002803,test,2024-11-14,KR,5694,48828,110,3.05,1
u_001682,test,2024-11-24,KR,5817,57034,138,1.47,1
u_004870,test,2024-11-21,KR,2178,16565,38,0.49,1
u_002205,test,2024-11-27,KR,9792,74098,165,2.42,0
u_000648,control,2024-11-18,US,3174,23587,55,1.45,0
u_006995,test,2024-12-18,US,6418,47043,116,1.64,0
u_001373,control,2024-12-31,US,5129,28839,70,2.24,0
u_012022,test,2024-11-11,KR,1125,9670,17,0.76,0
u_000020,test,2024-12-13,KR,5316,43775,96,2.69,1
u_012877,test,2024-12-31,KR,7670,52931,102,2.14,1
u_008737,control,2024-12-31,JP,6342,40176,75,1.29,1
u_013597,test,2024-12-29,KR,3394,35581,74,3.07,1
u_012586,control,2024-12-02,KR,5216,42500,98,3.53,1
u_005105,test,2024-11-16,KR,5437,37045,76,1.04,1
u_008437,test,2024-11-03,KR,3376,18739,42,0.89,0
u_006878,control,2024-11-10,JP,6685,37583,59,3.8,0
u_004081,control,2024-11-06,KR,6911,63217,120,5.88,1
u_001984,test,2024-11-28,KR,4681,39911,67,1.3,0
u_001476,control,2024-11-01,KR,6231,49886,116,5.47,1
u_010791,test,2024-11-08,JP,2386,20153,35,1.02,1
u_001726,control,2024-11-02,KR,5457,41582,63,1.47,0
u_010532,test,2024-11-12,JP,7994,57661,118,3.4,1
u_006369,test,2024-11-24,KR,2689,19809,34,1.29,0
u_004740,control,2024-11-21,KR,4640,38577,70,2.14,0
u_008735,control,2024-11-15,JP,9393,76405,146,8.33,1
u_003014,test,2024-11-09,JP,2871,21480,32,1.5,1
u_007654,control,2024-11-02,US,6004,46175,82,3.76,0
u_003686,test,2024-11-11,KR,4992,32528,56,0.9,0
u_007661,control,2024-11-06,US,3223,20935,35,1.14,0
u_004323,control,2024-11-03,JP,3836,24996,62,2.44,1
u_010407,control,2024-12-15,JP,6739,51556,109,4.72,1
u_009569,control,2024-12-18,KR,3478,26797,54,1.48,0
u_006941,test,2024-11-06,JP,7792,55606,134,4.93,1
u_005948,control,2024-12-15,KR,5476,53566,129,3.93,1
u_004437,control,2024-12-05,KR,4927,33613,61,2.32,1
u_005191,test,2024-12-08,US,5874,59773,139,2.61,1
u_005218,test,2024-12-17,KR,6617,53774,125,1.71,1
u_010542,control,2024-11-07,JP,6337,45682,83,2.29,1
u_008552,control,2024-12-31,KR,5487,38605,82,2.7,1
u_013443,test,2024-12-15,JP,3335,20269,33,1.97,0
u_005677,test,2024-12-10,KR,5507,44990,105,3.6,1
u_003158,control,2024-11-20,US,3779,26390,51,1.84,0
u_009407,test,2024-12-27,KR,3372,29459,46,2.44,0
u_002499,test,2024-11-24,KR,3280,25905,44,2.48,0
u_002606,test,2024-11-16,KR,2348,22633,44,2.07,0
u_013211,test,2024-12-15,US,5327,37204,63,2.92,0
u_002608,control,2024-11-28,JP,7176,38702,79,2.75,1
u_004580,test,2024-11-16,US,5396,47083,97,3.68,1
u_001652,control,2024-11-24,JP,6375,46277,82,1.91,1
u_004633,test,2024-11-22,US,7134,66963,127,6.88,1
u_004877,test,2024-11-08,KR,5597,37371,64,1.68,1
u_014956,test,2024-12-09,JP,4293,34165,66,2.59,0
u_005696,test,2024-11-27,KR,4761,36671,87,3.78,1
u_013113,control,2024-12-04,KR,5419,35401,73,3.32,1
u_009838,test,2024-12-14,KR,4525,36997,71,4.06,1
u_009346,control,2024-12-18,KR,5583,47209,114,1.44,0
u_009062,control,2024-12-01,KR,6460,50508,83,1.64,0
u_011552,control,2024-12-30,KR,5022,36921,58,3.58,0
u_012121,test,2024-11-09,KR,2532,19285,36,1.34,1
u_009206,control,2024-11-22,KR,7016,40576,78,1.68,1
u_008313,test,2024-12-01,JP,4086,30469,73,1.98,1
u_013264,test,2024-12-17,KR,6646,60483,131,6.06,0
u_007531,test,2024-11-02,US,5618,40471,66,1.82,1
u_007951,test,2024-11-25,US,1494,13678,26,0.91,0
u_009784,control,2024-11-16,US,4040,35636,55,3.54,1
u_007429,control,2024-11-26,JP,4613,39376,68,3.26,0
u_000522,test,2024-11-08,KR,9518,63092,102,6.85,1
u_001061,test,2024-11-26,KR,4772,29335,46,1.56,0
u_005840,test,2024-12-25,US,3787,28603,46,2.43,0
u_002465,control,2024-11-27,KR,6585,52475,106,4.41,1
u_010330,control,2024-11-07,KR,5711,33222,52,3.18,1
u_008420,control,2024-12-10,JP,6342,42371,91,3.69,0
u_003467,control,2024-12-17,US,6982,54688,125,2.79,0
u_001829,test,2024-12-24,JP,4761,37860,77,3.95,1
u_005963,test,2024-11-02,JP,5727,46674,112,4.61,0
u_011869,control,2024-11-14,KR,6010,36865,65,3.16,1
u_003142,test,2024-12-20,KR,8374,56169,116,4.03,1
u_004036,control,2024-12-07,KR,5254,33326,65,1.64,0
u_011178,test,2024-12-08,KR,6018,45586,85,2.05,0
u_007912,control,2024-12-21,KR,4084,28779,55,1.48,1
u_000437,control,2024-11-19,US,4850,38561,87,1.28,1
u_009913,test,2024-12-22,KR,7408,68298,122,6.63,0
u_005119,control,2024-11-16,US,5323,51439,109,2.45,1
u_006551,test,2024-12-14,KR,4861,40434,67,3.36,1
u_007116,test,2024-11-17,US,10523,46639,70,1.8,0
u_011895,test,2024-12-25,JP,2251,21762,49,1.92,0
u_014290,test,2024-11-21,KR,6248,47015,103,2.23,0
u_001604,test,2024-11-04,JP,5871,58557,109,3.4,1
u_013147,test,2024-12-31,KR,7431,55283,124,4.03,1
u_010579,test,2024-12-10,JP,6467,54054,130,5.69,1
u_005241,control,2024-12-03,US,6483,52852,108,3.74,1
u_004408,test,2024-12-29,KR,4427,39584,67,3.4,1
u_013749,control,2024-11-07,US,4662,36837,82,3.13,1
u_014959,test,2024-12-24,JP,5823,53688,119,4.09,0
u_004092,control,2024-11-29,KR,8781,58163,138,1.6,0
u_009389,test,2024-11-24,KR,4197,36686,69,3.04,1
u_009029,test,2024-12-06,KR,5318,48057,93,4.26,1
u_007599,test,2024-11-18,KR,3043,24040,53,2.09,1
u_005598,test,2024-12-31,US,6496,57816,97,2.54,0
u_002175,test,2024-12-03,US,5065,33092,62,3.27,0
u_012805,control,2024-12-02,US,4543,27217,44,1.25,0
u_006945,test,2024-12-20,US,2879,19310,35,0.83,1
u_006851,control,2024-11-08,US,2060,16246,35,0.6,0
u_014937,control,2024-12-29,KR,3151,20457,34,1.62,1
u_010070,control,2024-12-30,US,7583,43928,89,2.95,1
u_010468,control,2024-11-12,JP,5542,43799,98,1.87,0
u_014600,test,2024-11-19,KR,2767,17967,38,1.39,0
u_012156,control,2024-12-04,US,7381,51815,84,3.56,1
u_004552,control,2024-12-04,KR,7713,62722,102,4.65,1
u_002645,control,2024-12-31,JP,3802,34625,58,2.19,1
u_014076,test,2024-11-11,US,9726,80717,195,5.95,1
u_014716,test,2024-12-20,US,4382,36190,72,3.16,1
u_003124,control,2024-12-02,KR,3227,23374,40,1.48,0
u_012591,test,2024-11-05,KR,6431,54967,129,2.05,1
u_011844,test,2024-12-28,KR,4987,44523,90,2.76,1
u_004002,control,2024-12-31,US,6985,43910,100,3.47,1
u_000761,test,2024-11-18,KR,6178,39970,81,1.12,1
u_005986,control,2024-12-22,KR,2704,18052,31,0.67,0
u_002222,control,2024-12-14,KR,4521,31902,52,1.27,0
u_014883,control,2024-11-24,US,3729,28089,65,0.97,1
u_001530,control,2024-11-25,KR,4819,28584,47,1.26,1
u_007625,test,2024-11-21,KR,6902,56986,108,3.66,0
u_014598,test,2024-11-27,JP,6732,49399,88,5.27,0
u_003622,test,2024-11-27,KR,5343,29020,72,2.6,1
u_002192,test,2024-11-14,KR,8157,52656,129,4.26,1
u_006215,test,2024-12-09,JP,4279,40254,70,2.86,1
u_007016,control,2024-12-07,US,3652,30085,52,3.23,1
u_014029,test,2024-12-28,KR,4672,45556,99,2.59,1
u_003180,control,2024-11-09,KR,4124,25253,38,2.42,0
u_010539,test,2024-11-20,KR,2863,23783,57,0.69,1
u_004522,control,2024-12-19,KR,9072,60635,140,5.79,1
u_008405,test,2024-11-12,KR,7634,60070,97,6.17,1
u_000720,control,2024-11-09,KR,4696,26074,49,2.3,1
u_011944,control,2024-12-19,JP,5660,38419,92,3.79,1
u_010740,control,2024-12-20,KR,5377,41345,97,4.05,1
u_007269,control,2024-11-07,JP,6908,43833,100,4.44,1
u_012822,control,2024-11-29,US,8365,51592,106,3.39,1
u_008690,test,2024-11-16,KR,5692,40772,73,1.37,1
u_013490,test,2024-11-27,JP,6549,43716,99,2.8,1
u_014992,control,2024-11-20,KR,5539,27482,51,2.72,1
u_007335,control,2024-11-29,JP,0,1346,3,0.05,0
u_003311,test,2024-12-13,KR,8666,80394,123,5.9,1
u_003637,control,2024-11-12,JP,3935,25569,48,1.34,0
u_013498,test,2024-12-14,KR,5429,44952,91,1.39,0
u_011129,test,2024-11-12,US,4407,32276,76,1.79,1
u_009465,control,2024-11-21,JP,4709,36540,59,1.04,1
u_001865,control,2024-11-13,JP,4178,34898,75,1.91,0
u_012615,control,2024-11-07,KR,6023,46408,86,4.9,1
u_012783,control,2024-11-26,KR,8293,64612,122,4.03,1
u_013072,test,2024-11-23,KR,6194,42057,83,4.42,1
u_013640,test,2024-12-04,JP,6202,49423,88,3.5,0
u_004402,test,2024-11-26,KR,4161,28387,63,2.67,0
u_002880,test,2024-12-08,KR,1778,17117,39,1.53,0
u_007586,test,2024-11-16,JP,5635,43262,77,2.67,0
u_008517,test,2024-12-15,KR,6926,50707,96,4.73,0
u_005295,control,2024-11-16,KR,5413,37173,67,3.84,1
u_009815,test,2024-11-29,US,0,310,0,0.02,0
u_001601,control,2024-12-11,KR,8974,70724,123,3.58,1
u_013717,test,2024-11-29,JP,4662,37992,65,2.29,1
u_008217,test,2024-12-13,JP,5520,47741,97,4.98,1
u_010714,control,2024-11-15,US,5578,37254,56,1.38,0
u_002611,test,2024-12-31,JP,3232,21847,54,2.3,0
u_003342,test,2024-12-07,JP,2583,20102,33,1.97,0
u_013775,test,2024-12-04,KR,8413,71121,142,3.96,0
u_008037,test,2024-11-28,KR,6049,37645,79,2.22,1
u_014819,control,2024-11-29,KR,5388,40222,83,3.56,1
u_003733,test,2024-12-31,KR,3410,26793,48,2.56,1
u_005131,test,2024-12-29,KR,6085,62544,112,1.79,0
u_012360,test,2024-12-25,KR,3699,26039,50,2.73,1
u_006854,test,2024-11-06,KR,7104,55702,114,4.76,1
u_008556,test,2024-11-26,KR,5431,59387,122,3.98,1
u_008335,test,2024-11-01,KR,6177,57133,128,3.22,1
u_011669,test,2024-12-17,KR,6314,51270,83,1.66,0
u_007514,test,2024-11-25,KR,8086,51799,93,3.32,1
u_013508,control,2024-12-22,KR,7930,60031,136,5.04,1
u_005407,test,2024-12-11,US,6289,48311,93,3.84,0
u_013380,control,2024-11-07,KR,5545,29415,55,0.81,0
u_011521,control,2024-12-24,KR,2488,19473,30,0.75,0
u_000710,test,2024-11-25,KR,3746,31529,69,2.81,1
u_010463,control,2024-11-26,JP,4980,22772,39,2.14,1
u_013845,control,2024-11-26,KR,9605,70426,136,3.91,1
u_003183,test,2024-12-23,KR,3925,30586,57,1.11,1
u_014388,test,2024-11-30,JP,3215,20942,49,0.98,0
u_008000,control,2024-12-28,KR,5423,37850,73,1.6,0
u_008846,control,2024-11-22,JP,5039,33916,80,1.51,1
u_008060,test,2024-12-13,JP,3176,20929,45,2.03,1
u_005533,control,2024-12-13,KR,6759,43741,102,2.08,1
u_002624,test,2024-12-02,JP,4498,27888,66,1.38,0
u_011193,test,2024-11-12,KR,4787,35838,75,3.33,1
u_011434,test,2024-11-05,US,7804,51938,79,3.13,1
u_010918,test,2024-12-11,KR,6319,37094,74,3.62,0
u_012229,test,2024-12-21,KR,7132,63770,141,4.02,1
u_006488,test,2024-12-19,KR,10819,83404,194,3.04,1
u_004441,control,2024-11-05,JP,4846,36078,72,2.03,0
u_011096,control,2024-12-30,KR,4743,30240,71,2.34,0
u_004909,control,2024-11-03,KR,7650,56296,92,5.58,1
u_014087,test,2024-12-23,KR,4007,40329,61,1.19,1
u_001436,test,2024-11-10,US,5963,38606,94,1.62,1
u_004763,control,2024-11-29,US,4883,31604,70,1.39,0
u_005863,control,2024-11-25,US,1747,11540,27,0.32,1
u_010842,test,2024-11-29,KR,4757,40629,65,4.1,0
u_002728,control,2024-12-18,KR,6798,48696,73,2.51,1
u_001111,control,2024-11-25,JP,6931,49087,112,2.64,1
u_001714,control,2024-12-18,KR,5067,42017,80,1.22,1
u_006676,test,2024-12-12,KR,5105,46778,108,3.84,1
u_002629,test,2024-11-20,US,5210,41157,93,4.51,1
u_007533,control,2024-11-06,JP,5650,40852,84,4.48,0
u_000148,control,2024-11-21,KR,6966,59529,126,2.6,1
u_006134,control,2024-11-27,KR,6046,39634,64,3.26,0
u_003222,control,2024-12-13,JP,4263,29129,44,2.75,0
u_013663,control,2024-12-14,JP,6655,43551,68,1.99,1
u_000738,control,2024-11-25,KR,737,4453,8,0.15,1
u_010413,control,2024-11-19,JP,6095,47163,115,2.65,0
u_011917,control,2024-12-30,KR,5778,35125,85,2.32,0
u_001759,test,2024-12-02,JP,7466,62417,140,6.38,0
u_006606,test,2024-11-19,JP,8490,52977,87,3.03,1
u_012572,test,2024-11-06,KR,4466,39265,83,4.06,1
u_004418,test,2024-12-29,JP,5498,48759,112,1.62,0
u_006624,control,2024-12-23,KR,5931,50422,122,3.79,1
u_008629,test,2024-12-24,JP,4502,37291,67,1.51,1
u_012577,control,2024-11-09,KR,5275,39647,90,2.87,0
u_012941,control,2024-12-02,JP,6197,48386,80,5.04,1
u_012708,control,2024-11-08,KR,5275,42179,76,3.09,1
u_007180,control,2024-11-06,KR,4655,30378,47,0.92,1
u_007641,test,2024-11-09,US,2530,20821,39,2.04,0
u_013548,test,2024-11-22,US,1346,11800,23,0.43,0
u_003671,test,2024-11-07,KR,6202,52840,99,3.7,1
u_008966,test,2024-12-14,KR,5224,45486,92,3.36,0
u_011258,test,2024-12-30,US,5929,48380,88,4.34,1
u_009835,test,2024-11-03,KR,5385,40250,99,1.48,1
u_007997,test,2024-11-23,KR,6866,54445,123,3.7,1
u_007811,test,2024-11-02,KR,3786,29068,60,3.01,1
u_014997,test,2024-12-22,US,8347,62966,129,3.66,0
u_001790,control,2024-12-01,JP,8035,68075,167,5.25,1
u_008173,control,2024-12-08,JP,5801,38807,94,2.59,0
u_003307,control,2024-12-08,US,6728,45901,113,3.79,0
u_014953,control,2024-12-01,KR,3795,28116,68,3.0,0
u_005671,test,2024-12-03,US,5828,38265,58,3.05,0
u_005408,control,2024-11-03,US,4559,35295,63,3.03,1
u_014480,control,2024-11-28,US,3596,21522,48,1.91,0
u_006163,test,2024-11-05,US,7072,52308,80,2.49,1
u_009937,control,2024-11-24,KR,8673,70964,110,4.68,0
u_011753,test,2024-11-30,KR,3941,31800,72,0.88,1
u_000282,control,2024-12-14,KR,2587,18729,41,2.05,0
u_013468,test,2024-12-18,KR,2152,14666,24,0.83,0
u_011252,control,2024-12-12,KR,5528,39915,87,1.47,0
u_012298,test,2024-12-05,JP,3200,20970,41,2.25,1
u_014255,test,2024-12-02,JP,7020,41471,77,4.04,1
u_002647,test,2024-12-23,JP,4722,32588,69,3.24,1
u_003893,test,2024-11-12,US,2208,23265,52,2.33,1
u_002763,control,2024-11-05,KR,6898,57339,88,1.91,1
u_011746,test,2024-12-19,US,8114,61221,108,6.21,1
u_011638,control,2024-11-08,US,4511,29442,73,1.68,0
u_005594,control,2024-12-29,KR,2341,17939,31,0.91,0
u_003036,test,2024-11-18,JP,7407,40844,96,4.17,1
u_011766,test,2024-12-13,KR,4129,27697,59,1.79,1
u_013028,control,2024-11-19,KR,5836,40754,75,3.91,0
u_003744,control,2024-11-06,KR,5409,35023,72,1.89,0
u_009653,test,2024-12-15,KR,8991,80949,181,8.63,1
u_005655,control,2024-12-18,KR,3521,25230,38,2.26,1
u_014675,control,2024-12-05,US,7312,64953,125,4.9,0
u_011502,test,2024-11-06,KR,1625,13226,24,1.05,1
u_006549,control,2024-12-01,KR,5664,40497,61,3.34,1
u_000150,control,2024-11-27,US,3801,31126,55,1.53,0
u_001614,control,2024-12-25,KR,5123,41348,86,1.11,1
u_000146,control,2024-12-30,JP,7949,57392,125,4.7,1
u_012540,control,2024-12-07,KR,6288,51763,106,1.78,1
u_011627,control,2024-12-14,KR,2923,21409,51,1.05,1
u_008290,test,2024-12-09,KR,5289,47821,92,2.47,1
u_003360,control,2024-11-12,US,5778,40171,95,2.0,1
u_008007,control,2024-12-21,KR,6665,42473,89,1.77,1
u_014188,control,2024-11-06,KR,9505,58927,90,2.52,1
u_007910,test,2024-11-29,KR,4400,28815,52,1.97,0
u_000547,control,2024-12-27,JP,5870,42743,100,4.21,1
u_001737,test,2024-11-19,KR,1076,7620,18,0.21,0
u_003267,test,2024-11-02,JP,3599,22577,39,0.87,1
u_003309,control,2024-11-01,KR,4275,40714,87,2.44,1
u_000189,test,2024-11-17,US,6549,57068,92,2.87,1
u_004677,test,2024-12-06,US,5321,39227,61,1.27,0
u_005261,control,2024-12-11,KR,6103,47500,107,1.68,1
u_013705,control,2024-12-02,JP,3451,23849,36,1.41,0
u_010104,test,2024-12-20,US,3837,29383,48,1.74,0
u_011756,control,2024-11-13,KR,4839,31856,65,1.81,1
u_013874,test,2024-12-05,JP,4679,37757,78,2.45,1
u_009821,control,2024-11-20,KR,4897,29771,74,2.97,0
u_011189,test,2024-12-25,KR,5729,39468,62,2.98,1
u_013194,test,2024-11-20,US,5545,40348,100,4.18,1
u_013538,test,2024-11-25,JP,7357,58388,103,1.5,1
u_007980,test,2024-12-05,JP,4885,30058,65,0.91,1
u_004218,control,2024-11-08,KR,8778,75285,127,7.95,1
u_014988,control,2024-11-07,KR,7396,56196,124,1.73,1
u_012238,test,2024-11-28,US,4145,35487,54,3.78,1
u_002868,test,2024-12-12,KR,4403,37045,55,2.49,1
u_011923,test,2024-11-02,JP,6154,37479,83,2.79,1
u_011872,control,2024-11-13,JP,9119,79220,124,7.05,1
u_002412,control,2024-11-23,KR,7653,53187,120,3.04,1
u_009760,test,2024-12-09,KR,4209,32581,70,0.91,1
u_006254,control,2024-11-10,KR,8453,54125,128,3.22,1
u_013013,test,2024-11-24,JP,5348,47304,112,4.54,1
u_000915,test,2024-11-15,US,3670,22711,47,0.94,1
u_003167,control,2024-11-24,JP,7287,61941,135,1.89,0
u_014651,test,2024-11-07,KR,9620,93598,172,3.25,1
u_006208,test,2024-11-19,KR,6923,40318,69,2.05,1
u_011697,test,2024-12-09,US,2537,19183,36,1.47,0
u_005022,control,2024-11-02,US,5115,27570,67,1.13,1
u_010495,test,2024-11-04,KR,3963,26343,62,1.92,1
u_008758,control,2024-12-28,JP,4393,34577,73,1.71,1
u_011763,test,2024-12-01,KR,4210,26258,46,1.94,1
u_011603,test,2024-11-27,US,8734,79340,190,5.29,1
u_014153,test,2024-11-11,JP,5922,37746,83,2.05,1
u_000441,test,2024-12-02,KR,5307,30831,54,2.72,0
u_008858,control,2024-12-23,JP,6575,39012,92,1.15,0
u_000783,test,2024-12-02,KR,5905,39492,82,1.54,1
u_009850,test,2024-11-06,JP,8119,64206,102,4.39,1
u_009216,control,2024-11-20,KR,5904,46239,78,3.3,1
u_009602,control,2024-12-24,KR,6452,45762,88,3.12,1
u_001184,test,2024-12-12,KR,4628,40538,99,4.04,1
u_009582,control,2024-11-27,JP,4894,38419,62,1.28,1
u_008353,test,2024-12-28,KR,4629,26171,59,2.25,0
u_011037,test,2024-11-09,KR,3943,30546,54,1.72,0
u_004077,test,2024-11-20,JP,2784,16342,29,1.14,1
u_006893,control,2024-12-10,US,6025,31844,64,2.81,0
u_011049,test,2024-11-20,KR,4448,35906,54,1.32,1
u_001407,test,2024-12-16,KR,4647,41755,72,2.49,1
u_002433,test,2024-12-07,JP,8992,72815,166,3.45,1
u_012809,test,2024-12-06,JP,5310,43902,80,3.68,1
u_014271,test,2024-11-18,US,6777,56048,123,3.37,1
u_003532,control,2024-11-28,KR,6649,45832,96,3.88,1
u_012843,test,2024-12-18,US,3011,22253,33,1.06,1
u_006433,test,2024-12-19,JP,6564,44099,74,4.2,1
u_014966,control,2024-11-23,KR,7999,59465,141,5.16,0
u_012975,test,2024-12-10,KR,5445,33229,62,2.56,1
u_014258,control,2024-12-21,JP,6300,32790,73,1.4,1
u_003513,test,2024-11-24,US,3782,27232,50,1.46,0
u_012808,test,2024-11-19,KR,6750,58557,107,4.13,1
u_000992,test,2024-12-29,KR,7169,60583,108,1.81,1
u_013339,control,2024-11-26,KR,6614,47927,102,5.26,1
u_009490,test,2024-12-30,US,4160,25526,57,1.03,1
u_006767,control,2024-11-14,JP,4796,25869,48,1.99,1
u_010086,test,2024-12-30,KR,4298,32780,66,3.47,1
u_012792,control,2024-11-20,JP,5458,46076,86,4.9,1
u_002376,test,2024-11-30,KR,4899,36444,61,3.87,0
u_004797,control,2024-11-11,KR,1724,13520,28,1.01,1
u_006195,control,2024-12-26,JP,4939,38718,63,1.94,0
u_005708,control,2024-12-31,JP,4500,32629,50,1.11,1
u_002838,control,2024-12-09,US,8216,57547,128,3.66,1
u_001363,test,2024-12-01,US,6447,53908,102,2.46,1
u_013424,control,2024-11-01,KR,6256,42395,97,1.49,1
u_006461,test,2024-11-05,KR,3259,27665,47,2.63,0
u_005859,control,2024-11-30,US,1568,10011,23,0.53,1
u_003706,test,2024-11-28,US,5654,53110,103,1.92,1
u_011061,control,2024-11-08,JP,6122,36576,85,3.6,0
u_002969,control,2024-11-17,US,6245,30569,47,1.83,1
u_012145,test,2024-11-24,JP,7424,60153,147,5.68,1
u_013177,control,2024-12-01,US,4248,32608,67,2.22,0
u_006312,control,2024-11-29,JP,6943,44669,94,3.88,0
u_004488,control,2024-11-30,US,9223,70119,165,2.61,0
u_005686,test,2024-12-23,KR,5313,39208,84,4.24,0
u_013361,control,2024-12-29,KR,2754,17313,32,1.31,0
u_006957,control,2024-11-12,KR,3411,24178,52,1.13,1
u_008475,test,2024-12-22,KR,3665,27243,48,0.77,1
u_003442,control,2024-12-06,JP,5322,33013,53,3.08,1
u_002638,control,2024-11-02,JP,5465,39760,86,2.05,0
u_005475,test,2024-12-03,KR,5583,36287,85,1.08,1
u_005894,test,2024-12-28,KR,5292,35864,68,3.07,0
u_003895,control,2024-11-03,JP,1325,8160,15,0.21,0
u_012086,test,2024-11-15,JP,6487,44662,108,1.44,0
u_001303,test,2024-11-06,JP,4212,29020,50,2.26,1
u_005267,control,2024-12-31,JP,5810,39500,77,1.52,0
u_004589,test,2024-12-30,KR,5603,36708,60,1.46,1
u_007047,control,2024-11-08,KR,7710,65301,122,4.29,0
u_000129,control,2024-12-30,US,6532,49319,108,1.53,1
u_011616,test,2024-12-24,KR,5997,46375,109,4.88,0
u_008321,control,2024-11-16,KR,5005,35178,67,1.09,1
u_003707,test,2024-11-14,JP,6071,48836,74,2.99,1
u_006496,control,2024-12-30,KR,6072,40311,79,3.34,1
u_013771,test,2024-11-22,KR,7174,43063,99,4.42,1
u_000742,test,2024-11-12,JP,8135,69586,115,3.7,1
u_000790,test,2024-12-02,KR,4757,37470,75,1.29,1
u_003958,control,2024-12-22,JP,5043,35706,81,1.88,1
u_009988,control,2024-12-26,US,6826,60720,147,2.5,1
u_003298,control,2024-11-19,KR,6141,44618,107,2.76,1
u_002406,control,2024-12-24,KR,5238,33610,69,2.92,1
u_005958,test,2024-11-15,KR,3876,26260,58,2.58,0
u_000614,test,2024-11-24,US,3972,28167,57,3.06,1
u_000740,test,2024-12-06,KR,6041,42919,81,2.29,1
u_011813,test,2024-12-15,JP,736,5329,8,0.2,0
u_007349,test,2024-11-01,US,4905,34575,86,3.37,0
u_010967,control,2024-12-20,KR,7977,64983,149,4.79,1
u_011103,control,2024-11-02,KR,5600,39845,91,1.75,1
u_005929,test,2024-11-14,US,6956,50805,110,3.19,1
u_008604,test,2024-12-26,JP,1008,6161,9,0.43,0
u_006412,test,2024-11-12,US,5960,43067,78,3.85,1
u_007490,control,2024-11-17,JP,7131,49137,111,3.43,0
u_005309,test,2024-12-28,KR,5966,36143,55,3.83,1
u_007526,control,2024-12-12,JP,5533,40809,66,4.0,1
u_001644,control,2024-12-17,KR,5816,42003,97,2.79,1
u_005904,test,2024-11-13,KR,3985,29474,50,2.42,1
u_014798,control,2024-11-15,KR,4390,27889,58,1.98,0
u_013502,test,2024-12-22,KR,4027,27083,42,1.05,1
u_013430,test,2024-12-07,KR,6487,45632,91,4.4,1
u_007308,control,2024-11-16,KR,4120,26811,47,1.74,1
u_003761,test,2024-11-23,JP,7436,54763,126,3.37,0
u_011832,test,2024-12-15,KR,5468,40168,90,4.2,0
u_004967,test,2024-12-15,JP,8750,59806,109,5.35,1
u_009971,control,2024-12-24,JP,4515,30235,47,3.11,1
u_000649,test,2024-12-20,KR,5093,32713,55,1.55,0
u_008797,test,2024-11-05,KR,2537,15142,25,1.15,1
u_009892,control,2024-12-15,US,4322,28221,44,1.31,0
u_000167,control,2024-12-12,KR,6840,65229,135,4.28,0
u_005577,control,2024-11-25,KR,4382,25628,56,1.43,1
u_008305,test,2024-11-16,KR,5681,39439,60,3.21,1
u_013999,control,2024-11-30,KR,6630,47283,107,4.27,1
u_007212,control,2024-11-23,KR,6854,46367,78,1.22,1
u_013570,test,2024-11-26,KR,6521,48452,84,3.24,0
u_013059,test,2024-12-03,JP,6987,61652,100,6.37,1
u_000427,test,2024-11-15,US,3947,35408,63,2.01,0
u_010481,control,2024-12-23,KR,5739,29286,53,0.78,0
u_002483,control,2024-11-17,KR,1595,11536,19,1.22,0
u_014340,control,2024-12-19,US,4286,28444,67,1.85,0
u_001274,test,2024-11-09,KR,6286,33172,56,3.05,0
u_012246,test,2024-12-26,KR,5050,35143,59,2.56,1
u_004679,test,2024-12-06,JP,3420,30854,73,0.87,0
u_007373,control,2024-11-16,JP,7455,46066,106,1.98,0
u_008169,test,2024-11-02,KR,6098,56993,142,2.97,0
u_007983,control,2024-11-07,KR,5838,32549,65,2.21,1
u_011271,control,2024-11-26,JP,5176,28170,57,2.16,0
u_007868,test,2024-12-23,US,4660,39674,89,1.29,1
u_011385,test,2024-12-11,US,7886,55058,113,2.06,1
u_002140,control,2024-12-08,US,4992,35418,53,1.81,0
u_014821,control,2024-12-21,KR,7651,54238,83,2.31,1
u_000406,control,2024-12-28,KR,6926,54461,106,2.93,0
u_007617,test,2024-11-18,KR,3277,23682,44,1.33,1
u_013516,control,2024-11-24,JP,5408,36851,85,3.77,1
u_009164,test,2024-12-19,KR,1713,14400,33,1.05,0
u_013128,control,2024-11-03,KR,2770,18935,30,1.74,1
u_010199,control,2024-11-01,KR,8214,60017,112,5.8,0
u_010131,control,2024-11-29,KR,3127,23235,40,2.23,0
u_009395,test,2024-12-02,KR,5963,53976,127,1.37,1
u_010464,test,2024-12-15,JP,5363,41947,104,3.11,1
u_006608,test,2024-12-05,US,6821,54869,100,4.41,1
u_005256,test,2024-12-09,KR,6278,44676,99,4.76,1
u_008182,control,2024-12-18,KR,6346,50259,109,2.51,1
u_002250,test,2024-11-28,KR,4981,41824,77,3.24,1
u_002631,test,2024-12-25,KR,8837,66044,136,3.93,1
u_008890,control,2024-12-28,US,5592,52603,80,5.71,1
u_003986,control,2024-12-23,KR,7156,40640,86,3.09,1
u_008539,test,2024-12-18,JP,2528,17094,38,1.42,1
u_005452,control,2024-12-03,KR,8305,60911,124,3.17,1
u_004240,control,2024-12-18,US,4840,37056,87,0.95,1
u_007457,control,2024-12-01,KR,6296,42252,71,1.72,1
u_008105,control,2024-11-19,JP,7796,39991,62,1.6,1
u_004949,control,2024-12-15,US,5710,51327,124,1.61,1
u_009720,control,2024-11-07,US,5867,45065,69,3.66,1
u_001293,test,2024-11-15,US,3995,37807,74,1.45,1
u_013655,test,2024-12-23,JP,5074,39686,71,2.27,1
u_011797,test,2024-11-27,KR,6914,46111,84,3.05,1
u_011549,control,2024-12-09,JP,6906,37099,85,1.61,1
u_003852,control,2024-11-15,JP,3711,23249,56,1.13,0
u_012116,control,2024-11-04,JP,4990,29109,46,2.5,0
u_001645,control,2024-12-28,JP,8722,64734,107,7.03,0
u_008389,test,2024-12-18,KR,7337,60920,137,4.26,1
u_008196,control,2024-12-03,JP,5425,50628,106,2.41,1
u_005934,control,2024-11-29,KR,6807,40858,74,4.05,1
u_010235,test,2024-12-21,KR,3406,27301,51,1.11,1
u_011512,test,2024-11-19,US,6536,44166,95,3.36,1
u_006868,control,2024-11-21,KR,4298,31276,48,2.09,0
u_006502,control,2024-11-06,US,6011,42902,104,4.0,0
u_011206,test,2024-11-01,US,8792,58876,127,3.29,0
u_013848,test,2024-11-13,US,3405,28719,64,0.86,0
u_000892,control,2024-12-06,JP,6245,35850,54,2.59,0
u_008345,test,2024-12-10,US,5455,49321,97,1.86,1
u_010489,test,2024-12-22,KR,5725,42318,76,2.93,1
u_014907,control,2024-11-15,JP,4059,25295,59,1.8,1
u_005235,test,2024-12-18,KR,7628,50815,97,3.55,1
u_001509,test,2024-11-11,US,5387,54145,128,1.43,0
u_003751,test,2024-11-13,KR,7240,54856,136,3.17,0
u_008172,control,2024-11-20,KR,506,4108,7,0.43,0
u_002731,control,2024-12-05,KR,3274,24815,38,2.03,0
u_000674,control,2024-12-20,KR,3792,29190,67,0.99,1
u_013144,control,2024-11-04,KR,6933,61689,143,4.44,1
u_006584,control,2024-11-26,JP,6902,50304,102,5.31,1
u_002669,control,2024-12-19,KR,4295,35570,86,3.38,0
u_011540,control,2024-12-26,KR,3269,20482,36,1.57,0
u_011448,test,2024-12-05,KR,8915,70960,120,4.01,0
u_002525,control,2024-12-26,JP,4961,36157,64,3.4,1
u_006700,test,2024-11-30,KR,7208,45367,75,4.82,1
u_006476,test,2024-11-26,JP,995,8283,13,0.23,0
u_000144,control,2024-11-02,JP,5443,41357,90,4.27,1
u_011980,control,2024-12-20,JP,5448,29151,66,2.39,1
u_009623,control,2024-12-19,KR,7371,54351,102,5.37,1
u_014443,test,2024-11-11,JP,4305,28707,52,2.04,1
u_008274,test,2024-11-02,KR,5304,43246,70,1.36,1
u_014711,control,2024-12-07,US,2050,13517,32,0.9,0
u_013589,control,2024-11-15,US,7242,57323,100,5.05,0
u_002623,control,2024-12-16,JP,4756,37512,58,2.77,0
u_007823,test,2024-11-17,US,3927,24299,55,2.22,1
u_005348,control,2024-11-04,JP,4595,27961,46,2.1,1
u_006104,test,2024-12-21,KR,6864,45867,76,1.66,1
u_007583,control,2024-11-21,JP,6240,49095,91,2.69,1
u_009421,control,2024-11-05,JP,7632,52097,85,1.45,0
u_007709,test,2024-11-01,JP,6551,32821,66,2.87,1
u_006110,test,2024-11-16,KR,5523,44934,79,1.47,1
u_010674,test,2024-12-23,KR,5856,40505,79,3.15,1
u_006236,test,2024-11-29,KR,5452,40362,61,1.67,1
u_010629,test,2024-11-10,KR,6733,59861,149,3.14,1
u_012798,test,2024-11-28,KR,7103,52946,131,5.01,1
u_012581,test,2024-11-29,US,8667,47888,103,4.03,1
u_012282,control,2024-12-05,JP,5962,39480,89,2.89,1
u_006556,control,2024-11-25,JP,8030,57663,132,5.62,1
u_004682,control,2024-12-12,JP,4608,35007,65,3.07,1
u_011367,test,2024-12-29,KR,8700,65368,153,3.68,0
u_001882,test,2024-12-27,KR,5620,33252,65,1.53,0
u_011424,control,2024-11-28,KR,5409,36188,86,1.7,1
u_012139,test,2024-12-26,US,5210,45011,90,3.36,1
u_013614,test,2024-12-01,KR,4432,31256,67,3.2,0
u_012677,control,2024-12-13,US,8493,74369,169,7.69,1
u_013928,control,2024-11-05,JP,6789,46656,96,3.51,1
u_014015,test,2024-12-29,KR,4973,33924,65,3.33,0
u_010450,control,2024-12-13,JP,8183,64369,135,2.43,1
u_011848,test,2024-11-26,JP,6077,46403,88,3.86,1
u_005380,control,2024-12-12,KR,3250,27454,44,1.53,0
u_014353,test,2024-11-17,US,6320,46528,104,1.76,1
u_012935,control,2024-12-21,KR,5216,36036,62,3.81,1
u_008412,control,2024-12-07,KR,5550,47427,110,1.53,1
u_008451,control,2024-12-07,KR,7752,58312,93,4.34,0
u_011629,control,2024-12-23,US,8244,47109,78,2.02,1
u_005157,control,2024-11-14,US,1855,13999,31,1.3,0
u_002181,test,2024-12-05,JP,7194,56634,105,5.46,1
u_008994,test,2024-11-19,US,2992,25930,50,1.26,1
u_010378,control,2024-12-18,US,3119,21041,43,1.1,1
u_000137,test,2024-11-30,KR,8760,67005,123,3.89,1
u_013313,control,2024-11-05,JP,5517,42661,70,4.08,1
u_006000,control,2024-12-31,KR,3169,24463,55,2.19,1
u_002687,control,2024-12-12,KR,6255,40246,75,1.93,1
u_013093,test,2024-11-07,KR,5648,51194,95,3.81,1
u_013488,control,2024-11-16,JP,5728,50580,91,2.35,0
u_013961,control,2024-11-22,KR,6527,38114,87,1.47,0
u_002670,control,2024-12-21,US,6279,43145,102,3.91,1
u_005127,control,2024-12-02,JP,4437,36004,88,1.45,1
u_003326,control,2024-12-16,KR,5981,39218,93,2.41,1
u_013462,test,2024-11-23,KR,3967,31129,49,1.16,0
u_005604,control,2024-12-20,KR,3451,24431,41,2.0,0
u_003569,control,2024-12-01,KR,4907,35177,68,3.69,1
u_000745,test,2024-12-19,JP,3561,31709,70,1.99,1
u_003747,test,2024-12-03,US,5746,36455,78,2.22,1
u_011143,test,2024-11-11,JP,5558,44329,97,4.8,1
u_010552,control,2024-11-30,KR,2678,20753,41,1.28,0
u_014796,test,2024-11-06,KR,5371,44864,110,2.6,0
u_010921,control,2024-12-23,KR,8495,65022,162,2.51,1
u_001540,test,2024-11-19,KR,4661,40712,72,2.84,0
u_006482,test,2024-12-13,JP,4586,29520,66,1.59,0
u_010023,control,2024-12-03,KR,5531,25811,62,1.69,1
u_014912,test,2024-12-30,KR,3791,28997,68,2.57,1
u_000687,test,2024-11-09,US,5457,42596,72,4.26,0
u_014782,test,2024-12-13,US,2317,18215,35,1.56,1
u_012565,control,2024-12-03,KR,8691,41267,64,1.86,1
u_008767,control,2024-11-07,US,4356,20176,37,1.23,1
u_013694,control,2024-11-19,KR,6839,50362,99,4.38,1
u_009964,control,2024-11-26,US,9063,65023,162,1.9,0
u_004557,test,2024-11-23,KR,7995,67903,151,3.24,0
u_009825,control,2024-12-16,KR,4304,32989,54,1.97,0
u_003146,test,2024-11-18,US,3832,36715,79,0.93,1
u_011964,test,2024-11-10,JP,4158,32517,79,2.49,1
u_006343,control,2024-11-28,JP,5751,32541,51,1.73,1
u_004129,test,2024-12-29,JP,8145,79911,145,2.92,1
u_006230,control,2024-12-10,JP,3754,25523,61,2.61,1
u_009616,test,2024-11-22,JP,6390,46878,71,3.81,1
u_012393,test,2024-11-01,KR,4438,29492,66,0.81,1
u_014747,test,2024-12-05,US,3682,23498,35,0.87,0
u_000258,control,2024-12-14,US,6353,47278,115,2.02,0
u_014511,control,2024-11-14,JP,5947,40969,89,1.53,0
u_005445,control,2024-11-17,KR,6206,41744,74,1.75,1
u_003406,test,2024-12-09,KR,7477,36431,56,3.66,1
u_002144,control,2024-12-01,US,2888,21652,40,1.07,0
u_012110,test,2024-11-28,KR,4249,37674,85,2.38,0
u_003593,control,2024-12-22,JP,3859,28019,66,2.26,1
u_004755,test,2024-11-15,KR,4195,40388,75,2.43,1
u_002000,control,2024-12-10,KR,4901,38440,71,2.91,0
u_011099,test,2024-12-26,JP,5762,42759,88,2.87,1
u_010294,test,2024-11-24,JP,7950,62110,146,3.93,1
u_012702,control,2024-11-01,KR,4363,26222,47,2.18,0
u_003469,control,2024-12-01,KR,6816,50248,99,2.62,1
u_000063,test,2024-11-21,JP,6052,27303,42,2.8,0
u_011307,control,2024-12-11,KR,5698,44366,88,4.68,0
u_009745,test,2024-11-27,US,6403,48457,106,2.45,1
u_014344,test,2024-12-10,KR,6501,47206,105,1.68,1
u_009320,test,2024-11-22,JP,3668,35144,80,1.47,1
u_000423,test,2024-11-20,US,4012,29927,72,2.19,0
u_011536,control,2024-11-16,KR,7762,51696,90,3.71,1
u_011098,control,2024-11-10,JP,7706,58984,95,4.4,1
u_013047,test,2024-11-18,KR,5172,37146,85,1.33,0
u_003008,test,2024-12-06,KR,6875,52771,106,3.65,1
u_008033,test,2024-11-17,US,5024,46245,99,3.17,1
u_010171,test,2024-12-18,KR,6397,54676,130,1.37,1
u_010351,control,2024-12-22,KR,9301,65828,128,7.04,1
u_009533,test,2024-11-11,KR,7650,57261,124,1.63,1
u_000807,control,2024-12-26,KR,2256,12647,19,0.34,1
u_009328,control,2024-12-14,US,7351,47313,109,4.35,0
u_005583,control,2024-12-19,KR,7182,54037,123,5.19,1
u_008720,test,2024-12-19,KR,6330,55561,124,1.78,0
u_012596,control,2024-12-18,JP,4086,35253,83,3.17,1
u_009615,control,2024-12-12,JP,4532,29729,72,2.74,1
u_013349,control,2024-11-16,JP,5042,37126,80,1.47,0
u_000183,test,2024-12-29,KR,3846,32011,52,1.56,0
u_012954,test,2024-12-23,KR,7252,53078,117,4.43,0
u_001490,control,2024-11-26,KR,7001,36886,88,3.95,1
u_011397,test,2024-11-01,KR,6900,41846,104,4.16,1
u_006808,test,2024-12-16,US,3804,26458,56,1.15,0
u_003083,test,2024-11-15,KR,3326,24834,45,1.35,1
u_005008,control,2024-11-02,US,4552,31360,66,2.19,0
u_010220,test,2024-12-18,US,2727,18769,38,1.49,1
u_003491,control,2024-11-23,KR,3934,27196,43,1.73,1
u_012280,control,2024-11-02,JP,9292,50228,75,3.66,1
u_012981,test,2024-11-28,US,4192,36257,55,1.11,1
u_008102,control,2024-12-03,KR,4337,29774,44,1.82,0
u_001160,test,2024-11-13,US,5660,34643,63,2.14,1
u_006617,test,2024-11-11,KR,5113,31133,75,3.05,0
u_013814,test,2024-12-23,KR,4999,35540,55,1.44,1
u_000506,test,2024-11-09,KR,5593,48543,102,4.43,1
u_002387,control,2024-12-23,JP,3789,32586,74,1.11,1
u_003060,test,2024-12-12,JP,6731,55036,92,3.64,1
u_009993,control,2024-11-16,KR,5329,39871,98,1.76,1
u_006688,control,2024-12-19,US,7575,60224,109,2.28,1
u_005132,test,2024-11-18,US,5274,39495,66,3.92,1
u_007459,control,2024-11-02,JP,5489,39939,77,1.96,1
u_000030,test,2024-11-24,JP,8861,59317,147,2.21,1
u_003964,control,2024-12-20,KR,4138,31664,76,2.24,1
u_006283,test,2024-12-21,KR,2349,20309,31,0.78,0
u_002824,control,2024-12-20,KR,6341,36403,75,3.26,0
u_009134,control,2024-11-03,US,6707,31402,51,1.76,1
u_005002,test,2024-11-22,KR,7690,67930,128,3.61,0
u_007371,control,2024-11-17,US,5880,45782,107,2.03,0
u_009930,test,2024-12-21,US,5332,37388,77,2.01,1
u_010230,control,2024-12-28,KR,7037,50949,76,5.15,0
u_001839,control,2024-11-22,JP,5329,34360,53,3.27,1
u_001700,test,2024-12-06,JP,7290,49636,79,4.48,1
u_003276,test,2024-12-13,JP,3814,31337,69,1.45,0
u_004014,control,2024-11-22,KR,3032,24782,37,1.41,0
u_004671,test,2024-12-02,US,5279,40631,61,3.98,1
u_006503,control,2024-11-13,JP,6195,53988,118,3.43,0
u_006745,control,2024-12-23,US,3285,20593,48,0.82,1
u_002587,test,2024-11-29,US,7198,54995,90,2.58,1
u_014140,test,2024-12-06,JP,2660,22084,48,1.13,1
u_002672,control,2024-12-08,JP,6372,53575,132,3.85,0
u_014503,test,2024-11-12,KR,2510,22230,49,1.39,0
u_010068,control,2024-11-13,JP,77,0,0,0.0,0
u_007219,control,2024-12-31,US,10493,82657,161,6.01,1
u_002614,test,2024-11-21,KR,6708,38429,73,3.76,0
u_014547,control,2024-12-26,KR,6569,43351,85,1.18,0
u_010202,control,2024-11-19,KR,6871,42784,87,3.17,1
u_006581,test,2024-12-22,KR,6395,57428,142,2.76,1
u_005167,control,2024-12-28,KR,5229,33640,80,0.86,1
u_013021,control,2024-11-02,KR,4460,29249,72,2.27,0
u_002365,test,2024-11-05,KR,6514,57734,105,1.6,1
u_011543,control,2024-12-04,US,6452,54954,117,3.04,1
u_013776,test,2024-12-13,KR,5582,50247,110,4.52,1
u_012472,control,2024-11-14,JP,6172,45359,97,3.74,1
u_014115,control,2024-11-24,JP,5429,35121,55,3.42,1
u_012481,control,2024-11-07,JP,9526,61780,140,3.06,1
u_004173,control,2024-12-19,JP,6299,33555,76,1.64,1
u_013584,test,2024-12-26,KR,6500,52474,127,2.17,0
u_007679,control,2024-11-14,KR,5893,37826,91,3.81,1
u_011074,test,2024-11-15,JP,6639,44669,82,4.08,1
u_014264,test,2024-12-20,KR,6680,55661,96,4.4,1
u_000517,test,2024-12-27,KR,6861,51494,95,3.83,1
u_007183,test,2024-11-13,KR,6455,54025,128,2.85,0
u_012736,test,2024-11-10,JP,2770,21624,47,1.97,1
u_001379,control,2024-11-22,US,5275,30337,53,3.05,1
u_002757,test,2024-12-20,KR,1235,9810,18,0.77,0
u_006229,test,2024-12-24,US,3123,23396,48,1.36,1
u_000471,control,2024-11-22,KR,9180,69623,106,2.63,0
u_012706,test,2024-11-12,US,4388,38435,57,1.46,1
u_009873,test,2024-12-24,KR,3009,31034,63,1.94,0
u_013369,test,2024-12-22,KR,3044,24871,47,1.01,0
u_004203,control,2024-12-18,US,5230,34181,82,2.91,1
u_000980,test,2024-12-25,US,5542,42561,75,3.81,1
u_010581,test,2024-12-25,JP,9056,57128,102,2.78,0
u_004893,test,2024-11-21,JP,7385,51376,97,3.21,1
u_003070,test,2024-12-17,KR,5463,41750,71,3.48,0
u_004856,test,2024-11-12,KR,2848,23789,46,2.19,0
u_011654,test,2024-11-02,KR,3769,29753,62,1.56,1
u_011286,control,2024-11-20,US,7948,50253,98,3.93,1
u_003217,test,2024-12-29,JP,5384,37859,86,2.8,1
u_000397,control,2024-11-18,KR,4923,38441,62,2.31,0
u_000711,test,2024-11-11,JP,6205,46557,73,3.39,1
u_002801,control,2024-12-10,KR,3273,22770,48,2.45,0
u_000857,test,2024-12-04,JP,4221,27261,57,2.45,1
u_002271,control,2024-11-15,KR,8465,67957,154,4.19,0
u_012563,test,2024-12-23,KR,4042,25312,52,1.28,1
u_006457,control,2024-11-01,KR,6849,37899,69,1.91,0
u_004358,test,2024-12-13,KR,3125,23434,35,0.81,1
u_001173,control,2024-12-18,JP,6211,51942,114,5.0,1
u_011073,test,2024-12-17,KR,5697,52188,110,2.64,1
u_011236,control,2024-12-24,JP,3180,19560,34,0.88,0
u_000458,control,2024-12-24,KR,7708,46573,89,1.34,1
u_007549,control,2024-12-09,KR,4223,30687,49,3.2,0
u_013519,control,2024-11-17,KR,7207,49757,117,5.11,1
u_013157,control,2024-12-25,KR,3565,24966,42,2.68,1
u_007249,control,2024-12-13,KR,6162,40404,61,2.52,1
u_011934,control,2024-11-25,KR,4938,34766,60,3.39,1
u_008200,control,2024-11-13,US,7344,47533,94,4.04,0
u_009779,test,2024-12-26,KR,5065,35281,75,3.26,1
u_009306,control,2024-12-29,JP,5033,38297,94,1.16,1
u_014493,test,2024-11-17,KR,7242,53407,80,2.98,1
u_004079,test,2024-11-12,US,8574,63047,126,3.81,0
u_014847,test,2024-12-20,KR,5907,46758,101,3.0,1
u_001450,control,2024-12-26,US,6937,46178,104,1.97,1
u_011474,control,2024-12-24,US,1722,15152,29,1.4,0
u_011255,test,2024-12-11,KR,7686,59591,105,6.06,1
u_007265,test,2024-12-29,US,2553,19076,36,0.58,1
u_003025,control,2024-11-24,KR,4577,34416,86,1.78,1
u_000709,control,2024-11-27,KR,4798,33879,79,3.26,0
u_008808,test,2024-12-27,JP,2348,17202,30,1.32,0
u_003667,test,2024-11-07,JP,3211,21741,43,0.72,1
u_013851,test,2024-12-16,KR,947,6662,11,0.59,0
u_002500,control,2024-12-20,US,6481,44234,83,3.3,1
u_013676,test,2024-11-12,KR,3427,28578,58,1.06,1
u_014312,control,2024-11-06,KR,5742,46385,100,3.45,0
u_010201,control,2024-12-04,JP,8599,57792,95,4.79,1
u_010470,test,2024-12-26,KR,6020,39513,86,1.36,1
u_012554,test,2024-11-05,KR,5145,44549,77,3.36,1
u_009542,control,2024-12-13,US,5235,39644,70,1.82,0
u_003592,test,2024-12-27,KR,5915,39893,85,1.2,1
u_011610,control,2024-12-03,JP,5908,39247,98,2.84,1
u_004983,control,2024-12-12,JP,5619,39764,62,2.26,1
u_008240,test,2024-11-14,KR,5400,46949,98,3.18,0
u_011636,control,2024-12-10,US,4335,34499,83,2.02,0
u_005196,test,2024-12-06,KR,3887,20950,32,1.45,0
u_009660,test,2024-12-23,KR,5439,47335,107,2.23,1
u_004028,control,2024-11-23,KR,3612,25514,50,1.82,0
u_009870,control,2024-11-19,KR,4063,31480,50,2.8,0
u_012525,control,2024-12-11,KR,8130,63191,147,2.17,1
u_008362,test,2024-11-04,US,4322,27202,55,2.75,0
u_006455,test,2024-11-06,JP,3824,33288,60,1.73,1
u_004169,test,2024-12-08,JP,7531,56725,95,4.07,1
u_014272,control,2024-11-12,US,4641,23012,44,2.39,1
u_008154,test,2024-11-26,JP,7555,62034,151,4.77,0
u_001985,control,2024-11-08,US,6937,49170,115,1.9,0
u_006526,test,2024-12-12,KR,6299,44514,78,3.77,0
u_013673,control,2024-11-08,KR,7977,31304,65,1.9,1
u_002980,control,2024-11-02,JP,6038,36300,59,3.35,0
u_009818,test,2024-12-11,KR,4852,43813,83,2.48,1
u_006763,test,2024-12-25,JP,8683,68905,120,6.76,1
u_011172,control,2024-12-08,US,5910,41373,68,2.51,1
u_010753,control,2024-12-05,KR,5648,40869,95,2.45,0
u_012441,control,2024-12-29,US,7750,47933,87,3.44,1
u_009813,test,2024-11-05,KR,3876,23920,48,0.76,1
u_012639,control,2024-12-08,JP,6168,52543,118,1.41,1
u_000759,control,2024-12-20,JP,7897,66620,100,3.85,1
u_011623,control,2024-11-10,KR,4783,31950,65,2.62,0
u_011479,control,2024-12-15,KR,5138,47871,114,5.25,1
u_000557,control,2024-12-02,KR,6211,41795,63,1.59,0
u_005447,test,2024-11-08,JP,5499,43810,91,3.19,1
u_012387,test,2024-11-02,US,4005,38598,81,3.45,0
u_001508,control,2024-12-09,KR,6314,49287,99,1.42,0
u_006386,test,2024-11-01,US,6484,53425,107,4.44,0
u_010172,control,2024-11-07,US,4862,20890,34,0.91,1
u_000901,test,2024-12-31,US,7094,46423,103,2.14,1
u_014039,test,2024-12-21,KR,8234,70599,160,4.31,0
u_002165,control,2024-12-13,KR,6554,57457,136,4.11,1
u_007999,control,2024-12-15,US,2712,16070,30,0.67,1
u_010572,control,2024-12-20,US,2415,18498,29,1.2,1
u_009920,control,2024-11-20,JP,6718,46383,97,4.91,1
u_000702,control,2024-12-14,KR,5557,41428,74,3.32,0
u_012959,test,2024-11-30,KR,2512,20452,31,1.11,1
u_005682,test,2024-12-11,US,5024,44363,110,3.96,1
u_000508,test,2024-12-05,KR,5917,49355,76,3.14,1
u_007839,test,2024-11-25,KR,6176,40080,68,3.58,0
u_012900,control,2024-12-24,JP,5126,42196,76,1.82,1
u_008283,control,2024-11-12,JP,2920,19586,38,1.88,0
u_001417,control,2024-12-24,KR,6280,49788,104,2.29,0
u_000165,test,2024-11-09,JP,5373,44642,97,2.42,1
u_000941,control,2024-12-16,JP,5896,39176,76,0.99,1
u_004944,control,2024-11-13,KR,1752,14240,23,1.0,1
u_011945,test,2024-11-25,US,5917,39754,74,3.09,1
u_004427,control,2024-11-29,KR,5655,37209,85,1.66,1
u_014468,control,2024-11-11,KR,5081,29824,64,1.61,0
u_013262,control,2024-12-16,KR,2306,17731,39,1.95,1
u_002940,control,2024-12-05,JP,8613,55817,95,2.76,0
u_004668,control,2024-11-26,KR,4558,29588,48,1.1,1
u_007209,test,2024-12-15,KR,6795,43566,107,2.61,1
u_014784,test,2024-11-01,JP,3807,32912,66,1.54,1
u_004047,control,2024-12-20,US,4379,40560,69,3.35,1
u_008198,test,2024-11-11,KR,9726,76277,148,7.67,0
u_006355,control,2024-11-07,KR,4695,36704,59,2.35,1
u_004420,test,2024-11-14,KR,3666,31623,51,1.41,1
u_005883,control,2024-12-16,KR,5341,41523,97,3.75,1
u_013685,test,2024-12-28,US,5851,45200,111,3.64,0
u_006048,control,2024-12-07,US,3271,24213,38,2.13,1
u_003916,test,2024-11-01,KR,5797,54373,94,1.4,1
u_001860,control,2024-12-22,US,6498,29199,66,2.46,1
u_004756,test,2024-11-29,KR,5026,28846,65,0.72,1
u_008133,test,2024-11-28,KR,6316,60125,122,3.79,1
u_000010,test,2024-12-17,KR,4449,36011,81,3.1,1
u_005140,test,2024-11-19,US,4722,39744,97,1.03,1
u_014638,control,2024-12-13,KR,5035,40021,71,3.71,1
u_004507,control,2024-12-12,KR,5450,51967,78,3.18,0
u_004660,control,2024-11-09,KR,7489,49687,112,4.17,1
u_008018,control,2024-12-08,KR,7889,65874,142,4.32,1
u_013536,test,2024-12-25,KR,8254,66614,159,7.09,1
u_004741,control,2024-12-29,JP,8150,51820,112,2.84,1
u_001067,control,2024-12-12,US,6424,44293,75,2.84,0
u_000565,control,2024-12-02,US,4955,36126,60,3.18,0
u_006510,control,2024-11-07,KR,3243,28111,58,0.72,1
u_000920,test,2024-12-16,KR,7258,70838,168,3.46,1
u_010588,control,2024-11-22,US,5102,33869,51,2.01,0
u_004728,test,2024-12-03,KR,4792,38519,88,3.73,1
u_005924,control,2024-12-22,JP,4989,33127,53,1.38,0
u_011476,control,2024-11-09,US,5109,30151,67,1.82,0
u_001316,control,2024-12-23,US,5747,30208,68,2.82,1
u_011312,control,2024-12-19,US,7069,49262,96,1.96,1
u_008058,test,2024-11-28,US,1946,17847,44,1.55,1
u_006818,test,2024-12-07,JP,5164,55646,106,2.91,1
u_001210,control,2024-12-03,US,6785,44597,108,4.06,1
u_003128,test,2024-12-12,KR,8822,61903,132,6.2,1
u_005054,control,2024-11-29,KR,8625,69588,118,5.66,0
u_011943,control,2024-12-02,JP,8689,63335,113,6.0,0
u_003612,control,2024-12-27,US,9040,55704,101,3.86,1
u_005976,test,2024-12-14,US,6463,54805,122,5.0,1
u_008043,control,2024-11-03,JP,3095,22957,47,1.67,1
u_004390,control,2024-11-23,KR,6688,38836,85,2.12,1
u_005541,control,2024-12-12,US,5110,43976,102,1.31,1
u_005612,test,2024-12-07,KR,4703,36896,69,2.44,1
u_003549,test,2024-11-04,KR,4044,33780,81,1.29,1
u_006171,control,2024-11-07,KR,5070,31775,49,0.85,0
u_002477,control,2024-11-29,KR,4521,30509,49,1.3,0
u_011464,test,2024-12-11,JP,2956,21322,44,1.78,0
u_008987,test,2024-12-10,JP,3991,28690,43,2.69,1
u_013322,test,2024-11-02,KR,7233,48035,108,3.94,0
u_014462,control,2024-12-23,KR,5054,34281,65,3.66,1
u_010603,control,2024-12-04,KR,6107,50443,88,4.53,1
u_014724,control,2024-12-27,US,525,3939,8,0.15,1
u_012024,test,2024-12-09,KR,1048,7388,11,0.24,0
u_001651,control,2024-11-11,KR,5021,37066,73,2.69,1
u_002228,test,2024-12-01,KR,5103,33422,67,1.13,1
u_013646,test,2024-12-04,KR,3786,28377,59,0.92,1
u_007217,control,2024-11-20,KR,2502,13745,24,0.82,0
u_000275,test,2024-11-03,KR,3754,26314,62,1.32,1
u_014855,control,2024-11-20,KR,7280,49450,85,5.14,0
u_007693,control,2024-12-27,KR,1670,14659,22,0.84,0
u_002176,control,2024-12-23,US,5622,42189,67,2.3,1
u_001557,control,2024-11-19,KR,8225,64534,132,2.67,0
u_002646,test,2024-12-27,KR,6096,36974,85,2.64,1
u_002556,test,2024-11-17,JP,7842,71640,160,4.18,1
u_002543,control,2024-12-13,KR,3962,20227,32,1.83,1
u_006947,control,2024-11-11,JP,5607,39652,96,2.54,1
u_001692,test,2024-12-19,US,6020,41860,99,1.18,1
u_004048,test,2024-12-10,KR,6078,40106,96,3.38,1
u_002306,control,2024-11-10,KR,4914,25381,56,0.89,0
u_011644,control,2024-12-01,KR,6895,45304,85,1.9,0
u_000922,control,2024-12-28,KR,8990,76888,164,7.4,1
u_004545,test,2024-12-31,JP,4266,37028,55,2.78,1
u_009718,control,2024-11-25,JP,4592,35499,71,3.51,0
u_003923,control,2024-12-21,JP,4411,22078,36,2.29,0
u_014385,control,2024-12-02,US,8838,58821,99,3.53,1
u_011831,control,2024-11-20,KR,3478,17271,40,1.51,1
u_013549,control,2024-12-29,JP,3485,22439,46,1.97,1
u_000110,test,2024-11-21,KR,7247,46797,86,1.88,0
u_012310,control,2024-11-29,KR,2276,16412,29,0.89,1
u_013985,test,2024-12-06,US,6412,55582,91,4.42,1
u_008843,test,2024-12-15,KR,7824,56443,105,1.8,0
u_000585,control,2024-12-13,JP,5168,32960,57,2.32,0
u_010144,control,2024-12-05,JP,8606,56836,118,4.11,1
u_002919,test,2024-11-06,JP,9259,74421,165,4.42,1
u_005771,test,2024-11-29,KR,2845,22081,36,0.71,0
u_003427,test,2024-12-21,JP,4514,32255,60,2.98,0
u_003210,test,2024-12-27,KR,7213,63282,134,4.75,0
u_001063,test,2024-11-04,JP,6400,47388,103,3.88,1
u_008467,control,2024-12-17,KR,4057,21564,47,2.28,0
u_010784,test,2024-12-08,JP,2759,18338,36,1.84,1
u_001457,control,2024-12-04,JP,5895,39494,86,2.82,1
u_003093,test,2024-11-24,US,4355,34912,85,3.49,1
u_003066,control,2024-11-06,JP,6092,44525,93,4.79,1
u_003618,test,2024-12-05,KR,5464,39831,67,2.32,1
u_012135,test,2024-11-09,KR,6225,52047,121,2.22,1
u_009723,test,2024-12-21,KR,8704,72194,123,5.01,0
u_000421,control,2024-11-13,KR,7182,49933,96,4.94,0
u_012785,control,2024-12-21,JP,3523,20271,36,1.89,1
u_008276,control,2024-11-22,KR,6641,51102,108,5.46,1
u_005944,test,2024-12-06,KR,5623,41443,74,1.48,1
u_006267,test,2024-12-01,KR,4354,22724,44,1.69,1
u_000536,test,2024-11-23,KR,4357,26768,57,2.92,0
u_006008,control,2024-11-09,JP,3466,26910,45,2.79,0
u_014846,test,2024-12-30,KR,6252,42816,100,3.9,1
u_003585,control,2024-11-17,KR,4990,29311,63,1.21,1
u_005104,control,2024-12-11,KR,4022,23685,49,2.52,1
u_011184,test,2024-11-03,KR,8673,62212,96,2.37,1
u_000438,test,2024-12-20,KR,4533,33670,80,2.15,1
u_010249,control,2024-12-01,JP,5734,44433,67,1.42,1
u_008083,test,2024-11-28,US,9929,77054,182,2.63,1
u_002840,control,2024-11-13,US,3231,26013,48,1.83,0
u_008773,test,2024-12-26,JP,6817,61979,140,6.51,0
u_014652,control,2024-11-30,US,3110,20980,39,0.82,0
u_009589,test,2024-12-01,US,5968,55003,135,2.96,0
u_003474,control,2024-12-24,US,3951,25582,40,1.01,1
u_014565,control,2024-11-20,US,6619,51437,96,3.93,1
u_014663,test,2024-12-21,US,5483,49853,82,4.47,1
u_005329,test,2024-11-24,KR,7861,66307,104,4.91,1
u_000859,control,2024-12-07,JP,5914,39736,64,2.34,0
u_005725,test,2024-11-24,KR,4453,28333,49,2.58,1
u_014123,control,2024-12-07,KR,3304,20047,32,0.89,1
u_000318,control,2024-11-19,US,8453,67599,136,7.05,1
u_004295,test,2024-12-16,JP,4991,43406,82,3.33,1
u_014198,test,2024-12-26,KR,5094,42625,102,3.04,1
u_003912,control,2024-12-28,KR,3127,22377,42,2.38,1
u_012633,test,2024-12-31,KR,4850,38127,75,2.63,1
u_008415,test,2024-11-12,JP,4651,42303,65,1.5,0
u_008450,control,2024-11-11,JP,5405,36658,65,3.89,1
u_008151,control,2024-12-05,KR,6531,46260,86,4.36,1
u_008156,control,2024-12-31,JP,3998,34928,69,3.18,1
u_006831,test,2024-12-27,KR,5769,45988,82,3.27,1
u_008967,control,2024-12-09,KR,5551,39070,75,2.12,1
u_003972,control,2024-12-27,KR,3157,25195,54,1.21,1
u_009161,control,2024-12-21,KR,6740,49988,91,3.82,1
u_000976,test,2024-11-14,KR,4749,32084,60,1.54,1
u_001950,control,2024-12-28,JP,5528,40574,94,3.48,0
u_002161,test,2024-12-07,KR,4773,45629,85,1.9,1
u_008993,control,2024-11-18,KR,6604,35731,58,1.57,1
u_005109,test,2024-11-12,US,6004,52049,91,4.82,0
u_009491,test,2024-11-04,KR,5717,41323,69,4.01,1
u_004373,control,2024-12-24,KR,5617,44874,103,3.27,1
u_007056,control,2024-11-22,KR,3203,15301,31,1.14,0
u_010325,test,2024-12-16,JP,3596,26091,42,2.86,1
u_012242,test,2024-12-04,JP,5993,47161,84,1.26,1
u_009794,test,2024-12-08,KR,6629,55807,118,2.87,1
u_006554,control,2024-12-31,KR,3759,24054,48,0.61,0
u_010488,test,2024-11-17,KR,9739,85778,212,6.32,1
u_000550,test,2024-11-10,US,6110,46365,86,4.64,1
u_014991,control,2024-11-22,KR,9549,78259,179,6.52,1
u_003301,test,2024-12-18,KR,5539,41290,95,1.71,1
u_010720,test,2024-12-24,KR,9925,90758,171,5.43,1
u_013035,control,2024-11-11,KR,6402,52579,115,2.88,0
u_009694,control,2024-12-20,JP,4059,29287,62,1.64,1
u_001786,test,2024-11-26,JP,6116,34031,59,2.95,1
u_006115,test,2024-12-24,KR,7236,46961,97,4.68,0
u_006155,test,2024-11-13,JP,2499,20894,46,2.16,0
u_001801,control,2024-12-01,KR,6570,50885,88,1.96,1
u_004171,control,2024-11-07,KR,4038,33462,70,1.67,0
u_005179,test,2024-12-01,KR,2949,21182,34,1.55,1
u_011782,control,2024-11-08,KR,7511,46763,79,4.23,1
u_003905,control,2024-11-04,KR,5496,39607,60,1.53,0
u_007337,control,2024-12-12,KR,10077,83873,182,6.63,1
u_012206,control,2024-11-19,KR,6883,43166,67,3.09,1
u_005717,test,2024-11-08,US,7121,47444,88,1.91,0
u_002836,test,2024-12-18,KR,7468,40031,63,4.33,1
u_007484,test,2024-12-29,KR,7191,42252,77,1.3,1
u_010822,test,2024-11-10,KR,8665,62976,156,5.78,1
u_005645,control,2024-12-15,KR,4097,26729,55,2.21,1
u_010860,test,2024-12-19,JP,6936,54030,96,4.38,1
u_008535,test,2024-12-09,KR,3625,26544,45,2.6,0
u_014246,test,2024-12-02,KR,6237,48468,82,4.64,1
u_003790,test,2024-12-04,JP,5423,30182,70,1.3,0
u_007253,test,2024-11-07,KR,4635,45102,80,1.52,1
u_007573,test,2024-12-23,JP,5129,40710,86,1.45,1
u_004900,control,2024-12-26,JP,5781,45273,71,3.87,1
u_007754,test,2024-11-05,US,7729,51038,77,1.54,1
u_006845,test,2024-11-13,KR,4778,39931,67,3.09,1
u_006706,test,2024-12-27,KR,8318,61282,132,6.66,1
u_011921,control,2024-12-04,US,7408,44854,88,2.8,0
u_011595,test,2024-11-09,KR,6085,37528,78,2.87,0
u_005089,control,2024-12-13,KR,6677,43377,88,3.82,0
u_004678,control,2024-12-11,KR,5510,42142,87,1.55,1
u_003952,test,2024-12-12,KR,5163,26321,59,0.79,1
u_012528,control,2024-11-14,US,4333,33523,70,3.07,0
u_010839,control,2024-11-16,KR,3988,30447,60,2.82,1
u_002301,test,2024-12-15,KR,7749,57776,89,2.48,0
u_000621,test,2024-11-16,US,7181,61339,101,2.27,1
u_008113,control,2024-11-19,KR,6468,52483,104,4.68,1
u_007720,test,2024-11-15,KR,2717,19170,44,1.77,0
u_006773,test,2024-12-24,JP,3950,35621,68,2.43,1
u_006351,test,2024-12-21,KR,8225,72079,176,6.8,0
u_010009,test,2024-11-26,US,4740,38682,82,2.66,1
u_012180,control,2024-11-24,US,4139,33467,51,3.68,1
u_008098,control,2024-12-13,KR,7361,52109,85,4.14,1
u_005490,control,2024-12-16,KR,3744,28522,49,1.36,1
u_012606,control,2024-12-21,US,10071,62201,123,1.87,1
u_009060,test,2024-12-06,JP,7687,56759,86,4.69,0
u_014512,control,2024-11-30,JP,5192,27446,66,2.47,1
u_011621,test,2024-12-17,KR,3168,31845,64,3.27,1
u_013785,control,2024-11-19,JP,4256,26696,42,0.77,0
u_011495,control,2024-11-08,US,3644,21130,52,0.54,1
u_011657,test,2024-12-17,JP,8721,70588,132,2.69,1
u_008337,test,2024-11-18,KR,5519,48899,104,2.71,0
u_007819,control,2024-12-25,KR,6900,41075,75,3.97,1
u_001571,control,2024-12-17,JP,7979,62111,122,5.95,1
u_014338,test,2024-11-04,US,5778,38660,83,1.82,1
u_013834,test,2024-12-08,US,6205,48106,95,2.78,1
u_011452,control,2024-11-13,KR,4689,26620,52,2.9,0
u_007595,control,2024-11-23,KR,8697,66938,145,6.91,1
u_006756,control,2024-12-09,KR,6360,55957,88,6.06,1
u_005680,test,2024-12-01,JP,8396,62274,114,6.47,0
u_012502,test,2024-12-06,KR,4708,49172,89,2.17,1
u_012284,test,2024-12-17,KR,6333,46212,87,2.42,1
u_005848,test,2024-12-28,KR,2469,22510,44,2.09,1
u_004128,control,2024-11-15,JP,4733,34690,77,3.47,0
u_005368,control,2024-12-04,KR,6011,46245,70,4.96,1
u_006917,test,2024-11-03,JP,3452,31107,55,2.73,1
u_012376,control,2024-12-29,JP,5078,40529,84,2.55,1
u_000776,control,2024-11-27,KR,6448,30648,50,3.3,0
u_007875,test,2024-12-03,US,3806,28246,51,1.77,0
u_014466,test,2024-11-28,US,4793,34280,53,0.92,1
u_005643,test,2024-11-29,KR,3070,25321,52,2.1,1
u_008560,control,2024-11-13,KR,6016,41079,95,2.68,0
u_007437,control,2024-12-17,KR,3880,33330,56,3.53,0
u_005592,test,2024-12-23,KR,6588,51306,113,1.97,1
u_008684,test,2024-12-11,JP,4586,32432,69,2.32,1
u_010447,control,2024-12-19,KR,5904,35637,54,3.12,0
u_007175,control,2024-11-13,US,5792,42293,67,2.31,1
u_003663,control,2024-11-24,KR,3826,26465,45,2.56,1
u_008348,control,2024-12-16,KR,6129,42536,96,2.11,1
u_008530,test,2024-11-07,KR,4552,35682,66,2.51,1
u_006613,test,2024-12-29,KR,6747,44320,107,4.08,0
u_009089,control,2024-11-02,JP,3522,25924,60,2.07,1
u_004921,test,2024-11-02,JP,6337,51210,116,4.34,1
u_011371,test,2024-12-08,KR,3610,23320,55,2.3,1
u_008391,test,2024-12-03,KR,4008,24780,38,2.7,0
u_002357,control,2024-12-26,JP,3516,25046,54,2.39,1
u_001132,test,2024-11-20,KR,7757,56788,90,3.68,0
u_004985,control,2024-11-11,KR,5715,44749,96,4.72,1
u_000545,control,2024-12-24,KR,5957,44853,85,2.06,0
u_005588,control,2024-12-30,JP,7059,50158,92,5.36,1
u_007140,control,2024-11-29,KR,6184,57688,97,3.59,1
u_008397,test,2024-11-15,JP,4365,31943,71,1.88,1
u_009305,test,2024-12-01,KR,6003,45392,92,3.8,1
u_006553,test,2024-11-24,JP,6084,41697,77,4.42,1
u_007981,test,2024-12-30,US,8928,57211,128,2.98,1
u_009207,control,2024-11-17,JP,3197,20752,35,0.86,1
u_014120,test,2024-11-04,JP,6015,50699,121,3.13,0
u_009342,control,2024-11-09,KR,8001,42013,65,2.53,1
u_012991,test,2024-11-28,KR,6690,58808,142,4.58,0
u_013947,control,2024-11-16,US,6579,48132,119,4.48,0
u_001938,control,2024-12-17,KR,4886,35726,63,3.2,1
u_012499,control,2024-11-03,US,7179,42800,86,3.42,1
u_013526,control,2024-12-09,JP,7404,39751,89,3.42,1
u_010710,test,2024-12-03,US,4399,30190,73,2.76,0
u_014830,control,2024-12-31,JP,6102,39611,73,4.19,0
u_008005,test,2024-12-15,KR,4731,38524,79,4.09,1
u_006924,control,2024-11-13,KR,2639,20127,30,1.63,0
u_006986,control,2024-11-10,US,5429,29413,55,2.31,1
u_003665,test,2024-12-30,US,8746,60514,114,5.11,1
u_001232,control,2024-12-21,KR,6558,40841,62,4.44,1
u_013310,test,2024-12-29,KR,6184,48827,108,1.5,1
u_003470,test,2024-11-07,US,10032,91473,161,6.73,1
u_014989,control,2024-12-03,KR,3955,27975,49,1.05,1
u_003902,control,2024-12-16,KR,3167,29509,48,1.94,1
u_002028,test,2024-12-21,KR,6965,37168,84,1.39,0
u_006098,control,2024-11-06,US,5331,50398,79,5.32,0
u_001038,test,2024-11-18,KR,5522,50940,106,3.29,1
u_014143,control,2024-12-05,KR,7280,55331,108,3.81,1
u_000268,control,2024-12-01,KR,5277,39284,66,2.93,1
u_006158,test,2024-12-10,KR,6936,53836,107,4.34,1
u_003149,control,2024-11-15,KR,5717,33498,69,1.08,0
u_009704,test,2024-11-16,KR,6227,53007,123,4.92,1
u_012356,control,2024-12-18,KR,6024,45864,77,3.69,1
u_002870,control,2024-11-15,JP,2788,17051,28,1.32,1
u_008472,control,2024-12-10,US,4673,36868,68,2.6,0
u_011212,control,2024-12-31,KR,7660,47821,114,2.17,1
u_011588,control,2024-11-05,JP,9387,56439,108,5.53,1
u_005591,test,2024-11-12,JP,4737,39565,71,1.05,0
u_012479,test,2024-11-04,KR,6698,51924,122,1.57,0
u_001780,control,2024-12-02,KR,4977,36098,82,3.44,1
u_010062,control,2024-12-14,KR,1926,11695,21,1.13,1
u_013781,control,2024-12-14,KR,2142,16429,28,1.68,0
u_003233,test,2024-12-26,KR,6762,38959,72,2.77,1
u_004535,test,2024-12-21,US,4796,38697,59,3.89,1
u_012765,test,2024-12-24,KR,5591,50607,85,3.97,1
u_011343,control,2024-11-07,JP,7857,50084,121,2.92,0
u_010337,control,2024-11-03,US,4154,25919,50,1.65,0
u_012830,control,2024-12-28,JP,6932,52826,109,5.62,0
u_006975,control,2024-12-27,JP,1841,12067,22,1.07,1
u_007948,control,2024-12-10,KR,4280,34325,57,1.35,0
u_009959,test,2024-11-22,KR,4606,41258,78,2.96,0
u_014609,control,2024-12-14,JP,5835,43205,104,4.17,0
u_007138,test,2024-11-14,US,4984,37133,90,2.39,0
u_007686,test,2024-11-17,KR,7348,57423,105,4.2,1
u_000119,control,2024-12-04,KR,6423,47589,111,2.09,1
u_002246,test,2024-12-11,KR,6057,42995,74,2.76,1
u_013563,control,2024-11-14,JP,3567,24491,51,1.57,1
u_003621,test,2024-11-01,JP,5209,39121,71,4.1,1
u_012313,test,2024-11-15,JP,6602,43702,87,3.04,1
u_011981,control,2024-12-13,KR,3576,30518,70,2.82,1
u_006546,test,2024-12-26,US,6883,55603,97,1.57,1
u_000300,control,2024-12-16,JP,6661,42607,106,4.49,1
u_014425,test,2024-12-18,US,9010,80084,192,2.94,1
u_014495,control,2024-11-04,KR,6030,33451,68,1.61,1
u_003691,control,2024-11-01,KR,4880,29051,67,2.53,0
u_002854,test,2024-12-28,KR,8370,53241,115,5.49,1
u_000120,control,2024-12-10,US,5387,42885,90,2.2,0
u_006821,control,2024-11-02,KR,3617,22989,50,0.71,0
u_011128,control,2024-12-11,KR,5856,53917,93,4.45,1
u_014831,test,2024-11-08,JP,6230,55631,138,4.15,1
u_009715,test,2024-11-23,KR,1822,12716,24,1.28,0
u_011180,test,2024-12-18,JP,8786,80091,172,7.77,1
u_008680,test,2024-11-11,JP,4650,36262,86,2.54,0
u_005697,control,2024-11-04,KR,3498,30196,49,1.8,1
u_005206,control,2024-12-05,KR,5438,40425,90,2.5,1
u_013628,control,2024-12-07,KR,6842,49121,97,2.58,1
u_014265,control,2024-11-04,KR,6283,36127,86,1.69,1
u_000305,test,2024-11-26,KR,5541,43371,87,4.19,1
u_006148,test,2024-12-08,US,5808,43651,105,3.14,1
u_004357,test,2024-11-24,JP,5239,31205,61,2.99,0
u_000369,control,2024-11-20,KR,4730,31231,58,1.59,0
u_001418,control,2024-12-25,KR,6615,41049,75,3.87,1
u_011239,test,2024-11-21,JP,5493,55843,87,4.0,1
u_001422,control,2024-11-25,JP,5467,35855,79,2.3,1
u_013067,control,2024-11-25,JP,7784,49812,113,1.65,1
u_001956,test,2024-12-18,JP,2809,14579,33,0.97,1
u_013314,control,2024-12-18,KR,2594,20088,47,0.97,0
u_013397,test,2024-12-21,KR,5912,46735,88,3.14,1
u_001296,test,2024-11-13,KR,7595,62963,151,2.09,0
u_013117,test,2024-12-15,KR,5143,45040,102,2.49,0
u_003328,control,2024-11-07,KR,6376,57340,136,5.96,0
u_003780,test,2024-12-20,JP,3645,26155,64,1.45,0
u_000860,test,2024-12-16,US,5238,59495,133,1.54,1
u_012984,test,2024-12-21,KR,5253,45212,72,4.57,1
u_007757,control,2024-11-10,KR,4206,31626,64,1.72,0
u_013695,control,2024-11-28,KR,5316,45235,89,4.68,0
u_013735,control,2024-12-01,KR,2014,14261,28,1.29,0
u_014395,test,2024-11-04,JP,4222,27910,59,2.65,1
u_004043,test,2024-11-20,US,4772,39264,95,2.68,1
u_006787,test,2024-12-18,JP,5293,43895,71,2.41,1
u_003143,control,2024-12-05,JP,9091,75280,155,6.85,1
u_009381,test,2024-12-15,KR,3997,23078,46,2.18,1
u_004784,control,2024-12-27,KR,5264,37061,90,1.65,1
u_007779,test,2024-11-06,KR,4806,35142,76,3.37,1
u_005101,test,2024-12-02,KR,6201,33105,80,3.29,0
u_007714,test,2024-12-22,US,8536,65306,111,5.78,1
u_002633,test,2024-11-06,KR,4712,35878,73,3.93,1
u_002166,test,2024-12-19,KR,3420,28170,64,0.86,1
u_009075,test,2024-12-01,KR,4952,31728,53,3.22,1
u_007927,control,2024-12-12,JP,6969,46314,106,1.87,1
u_007887,control,2024-12-26,US,5305,37224,83,3.71,1
u_004150,test,2024-11-02,US,3057,27936,44,1.93,1
u_004172,control,2024-11-09,US,1725,12241,24,0.53,0
u_008585,control,2024-11-08,KR,7802,56313,135,5.21,1
u_014334,control,2024-12-05,JP,4064,32011,49,3.12,1
u_001879,control,2024-11-17,KR,3479,23235,42,0.73,1
u_009066,control,2024-12-28,KR,8421,56941,109,3.58,1
u_009822,control,2024-12-29,JP,3799,27155,45,1.21,1
u_010397,control,2024-12-23,JP,5243,31573,64,1.84,1
u_009094,control,2024-11-17,JP,2778,20289,42,1.34,0
u_012389,test,2024-12-14,KR,3277,27544,59,2.51,1
u_014901,test,2024-12-21,US,3150,32359,55,2.16,1
u_008788,test,2024-11-02,US,5117,45818,90,2.56,1
u_009215,test,2024-12-25,KR,5463,38227,59,3.34,0
u_008094,test,2024-12-06,KR,5894,34154,63,1.93,1
u_011785,test,2024-12-05,JP,4639,29599,45,2.59,1
u_011211,test,2024-11-06,KR,8378,70070,110,2.79,0
u_011713,control,2024-11-02,KR,5249,36869,70,1.41,0
u_011439,control,2024-12-05,KR,4581,27067,60,2.89,1
u_012408,control,2024-11-03,JP,5220,31137,75,2.95,1
u_006238,test,2024-12-27,KR,3253,28762,66,0.87,1
u_012913,control,2024-11-16,US,6436,44192,74,1.23,0
u_007041,control,2024-12-29,KR,7101,53494,122,5.87,0
u_003006,control,2024-12-17,US,6615,45380,93,1.98,0
u_005465,control,2024-11-07,KR,5104,33334,80,3.31,1
u_006782,test,2024-11-02,JP,5646,47861,87,1.64,1
u_013647,control,2024-12-18,KR,5858,44682,79,1.74,1
u_000216,test,2024-12-24,KR,4899,39784,84,2.55,1
u_007101,test,2024-11-27,JP,5453,49493,109,1.25,1
u_006690,test,2024-12-31,KR,7807,56958,109,4.95,0
u_014892,test,2024-11-24,KR,6829,48819,94,1.81,0
u_010909,test,2024-12-10,US,9949,59242,105,3.69,1
u_008673,control,2024-11-28,KR,5611,36850,81,2.2,1
u_003602,control,2024-12-10,KR,6157,45086,101,2.17,1
u_011320,test,2024-12-08,KR,3856,22932,49,0.86,0
u_007192,test,2024-11-15,US,4075,33267,81,1.25,1
u_002821,test,2024-11-23,US,5807,45714,104,1.67,1
u_010716,control,2024-11-13,KR,6992,52383,125,5.26,1
u_005996,control,2024-12-31,US,4866,30580,72,3.17,1
u_014438,control,2024-11-30,KR,6109,45546,98,1.46,1
u_011225,control,2024-11-11,JP,4351,27673,48,2.85,0
u_009893,test,2024-12-24,JP,7187,59713,95,2.74,1
u_013847,control,2024-11-14,KR,7787,50202,116,3.61,1
u_004697,control,2024-11-05,KR,5931,40573,95,3.74,1
u_005247,test,2024-12-27,KR,6525,44900,106,4.04,1
u_008820,test,2024-12-24,US,4625,40943,68,2.15,1
u_004170,control,2024-11-06,JP,7846,44296,88,3.06,1
u_008607,control,2024-12-28,US,2717,20894,43,0.75,0
u_011960,control,2024-12-27,JP,4343,39844,92,2.23,1
u_013394,test,2024-11-01,JP,4480,46772,112,4.67,1
u_006535,test,2024-11-17,JP,2877,22583,54,2.46,0
u_009090,test,2024-12-09,JP,3052,23270,55,2.39,1
u_008334,control,2024-11-13,JP,3733,20456,38,1.12,0
u_000819,test,2024-12-24,US,7887,65013,132,3.31,1
u_005866,control,2024-12-04,KR,8650,68703,165,2.13,0
u_004979,test,2024-12-30,JP,5835,47309,111,4.82,1
u_000396,control,2024-11-02,KR,1125,10153,15,0.88,1
u_011375,control,2024-11-20,JP,5687,46057,69,1.48,1
u_010861,test,2024-12-30,KR,5625,38512,60,2.38,1
u_003929,control,2024-11-27,JP,4193,26953,55,2.69,0
u_009518,control,2024-11-24,JP,5557,33704,55,3.25,1
u_009962,test,2024-11-17,KR,3134,24324,42,1.0,0
u_012015,test,2024-11-29,US,7155,61407,111,3.99,1
u_001632,test,2024-12-30,US,6200,45936,112,1.99,1
u_008632,control,2024-12-08,KR,6489,40821,89,3.11,1
u_013399,test,2024-12-17,KR,7340,35935,56,1.05,1
u_007680,test,2024-12-30,KR,9346,78224,157,6.65,0
u_001624,test,2024-11-30,US,7542,48346,77,4.01,1
u_011969,control,2024-11-06,KR,6931,54554,100,1.44,1
u_009953,test,2024-12-25,KR,7050,51794,122,2.05,0
u_002719,test,2024-11-04,JP,6393,41460,69,4.09,1
u_001917,test,2024-12-29,KR,3116,27465,60,2.24,1
u_014036,test,2024-11-17,JP,5699,36010,84,3.88,0
u_000023,test,2024-12-19,JP,6701,59123,105,2.75,0
u_014187,control,2024-12-03,JP,5824,51262,116,3.32,1
u_001977,test,2024-12-08,KR,7146,60921,145,4.01,0
u_006131,test,2024-12-09,KR,2158,10732,23,0.77,1
u_002516,test,2024-11-27,KR,2732,20256,46,1.04,0
u_005103,control,2024-11-27,KR,6749,35196,85,2.76,1
u_014661,control,2024-12-26,KR,4902,25537,60,1.22,0
u_012728,test,2024-12-31,KR,5340,52332,111,1.85,0
u_002709,control,2024-12-31,JP,5001,33607,68,1.23,0
u_010694,control,2024-12-17,US,3540,24201,60,1.06,1
u_001789,test,2024-11-04,KR,5180,38486,84,3.92,1
u_006907,test,2024-12-05,KR,5416,46496,101,3.92,1
u_011825,control,2024-11-21,US,5655,34292,55,1.63,0
u_005590,control,2024-12-17,US,3780,26211,46,0.74,1
u_005233,control,2024-12-05,JP,5839,33721,57,2.35,0
u_014073,control,2024-11-26,KR,3702,30478,49,1.57,1
u_000143,control,2024-11-30,US,4924,25321,61,0.99,1
u_011607,test,2024-12-14,KR,0,0,0,0.0,0
u_003776,test,2024-12-19,JP,6617,51312,120,3.47,1
u_008917,test,2024-12-08,KR,5608,37762,84,1.11,0
u_006009,test,2024-12-19,KR,3607,27759,59,1.35,1
u_005517,control,2024-11-11,US,4688,31917,73,2.8,1
u_011880,control,2024-11-26,KR,3100,15600,27,1.39,0
u_008973,test,2024-11-05,JP,7814,56570,114,3.99,1
u_001537,test,2024-12-06,JP,3648,34333,83,2.31,1
u_006487,control,2024-12-13,KR,4806,36791,83,2.3,0
u_004805,control,2024-11-16,KR,7522,54937,85,1.52,0
u_004746,control,2024-12-04,KR,3963,28297,67,1.32,1
u_004380,test,2024-12-12,JP,609,3231,6,0.1,1
u_000454,test,2024-11-04,JP,6676,49432,118,3.93,1
u_001939,test,2024-12-25,JP,6275,50669,91,5.32,0
u_012300,test,2024-11-12,JP,6104,48515,91,3.15,1
u_004258,control,2024-11-15,US,5219,47381,92,2.94,0
u_012096,test,2024-11-28,KR,4681,35395,82,3.29,1
u_012137,test,2024-12-19,JP,6024,39471,95,3.23,0
u_001872,control,2024-12-22,KR,5164,35429,72,1.15,1
u_010317,control,2024-11-30,KR,5708,40998,92,1.74,1
u_009482,test,2024-12-24,JP,4313,27912,57,2.95,1
u_003200,control,2024-12-17,US,7024,49240,96,2.22,1
u_010556,test,2024-11-29,US,6507,49517,112,1.87,1
u_002038,test,2024-12-02,KR,2871,22467,50,1.17,0
u_014566,test,2024-12-25,KR,6398,48509,92,3.77,1
u_010809,test,2024-11-29,KR,6792,54625,116,5.37,0
u_000692,test,2024-11-14,KR,6338,53595,85,4.57,1
u_011058,test,2024-12-14,JP,5487,36636,87,1.09,1
u_007860,control,2024-11-03,KR,4105,34916,55,2.21,0
u_008044,test,2024-11-28,KR,2398,22569,49,0.92,0
u_007786,control,2024-11-08,JP,3915,31989,53,1.02,1
u_000203,test,2024-11-18,JP,4968,30907,49,1.19,1
u_009440,control,2024-11-02,JP,7342,50652,87,3.11,1
u_007267,test,2024-12-21,KR,2367,18110,28,1.48,1
u_012496,control,2024-12-12,JP,4506,37338,63,2.17,0
u_012439,test,2024-12-03,US,4187,38438,70,2.09,1
u_007988,control,2024-11-14,JP,1290,8483,20,0.37,1
u_004451,control,2024-11-08,KR,5042,35624,78,1.11,1
u_011818,control,2024-11-10,JP,4877,40007,95,3.02,1
u_006872,control,2024-12-19,JP,4969,37251,89,2.35,1
u_005228,test,2024-12-08,KR,5134,45132,67,2.67,1
u_011879,test,2024-12-29,KR,6363,49406,84,2.82,0
u_011553,test,2024-12-25,KR,5652,54987,121,5.66,1
u_004130,control,2024-11-29,KR,6394,40982,81,2.46,1
u_008351,test,2024-12-15,KR,5409,47221,75,3.41,0
u_007866,test,2024-12-01,KR,5363,32036,75,1.76,1
u_013963,control,2024-12-24,KR,7066,60144,110,4.86,0
u_005004,control,2024-11-20,JP,6372,49287,109,2.41,1
u_003506,control,2024-11-01,JP,5446,40310,82,2.96,1
u_005288,test,2024-12-30,US,1246,10118,20,0.72,1
u_004262,test,2024-12-27,KR,4267,37036,83,2.77,0
u_005056,control,2024-12-22,KR,10461,75023,174,2.7,0
u_006193,test,2024-12-15,US,5639,45863,113,1.66,1
u_002415,test,2024-11-05,KR,5468,36945,57,3.94,1
u_008469,test,2024-11-26,KR,6675,52891,104,3.0,0
u_011566,test,2024-11-19,US,5231,46041,73,1.81,1
u_012046,test,2024-12-06,KR,5235,46329,99,1.98,1
u_014677,control,2024-12-08,KR,2198,16328,36,1.73,0
u_004648,test,2024-11-04,JP,4125,27009,56,1.69,1
u_006292,test,2024-12-15,JP,5872,46143,94,2.99,1
u_011392,control,2024-12-13,KR,5161,29589,65,0.99,1
u_004766,control,2024-11-09,KR,5312,37973,75,1.65,1
u_004445,test,2024-11-27,KR,7036,67356,125,4.8,1
u_009329,control,2024-12-04,KR,8643,53434,85,1.66,1
u_007523,control,2024-11-01,JP,5172,38159,87,2.78,1
u_002379,control,2024-12-22,JP,4732,32729,49,2.02,0
u_008213,control,2024-11-27,KR,4789,31236,54,2.43,0
u_002521,control,2024-12-08,US,7624,58893,94,1.52,1
u_012745,test,2024-12-02,US,4277,29158,55,1.39,1
u_009877,test,2024-11-12,KR,4579,37758,60,3.39,1
u_011167,control,2024-12-13,KR,4430,30994,65,1.18,1
u_005377,control,2024-12-09,JP,5011,42450,86,4.63,1
u_011852,control,2024-12-10,KR,4700,33166,75,1.25,1
u_009495,control,2024-12-27,JP,7114,55864,105,2.25,1
u_002389,test,2024-12-29,JP,4648,30847,49,1.07,0
u_013152,test,2024-11-20,KR,3213,23573,55,0.69,0
u_003545,test,2024-11-13,KR,3548,12558,20,1.36,0
u_010750,test,2024-11-07,KR,6135,43830,68,1.48,1
u_008838,test,2024-11-27,JP,7223,47384,104,1.51,0
u_000628,control,2024-11-07,JP,8511,64920,110,6.77,1
u_000712,control,2024-11-13,JP,7383,46463,112,3.96,1
u_004824,control,2024-11-30,KR,7538,56366,88,2.12,1
u_002459,control,2024-11-17,US,8178,54256,107,5.49,1
u_010888,control,2024-11-19,KR,5225,33912,78,0.88,0
u_003938,test,2024-12-02,JP,5721,51022,122,2.55,1
u_012901,test,2024-12-23,JP,3350,25791,53,1.08,0
u_001151,control,2024-11-12,JP,1253,7855,11,0.33,0
u_002103,control,2024-12-23,JP,6687,52851,116,1.92,1
u_001159,test,2024-11-30,KR,2250,18268,32,1.25,0
u_002098,test,2024-11-15,KR,4505,35868,73,1.73,0
u_012692,control,2024-11-06,KR,6327,52232,97,2.17,1
u_014211,test,2024-11-18,KR,6556,52971,106,2.97,1
u_003629,test,2024-11-29,KR,2896,25063,53,1.71,1
u_008496,control,2024-12-13,KR,5528,39766,73,1.9,0
u_011427,test,2024-12-10,KR,7080,66026,163,6.52,1
u_002342,control,2024-11-19,JP,8134,46665,78,2.56,1
u_012925,control,2024-12-15,US,4434,30856,66,1.12,1
u_003518,test,2024-11-08,KR,4326,26173,58,1.85,1
u_005170,control,2024-11-12,US,4212,33683,66,3.13,0
u_003134,test,2024-12-17,JP,3787,31571,67,1.91,1
u_008872,control,2024-11-29,US,7104,62249,130,4.91,0
u_007455,control,2024-12-24,KR,3114,25819,64,1.21,1
u_001489,control,2024-12-12,US,5433,43207,65,1.26,1
u_006740,test,2024-11-28,US,2012,17158,29,1.62,1
u_003907,test,2024-12-30,KR,8066,73460,143,7.98,0
u_006769,test,2024-12-11,KR,6975,52306,94,3.25,1
u_002997,control,2024-11-08,JP,3907,31371,67,2.86,1
u_001350,control,2024-12-24,JP,4590,34999,82,1.8,1
u_009081,test,2024-12-27,KR,3558,27099,61,2.66,1
u_008193,test,2024-12-24,KR,4353,26987,48,2.79,1
u_010196,control,2024-11-17,JP,1215,8569,17,0.62,0
u_002986,test,2024-12-27,JP,6578,40359,80,3.96,1
u_014157,test,2024-12-08,KR,4724,45811,77,2.91,0
u_013623,test,2024-12-03,KR,9763,87785,187,8.59,1
u_009915,control,2024-11-17,US,7446,47290,114,2.66,1
u_000107,control,2024-11-03,US,5597,48704,79,4.77,1
u_013720,control,2024-12-02,KR,7288,52470,114,5.45,1
u_001727,test,2024-12-31,JP,4186,34323,58,1.47,1
u_014499,control,2024-11-26,KR,3502,20063,44,0.56,1
u_011039,test,2024-12-21,KR,4450,39431,63,1.03,1
u_002276,test,2024-12-05,KR,4910,34104,65,3.05,0
u_009746,control,2024-11-16,KR,2264,17842,40,0.53,0
u_005979,control,2024-11-10,KR,6669,32111,70,1.97,1
u_002213,test,2024-11-01,US,5992,43247,79,2.22,1
u_011563,control,2024-11-06,US,2279,13465,33,0.78,0
u_009202,test,2024-12-23,JP,4181,32248,62,1.6,1
u_012968,test,2024-11-26,JP,3551,35055,61,1.55,0
u_007918,control,2024-12-13,KR,5172,30547,50,1.56,0
u_001009,test,2024-11-02,JP,4972,36110,72,3.88,1
u_003509,test,2024-12-31,KR,5740,48956,97,4.58,1
u_011116,test,2024-12-20,JP,5232,51521,117,3.78,1
u_009800,control,2024-12-25,JP,3907,31899,52,3.21,1
u_011488,test,2024-11-03,US,3255,25416,41,0.83,1
u_008162,test,2024-12-03,KR,1987,14932,34,1.18,1
u_006640,control,2024-12-14,US,2673,17115,32,0.73,0
u_006936,control,2024-12-13,KR,6261,45003,93,1.41,1
u_002151,control,2024-12-14,KR,5882,51289,90,4.62,0
u_011489,control,2024-12-29,KR,6568,52341,100,5.02,1
u_004119,test,2024-12-17,KR,2633,21957,40,2.08,1
u_007213,test,2024-11-11,KR,7037,41614,85,3.33,1
u_011742,control,2024-12-03,US,2245,17207,31,0.51,1
u_013624,control,2024-12-17,KR,6102,49423,74,4.36,1
u_001069,test,2024-12-20,JP,8410,67258,155,7.14,1
u_013334,control,2024-11-23,KR,5913,48538,84,3.02,1
u_012608,control,2024-12-06,JP,6352,38480,71,3.58,1
u_010418,control,2024-12-14,KR,5795,46546,111,2.29,1
u_008996,control,2024-12-31,KR,7416,50902,90,3.44,1
u_005155,control,2024-12-02,US,6141,42382,104,1.43,1
u_001943,test,2024-12-17,JP,5450,28099,44,3.03,1
u_012303,test,2024-11-20,KR,3516,25333,45,1.06,1
u_011653,test,2024-12-09,US,4150,27763,65,2.26,1
u_004066,control,2024-11-25,US,5111,28481,57,0.74,1
u_001742,control,2024-11-30,JP,2578,16793,32,1.52,0
u_003445,control,2024-12-17,JP,5788,37090,75,3.59,1
u_004297,control,2024-12-02,KR,3794,27279,51,1.69,0
u_010014,test,2024-11-11,KR,7452,65615,103,3.17,1
u_000876,test,2024-11-11,KR,4745,36701,59,1.8,0
u_011769,test,2024-12-30,KR,6530,43467,85,3.67,0
u_005181,test,2024-11-28,KR,7601,65786,144,6.0,1
u_001864,control,2024-11-08,US,5510,30195,60,1.39,0
u_007507,control,2024-12-05,JP,7400,52090,104,3.75,1
u_009086,control,2024-12-31,JP,5673,34470,86,2.62,1
u_001617,control,2024-11-13,JP,6496,39964,93,1.91,1
u_000593,control,2024-11-12,KR,5587,32985,74,3.15,1
u_013839,test,2024-11-03,KR,3650,21890,44,2.13,1
u_000784,control,2024-12-18,KR,5718,37260,72,3.91,1
u_007102,control,2024-11-29,US,7898,60694,134,4.07,1
u_001840,test,2024-11-02,US,5820,40770,85,3.58,1
u_008069,test,2024-11-12,JP,9423,69732,105,5.31,1
u_010746,control,2024-12-22,JP,2862,15179,30,1.44,0
u_011730,test,2024-12-05,KR,3519,28999,57,0.95,0
u_009043,test,2024-11-14,US,5630,39124,72,3.74,0
u_007615,control,2024-11-08,KR,6934,48091,83,3.92,0
u_005545,control,2024-11-19,US,6492,37159,74,3.78,0
u_009270,control,2024-12-13,US,7191,40284,80,3.18,1
u_006689,test,2024-12-22,KR,7852,53103,118,2.82,1
u_009463,test,2024-12-10,US,8312,67085,129,5.44,1
u_011574,control,2024-11-18,KR,9819,77286,159,4.45,1
u_000425,control,2024-11-26,KR,6087,47193,106,2.94,1
u_010445,test,2024-11-09,JP,2409,22826,43,1.22,1
u_003213,test,2024-11-26,JP,5318,47079,87,4.79,0
u_009635,control,2024-11-22,KR,3675,26978,51,1.4,0
u_006486,control,2024-12-03,KR,5992,35657,63,1.44,1
u_011221,test,2024-12-14,JP,5792,50297,89,1.84,1
u_004117,control,2024-11-18,KR,5770,51835,122,2.8,0
u_014130,test,2024-12-14,US,5045,31355,76,2.34,1
u_014138,control,2024-11-30,KR,5178,35488,70,3.72,1
u_012131,control,2024-12-05,KR,8245,56756,107,1.55,1
u_010904,control,2024-12-09,JP,2995,21048,33,1.21,1
u_010586,control,2024-11-18,JP,6716,47046,113,4.22,0
u_013907,control,2024-11-02,KR,7230,49778,113,3.15,1
u_011514,test,2024-11-24,JP,4588,41404,97,2.55,1
u_013064,test,2024-11-19,JP,4202,31205,73,3.17,1
u_011965,control,2024-11-23,KR,5011,33970,70,1.19,0
u_012569,control,2024-11-15,US,4496,35530,76,3.04,0
u_011866,test,2024-11-16,JP,3269,29813,73,2.88,0
u_003433,test,2024-12-11,KR,5701,52993,112,2.35,1
u_002601,test,2024-12-12,KR,6256,43520,67,1.61,1
u_006287,control,2024-12-23,KR,3783,28514,64,1.75,0
u_002769,control,2024-12-07,KR,6719,40884,80,3.94,0
u_011107,test,2024-11-06,JP,5875,49379,113,2.83,1
u_008564,control,2024-11-23,US,3392,15655,35,0.71,1
u_004032,control,2024-11-28,JP,2892,17636,38,0.61,0
u_008575,control,2024-12-11,KR,4496,28719,48,2.89,1
u_009255,test,2024-12-09,JP,6559,47795,88,3.97,1
u_011962,test,2024-12-17,KR,7366,45662,90,1.16,0
u_014320,test,2024-11-16,KR,6648,39568,63,1.69,1
u_010846,test,2024-11-26,JP,3126,20214,30,1.12,0
u_006054,test,2024-11-25,KR,6675,54768,90,3.26,1
u_003327,control,2024-12-19,JP,6564,50552,118,3.25,0
u_004231,control,2024-11-29,US,5653,37225,73,4.04,1
u_002882,test,2024-12-11,KR,3900,33491,71,3.56,1
u_000629,test,2024-12-05,KR,1783,14346,31,0.5,1
u_007689,test,2024-11-09,US,5225,36602,75,2.5,0
u_006741,control,2024-12-24,KR,6064,43566,102,1.15,0
u_013724,test,2024-11-02,KR,4995,36325,56,1.71,1
u_000039,test,2024-11-28,US,4757,36828,73,0.92,0
u_006755,control,2024-12-06,US,10291,77535,162,4.35,1
u_001940,test,2024-12-04,US,5409,38047,69,2.09,1
u_002851,test,2024-11-27,KR,6491,42036,103,4.27,1
u_009977,test,2024-11-02,US,809,8844,20,0.83,1
u_013790,control,2024-12-29,JP,3304,19971,32,0.84,0
u_004888,test,2024-11-29,US,7721,46042,105,3.49,1
u_004844,control,2024-11-10,JP,3238,16888,37,0.77,0
u_001321,test,2024-11-25,KR,4392,32054,63,2.1,1
u_013269,control,2024-12-24,KR,7674,58091,118,5.72,1
u_004567,test,2024-12-10,KR,6712,54760,110,2.15,1
u_014744,control,2024-11-29,KR,5361,44069,70,1.44,1
u_002297,test,2024-12-20,US,5898,43595,85,1.38,1
u_005388,test,2024-11-17,US,5420,44397,100,2.37,0
u_001906,test,2024-11-06,KR,6952,63220,97,2.43,1
u_007487,control,2024-12-14,JP,8017,60252,132,4.6,0
u_001736,control,2024-12-21,KR,6899,51687,98,4.65,1
u_010318,test,2024-11-30,JP,6854,59049,146,2.01,1
u_011699,test,2024-12-20,KR,4324,25063,44,2.17,1
u_000534,control,2024-12-14,KR,2641,13943,22,1.24,0
u_005649,test,2024-12-17,KR,5193,41849,95,2.12,0
u_007551,test,2024-12-28,KR,5211,45476,101,3.6,1
u_007441,test,2024-12-19,KR,6045,38933,80,4.02,1
u_010289,control,2024-11-13,KR,6023,43882,107,4.42,1
u_009402,test,2024-12-03,US,5671,38777,69,4.12,0
u_008403,test,2024-12-27,KR,5199,48860,83,3.91,1
u_003115,test,2024-11-16,JP,7649,70445,110,3.39,1
u_013104,control,2024-12-20,JP,7314,39434,66,4.01,0
u_014860,control,2024-11-15,KR,1952,16263,28,0.6,1
u_006918,control,2024-11-14,JP,6055,44606,102,3.92,1
u_006801,control,2024-11-23,JP,3744,27388,46,1.74,1
u_012532,control,2024-12-21,KR,5691,33595,62,1.48,1
u_009203,control,2024-12-15,JP,6666,42670,99,2.49,1
u_009499,test,2024-11-08,US,2366,20363,31,2.06,1
u_009536,test,2024-12-08,KR,6307,39064,95,1.21,1
u_001126,control,2024-11-29,JP,5377,42087,99,4.17,1
u_014387,test,2024-11-30,JP,9130,67044,144,4.61,1
u_008398,test,2024-11-23,KR,3130,26760,62,2.8,1
u_002967,test,2024-11-03,KR,5538,37395,90,3.3,0
u_014093,control,2024-12-01,US,8078,51608,85,1.8,1
u_009427,control,2024-12-07,KR,5405,44943,85,1.13,1
u_003232,control,2024-11-23,US,4588,27432,46,1.01,1
u_008701,control,2024-12-15,KR,5550,37326,76,2.93,0
u_014253,control,2024-12-15,KR,5797,42048,99,3.65,1
u_009480,test,2024-11-30,KR,3614,25836,44,1.05,1
u_009404,test,2024-11-03,JP,4596,24443,53,2.26,1
u_004765,test,2024-12-31,US,4958,33924,50,2.85,0
u_001987,test,2024-11-21,KR,5637,51724,93,2.84,1
u_008590,test,2024-12-21,JP,6449,49721,102,4.15,0
u_000302,test,2024-11-25,JP,4509,37961,91,2.17,1
u_013551,test,2024-12-27,KR,4149,39511,87,2.06,0
u_002163,control,2024-11-20,KR,3528,27173,52,0.71,0
u_011145,test,2024-11-28,KR,2904,21828,43,1.87,0
u_003033,test,2024-12-09,KR,5031,26644,51,2.21,0
u_014436,control,2024-11-02,KR,4383,29976,62,1.96,1
u_004386,test,2024-11-16,KR,5217,42156,104,3.47,0
u_009006,control,2024-11-16,JP,4525,30711,65,1.38,1
u_008711,control,2024-12-26,KR,8471,65890,159,6.28,1
u_014944,test,2024-12-15,KR,4901,35721,67,3.26,0
u_005595,control,2024-11-29,US,5335,32995,70,2.15,1
u_009239,test,2024-12-29,KR,4973,39435,81,2.16,1
u_007582,test,2024-11-02,JP,1087,9302,14,0.8,0
u_014910,control,2024-11-28,US,4828,26436,49,1.72,1
u_007986,test,2024-11-08,KR,4705,26609,62,1.42,1
u_011256,test,2024-12-19,US,2732,17983,32,1.53,0
u_013126,control,2024-11-15,KR,7205,49479,107,2.15,1
u_004591,test,2024-12-07,US,6944,51980,115,2.12,1
u_011170,test,2024-11-10,JP,3655,31404,56,3.22,1
u_000832,control,2024-12-26,US,6838,44451,78,1.58,1
u_004743,test,2024-11-18,US,4539,40613,72,1.98,0
u_013894,control,2024-11-17,KR,5448,30440,52,2.15,1
u_006095,control,2024-11-29,JP,8262,53309,93,2.99,1
u_005462,test,2024-11-21,US,3744,28290,68,1.89,0
u_005045,test,2024-11-16,KR,8693,60205,142,3.87,1
u_002344,test,2024-12-31,JP,5450,46999,106,4.82,1
u_009144,test,2024-12-16,JP,3167,26821,64,1.98,0
u_001012,test,2024-11-09,KR,8392,67856,107,5.73,1
u_006783,control,2024-12-31,US,2422,12244,19,0.43,0
u_001082,test,2024-12-23,KR,6186,48396,97,2.55,1
u_007697,control,2024-12-24,JP,8072,62763,124,5.38,1
u_001836,test,2024-11-02,US,6270,42065,103,3.91,1
u_008081,test,2024-12-15,JP,4489,33172,71,3.0,0
u_012683,test,2024-11-02,US,4097,31218,65,1.97,0
u_007082,control,2024-11-17,KR,4038,30163,74,2.61,0
u_000464,test,2024-12-02,US,5332,44217,69,1.27,1
u_005168,control,2024-11-08,JP,6693,30048,64,2.77,1
u_007305,control,2024-11-11,KR,8121,54287,131,3.19,1
u_008620,test,2024-11-09,KR,3145,25249,51,1.25,1
u_010245,test,2024-11-08,JP,3769,29680,70,0.77,0
u_002520,test,2024-12-28,JP,3145,23473,51,1.47,0
u_013046,test,2024-11-20,US,5247,40661,80,2.08,1
u_012667,test,2024-12-14,US,6068,38514,95,1.65,1
u_004802,control,2024-12-16,JP,4649,34974,57,3.57,1
u_014379,test,2024-12-25,KR,3675,21135,41,2.21,1
u_011081,control,2024-12-14,KR,8280,59170,90,5.79,1
u_003798,control,2024-11-30,JP,7925,66284,120,5.76,1
u_008704,control,2024-12-19,US,7158,49170,88,3.77,0
u_006014,test,2024-11-16,KR,5973,40046,97,1.56,0
u_008520,control,2024-12-18,KR,6475,43719,108,1.41,1
u_000654,control,2024-11-04,US,5115,34181,52,3.55,1
u_007911,control,2024-12-02,US,6455,42294,80,3.8,0
u_001754,test,2024-11-14,US,6529,37067,65,2.26,0
u_014614,control,2024-12-12,KR,6681,42189,83,1.7,0
u_009899,test,2024-12-16,KR,3716,34046,79,2.99,1
u_003384,test,2024-11-19,US,6462,46783,79,3.4,1
u_013862,control,2024-11-18,KR,6777,35270,64,3.42,1
u_005920,control,2024-11-05,KR,8085,50926,95,1.33,1
u_003749,control,2024-12-16,JP,2952,23181,35,2.19,0
u_010825,control,2024-11-04,US,8751,70415,106,6.62,0
u_012333,test,2024-12-17,KR,5201,45533,78,3.77,1
u_009637,test,2024-12-19,JP,5384,39298,93,2.5,1
u_010353,control,2024-12-10,KR,4265,28852,63,1.15,1
u_001630,control,2024-12-22,JP,7978,61284,123,4.18,1
u_011130,control,2024-11-11,KR,7009,52879,93,4.52,1
u_013511,control,2024-12-30,KR,6143,36415,67,3.82,1
u_008432,test,2024-11-27,KR,6889,57630,142,5.84,1
u_008021,test,2024-12-19,KR,5842,46000,100,3.49,1
u_002617,test,2024-12-11,US,6343,43342,69,1.22,1
u_004568,test,2024-11-08,JP,7296,54461,117,2.28,0
u_006848,test,2024-11-17,KR,7575,52885,82,5.36,1
u_011947,test,2024-12-31,KR,4697,32222,51,2.71,1
u_012196,control,2024-12-20,KR,4916,24305,37,1.0,0
u_005244,control,2024-11-24,US,4916,28079,54,2.93,0
u_007142,test,2024-11-30,KR,6531,65446,148,7.06,1
u_004777,control,2024-11-29,KR,5259,36178,74,2.31,0
u_000827,test,2024-11-25,KR,4025,25952,62,2.74,1
u_004931,test,2024-12-17,US,4161,38346,69,2.75,1
u_007190,test,2024-12-09,JP,5325,38079,87,3.61,0
u_014042,control,2024-11-26,US,6178,47478,106,3.92,1
u_009152,test,2024-11-19,KR,5911,40284,72,3.26,1
u_004183,control,2024-11-10,US,8118,42578,67,3.86,0
u_002390,control,2024-12-21,KR,5640,45297,78,3.49,1
u_000032,test,2024-12-17,KR,5960,44968,84,2.19,0
u_012274,test,2024-11-09,KR,7575,57633,121,4.68,1
u_012259,test,2024-11-30,US,10839,105219,215,5.63,1
u_011659,test,2024-12-31,KR,6458,43048,72,4.66,0
u_011787,test,2024-12-26,JP,6164,44548,73,3.18,1
u_005358,test,2024-11-16,US,4973,36220,65,1.18,0
u_014139,control,2024-12-19,US,3336,15581,33,0.66,1
u_003836,control,2024-12-03,KR,2638,17183,40,1.77,0
u_011881,test,2024-11-13,JP,7201,54434,131,2.05,1
u_006722,control,2024-11-11,US,6370,45141,82,4.34,1
u_006648,control,2024-11-13,KR,408,2622,5,0.1,0
u_001597,test,2024-12-21,KR,3869,30677,69,0.86,0
u_008712,test,2024-12-12,KR,3458,29783,55,1.34,1
u_011463,control,2024-12-15,KR,4663,21439,50,0.61,1
u_000814,test,2024-11-19,US,4183,28314,65,2.7,0
u_010412,control,2024-12-08,US,4504,34902,78,2.68,0
u_010609,test,2024-11-15,KR,6945,53416,126,2.12,1
u_012223,control,2024-11-15,KR,7740,52940,127,5.6,1
u_010359,test,2024-12-04,KR,4649,40917,98,3.28,1
u_000106,control,2024-11-24,JP,4423,39063,90,3.23,1
u_012671,test,2024-11-17,US,4726,34208,67,0.86,1
u_009943,control,2024-12-20,JP,4090,28491,53,2.57,0
u_004595,test,2024-12-02,US,5626,43987,102,3.67,0
u_004760,control,2024-11-03,JP,4472,30009,71,2.3,1
u_001807,test,2024-12-09,JP,5856,33486,79,2.26,0
u_001606,test,2024-11-01,US,1806,16373,36,0.64,1
u_007659,test,2024-11-15,KR,5209,37488,84,1.7,1
u_010091,control,2024-11-03,US,4467,32412,49,1.33,1
u_007874,test,2024-11-28,KR,4722,40506,89,4.09,1
u_001409,test,2024-11-03,KR,5315,46399,98,3.81,1
u_006522,control,2024-11-12,KR,6391,36354,90,2.76,0
u_007961,control,2024-12-04,KR,1927,15123,26,0.92,1
u_012179,control,2024-12-16,KR,1800,12916,28,0.38,0
u_011016,control,2024-11-17,JP,9620,68727,116,6.58,0
u_013539,test,2024-11-09,KR,6589,58414,143,2.32,0
u_013061,control,2024-12-11,US,4486,26056,65,1.48,1
u_011907,control,2024-12-07,US,6825,48767,83,1.55,0
u_003572,control,2024-11-20,KR,4753,32272,74,2.4,0
u_001561,test,2024-11-29,JP,8077,42162,102,2.19,1
u_009844,test,2024-11-13,JP,7808,55017,98,5.61,1
u_007232,test,2024-12-14,KR,4964,37893,65,1.41,1
u_009182,control,2024-11-21,JP,3770,25643,42,1.45,1
u_013296,control,2024-12-19,KR,5934,43714,87,1.91,1
u_004034,control,2024-11-25,KR,4686,32656,67,3.24,1
u_005360,test,2024-12-21,JP,3147,28015,57,3.05,0
u_006393,control,2024-12-29,KR,7863,44657,67,2.6,0
u_004564,control,2024-11-11,JP,5741,35099,66,3.33,0
u_012884,test,2024-12-25,KR,5029,38595,82,2.38,0
u_014703,control,2024-12-21,KR,3295,26690,55,1.01,1
u_008121,test,2024-11-20,KR,8015,59762,108,2.21,1
u_008185,control,2024-12-18,US,7621,59446,97,3.38,1
u_010081,test,2024-12-23,JP,6483,46323,74,1.91,0
u_008041,test,2024-12-13,KR,7561,49922,101,2.09,1
u_007439,test,2024-11-22,JP,7074,46905,79,2.14,1
u_010077,test,2024-12-20,KR,3709,26837,42,1.53,0
u_002339,control,2024-12-22,KR,7517,39838,61,1.2,0
u_014309,test,2024-12-19,KR,8447,74982,115,5.39,1
u_009425,test,2024-12-19,KR,3747,29867,67,2.23,1
u_007732,control,2024-11-02,KR,6596,32202,79,0.95,0
u_003926,test,2024-12-04,KR,7320,81919,175,5.26,1
u_002837,test,2024-12-19,US,4129,32057,61,2.5,1
u_002467,test,2024-11-09,KR,4871,34196,72,1.27,1
u_002971,test,2024-11-03,KR,2945,23982,50,1.47,0
u_005325,test,2024-11-04,JP,6916,55471,136,4.54,1
u_002345,control,2024-12-16,US,3958,25712,40,1.51,1
u_010338,test,2024-11-10,KR,6795,52205,106,4.52,0
u_006188,test,2024-11-21,US,319,3118,5,0.21,0
u_012108,control,2024-11-19,KR,5335,45845,80,2.99,0
u_001142,control,2024-12-27,US,5600,42924,68,1.13,1
u_010025,control,2024-12-22,JP,3621,26587,42,2.81,1
u_011300,test,2024-11-21,KR,7269,47054,104,2.31,1
u_002794,test,2024-12-27,KR,3073,24645,57,1.23,1
u_010191,control,2024-12-20,US,1288,11161,23,0.45,0
u_000684,test,2024-11-03,KR,3369,22059,40,1.9,0
u_001986,control,2024-11-10,KR,6640,57359,103,3.19,1
u_008906,control,2024-12-19,US,3689,24144,39,0.68,0
u_005280,test,2024-11-06,KR,6762,55282,107,3.74,1
u_012455,control,2024-11-23,KR,1782,12923,25,1.39,1
u_007223,control,2024-12-19,KR,9741,61450,147,5.16,1
u_007421,control,2024-12-24,KR,3842,28910,64,1.39,1
u_010979,test,2024-12-28,KR,7350,51950,93,2.45,0
u_012234,control,2024-12-12,KR,2799,21824,51,2.33,0
u_004453,control,2024-12-31,JP,4985,38977,70,1.16,0
u_000803,control,2024-11-10,KR,7483,42057,92,2.91,1
u_007780,test,2024-12-18,KR,4198,34634,60,1.01,0
u_014596,control,2024-12-17,JP,5949,47162,108,1.22,0
u_005038,test,2024-12-27,KR,4832,42442,94,3.84,1
u_007667,test,2024-11-14,KR,6166,46341,108,4.73,1
u_003555,test,2024-11-08,US,5691,34668,70,2.34,0
u_006384,test,2024-11-26,KR,6090,45046,110,2.75,1
u_006661,control,2024-11-17,KR,7411,52319,126,3.81,0
u_014494,test,2024-11-08,JP,4807,37522,60,1.23,1
u_001544,control,2024-12-09,US,4459,28051,69,2.95,0
u_007355,control,2024-12-04,US,5593,41652,93,1.7,0
u_002111,test,2024-12-17,KR,5010,31051,46,1.84,1
u_011938,control,2024-12-19,KR,2834,20690,44,1.24,0
u_007108,control,2024-12-01,JP,3290,25251,40,2.23,1
u_006884,control,2024-11-23,US,6668,41584,81,3.4,0
u_010041,test,2024-12-28,KR,7147,54133,113,2.59,1
u_003172,control,2024-11-15,KR,4564,32002,79,1.17,1
u_012262,control,2024-11-07,KR,6782,47851,98,1.7,1
u_014024,test,2024-11-09,JP,5969,44896,80,2.79,1
u_010523,control,2024-11-28,US,5969,49980,114,1.84,1
u_001592,control,2024-11-20,JP,3781,27130,53,1.63,1
u_008823,test,2024-12-13,JP,6707,52706,128,5.59,1
u_004471,control,2024-12-18,KR,4471,28826,53,1.99,0
u_002893,control,2024-11-17,KR,6792,48762,109,2.89,0
u_011556,test,2024-11-05,JP,5685,33765,57,3.25,1
u_001924,test,2024-11-12,US,5027,30953,50,1.01,1
u_003054,test,2024-11-13,KR,7414,70028,167,5.55,1
u_000233,test,2024-12-03,KR,7173,48263,92,5.22,0
u_004352,control,2024-12-30,US,5379,38756,65,1.09,1
u_011705,test,2024-11-10,US,5749,36579,84,1.75,1
u_005961,control,2024-12-23,JP,5478,41525,100,3.58,1
u_007930,control,2024-11-20,JP,8502,41277,85,2.32,0
u_013327,test,2024-12-05,JP,7278,74967,119,4.86,0
u_004160,control,2024-12-31,JP,6263,38321,67,3.42,1
u_001998,test,2024-12-27,KR,2826,23971,58,1.25,1
u_014591,control,2024-12-17,KR,4975,29269,53,1.04,1
u_001933,control,2024-11-27,JP,4801,37710,90,1.0,1
u_006565,test,2024-12-10,KR,2334,12054,23,0.85,1
u_006832,test,2024-12-23,JP,3564,29932,51,1.6,0
u_010631,test,2024-12-09,KR,4297,33923,51,2.21,1
u_013892,control,2024-12-20,JP,3409,25057,42,2.7,1
u_001249,test,2024-11-06,KR,4686,38405,92,3.19,0
u_009244,control,2024-12-13,JP,7696,46536,104,4.79,1
u_003245,control,2024-11-19,KR,4304,35289,53,2.25,1
u_000548,test,2024-12-19,KR,7135,46805,85,1.75,1
u_009900,control,2024-11-16,US,3749,20388,45,1.8,0
u_012553,control,2024-11-19,KR,5498,28450,55,2.48,1
u_002621,test,2024-12-22,JP,7055,48247,83,4.56,1
u_010752,control,2024-11-16,US,6071,39376,79,4.24,0
u_010515,test,2024-12-29,KR,7068,55213,118,1.66,1
u_005579,control,2024-11-27,KR,4774,19626,43,1.73,0
u_011740,test,2024-12-13,KR,6781,58380,94,5.45,1
u_011461,test,2024-12-27,KR,4172,39002,73,1.74,1
u_002320,test,2024-11-17,KR,5364,45620,74,4.78,1
u_003375,control,2024-12-18,KR,5181,39046,59,2.43,0
u_003155,test,2024-12-27,KR,2659,21674,33,1.84,0
u_007778,test,2024-11-09,JP,6341,60186,143,5.68,0
u_005509,control,2024-12-04,KR,2470,16584,29,0.97,0
u_000861,test,2024-12-18,JP,5485,37282,70,1.42,1
u_004465,control,2024-12-29,US,3568,28680,70,2.96,1
u_006538,control,2024-12-04,KR,5930,53797,129,3.12,0
u_001106,control,2024-11-18,KR,7464,52198,84,3.73,1
u_011909,control,2024-11-13,KR,4321,21370,37,2.28,1
u_001374,control,2024-11-19,US,4743,33320,70,2.02,1
u_001103,control,2024-12-28,KR,3860,28023,64,0.74,0
u_012158,test,2024-11-18,KR,8464,53479,114,1.73,1
u_001655,test,2024-12-20,JP,4550,38007,84,3.77,1
u_013350,control,2024-11-10,JP,4846,39747,74,1.95,1
u_009214,control,2024-11-24,JP,1804,12217,27,0.8,0
u_012243,control,2024-12-25,US,5193,39185,59,1.02,0
u_010930,control,2024-11-25,US,8383,62929,120,2.19,1
u_003140,control,2024-12-14,US,6892,45074,77,3.41,0
u_007120,test,2024-11-06,KR,4013,29834,48,2.35,1
u_009266,test,2024-11-16,KR,4204,35915,66,2.7,1
u_005362,test,2024-12-11,US,10988,75162,162,4.37,1
u_014699,control,2024-12-21,KR,4646,32085,66,0.93,0
u_001916,test,2024-12-04,KR,7215,47846,98,3.94,1
u_002405,control,2024-11-04,KR,5315,30779,64,1.52,1
u_005990,control,2024-12-24,US,5033,33974,55,2.33,1
u_007975,control,2024-12-04,KR,3938,26400,56,1.55,0
u_006833,test,2024-11-24,JP,4765,37244,86,2.5,1
u_002741,control,2024-12-16,US,5254,32887,71,2.33,1
u_007506,control,2024-12-11,KR,7239,46707,83,2.52,1
u_005995,test,2024-12-14,JP,3697,28846,53,1.88,1
u_006262,test,2024-12-09,JP,3962,27605,62,1.84,1
u_008759,control,2024-11-18,KR,7578,61008,122,4.41,0
u_010735,test,2024-11-23,KR,5612,47739,110,3.85,0
u_006354,control,2024-11-03,US,5217,33092,53,1.3,1
u_001654,control,2024-12-06,KR,6844,43273,82,4.33,0
u_006402,test,2024-11-02,KR,8242,73602,155,2.47,0
u_009874,test,2024-12-01,KR,4948,39524,85,3.94,0
u_002609,control,2024-12-13,KR,1960,13396,30,1.45,0
u_008320,test,2024-11-20,KR,7189,47857,77,2.7,1
u_006428,control,2024-11-11,JP,6604,40392,62,4.22,1
u_006806,test,2024-12-13,KR,6749,45905,88,1.28,1
u_007039,control,2024-12-05,KR,7598,49058,94,4.5,1
u_009343,test,2024-12-02,KR,6632,47874,98,3.96,1
u_004614,test,2024-12-24,KR,5031,32729,64,1.2,1
u_008439,test,2024-11-23,KR,5562,48100,106,2.92,1
u_007963,control,2024-12-27,US,2027,13112,25,1.01,0
u_011551,test,2024-11-06,JP,8154,60811,98,2.24,1
u_004307,control,2024-12-21,KR,5179,41168,63,1.29,0
u_003333,control,2024-11-10,US,7722,62197,110,1.67,0
u_002627,test,2024-11-19,US,5643,56734,134,3.65,0
u_008686,control,2024-11-17,KR,4179,30348,68,2.72,0
u_000576,control,2024-11-07,US,5824,47987,103,1.22,1
u_001706,control,2024-12-18,KR,4265,27408,61,0.69,0
u_000278,control,2024-12-01,KR,8831,74630,156,2.48,1
u_011560,control,2024-11-17,KR,2432,17422,41,0.55,1
u_009487,test,2024-12-18,KR,3331,16642,31,0.61,1
u_007723,test,2024-12-02,KR,5601,46884,80,2.08,0
u_014759,control,2024-12-19,KR,3838,18346,41,1.17,0
u_003777,test,2024-11-06,KR,5482,38447,62,3.11,0
u_011504,test,2024-12-21,JP,3423,29152,65,2.99,0
u_012527,test,2024-12-09,US,2639,20176,50,1.65,1
u_006775,test,2024-12-09,KR,7494,57428,118,6.25,1
u_006281,test,2024-12-28,KR,6550,45874,107,4.03,1
u_003125,test,2024-11-18,KR,5424,44858,98,2.9,0
u_014954,control,2024-12-29,JP,4396,25045,39,2.3,0
u_013863,control,2024-12-02,KR,6249,45838,102,2.09,1
u_004995,control,2024-12-12,US,9594,52890,114,5.25,1
u_000472,control,2024-11-11,JP,3809,24797,57,2.0,0
u_009769,test,2024-11-10,JP,7573,58973,125,1.72,1
u_000721,test,2024-11-30,JP,6463,43896,83,3.48,1
u_014352,control,2024-12-04,US,6448,50678,113,3.98,0
u_014297,control,2024-12-28,KR,4060,29752,60,1.69,1
u_005164,test,2024-11-15,KR,9092,59911,119,4.34,1
u_001834,test,2024-11-18,KR,5843,45899,108,1.64,1
u_007480,test,2024-11-25,US,6546,43986,88,2.89,0
u_012904,test,2024-11-29,KR,4267,32019,78,1.4,0
u_004853,test,2024-12-20,KR,6307,35397,58,2.47,1
u_003251,test,2024-12-24,KR,6484,44076,82,4.29,0
u_011779,test,2024-12-23,KR,8082,67311,117,6.76,1
u_013179,test,2024-12-23,US,6937,48884,85,1.45,1
u_005217,test,2024-11-06,KR,5043,35426,80,2.08,0
u_008805,test,2024-11-01,US,6370,53286,110,2.57,0
u_003918,control,2024-11-12,JP,6852,41436,88,2.84,0
u_003702,test,2024-12-03,KR,5262,39305,80,3.78,1
u_012644,test,2024-12-27,KR,4313,33616,72,2.42,1
u_007178,test,2024-11-01,JP,5245,32601,64,1.54,0
u_011155,control,2024-11-29,US,5618,32595,58,2.02,1
u_013052,test,2024-12-19,KR,5821,45614,106,2.88,1
u_008400,control,2024-11-01,US,7517,38421,76,1.22,1
u_007428,control,2024-11-04,KR,4602,35357,78,2.81,1
u_004022,test,2024-11-23,KR,5765,39943,76,2.13,1
u_007201,test,2024-11-20,KR,6563,59306,102,3.36,1
u_011630,test,2024-11-08,JP,8924,75064,137,4.74,1
u_006807,test,2024-12-28,KR,3985,31493,62,2.46,1
u_006960,test,2024-12-21,JP,6095,52133,119,4.73,1
u_005661,control,2024-11-25,KR,3759,22202,37,1.89,0
u_009002,test,2024-11-13,KR,7965,60373,122,5.61,0
u_009919,test,2024-12-19,KR,6731,54955,113,5.64,1
u_011591,control,2024-12-12,US,8174,51831,87,4.56,1
u_006840,control,2024-11-05,KR,4488,29717,54,0.97,0
u_001665,control,2024-11-22,US,4964,40920,68,3.14,1
u_003694,control,2024-11-19,US,7300,50059,117,3.64,1
u_014434,control,2024-12-11,KR,6733,47762,77,1.73,1
u_013798,control,2024-12-04,KR,6708,54483,87,1.66,0
u_009434,test,2024-12-04,JP,3433,20753,51,1.78,0
u_002780,control,2024-12-28,JP,8072,60383,108,2.8,0
u_005860,test,2024-12-22,JP,3638,36534,64,3.04,1
u_008067,test,2024-12-01,KR,5277,47362,90,4.82,1
u_014811,control,2024-12-10,JP,5511,32185,73,2.87,1
u_012368,control,2024-11-14,US,3419,29021,68,2.58,0
u_005856,control,2024-11-26,KR,5682,45159,87,4.41,1
u_002630,test,2024-12-09,JP,4415,31182,50,2.94,1
u_011918,control,2024-11-07,US,4696,34769,59,3.53,1
u_011429,test,2024-11-12,US,7380,60036,144,6.23,1
u_011803,control,2024-11-26,KR,5190,45612,102,4.44,1
u_000062,control,2024-12-20,JP,4136,32516,73,3.35,1
u_003029,test,2024-12-24,JP,934,6713,12,0.6,1
u_001569,test,2024-12-02,KR,4048,32870,61,3.52,0
u_014756,control,2024-11-28,KR,5460,38609,69,4.13,0
u_012233,control,2024-11-23,US,8035,58028,136,2.5,1
u_003063,test,2024-11-23,US,5972,42056,97,3.77,1
u_010767,test,2024-11-30,KR,3001,23778,49,0.96,0
u_008502,control,2024-12-27,KR,5174,39641,87,2.11,1
u_008232,control,2024-11-07,JP,5186,31405,58,2.06,0
u_003396,control,2024-12-02,US,4915,27735,63,1.22,0
u_001191,control,2024-12-20,JP,5069,41061,84,2.44,1
u_007185,control,2024-12-02,JP,5884,30709,61,3.35,1
u_012747,test,2024-12-06,KR,4998,36290,65,2.47,1
u_010452,test,2024-11-11,JP,3611,32298,55,1.26,1
u_003956,control,2024-11-01,US,3758,21360,40,1.0,0
u_009537,control,2024-11-07,KR,6475,52736,88,4.44,1
u_014332,test,2024-11-19,US,6091,46692,97,1.29,1
u_012446,test,2024-11-06,JP,4313,30186,51,2.14,1
u_002388,control,2024-12-11,JP,5873,41093,73,2.93,0
u_008072,control,2024-12-08,JP,5595,44108,106,3.87,1
u_003285,test,2024-11-09,KR,8653,74580,157,2.57,1
u_003539,control,2024-11-15,JP,2845,25300,48,1.97,1
u_013959,test,2024-12-01,KR,1948,15313,31,0.77,1
u_010940,control,2024-12-23,US,4118,35570,77,3.75,0
u_011647,control,2024-12-17,KR,6602,51242,98,5.63,0
u_007638,control,2024-11-05,US,5540,41531,80,2.23,1
u_002422,control,2024-12-10,KR,7979,58247,101,5.53,0
u_009898,test,2024-11-11,KR,7051,54827,107,2.33,1
u_000384,test,2024-12-17,JP,9171,91249,218,6.45,1
u_011164,test,2024-11-17,US,4601,35252,78,3.68,1
u_001932,control,2024-11-03,US,3304,17924,35,1.88,1
u_002661,control,2024-12-06,KR,7246,59272,114,2.17,1
u_009055,test,2024-12-02,KR,3454,32490,50,2.48,1
u_005503,test,2024-12-20,KR,2992,21491,45,2.35,0
u_009455,control,2024-11-05,JP,7192,56987,134,4.48,1
u_005630,control,2024-11-20,KR,5877,41373,94,3.46,1
u_007483,control,2024-11-14,US,3350,20302,41,1.79,0
u_009470,test,2024-12-29,KR,1911,13666,27,1.13,0
u_013571,test,2024-11-02,KR,3860,30362,47,2.53,0
u_008507,control,2024-12-03,KR,5471,32001,51,2.95,1
u_005582,control,2024-12-31,KR,4547,30329,55,1.44,1
u_012803,control,2024-11-24,KR,2649,23665,54,1.89,0
u_012064,test,2024-12-10,US,7907,65976,127,4.93,1
u_000066,control,2024-12-28,KR,8371,62279,106,3.53,1
u_008962,control,2024-11-30,KR,1773,11903,20,0.73,0
u_009209,test,2024-11-05,JP,4287,39724,75,1.14,1
u_012817,test,2024-11-04,JP,8387,48843,75,2.38,1
u_014110,test,2024-11-25,KR,6238,42098,71,2.45,0
u_014773,test,2024-12-09,JP,7553,52586,87,2.03,1
u_001927,test,2024-11-06,US,3609,22408,55,1.75,0
u_005385,control,2024-11-18,KR,4868,38146,72,3.88,1
u_014210,test,2024-12-09,KR,6235,56321,104,4.57,0
u_011528,test,2024-12-03,KR,6404,59128,98,3.85,1
u_013348,control,2024-11-28,KR,7555,59613,143,6.37,1
u_004496,test,2024-12-14,KR,5501,29212,66,2.8,1
u_001008,control,2024-11-04,KR,6727,51356,92,2.11,0
u_014444,test,2024-11-20,JP,5376,38087,87,2.79,1
u_004790,control,2024-12-12,JP,6266,36809,76,1.15,1
u_000196,test,2024-12-10,JP,4722,29148,67,1.99,0
u_013588,control,2024-11-23,JP,7161,54069,109,2.68,1
u_000830,test,2024-12-21,US,2676,19193,39,1.93,0
u_009752,test,2024-12-07,US,2923,23263,57,2.23,0
u_008458,test,2024-12-30,KR,8067,63394,106,4.74,1
u_008667,control,2024-11-01,JP,983,6524,13,0.31,0
u_010715,test,2024-12-07,KR,5704,45581,88,4.05,0
u_005392,control,2024-12-20,US,3762,28475,47,2.07,1
u_000073,control,2024-11-21,JP,5406,39234,80,1.94,1
u_007361,control,2024-12-17,US,5826,43653,86,1.66,1
u_006203,control,2024-11-17,US,8233,72764,168,6.49,1
u_003288,test,2024-12-18,KR,4831,44993,96,1.49,1
u_009985,test,2024-11-14,KR,7324,61386,111,3.88,1
u_007356,control,2024-12-31,KR,5431,39761,85,2.57,0
u_004850,test,2024-11-27,KR,7407,56387,121,5.28,1
u_005242,test,2024-12-04,JP,4185,20084,34,2.08,0
u_004683,test,2024-11-04,US,3766,36555,83,3.3,1
u_009027,test,2024-12-02,KR,6451,42757,87,1.49,1
u_011664,test,2024-12-26,US,4405,33696,81,0.88,1
u_009772,control,2024-11-21,KR,5928,35284,65,3.32,1
u_009169,test,2024-11-25,JP,5350,35987,64,2.41,1
u_013822,test,2024-12-17,KR,4582,27987,63,2.21,0
u_009176,test,2024-12-20,KR,5892,54440,108,4.36,1
u_007857,test,2024-12-02,KR,8560,67772,125,5.2,1
u_006760,test,2024-11-18,KR,2999,17985,39,1.17,0
u_003249,control,2024-12-04,US,7863,61304,138,3.43,1
u_000328,control,2024-11-27,US,6438,41665,79,3.89,1
u_001911,control,2024-11-28,US,5609,27034,41,1.41,0
u_010633,test,2024-11-18,KR,7957,65696,164,6.12,0
u_002941,control,2024-12-20,JP,3943,23978,56,2.32,0
u_004454,control,2024-11-07,US,2569,18120,34,1.61,0
u_001084,test,2024-12-02,KR,3704,33675,60,2.87,1
u_009154,control,2024-11-01,KR,3816,31199,61,1.87,1
u_002899,test,2024-11-08,KR,7111,45871,105,4.37,1
u_003839,test,2024-12-15,US,4013,33851,77,3.39,1
u_012005,test,2024-11-13,JP,5646,42853,87,4.36,1
u_012084,test,2024-11-30,KR,4431,37253,80,3.65,0
u_012812,test,2024-11-20,US,7794,55536,84,5.45,0
u_001753,control,2024-12-12,KR,5388,46183,88,2.95,1
u_003274,control,2024-12-27,KR,6063,48380,105,1.62,1
u_002913,control,2024-12-06,KR,7094,52455,119,2.32,1
u_007113,control,2024-11-04,KR,6705,37777,86,3.81,1
u_010237,test,2024-11-13,US,4839,34315,81,1.55,1
u_002976,control,2024-12-05,KR,5533,33795,77,3.31,1
u_006266,control,2024-12-06,KR,8973,56696,98,1.68,0
u_012451,control,2024-11-17,JP,4275,26487,63,1.63,0
u_001437,control,2024-11-01,KR,9408,55808,131,5.47,1
u_012840,control,2024-11-02,KR,9181,59449,97,5.91,1
u_010448,test,2024-11-14,KR,4806,36511,86,1.22,0
u_012347,control,2024-11-28,KR,7885,59728,133,5.87,1
u_009657,control,2024-11-13,KR,4003,19645,30,1.72,1
u_010933,test,2024-12-26,US,7290,50609,98,4.57,0
u_010389,test,2024-12-07,JP,6732,49108,98,2.51,1
u_007647,control,2024-11-04,JP,7265,41923,103,3.43,0
u_001047,test,2024-11-02,US,7952,44801,101,4.53,0
u_013379,control,2024-11-17,KR,6158,41692,86,3.27,1
u_006736,test,2024-11-16,KR,2746,19658,36,0.72,1
u_007864,test,2024-12-02,US,6128,40817,93,3.38,1
u_010243,control,2024-11-18,KR,7186,49457,92,4.25,1
u_001057,test,2024-12-15,KR,3687,33305,51,1.74,1
u_002076,control,2024-12-22,KR,5751,45779,98,3.35,0
u_009386,test,2024-12-16,KR,7447,56685,132,2.77,1
u_013283,control,2024-12-26,KR,3868,31391,76,3.4,0
u_005496,control,2024-11-11,KR,5340,41328,95,2.2,0
u_000099,test,2024-11-29,KR,5750,41380,99,2.88,0
u_010973,test,2024-11-01,KR,1203,7878,14,0.42,0
u_010917,test,2024-11-15,KR,3602,24061,55,0.88,0
u_011436,control,2024-11-15,KR,4212,26757,43,1.28,1
u_000793,test,2024-12-01,JP,5572,34670,76,2.03,0
u_006198,test,2024-12-07,US,4180,27689,64,1.9,1
u_011433,test,2024-11-18,KR,7095,54993,85,5.34,1
u_014543,test,2024-11-09,KR,6246,49145,94,4.92,0
u_013641,control,2024-11-13,US,6917,42848,91,3.66,1
u_007491,control,2024-11-07,US,7560,64446,122,2.37,1
u_000975,control,2024-12-14,JP,6815,45506,96,4.56,1
u_014588,control,2024-12-30,KR,7066,42680,79,2.9,1
u_012348,test,2024-11-28,JP,3525,22524,45,1.45,1
u_011704,control,2024-12-12,KR,4858,35831,89,1.56,1
u_008108,control,2024-12-04,KR,6131,51765,118,4.63,0
u_014909,test,2024-11-15,KR,6274,38509,59,3.64,1
u_003583,control,2024-11-11,US,5950,56561,121,4.62,0
u_000299,control,2024-12-30,KR,4173,38835,70,2.94,1
u_008553,test,2024-11-12,KR,7522,50437,102,5.39,0
u_014641,control,2024-12-09,JP,2126,15324,30,0.64,1
u_006082,test,2024-12-04,JP,5758,37721,68,1.31,1
u_005657,test,2024-12-24,JP,3088,25900,60,0.7,1
u_005443,test,2024-12-02,KR,3085,26345,62,2.38,0
u_001097,control,2024-11-03,JP,6179,41035,81,2.22,1
u_014656,test,2024-12-03,JP,7141,48079,76,2.09,1
u_004320,control,2024-11-18,KR,7560,61722,92,3.23,1
u_013060,test,2024-11-16,KR,4786,35715,74,3.07,1
u_007606,test,2024-12-22,KR,1309,9813,20,0.48,0
u_004436,test,2024-11-21,KR,5394,33262,60,3.4,1
u_014781,control,2024-11-02,JP,3586,22577,54,2.37,0
u_012458,test,2024-11-24,US,6313,46832,82,4.02,0
u_000925,control,2024-12-21,KR,4788,35084,74,2.5,1
u_012694,control,2024-11-07,US,5449,46157,96,1.87,0
u_011071,control,2024-12-15,KR,5366,43611,97,1.16,1
u_003300,test,2024-11-18,KR,5026,40027,70,3.03,1
u_010231,control,2024-12-06,KR,2786,23215,49,1.32,1
u_008423,test,2024-11-15,JP,4551,25071,56,1.41,0
u_008945,test,2024-11-14,JP,6255,54569,113,1.94,0
u_006410,test,2024-12-11,JP,5067,43397,81,1.74,0
u_003654,test,2024-11-25,KR,4688,35849,58,3.05,1
u_014585,test,2024-11-04,US,6700,50843,113,2.93,1
u_003967,control,2024-11-26,KR,7823,42418,96,1.67,0
u_003771,control,2024-11-30,KR,6503,47308,98,2.95,1
u_003059,test,2024-11-29,KR,6329,35856,55,2.95,1
u_007158,control,2024-11-03,US,3011,24441,43,0.93,0
u_006889,test,2024-11-05,JP,8200,64828,102,3.98,1
u_006809,test,2024-11-20,US,6749,43898,101,2.63,1
u_012939,test,2024-11-24,JP,5219,35157,59,3.35,1
u_002584,test,2024-11-20,KR,6899,56122,85,5.0,0
u_012297,test,2024-12-11,US,6031,50912,101,2.33,1
u_005622,test,2024-11-03,KR,6669,66630,136,2.65,1
u_000519,test,2024-11-07,KR,7046,54443,132,3.34,1
u_014343,control,2024-11-29,KR,7597,60294,113,2.73,0
u_007640,test,2024-12-26,US,4615,37719,78,3.93,1
u_010984,test,2024-12-12,KR,4727,36465,83,3.07,0
u_002486,test,2024-12-07,US,3848,28767,65,2.06,1
u_010851,control,2024-11-18,KR,3810,19190,40,1.5,0
u_007500,test,2024-12-07,KR,6271,45278,102,3.91,1
u_000012,test,2024-11-09,JP,6877,57956,121,5.53,1
u_012489,control,2024-11-17,JP,6480,44624,85,2.91,1
u_009775,test,2024-11-21,KR,6461,33326,79,2.38,1
u_002554,test,2024-11-15,KR,3334,24210,58,2.54,1
u_004566,test,2024-11-04,KR,6585,43464,70,3.26,0
u_005120,control,2024-12-19,KR,4818,30465,64,0.8,0
u_002779,test,2024-11-20,KR,7623,42830,97,2.36,1
u_011292,test,2024-12-30,KR,6313,48906,80,4.93,1
u_011550,test,2024-11-29,US,3432,20848,38,2.08,0
u_009559,test,2024-12-13,KR,6699,59219,97,5.85,1
u_004068,test,2024-11-30,US,5492,54054,122,5.56,1
u_011198,control,2024-12-06,KR,3554,23107,52,1.2,0
u_002330,control,2024-11-12,US,2285,16955,26,1.19,1
u_007970,test,2024-12-04,US,6124,61837,120,2.55,0
u_008031,test,2024-12-24,JP,3904,31039,69,2.87,1
u_001245,control,2024-12-27,KR,8774,56352,100,4.31,1
u_004303,control,2024-12-26,KR,7712,52422,129,2.83,1
u_010427,test,2024-11-10,KR,8615,71432,160,5.19,1
u_001676,control,2024-11-10,KR,3885,26932,64,1.06,1
u_012853,control,2024-11-27,KR,5377,36035,84,2.36,0
u_007833,test,2024-11-19,KR,6342,40493,68,4.09,1
u_000929,test,2024-12-22,US,3462,28177,63,1.44,0
u_006803,test,2024-11-17,US,2205,10401,16,0.38,0
u_000729,test,2024-11-24,KR,7520,76557,150,2.49,1
u_005722,test,2024-11-28,JP,5780,52384,100,4.99,1
u_011798,test,2024-11-15,KR,3602,31698,50,2.86,1
u_004787,control,2024-12-02,KR,2342,20927,33,1.34,0
u_003164,test,2024-11-06,KR,1402,8874,15,0.81,0
u_001088,control,2024-12-09,US,6768,52695,96,3.77,1
u_005540,control,2024-12-15,US,6979,54921,116,4.66,0
u_003302,control,2024-11-30,US,7315,55734,99,2.78,1
u_014780,test,2024-12-16,KR,7765,48874,79,4.89,0
u_003848,control,2024-12-26,US,9313,57259,115,5.29,1
u_008239,control,2024-12-07,JP,6705,44618,78,4.24,1
u_013738,control,2024-11-04,KR,8091,43881,94,2.43,1
u_011506,test,2024-11-10,JP,10074,98845,172,10.13,0
u_006667,test,2024-12-17,KR,3671,27432,56,1.92,0
u_006682,test,2024-11-17,US,6920,55882,85,4.2,1
u_004341,control,2024-12-19,JP,4040,29023,50,0.76,1
u_014668,test,2024-11-25,US,6030,50129,115,4.9,1
u_013331,test,2024-12-07,US,6375,31019,68,1.34,0
u_007569,test,2024-12-04,JP,7360,44594,108,1.41,1
u_002856,test,2024-12-26,JP,2611,18025,35,0.94,1
u_011245,test,2024-11-15,KR,6638,53380,80,4.97,1
u_001135,test,2024-12-04,JP,7840,73845,151,7.63,1
u_008666,control,2024-11-29,JP,4026,26232,42,0.69,1
u_004958,test,2024-12-16,JP,4536,35790,69,1.78,1
u_007229,test,2024-12-13,KR,4750,40103,69,3.25,1
u_006225,control,2024-12-27,JP,2715,19040,38,1.76,0
u_001603,control,2024-11-22,KR,6370,48895,117,5.19,1
u_001196,control,2024-12-02,JP,4175,34551,78,1.45,1
u_009553,control,2024-12-24,JP,3941,20432,34,1.79,1
u_007511,control,2024-11-17,US,1916,13824,33,1.06,1
u_005232,test,2024-11-30,KR,5565,45030,91,4.24,1
u_000482,control,2024-11-01,JP,2764,28802,47,1.1,1
u_012794,control,2024-12-30,KR,4861,38670,63,1.2,1
u_005166,test,2024-12-03,US,5084,36665,76,3.46,1
u_007787,test,2024-12-22,KR,5241,42501,87,3.51,0
u_003927,control,2024-11-20,JP,3153,19872,45,1.96,0
u_012340,control,2024-11-07,US,6289,43493,103,2.32,0
u_004009,control,2024-12-27,KR,6667,36269,61,0.97,0
u_000568,control,2024-12-01,KR,4353,29225,64,2.94,0
u_011042,test,2024-11-06,KR,6527,49823,103,4.82,1
u_007407,test,2024-11-05,JP,8577,69481,129,4.05,1
u_014061,control,2024-12-17,JP,7380,60625,112,6.32,1
u_000987,control,2024-12-30,KR,6413,39078,92,3.66,0
u_011267,test,2024-11-01,KR,5471,47275,81,4.12,1
u_011119,control,2024-11-14,KR,5952,38826,63,1.87,0
u_009861,test,2024-12-20,KR,6590,46907,111,4.09,1
u_004782,control,2024-11-30,KR,7296,57654,90,6.08,1
u_002563,control,2024-11-11,JP,5458,32170,75,0.96,0
u_010434,control,2024-12-29,JP,3876,23966,53,0.73,0
u_007953,control,2024-11-09,JP,9222,53976,95,3.35,1
u_011614,test,2024-12-05,KR,6223,50152,80,4.25,0
u_013426,test,2024-11-22,US,3937,34061,72,2.09,0
u_003203,control,2024-11-24,KR,8565,53036,115,2.19,1
u_006035,test,2024-12-29,KR,5876,63819,143,2.01,1
u_013886,test,2024-12-22,KR,6232,51574,93,1.61,1
u_014355,control,2024-12-10,KR,5304,34972,85,1.17,0
u_011976,test,2024-11-24,KR,6296,50489,113,2.79,1
u_011774,test,2024-11-22,JP,5677,45377,75,1.4,1
u_005438,control,2024-11-27,KR,4724,31764,59,2.54,0
u_013760,test,2024-12-26,US,5176,44508,95,1.51,1
u_006234,control,2024-12-16,KR,975,8269,18,0.57,0
u_003398,control,2024-12-19,US,7524,53168,110,3.6,0
u_014245,test,2024-11-21,KR,6072,38535,86,1.84,1
u_003710,test,2024-11-26,US,1904,18223,41,0.5,1
u_008204,control,2024-12-04,KR,2751,19676,42,0.73,1
u_013889,control,2024-11-07,KR,2184,11781,23,0.61,0
u_008609,control,2024-11-25,KR,6667,48793,116,2.82,0
u_011854,test,2024-11-22,KR,106,835,1,0.04,0
u_007648,test,2024-12-11,KR,4459,38234,64,3.52,1
u_006795,test,2024-12-08,KR,8677,63163,150,6.46,1
u_010314,control,2024-12-13,JP,4524,37133,70,3.87,1
u_005664,test,2024-12-13,KR,8868,70880,160,2.07,1
u_012746,control,2024-11-29,US,4046,31357,58,1.3,1
u_013407,test,2024-12-08,KR,4382,33185,61,2.71,0
u_012286,test,2024-12-05,KR,5608,40871,73,2.96,1
u_009983,test,2024-12-23,JP,7605,74019,178,4.1,1
u_013854,control,2024-12-07,KR,6899,44209,106,1.37,1
u_012345,control,2024-11-30,JP,5361,39968,96,3.43,0
u_002925,test,2024-11-30,KR,4591,36567,85,2.06,1
u_002934,test,2024-11-26,KR,4039,23846,44,0.61,1
u_013878,control,2024-12-23,US,4850,33837,62,1.09,1
u_002032,test,2024-12-01,KR,8866,72881,140,3.62,1
u_013452,test,2024-12-28,KR,4559,27617,51,2.33,0
u_007903,test,2024-11-05,US,5477,37918,65,3.75,1
u_008904,test,2024-12-11,KR,3753,23577,44,0.8,1
u_014540,control,2024-11-17,KR,5382,38506,61,3.83,0
u_004646,control,2024-12-09,US,4269,30431,66,1.13,1
u_012600,test,2024-11-29,KR,8256,62558,148,5.87,0
u_009071,test,2024-12-01,KR,7669,45879,99,4.45,1
u_007342,control,2024-12-02,KR,3785,27359,44,1.84,1
u_002742,control,2024-11-05,KR,6567,41951,85,2.15,1
u_001745,test,2024-11-28,JP,4951,36063,88,3.45,1
u_010969,control,2024-12-25,KR,5151,34643,52,3.58,1
u_010429,test,2024-12-12,JP,7176,47096,100,2.79,1
u_009403,test,2024-12-10,KR,5491,40577,64,3.05,1
u_005020,control,2024-11-18,KR,5898,35583,75,2.31,1
u_005454,test,2024-11-29,KR,4610,26335,46,2.66,1
u_006479,test,2024-11-10,JP,5613,41755,73,2.6,1
u_009439,control,2024-12-16,KR,6124,45490,83,4.09,1
u_007784,control,2024-11-27,KR,5692,37179,61,1.32,0
u_014875,control,2024-12-15,JP,6276,49246,85,3.24,0
u_005768,control,2024-12-05,KR,5489,40057,89,1.06,1
u_000727,control,2024-11-13,KR,3424,17527,33,1.08,0
u_011937,control,2024-11-05,KR,9891,71192,123,2.47,0
u_004330,control,2024-11-15,KR,1476,9751,20,0.43,0
u_006882,control,2024-12-05,KR,4699,21936,41,0.98,0
u_014625,control,2024-12-17,US,5654,36198,74,1.03,1
u_008671,control,2024-11-25,KR,3244,17956,30,1.97,1
u_001261,test,2024-12-22,JP,8959,65539,148,4.73,1
u_006084,control,2024-12-19,KR,5852,46753,110,1.73,1
u_008558,test,2024-12-19,KR,7106,48413,108,4.8,1
u_008516,control,2024-11-28,KR,5034,33027,49,2.44,1
u_006090,test,2024-11-07,KR,4682,44312,75,1.36,1
u_002869,test,2024-11-21,KR,3163,24408,40,1.26,0
u_008521,control,2024-12-19,KR,1039,6999,16,0.55,0
u_006627,control,2024-12-13,KR,5965,34070,82,1.33,1
u_011876,control,2024-11-30,KR,7558,43715,103,3.26,0
u_008534,control,2024-12-06,KR,3020,22230,43,1.91,0
u_007027,test,2024-11-06,KR,3723,30431,54,2.71,1
u_012291,control,2024-11-10,KR,6521,47643,94,3.14,0
u_004872,test,2024-12-29,KR,7002,43806,88,4.45,0
u_012394,test,2024-12-27,KR,7780,47595,93,2.06,1
u_000018,control,2024-12-28,KR,3624,24182,59,2.04,1
u_000778,control,2024-12-03,KR,8287,54651,89,2.28,1
u_003787,control,2024-11-10,KR,6360,50119,75,2.58,1
u_001078,control,2024-11-08,KR,9050,67929,159,6.62,1
u_012508,test,2024-11-01,KR,8960,66582,131,6.59,0
u_003444,test,2024-11-09,KR,8409,56292,105,3.39,1
u_009184,test,2024-11-11,JP,5328,52308,105,2.62,0
u_005642,test,2024-12-12,KR,5031,46394,83,3.04,1
u_011421,test,2024-12-17,KR,6289,45427,81,2.98,0
u_003610,control,2024-12-17,US,5521,34641,81,2.41,0
u_006822,test,2024-12-02,US,6901,66603,143,5.65,0
u_011905,control,2024-11-02,JP,5290,38304,85,3.51,0
u_012885,test,2024-11-04,JP,5409,44558,68,4.08,1
u_006968,control,2024-11-27,JP,6130,46077,95,3.96,0
u_008953,control,2024-12-05,KR,9143,84428,170,2.24,1
u_007384,test,2024-12-28,US,2974,20010,41,1.76,1
u_000780,control,2024-11-06,US,5289,32513,55,3.45,1
u_002124,control,2024-11-10,KR,9127,58194,140,1.94,0
u_007270,control,2024-12-15,KR,3477,31312,53,0.79,0
u_000407,control,2024-11-11,JP,5572,41140,90,2.59,1
u_009687,control,2024-12-26,JP,6314,47252,80,3.05,0
u_002713,test,2024-12-05,KR,5051,39800,91,3.85,0
u_006887,test,2024-11-05,JP,5376,37483,66,2.75,0
u_012864,control,2024-11-10,KR,7676,65375,152,5.31,1
u_004343,test,2024-12-12,KR,4925,36928,75,1.67,1
u_000996,test,2024-11-10,KR,6282,47985,74,5.22,1
u_007019,test,2024-11-30,KR,4253,38040,59,3.58,1
u_008192,test,2024-11-19,KR,5611,47764,87,2.33,1
u_007327,control,2024-12-26,US,3383,26286,47,0.73,0
u_004364,test,2024-11-05,JP,4076,29607,49,1.47,1
u_014934,test,2024-11-27,JP,4126,28697,59,0.87,0
u_011678,control,2024-11-23,KR,4698,25598,44,2.49,0
u_000476,control,2024-11-23,KR,3927,29986,73,2.68,0
u_003089,test,2024-12-31,JP,8535,84922,148,2.35,1
u_009729,control,2024-11-13,US,8211,72880,156,4.23,1
u_010619,control,2024-12-15,JP,4898,36377,70,2.74,1
u_006015,control,2024-12-06,KR,9455,95265,218,4.73,1
u_011738,control,2024-12-04,KR,10159,71141,142,5.44,0
u_014665,control,2024-11-15,US,5331,29535,66,2.56,0
u_000433,control,2024-11-11,KR,6400,37140,79,2.97,0
u_009001,test,2024-11-30,US,4423,31018,48,1.3,1
u_014633,test,2024-11-27,US,7290,58692,126,1.99,0
u_004236,control,2024-12-28,JP,8297,43048,94,3.99,1
u_013455,test,2024-11-25,JP,7298,59048,111,5.45,1
u_001691,control,2024-12-19,KR,8723,55026,92,1.9,1
u_009162,test,2024-11-28,US,4884,35544,76,1.02,0
u_005289,control,2024-11-24,US,7307,61909,107,6.37,1
u_002874,test,2024-12-04,KR,5627,42003,92,3.89,1
u_006408,control,2024-11-25,KR,5711,51644,113,3.13,1
u_001449,control,2024-12-16,JP,2080,13773,29,0.38,1
u_005777,control,2024-12-09,KR,2820,19741,33,1.96,1
u_009867,control,2024-11-07,KR,2548,15709,30,0.55,1
u_004725,control,2024-12-21,KR,7892,47043,111,3.24,1
u_006374,control,2024-12-18,JP,3616,27015,59,1.96,1
u_008488,test,2024-12-07,JP,3417,24779,60,1.89,0
u_004716,test,2024-12-27,KR,8117,67970,168,3.06,1
u_000222,test,2024-12-15,US,3629,29410,47,2.21,0
u_010765,test,2024-12-16,KR,4532,29382,67,3.19,0
u_014398,control,2024-12-02,KR,4614,36621,60,1.49,1
u_003131,control,2024-12-21,KR,2858,20063,30,1.23,0
u_001598,test,2024-12-04,KR,2435,18712,42,0.95,0
u_005566,control,2024-11-06,US,6079,38160,78,2.66,0
u_003526,control,2024-11-22,KR,4718,36898,62,1.77,1
u_011106,control,2024-12-29,JP,3631,15942,30,0.48,1
u_005499,control,2024-11-15,JP,6821,41642,69,2.53,1
u_013078,test,2024-11-06,KR,8798,66143,152,5.82,0
u_007283,control,2024-11-07,JP,5656,48475,74,4.16,1
u_005734,control,2024-11-05,US,6400,40504,73,2.62,1
u_001878,control,2024-11-22,KR,3455,23324,56,0.77,1
u_002294,control,2024-11-12,KR,4960,29327,45,2.18,0
u_006589,test,2024-11-09,US,0,0,0,0.0,0
u_001215,control,2024-11-29,US,7087,53703,129,4.52,0
u_000801,control,2024-12-15,KR,6075,39345,62,2.53,1
u_008001,test,2024-11-06,KR,3448,27368,44,0.7,1
u_012411,control,2024-11-04,KR,3463,23742,44,0.89,0
u_004322,control,2024-12-12,KR,5511,43694,106,4.47,1
u_012002,test,2024-12-21,US,5486,49331,85,5.33,1
u_008355,control,2024-11-03,KR,4538,37636,72,3.72,0
u_007614,test,2024-12-23,KR,6931,49803,87,3.55,1
u_004309,test,2024-11-24,JP,9373,64133,121,3.79,0
u_007329,control,2024-12-31,KR,5022,31412,55,1.28,1
u_003656,control,2024-11-18,JP,4606,26000,55,1.44,0
u_006680,control,2024-11-20,KR,6049,57010,91,5.41,1
u_013880,test,2024-12-20,KR,4988,32565,60,1.92,1
u_001498,control,2024-11-06,KR,1855,12954,30,1.09,0
u_005314,control,2024-12-19,US,5538,43502,95,3.64,1
u_008567,test,2024-12-26,KR,8135,60591,92,2.54,1
u_014451,control,2024-12-10,JP,5985,45306,103,3.81,1
u_009583,control,2024-12-29,KR,3496,22909,45,0.62,0
u_002952,test,2024-12-04,US,6537,41906,96,3.27,1
u_013395,test,2024-11-01,JP,6345,53682,112,5.11,1
u_001001,test,2024-12-16,KR,6981,61550,121,2.94,1
u_006905,control,2024-12-13,JP,4324,28183,57,1.22,0
u_001026,control,2024-11-07,US,3509,26706,47,1.75,1
u_002595,test,2024-11-26,KR,3578,33078,51,1.74,0
u_008877,test,2024-11-03,KR,5490,50769,89,3.22,1
u_013819,test,2024-11-15,US,6731,41578,73,3.32,1
u_011420,control,2024-11-13,KR,4072,35545,60,1.32,1
u_008365,test,2024-12-20,KR,5520,50160,110,2.53,1
u_008724,control,2024-11-01,US,5047,37264,70,2.75,1
u_005070,control,2024-11-18,JP,5531,36629,55,3.52,0
u_006856,control,2024-12-07,KR,5092,39103,60,4.26,1
u_010835,control,2024-11-28,JP,6870,43093,82,4.72,1
u_013212,control,2024-11-21,KR,5224,39684,80,2.43,0
u_008930,control,2024-12-28,US,4063,28271,61,2.55,1
u_009736,control,2024-11-20,JP,4278,30095,45,0.88,0
u_005556,test,2024-11-18,JP,3387,24426,52,1.65,1
u_000656,test,2024-12-20,KR,7784,56173,94,1.9,0
u_002086,control,2024-11-02,JP,7633,52739,112,4.56,1
u_010373,test,2024-11-14,JP,8377,44559,73,4.44,1
u_014777,control,2024-11-02,JP,8604,66226,115,6.86,1
u_009420,test,2024-12-25,KR,5200,50784,106,2.97,1
u_011648,test,2024-11-23,JP,6782,50871,126,1.76,1
u_003071,control,2024-12-16,KR,3560,22140,34,0.8,0
u_006318,test,2024-12-17,KR,6221,55277,114,5.81,1
u_009159,control,2024-12-07,JP,5830,33949,51,1.7,0
u_003877,control,2024-11-14,JP,5484,34536,78,2.34,1
u_000956,control,2024-12-05,KR,5824,44083,102,4.15,1
u_002423,test,2024-11-26,KR,5451,48043,94,5.19,1
u_011894,control,2024-11-28,JP,7115,64791,130,1.78,0
u_004137,control,2024-11-28,US,5356,40877,79,1.8,1
u_006490,control,2024-12-30,JP,5875,37849,78,3.29,0
u_014611,test,2024-11-28,KR,5255,43402,105,3.88,1
u_001607,control,2024-12-23,KR,6700,44815,99,3.1,1
u_013736,control,2024-11-29,KR,5454,30455,52,2.05,1
u_003174,test,2024-11-26,KR,3772,27574,66,1.72,0
u_006344,test,2024-12-14,JP,5960,32379,73,0.94,1
u_000076,test,2024-12-28,JP,7625,47254,81,4.7,1
u_004974,test,2024-12-01,KR,4916,29799,68,2.79,0
u_006445,test,2024-12-30,KR,5475,46910,89,2.65,1
u_012889,control,2024-11-08,KR,6979,66604,161,2.93,1
u_012760,control,2024-12-11,JP,6214,48542,94,2.9,1
u_013329,test,2024-11-28,KR,3118,23388,52,1.96,0
u_002215,control,2024-12-10,US,6848,47416,86,2.2,1
u_005071,control,2024-11-12,JP,3640,24054,43,2.58,0
u_013580,control,2024-12-02,KR,4362,29548,59,3.15,1
u_007162,control,2024-11-14,JP,4295,31204,52,2.97,1
u_012628,test,2024-12-07,KR,4239,28368,51,2.98,0
u_009592,test,2024-11-17,JP,1205,9791,21,0.98,1
u_002153,test,2024-12-07,KR,6196,44627,85,4.64,1
u_004148,control,2024-12-22,JP,4493,23200,46,1.41,1
u_014825,test,2024-12-17,JP,6025,52359,104,3.21,1
u_011059,test,2024-11-05,US,3125,25159,51,1.54,1
u_003890,control,2024-11-06,KR,3813,20366,32,1.75,1
u_002293,control,2024-11-29,JP,5050,35384,58,3.56,1
u_014878,control,2024-11-14,KR,4171,26839,49,2.55,0
u_004617,control,2024-12-29,KR,1701,10552,23,0.36,0
u_004667,control,2024-12-07,US,6145,40719,67,1.58,0
u_004778,control,2024-11-27,KR,6205,46934,106,3.36,0
u_008220,control,2024-12-22,JP,5659,32856,61,1.49,1
u_005737,control,2024-12-18,KR,5145,29230,63,1.93,0
u_005265,control,2024-11-08,JP,799,4939,9,0.19,0
u_011175,control,2024-11-06,US,5602,37883,71,2.89,1
u_010073,test,2024-11-04,KR,2513,22844,35,0.83,0
u_007340,test,2024-12-18,JP,7397,65598,108,5.49,1
u_008195,test,2024-11-18,JP,4542,40872,96,1.1,1
u_000516,test,2024-12-05,JP,3875,22892,44,2.03,0
u_004723,control,2024-11-13,US,5941,36233,56,1.62,0
u_000919,control,2024-12-22,KR,6582,42593,101,1.79,1
u_008984,control,2024-12-29,JP,5266,29492,59,3.15,0
u_000304,test,2024-11-12,KR,4691,30070,70,2.92,1
u_011053,control,2024-11-04,KR,3334,28165,63,0.74,0
u_007281,test,2024-12-19,JP,5178,41391,77,4.43,1
u_012753,control,2024-11-01,JP,5836,32495,78,3.35,1
u_007018,test,2024-12-22,KR,4356,34844,86,2.63,0
u_013014,control,2024-12-05,US,4846,37108,57,1.02,1
u_012279,control,2024-11-15,KR,6471,51864,104,1.31,0
u_000256,test,2024-11-21,US,3354,23916,50,1.84,1
u_006685,test,2024-12-04,KR,5102,44858,81,4.75,1
u_003092,control,2024-12-28,KR,7271,52708,116,3.61,1
u_010266,control,2024-12-11,JP,4780,39041,96,3.38,1
u_000722,control,2024-12-29,US,6513,46342,115,4.34,0
u_002690,control,2024-12-18,JP,4084,20664,40,1.55,1
u_004727,test,2024-11-24,JP,3939,19722,29,1.47,1
u_007570,control,2024-12-20,JP,4282,30693,47,2.89,1
u_002005,test,2024-11-20,JP,4238,29851,61,1.97,1
u_006636,control,2024-12-08,KR,8331,63502,98,6.09,1
u_005822,test,2024-11-13,JP,2622,29859,68,2.3,0
u_008147,test,2024-11-12,KR,5261,45520,68,4.97,1
u_010905,test,2024-12-31,JP,6416,38990,81,4.19,0
u_006752,test,2024-12-01,US,6448,39323,84,3.35,0
u_010990,control,2024-11-12,KR,6473,43198,72,3.9,1
u_012322,test,2024-12-28,KR,3230,24435,53,0.73,1
u_014476,test,2024-11-16,KR,4189,33193,56,2.48,1
u_000368,control,2024-12-28,KR,6568,37524,80,4.12,1
u_002850,control,2024-11-23,KR,7643,66220,159,4.46,1
u_000241,test,2024-11-16,KR,6268,47902,109,2.59,1
u_012444,test,2024-11-28,JP,7888,64514,100,4.01,1
u_004811,control,2024-12-23,KR,3133,21606,44,0.79,1
u_000091,control,2024-12-30,JP,8294,55338,98,1.5,0
u_003502,control,2024-12-30,KR,5953,38207,75,3.98,1
u_014660,control,2024-12-23,KR,6387,56190,94,3.67,0
u_000841,control,2024-11-15,JP,5653,35529,88,1.8,1
u_005964,control,2024-11-01,JP,8464,48814,74,2.86,1
u_013634,control,2024-11-11,KR,6654,47351,91,3.07,1
u_012309,control,2024-12-19,JP,5444,41522,76,1.18,1
u_008804,control,2024-12-28,KR,4191,29752,50,2.96,1
u_012887,test,2024-12-23,JP,3955,30566,73,2.19,1
u_011843,test,2024-11-03,KR,6493,59252,102,6.36,1
u_006388,test,2024-12-06,US,2419,20133,34,1.13,1
u_011260,control,2024-11-07,KR,6302,45514,78,3.08,1
u_008908,control,2024-11-04,JP,6951,50402,90,5.5,1
u_010908,control,2024-11-12,JP,6427,41541,101,3.83,1
u_009500,test,2024-11-26,JP,6218,25712,59,1.58,1
u_012134,test,2024-11-18,KR,2126,15078,24,0.56,1
u_004776,control,2024-11-16,KR,5177,34003,61,2.66,1
u_009695,test,2024-11-13,KR,6682,63739,158,3.61,1
u_000309,test,2024-11-15,JP,4443,36193,84,3.95,1
u_004922,test,2024-11-18,US,5316,37704,70,1.77,1
u_001080,test,2024-11-16,US,5037,35914,77,3.15,1
u_002355,control,2024-11-19,KR,3784,35583,71,3.16,1
u_010500,test,2024-11-04,JP,4831,48874,96,1.59,1
u_008254,control,2024-11-07,US,3337,27601,43,2.89,0
u_000389,test,2024-11-28,JP,7335,45850,76,2.82,0
u_014040,control,2024-12-26,KR,3498,24447,44,1.25,1
u_009348,control,2024-11-01,US,6406,40216,64,1.55,0
u_008983,test,2024-12-06,JP,8675,59773,97,4.32,1
u_007447,test,2024-12-18,US,8096,60992,130,5.22,1
u_004569,test,2024-12-10,JP,4281,35736,86,1.45,1
u_010212,control,2024-12-21,JP,8710,45299,74,1.42,1
u_003341,test,2024-11-24,US,3309,30013,66,2.66,1
u_014876,control,2024-11-30,KR,4094,23617,54,1.43,1
u_014058,test,2024-12-30,US,4168,30696,71,2.12,1
u_005279,test,2024-11-30,KR,2366,15680,32,1.23,1
u_001263,test,2024-11-07,KR,4971,37051,80,1.32,1
u_006540,control,2024-12-28,JP,5278,44832,100,4.21,0
u_000185,test,2024-11-07,KR,5487,43611,67,4.29,0
u_004506,test,2024-12-17,JP,11093,64731,98,1.77,1
u_006033,test,2024-11-06,KR,7621,62809,118,4.54,0
u_005693,control,2024-11-13,JP,7509,60372,116,2.59,1
u_005529,test,2024-12-29,KR,8122,49299,118,1.64,1
u_011525,control,2024-12-24,KR,6370,47523,83,1.42,0
u_004608,control,2024-12-28,KR,6879,43157,76,1.85,0
u_004264,test,2024-12-08,KR,5914,43394,107,2.73,1
u_003800,control,2024-12-09,JP,6506,35103,81,3.79,1
u_007409,test,2024-12-06,KR,4348,35150,59,2.18,1
u_013119,control,2024-12-13,US,8110,62553,95,3.38,1
u_005932,test,2024-11-21,US,4059,29344,54,0.76,0
u_008024,test,2024-11-26,KR,5641,46199,93,1.41,1
u_003242,test,2024-11-27,KR,6686,46311,103,4.75,0
u_000176,control,2024-12-17,KR,8504,72941,143,7.64,1
u_006695,control,2024-11-07,KR,4345,25415,56,0.97,1
u_003021,test,2024-12-25,KR,4495,31940,79,2.41,0
u_011811,control,2024-11-16,KR,6498,53325,108,2.23,1
u_012522,test,2024-11-08,KR,3415,27110,49,1.36,1
u_004664,control,2024-12-12,KR,3968,29778,59,2.2,1
u_003808,control,2024-11-02,KR,5018,36930,65,3.11,1
u_010653,test,2024-11-20,US,7520,58320,138,3.14,1
u_014281,test,2024-11-07,JP,3632,31906,60,1.16,0
u_000914,control,2024-11-10,KR,4280,31619,68,1.17,1
u_011836,test,2024-11-03,JP,6087,52252,80,2.78,0
u_007411,control,2024-11-28,JP,6090,47475,118,4.17,0
u_008831,test,2024-11-16,KR,4845,44931,71,2.31,1
u_011079,test,2024-12-05,US,4044,26813,47,1.32,1
u_014802,control,2024-11-11,JP,6355,36954,74,3.39,1
u_005390,test,2024-11-01,KR,4527,27311,52,2.13,0
u_014948,control,2024-12-29,US,4332,33200,72,3.61,1
u_013125,test,2024-12-16,KR,6150,40898,77,3.63,1
u_009163,control,2024-11-05,JP,7625,58925,108,5.51,1
u_007674,control,2024-11-12,KR,6206,52862,127,4.97,1
u_011670,control,2024-11-19,KR,10070,81970,168,2.69,1
u_006663,control,2024-12-21,JP,5088,41188,93,4.19,0
u_011135,control,2024-11-09,KR,6879,57672,118,6.28,0
u_013532,control,2024-11-03,KR,6542,51781,88,1.37,1
u_011561,control,2024-11-11,KR,3090,20508,32,0.63,1
u_008841,control,2024-12-11,US,1983,17641,34,0.95,0
u_000748,control,2024-12-21,US,6880,52387,129,4.47,1
u_014534,test,2024-12-22,JP,6034,49920,106,4.38,1
u_001155,test,2024-12-23,KR,6571,50658,97,3.02,1
u_001553,test,2024-11-27,JP,4308,30629,55,0.9,0
u_005855,control,2024-11-28,JP,6604,49722,103,1.46,1
u_009479,test,2024-11-18,US,6221,49357,117,2.02,0
u_002963,control,2024-12-10,KR,4857,35421,77,2.33,1
u_005511,control,2024-12-26,KR,6215,39092,73,3.07,1
u_002830,control,2024-12-26,KR,7618,57270,94,5.33,1
u_007938,control,2024-12-17,JP,7745,55604,84,3.9,0
u_005830,test,2024-11-09,KR,4811,33350,82,3.24,0
u_008271,control,2024-12-11,KR,9474,89907,183,2.35,0
u_010242,test,2024-12-25,KR,7326,48934,114,1.37,1
u_010484,control,2024-12-22,KR,6952,55114,112,4.5,1
u_009999,control,2024-12-15,KR,3699,22033,35,0.68,0
u_011092,test,2024-12-16,JP,5359,35464,76,3.07,1
u_005656,control,2024-11-06,US,2312,14651,33,1.32,0
u_014927,test,2024-12-07,KR,6889,38386,68,2.86,1
u_013946,test,2024-11-26,JP,3619,35163,61,3.34,1
u_001056,control,2024-11-20,KR,6578,49670,110,4.77,1
u_010706,test,2024-11-25,KR,3730,30090,53,2.15,1
u_012881,control,2024-12-07,JP,5259,39872,62,1.82,1
u_011280,test,2024-12-16,US,6045,48207,82,3.54,1
u_010239,control,2024-11-17,KR,5884,48657,103,4.63,1
u_013406,control,2024-11-02,US,8083,64974,133,3.69,0
u_006042,control,2024-11-04,JP,6961,35056,67,2.94,0
u_011227,control,2024-12-28,JP,6338,53140,83,3.45,0
u_003010,control,2024-12-06,US,9394,63590,99,2.83,1
u_010558,test,2024-11-14,KR,4656,33454,59,2.31,1
u_002872,test,2024-11-30,KR,7278,54507,93,2.53,0
u_009741,test,2024-11-16,KR,9695,74729,122,7.82,1
u_004965,control,2024-12-06,JP,6514,50892,95,1.81,1
u_008911,test,2024-11-04,KR,6202,43208,107,1.38,0
u_010384,control,2024-12-17,KR,2775,22643,49,1.75,0
u_013972,control,2024-11-10,US,6135,50274,99,2.25,1
u_002135,test,2024-11-14,US,5044,32239,49,2.67,0
u_001547,control,2024-12-15,JP,7104,46547,106,2.47,1
u_005079,test,2024-11-28,US,6746,48961,116,3.66,1
u_013633,control,2024-12-29,JP,7473,55128,123,1.66,1
u_002829,test,2024-11-22,JP,9003,71256,163,2.13,1
u_006592,control,2024-12-28,US,5100,37779,92,1.66,1
u_002738,test,2024-11-03,KR,5484,50671,118,3.32,1
u_011395,control,2024-12-18,KR,9030,61833,133,2.66,1
u_008958,control,2024-12-09,KR,7537,48675,90,3.05,0
u_007133,control,2024-12-27,KR,8445,61922,109,3.21,1
u_003796,test,2024-12-15,KR,5358,46475,105,2.98,0
u_014864,test,2024-12-24,US,6329,38810,86,1.51,1
u_010040,control,2024-11-29,KR,3559,29165,58,2.66,0
u_008855,test,2024-12-07,KR,3662,26129,48,1.91,1
u_008027,test,2024-12-18,KR,656,5378,13,0.48,1
u_012278,control,2024-11-25,KR,4656,34494,57,1.19,1
u_000947,test,2024-11-06,KR,4358,32022,65,1.64,1
u_008419,control,2024-11-17,KR,8987,66746,108,6.17,1
u_008301,control,2024-11-07,KR,5686,58802,113,4.13,0
u_004241,test,2024-12-03,US,5449,45683,110,4.41,1
u_008515,test,2024-11-27,KR,7639,65772,133,5.25,0
u_008883,control,2024-11-18,US,2552,18921,34,0.58,0
u_000937,test,2024-11-26,US,5218,37634,82,3.07,0
u_005568,test,2024-11-25,KR,4833,41279,75,2.0,1
u_008273,control,2024-12-18,US,6058,50219,96,3.63,1
u_008487,control,2024-11-05,US,7686,37141,63,2.93,1
u_000081,test,2024-12-10,KR,3940,22865,51,2.33,1
u_001185,control,2024-11-22,KR,5577,29585,55,3.14,1
u_006820,control,2024-11-16,KR,5191,34876,82,3.5,1
u_001018,test,2024-11-11,KR,4955,34328,82,1.56,1
u_008226,test,2024-12-03,JP,5845,57876,105,1.57,0
u_011524,test,2024-12-31,KR,7989,59035,140,5.75,1
u_001382,control,2024-11-14,KR,7410,43761,70,2.53,1
u_007304,test,2024-12-28,JP,5062,51502,77,5.47,1
u_012629,control,2024-12-25,KR,5905,42078,92,2.43,1
u_006462,control,2024-12-05,KR,5001,34955,64,2.08,1
u_011812,test,2024-12-01,US,4454,41456,82,2.33,1
u_002577,control,2024-11-17,KR,3912,30309,64,0.93,0
u_003393,control,2024-11-09,KR,6253,42462,100,3.77,0
u_000132,test,2024-12-27,KR,5229,37700,61,2.99,1
u_005731,control,2024-12-11,US,3627,27472,58,2.18,0
u_011359,test,2024-11-28,KR,7856,39721,90,2.09,1
u_004836,control,2024-11-17,KR,5637,42790,74,1.65,1
u_006982,control,2024-11-25,JP,5497,31144,62,2.28,1
u_010557,test,2024-12-24,JP,3277,22150,49,1.38,1
u_007612,test,2024-11-28,KR,5769,36953,83,3.6,0
u_005705,test,2024-12-17,KR,3741,21574,42,1.13,1
u_012254,control,2024-12-20,KR,4506,31009,60,0.79,1
u_000580,control,2024-11-13,US,2480,17121,34,1.72,0
u_013429,test,2024-12-05,KR,5559,39775,72,2.16,1
u_010689,control,2024-12-13,KR,8595,44993,82,1.89,1
u_006508,test,2024-11-14,KR,5392,35633,71,3.43,1
u_013454,control,2024-11-23,KR,7550,48777,82,1.8,1
u_004730,control,2024-11-21,KR,3645,21146,36,2.14,0
u_006837,control,2024-12-28,KR,6741,45259,90,2.73,0
u_005351,test,2024-12-13,US,4845,33156,66,2.68,1
u_005706,test,2024-12-14,KR,5608,47473,106,1.85,1
u_003330,test,2024-11-23,KR,4513,39907,64,2.89,1
u_007538,test,2024-11-21,KR,5114,41864,101,4.55,1
u_011950,control,2024-11-22,JP,4126,30078,65,3.18,1
u_012771,test,2024-11-01,KR,5946,48409,83,2.76,1
u_003896,test,2024-12-30,JP,6412,57035,121,5.8,1
u_006598,test,2024-11-25,JP,6266,49381,105,4.22,1
u_014779,test,2024-11-02,KR,5360,32911,73,3.4,0
u_012249,control,2024-12-06,KR,1997,13780,26,1.02,1
u_001395,control,2024-12-02,US,5783,51312,117,2.73,1
u_013199,test,2024-11-08,KR,9669,65144,104,3.63,1
u_005432,test,2024-12-06,KR,5462,44421,107,2.61,1
u_008695,control,2024-12-16,JP,8466,62758,130,5.25,0
u_010804,control,2024-11-16,KR,4770,30803,53,1.07,0
u_011431,control,2024-11-21,KR,4446,27878,42,1.23,0
u_009721,control,2024-12-29,KR,3772,24618,52,2.24,1
u_004560,test,2024-12-30,KR,5030,43230,86,3.17,1
u_008427,control,2024-12-31,KR,5041,36156,57,1.94,0
u_010874,control,2024-12-30,KR,0,0,0,0.0,0
u_000054,control,2024-11-19,KR,6112,50537,106,2.18,1
u_002890,test,2024-12-31,KR,8557,72662,118,6.89,1
u_010949,test,2024-12-15,JP,4154,30231,66,1.99,1
u_001862,test,2024-11-19,JP,9262,98511,239,7.8,0
u_006424,test,2024-11-25,JP,6568,44694,97,2.45,1
u_003358,control,2024-12-19,JP,6226,44538,76,2.4,1
u_003079,control,2024-12-31,KR,5172,30624,46,2.84,1
u_007309,control,2024-11-01,KR,4107,32987,65,3.46,0
u_004680,test,2024-12-19,JP,6510,50942,103,4.06,0
u_009531,control,2024-12-08,US,2867,22022,40,1.97,0
u_005290,test,2024-12-13,KR,4762,40129,65,3.9,1
u_009049,control,2024-12-15,US,7385,52985,113,5.33,1
u_008048,control,2024-12-23,JP,5040,23192,40,2.15,1
u_013615,control,2024-11-19,JP,5853,44666,87,3.43,1
u_000429,test,2024-11-02,JP,6311,61926,137,3.96,1
u_003561,test,2024-11-06,KR,3492,23296,53,1.98,0
u_009507,control,2024-12-05,KR,2834,17095,36,1.74,1
u_010656,control,2024-12-24,KR,9389,85183,183,6.52,0
u_004771,control,2024-11-02,KR,4969,33236,52,2.22,1
u_014856,test,2024-11-21,JP,5328,41010,81,2.11,0
u_012635,control,2024-11-22,KR,3250,22480,39,0.7,1
u_005667,test,2024-12-14,JP,5256,40557,67,1.58,1
u_008039,control,2024-11-17,US,4692,30076,48,3.03,0
u_014463,control,2024-12-08,JP,3989,36148,62,2.27,0
u_004970,test,2024-12-27,KR,2529,20674,37,1.12,0
u_014234,control,2024-12-08,US,7894,55440,101,5.74,1
u_011783,test,2024-11-20,US,2856,30919,53,2.97,1
u_006207,test,2024-11-25,JP,5906,51632,100,4.53,1
u_013300,test,2024-11-29,JP,3312,18215,30,1.71,1
u_012856,control,2024-11-13,US,9272,64809,138,2.03,0
u_008951,control,2024-12-28,KR,6569,42488,95,2.36,1
u_004547,control,2024-12-27,JP,5526,47185,84,1.99,1
u_008675,control,2024-12-19,KR,7222,45980,100,3.81,1
u_001867,test,2024-12-23,KR,7386,46754,102,3.58,1
u_007726,test,2024-11-29,JP,6679,54748,92,2.42,1
u_005326,control,2024-11-09,JP,9621,70404,126,7.57,1
u_004259,test,2024-11-06,KR,4907,30849,49,1.78,0
u_004562,control,2024-12-06,JP,6241,42218,79,2.85,1
u_000619,control,2024-11-17,US,7161,57073,115,1.69,1
u_005277,test,2024-12-16,KR,4396,36619,68,3.33,1
u_002770,control,2024-11-08,JP,6158,52298,124,5.61,0
u_007489,control,2024-11-10,JP,6089,44090,79,3.82,1
u_013679,test,2024-11-22,KR,3193,29595,73,2.3,0
u_012603,test,2024-11-23,KR,8381,90403,136,5.46,0
u_006977,test,2024-12-24,KR,4762,38035,57,3.52,1
u_006712,test,2024-12-14,JP,7947,75586,168,4.83,1
u_013141,test,2024-12-16,KR,5456,55243,99,4.45,1
u_007182,control,2024-12-12,US,3143,19777,46,1.21,0
u_011721,control,2024-12-22,KR,5767,34157,71,2.4,1
u_003508,test,2024-12-17,JP,5541,46333,111,2.2,1
u_010049,control,2024-11-01,JP,6404,32591,78,1.87,1
u_000665,control,2024-11-07,JP,4293,34884,72,2.74,1
u_007200,test,2024-11-29,KR,6100,44932,106,1.89,0
u_003716,control,2024-12-05,US,6339,37909,76,2.35,1
u_005223,control,2024-11-25,KR,3055,17386,26,1.23,1
u_007176,control,2024-12-25,US,3247,20579,47,1.28,0
u_008119,control,2024-12-29,KR,7665,36734,61,2.18,1
u_000846,test,2024-12-22,JP,4819,39786,66,2.81,0
u_002479,control,2024-11-27,KR,5909,38499,79,3.06,1
u_007029,test,2024-11-04,KR,5469,60106,118,6.14,1
u_013263,control,2024-11-28,US,6464,44635,71,1.71,1
u_004411,test,2024-12-13,KR,4024,36709,58,1.0,1
u_003080,test,2024-11-27,KR,4676,39798,76,1.31,1
u_006200,test,2024-11-23,KR,3514,28054,46,2.58,0
u_005514,test,2024-11-25,KR,5950,53539,111,4.04,1
u_006454,test,2024-11-11,KR,7112,58355,134,3.92,1
u_002650,control,2024-11-28,KR,3677,28142,57,2.26,1
u_001491,control,2024-11-13,JP,5854,48893,97,1.52,1
u_009409,control,2024-11-02,US,4950,38431,61,2.24,1
u_004750,test,2024-11-06,KR,5352,25702,42,2.53,1
u_003350,control,2024-11-08,KR,5619,44635,102,3.28,0
u_001528,control,2024-11-22,US,4408,34401,66,1.34,1
u_003322,control,2024-11-05,US,6127,44004,106,3.43,1
u_007472,control,2024-12-05,KR,7908,47854,102,4.24,1
u_006898,test,2024-11-27,US,4252,38322,73,4.0,0
u_000779,control,2024-12-15,US,6452,51626,107,2.1,0
u_004517,control,2024-12-07,KR,5922,52037,86,3.23,1
u_010738,control,2024-12-23,JP,4538,27815,51,2.55,1
u_013837,test,2024-11-27,US,5668,44495,86,1.93,1
u_003381,control,2024-11-24,JP,5490,33089,71,2.9,1
u_014435,control,2024-11-07,JP,8341,49127,89,1.3,0
u_004120,control,2024-12-01,KR,4997,34421,57,3.41,0
u_000366,test,2024-11-16,JP,7191,53483,108,3.11,1
u_004846,test,2024-12-16,KR,2846,13229,22,1.03,1
u_010309,test,2024-11-21,KR,6865,60588,108,4.38,0
u_006576,control,2024-11-17,US,8852,55576,104,5.33,0
u_000329,control,2024-11-25,KR,5890,57622,88,1.93,1
u_003933,test,2024-11-01,KR,7589,58915,134,6.48,1
u_005559,test,2024-11-26,JP,6211,41430,89,1.5,1
u_011776,test,2024-11-11,KR,4987,35097,55,2.34,1
u_009256,control,2024-11-05,KR,4588,27099,40,1.76,1
u_014335,control,2024-12-20,US,3487,24315,42,2.08,0
u_002035,control,2024-11-08,KR,2028,12138,23,0.78,0
u_006075,test,2024-12-20,US,7166,56970,92,2.73,1
u_005754,test,2024-11-21,US,3964,28274,69,1.33,0
u_006452,control,2024-12-22,KR,3797,19967,47,0.6,1
u_001381,test,2024-12-07,US,8206,65902,145,2.01,1
u_007826,control,2024-11-24,KR,5585,38679,67,2.41,0
u_014823,control,2024-11-30,JP,6516,51629,113,5.12,1
u_013261,test,2024-12-12,KR,4087,41025,85,1.73,1
u_001633,control,2024-12-29,KR,5423,24437,49,0.92,0
u_004174,test,2024-12-27,KR,3013,21750,43,1.92,0
u_000889,test,2024-11-03,KR,4827,33588,69,3.03,0
u_006264,test,2024-12-21,KR,4964,43409,77,2.03,1
u_000157,control,2024-12-13,JP,4261,25065,54,0.95,0
u_009581,test,2024-12-11,US,6977,54858,98,5.05,1
u_013192,control,2024-12-03,KR,7716,48980,89,1.53,1
u_010312,test,2024-11-22,JP,6865,49292,78,2.12,1
u_007239,control,2024-12-19,JP,5202,38460,68,4.07,0
u_002585,control,2024-11-09,JP,4490,27272,55,1.02,1
u_003354,control,2024-12-30,KR,4171,26480,51,2.37,1
u_014152,test,2024-12-22,KR,6567,58156,110,4.07,1
u_001724,test,2024-12-08,JP,3728,27500,42,1.05,1
u_011723,test,2024-12-29,KR,4151,27104,52,2.62,0
u_003454,control,2024-11-06,KR,2612,20537,39,2.07,1
u_007238,test,2024-11-26,KR,4079,32375,65,1.29,1
u_011922,control,2024-11-20,US,4842,31378,75,1.85,1
u_006071,control,2024-11-04,US,5987,35971,59,1.06,1
u_008982,test,2024-12-24,JP,8755,52604,121,2.88,1
u_002113,test,2024-11-10,US,4711,29188,52,2.63,1
u_000044,control,2024-12-11,KR,2992,27767,65,1.02,0
u_009908,test,2024-12-10,KR,4419,42454,95,1.76,0
u_009457,test,2024-11-12,KR,2581,16506,32,0.88,0
u_000686,control,2024-12-28,US,8398,72828,135,5.04,1
u_004075,test,2024-11-18,KR,7447,69881,113,3.71,1
u_007974,control,2024-12-24,JP,5128,42727,67,3.57,1
u_012748,control,2024-12-31,US,1644,11298,18,0.47,0
u_003430,test,2024-11-24,JP,3544,25556,47,0.9,0
u_007049,control,2024-11-13,JP,4257,17509,38,0.95,0
u_005633,control,2024-12-16,KR,4756,38755,96,3.53,1
u_000928,control,2024-11-14,KR,6153,39955,87,3.75,0
u_008830,control,2024-11-06,KR,4065,26743,47,2.91,1
u_008928,test,2024-12-27,KR,5484,35340,79,2.49,1
u_010248,control,2024-11-22,KR,8049,55596,86,3.66,0
u_001980,control,2024-11-02,KR,7376,49578,119,4.55,1
u_003229,test,2024-11-07,US,4901,41663,100,2.68,1
u_010051,test,2024-11-13,US,6889,67073,124,2.42,1
u_014226,test,2024-11-12,US,6966,55808,89,5.6,1
u_005628,control,2024-11-14,KR,3467,30263,64,2.22,0
u_013186,control,2024-12-25,KR,3577,26702,66,2.42,0
u_002527,test,2024-11-27,KR,5078,37747,85,3.03,1
u_010974,control,2024-11-17,KR,5961,41959,85,4.05,1
u_009710,test,2024-12-07,KR,7704,50658,121,3.37,1
u_000592,test,2024-12-25,KR,8570,69897,123,6.32,1
u_001746,control,2024-11-28,US,7733,61820,113,1.69,0
u_007718,test,2024-11-29,US,8072,62317,152,4.85,1
u_011325,control,2024-12-08,KR,1770,13415,30,0.4,1
u_006226,test,2024-12-23,KR,5879,44889,91,2.31,0
u_009689,test,2024-12-13,US,5077,47298,86,5.02,1
u_012413,test,2024-11-03,JP,6751,54649,133,3.24,0
u_010428,control,2024-12-04,JP,3705,23317,49,2.52,0
u_006309,test,2024-12-28,JP,3582,24113,40,0.83,0
u_000805,test,2024-12-19,US,4533,37822,67,1.92,1
u_001060,test,2024-11-01,KR,3921,28665,57,1.88,1
u_010684,test,2024-11-13,KR,5669,35517,65,1.05,0
u_013510,control,2024-11-10,JP,4530,29288,44,2.66,1
u_009371,control,2024-11-17,KR,3147,22380,48,1.02,0
u_007224,test,2024-11-17,JP,9507,69055,133,6.48,1
u_001351,control,2024-12-18,US,3448,23398,43,0.79,0
u_014573,test,2024-12-30,US,7678,72138,137,7.34,1
u_004151,control,2024-11-20,US,5331,42193,100,4.03,1
u_009243,control,2024-12-23,US,5874,43679,92,4.33,1
u_013123,test,2024-12-15,JP,6447,49208,119,2.9,1
u_006629,control,2024-12-30,US,6588,31645,68,0.86,0
u_010912,control,2024-12-15,KR,1893,10473,20,1.14,0
u_001091,control,2024-12-02,KR,5164,37033,79,1.98,1
u_010997,test,2024-12-27,KR,5340,40190,86,2.86,0
u_012754,control,2024-11-21,KR,9826,64443,100,7.07,1
u_002442,test,2024-12-08,JP,4198,30788,65,2.71,1
u_007568,test,2024-12-28,US,5535,45913,90,2.41,0
u_012166,test,2024-12-17,KR,7211,59003,128,1.89,1
u_001805,control,2024-12-22,US,6639,55532,89,4.98,0
u_004551,test,2024-12-20,US,7493,57040,141,2.51,1
u_014048,control,2024-11-12,JP,5938,34080,65,1.0,1
u_007367,test,2024-12-09,US,3789,32110,79,1.12,0
u_008280,control,2024-11-06,JP,1070,8557,16,0.49,1
u_000209,control,2024-11-20,JP,5586,33355,62,3.56,0
u_006019,test,2024-11-01,KR,7797,63779,157,2.69,1
u_013748,test,2024-12-24,US,8073,53831,133,4.14,1
u_006596,control,2024-12-29,JP,4954,27982,49,2.35,1
u_014774,test,2024-12-18,JP,3317,24030,48,0.62,0
u_010807,test,2024-11-30,KR,3416,24915,59,1.67,1
u_000811,control,2024-11-22,JP,4386,30887,69,0.89,0
u_001217,control,2024-12-12,KR,3330,31815,65,1.25,0
u_013997,test,2024-11-16,US,744,7485,11,0.38,0
u_007474,test,2024-11-27,KR,6332,46303,101,3.26,1
u_003055,test,2024-12-14,JP,4065,30253,65,0.82,1
u_010789,control,2024-12-03,KR,4268,24105,36,0.7,1
u_001169,test,2024-12-18,KR,4252,37635,84,2.37,1
u_003865,test,2024-11-26,KR,4187,40214,92,1.86,0
u_006944,test,2024-12-26,US,6077,53442,83,4.35,1
u_013183,test,2024-12-20,US,4695,37730,64,4.02,1
u_000372,test,2024-12-19,JP,3916,26993,65,1.77,0
u_013075,test,2024-11-27,KR,5369,32952,80,1.01,1
u_012267,control,2024-12-18,JP,3940,21531,38,1.41,0
u_008536,test,2024-11-27,US,5241,36616,59,3.97,0
u_004142,test,2024-12-27,JP,3910,29314,44,2.79,0
u_014004,test,2024-11-11,KR,4575,31535,71,1.96,1
u_005703,test,2024-12-30,KR,4092,32268,67,0.93,0
u_012153,control,2024-12-14,KR,7054,45195,103,4.06,0
u_002699,test,2024-11-01,KR,4586,34178,82,3.3,1
u_000140,test,2024-11-05,KR,3322,29822,53,1.03,0
u_011739,test,2024-11-10,KR,3353,28407,51,2.44,0
u_003994,control,2024-12-28,JP,5249,39520,88,3.12,1
u_001524,test,2024-11-21,KR,5036,37419,73,2.34,1
u_007119,control,2024-11-30,KR,3583,22896,35,1.84,0
u_014854,control,2024-12-04,KR,5728,42396,81,2.88,1
u_013925,test,2024-12-17,KR,5087,42643,104,4.63,1
u_007883,test,2024-11-02,KR,2662,19080,40,0.61,1
u_011651,control,2024-12-18,JP,6720,34661,60,2.81,1
u_014793,test,2024-12-03,KR,8301,63778,96,2.1,1
u_003625,control,2024-12-07,KR,4447,34311,84,1.02,1
u_004798,test,2024-11-09,KR,5728,52585,85,1.83,1
u_009979,test,2024-11-19,KR,2507,20474,41,1.98,1
u_012494,test,2024-11-12,JP,5026,32812,65,0.92,0
u_004246,test,2024-12-08,US,3852,34406,62,1.56,1
u_008019,control,2024-12-13,US,8093,54587,114,2.72,1
u_009907,test,2024-11-25,KR,4051,37678,67,3.9,0
u_000726,control,2024-12-14,JP,8033,61311,129,2.16,1
u_012915,test,2024-12-26,KR,5347,42290,64,1.71,1
u_014200,test,2024-11-22,KR,2966,25758,59,1.78,1
u_013852,test,2024-12-19,KR,5238,55006,89,5.83,1
u_014329,test,2024-11-23,JP,7784,42680,71,1.33,0
u_007186,test,2024-12-31,JP,6803,50975,112,5.01,1
u_008547,control,2024-11-01,US,4516,30342,70,0.76,1
u_013201,test,2024-12-22,KR,7257,55502,101,1.55,1
u_013761,control,2024-11-09,US,2082,13855,24,0.63,0
u_008379,control,2024-11-10,KR,7266,54499,124,5.65,0
u_001460,test,2024-12-20,JP,4723,40232,90,2.04,0
u_012963,test,2024-11-19,JP,5839,40131,70,2.32,0
u_005801,control,2024-12-24,KR,4465,36308,73,0.91,1
u_011435,control,2024-11-24,US,3647,26155,54,2.55,0
u_012789,control,2024-12-10,KR,6976,54758,122,2.46,1
u_011451,control,2024-11-01,US,4193,37921,65,3.4,1
u_000935,control,2024-12-01,KR,3365,15195,35,1.34,1
u_000815,control,2024-11-07,KR,6327,45225,69,3.33,1
u_009677,control,2024-12-23,US,5985,47565,85,5.17,1
u_007317,control,2024-12-28,KR,2540,16886,30,0.78,0
u_007909,control,2024-12-22,US,7397,53345,123,4.6,1
u_010875,test,2024-12-04,JP,3205,25932,48,1.3,0
u_009529,control,2024-11-11,US,4438,30493,59,3.03,0
u_004483,control,2024-12-24,JP,3406,23616,52,1.73,1
u_008447,test,2024-11-03,KR,7827,44826,80,3.95,1
u_011995,control,2024-12-10,KR,5565,36938,64,1.69,0
u_011694,control,2024-12-15,US,2308,19047,30,1.66,0
u_000700,control,2024-12-29,US,2929,23843,36,1.38,0
u_005610,test,2024-11-19,US,6767,62515,148,4.99,0
u_002162,control,2024-12-17,US,5088,30125,60,2.44,1
u_014881,control,2024-11-04,KR,6394,43667,107,3.49,1
u_013950,control,2024-12-15,KR,5767,25284,62,1.49,0
u_011886,test,2024-11-07,JP,2110,13636,23,0.72,0
u_005376,test,2024-12-20,KR,8578,76884,154,5.52,1
u_008921,control,2024-11-30,US,2808,21644,45,0.99,1
u_012533,test,2024-12-19,KR,5966,45789,95,4.55,1
u_009612,test,2024-12-10,KR,7463,48036,87,3.34,1
u_007835,control,2024-11-13,KR,6740,54132,107,5.84,0
u_012978,test,2024-11-27,KR,2969,29099,65,1.69,1
u_001334,control,2024-11-13,KR,2497,16995,35,1.25,0
u_011021,control,2024-12-16,JP,4233,34819,78,1.92,1
u_013927,control,2024-11-05,KR,3681,26840,56,2.6,0
u_014346,control,2024-12-11,KR,7161,53762,98,2.77,1
u_014551,control,2024-12-22,JP,4861,35978,63,3.27,0
u_006382,control,2024-11-06,KR,6048,43342,65,1.3,0
u_013142,control,2024-12-04,KR,4248,25434,60,2.46,1
u_011383,control,2024-11-18,KR,3415,24886,41,2.63,0
u_005243,test,2024-11-18,KR,5158,30528,46,2.71,1
u_007687,control,2024-11-29,KR,7593,73174,131,6.46,1
u_014982,control,2024-11-17,JP,9816,59841,137,3.31,1
u_002378,control,2024-12-24,KR,5303,45436,100,4.82,1
u_002004,test,2024-11-14,US,5468,49587,91,4.94,1
u_000697,test,2024-12-22,US,3692,33038,58,2.96,1
u_006011,test,2024-12-01,KR,6989,44779,94,3.09,1
u_007228,control,2024-12-12,KR,5274,37930,86,2.62,1
u_013938,test,2024-11-19,KR,5150,48208,81,4.56,1
u_002546,test,2024-12-04,US,3782,36556,79,2.58,1
u_003223,test,2024-11-26,JP,7164,55872,139,1.41,0
u_007188,test,2024-11-10,KR,4310,37702,93,1.53,1
u_014977,control,2024-11-15,KR,8239,69178,140,4.33,1
u_013960,test,2024-11-03,JP,5906,50538,97,3.11,1
u_004372,test,2024-11-13,KR,5474,47609,87,3.24,0
u_008847,control,2024-11-04,KR,5802,31105,54,3.07,0
u_011732,control,2024-12-01,KR,5971,37419,76,2.33,1
u_008633,test,2024-11-23,JP,5725,56642,116,4.3,0
u_006545,control,2024-11-09,KR,6981,47668,100,3.72,1
u_012541,test,2024-12-23,KR,7743,44397,78,2.35,1
u_013155,test,2024-11-24,JP,5518,40488,94,2.27,0
u_002495,test,2024-12-25,KR,4124,35782,59,1.04,0
u_007189,control,2024-12-10,KR,6507,39062,90,0.98,1
u_014099,test,2024-11-10,KR,3609,31783,50,1.94,1
u_003505,control,2024-12-27,US,2989,25692,51,0.96,0
u_009462,test,2024-12-16,KR,7669,71052,157,1.99,0
u_008972,control,2024-12-31,JP,6185,40030,94,3.29,0
u_002058,test,2024-12-26,KR,3959,29904,46,2.12,0
u_006473,test,2024-12-05,US,6536,61812,122,1.59,1
u_009739,test,2024-11-07,US,4681,32451,72,2.96,1
u_011485,test,2024-11-22,KR,3554,24423,45,1.44,1
u_014428,test,2024-12-10,KR,7587,66255,102,2.05,0
u_009496,control,2024-12-14,JP,3519,21807,33,2.3,0
u_006463,test,2024-11-01,US,4290,39804,65,4.19,0
u_002048,test,2024-11-20,KR,6417,49869,93,3.02,0
u_005875,control,2024-12-15,JP,4525,38724,81,4.01,1
u_001588,control,2024-12-05,JP,5379,32869,75,2.43,1
u_013328,test,2024-12-03,US,6590,44531,108,3.09,1
u_002116,control,2024-12-25,US,5352,36381,75,2.14,1
u_006665,control,2024-11-24,KR,6218,45283,100,3.6,1
u_012852,control,2024-12-19,JP,6378,58464,127,1.64,1
u_004839,test,2024-12-05,KR,6167,44260,84,2.68,1
u_005575,test,2024-11-29,KR,5910,46093,84,1.24,1
u_012524,control,2024-12-25,KR,4904,26892,58,2.34,1
u_013290,test,2024-11-28,KR,5823,44743,109,3.02,1
u_004863,control,2024-11-22,JP,7850,64703,119,3.78,1
u_001129,test,2024-11-20,KR,3338,29188,59,2.64,0
u_011438,control,2024-12-25,US,4424,27737,42,2.19,0
u_008392,test,2024-12-25,US,8391,56946,97,6.09,0
u_003682,test,2024-12-03,KR,5701,59825,114,3.07,1
u_013523,test,2024-12-26,KR,4743,38580,82,4.02,0
u_010554,test,2024-12-11,US,4410,34016,65,1.65,0
u_002590,control,2024-12-28,KR,7927,53376,86,3.62,1
u_009575,test,2024-12-29,US,4572,42508,78,1.87,0
u_013294,test,2024-11-13,JP,5242,52031,102,3.8,0
u_008901,control,2024-11-14,KR,6385,41832,80,3.17,0
u_001822,control,2024-12-17,KR,4000,27145,61,1.97,1
u_007351,control,2024-12-23,KR,5373,41995,85,1.91,1
u_003257,test,2024-11-23,US,3003,21562,42,0.67,1
u_006070,control,2024-11-02,KR,5883,39156,79,3.34,0
u_009914,test,2024-12-28,JP,7668,70230,154,2.5,0
u_008008,control,2024-12-09,KR,3966,29534,69,2.58,0
u_008155,test,2024-12-22,JP,5122,46550,103,2.16,1
u_009078,control,2024-12-05,KR,3841,24842,46,1.62,0
u_012353,control,2024-12-04,KR,6721,56432,95,4.57,0
u_005327,test,2024-11-13,US,3995,31814,59,3.05,1
u_004611,test,2024-11-05,US,6582,59542,114,3.59,1
u_007494,control,2024-12-31,JP,4191,28184,58,1.96,1
u_012261,control,2024-12-16,KR,8974,65211,117,2.23,1
u_010687,control,2024-12-30,KR,3257,22487,46,0.95,0
u_005165,test,2024-11-07,JP,6232,30783,66,2.82,1
u_013639,control,2024-12-03,KR,5492,39910,63,1.09,1
u_011741,test,2024-11-28,KR,9305,86062,180,4.65,1
u_003739,control,2024-11-10,US,5627,46020,114,2.12,1
u_008533,control,2024-12-01,KR,5790,34058,78,3.38,1
u_011632,control,2024-11-29,JP,8083,55209,102,5.53,1
u_001487,test,2024-11-16,KR,6034,55677,108,3.77,1
u_008230,control,2024-12-20,US,8985,60665,91,6.02,0
u_009456,control,2024-12-08,KR,2627,16624,32,0.64,0
u_005983,test,2024-11-07,KR,7466,59916,131,3.11,1
u_005746,test,2024-12-23,KR,5141,28536,68,1.89,1
u_010098,control,2024-11-02,KR,3648,27677,46,2.04,0
u_012395,test,2024-12-03,KR,5372,34007,63,1.35,1
u_000006,test,2024-12-06,KR,5509,43689,92,3.32,1
u_007558,test,2024-12-04,JP,5397,37714,61,1.3,1
u_005611,control,2024-11-30,JP,3803,29581,50,1.42,1
u_008111,test,2024-11-03,JP,3824,29524,71,1.35,1
u_005974,control,2024-11-01,KR,6161,41499,86,3.65,0
u_008332,control,2024-11-22,KR,3000,22199,33,1.39,0
u_010188,test,2024-12-31,US,5552,43997,104,3.97,1
u_003437,control,2024-11-21,JP,4597,37845,77,1.27,1
u_004862,control,2024-11-24,US,5808,42783,89,1.91,1
u_001016,test,2024-12-27,US,7762,64045,133,5.04,0
u_007891,control,2024-12-18,KR,7275,47268,109,5.16,1
u_001396,test,2024-12-22,JP,2101,16056,37,1.48,1
u_010079,control,2024-12-20,KR,4960,28709,54,1.78,1
u_005065,control,2024-11-08,KR,4345,27451,50,2.97,1
u_013389,test,2024-12-18,JP,6357,39958,63,2.26,1
u_003483,test,2024-12-28,JP,7883,68454,136,3.35,1
u_009195,test,2024-12-11,JP,5439,39664,81,3.42,1
u_007557,test,2024-11-29,KR,5355,40865,95,1.77,1
u_013304,test,2024-12-11,US,6041,43433,89,2.92,0
u_001365,control,2024-12-24,KR,4444,35927,88,2.8,1
u_002828,control,2024-11-06,KR,5660,41971,88,4.13,1
u_001104,test,2024-12-21,KR,7036,50017,89,2.14,0
u_013002,control,2024-12-24,KR,2961,18043,43,1.5,1
u_006930,control,2024-12-02,KR,2899,23207,44,0.59,0
u_002278,test,2024-12-27,JP,6233,49263,121,4.01,1
u_011124,test,2024-12-21,KR,5645,41888,84,2.75,1
u_002148,test,2024-11-20,KR,7818,58514,131,4.42,0
u_005426,test,2024-11-19,JP,6952,52712,87,1.55,0
u_009683,test,2024-12-14,US,5523,30583,71,1.7,1
u_007233,control,2024-12-15,JP,4595,26739,50,1.65,0
u_012689,test,2024-12-04,KR,4364,34876,73,0.98,1
u_013689,test,2024-11-03,US,3791,20274,45,0.89,0
u_013055,control,2024-11-30,JP,3406,16889,26,1.78,0
u_011357,test,2024-11-30,JP,6456,53419,116,4.76,1
u_011013,test,2024-12-19,KR,2441,17297,39,1.48,0
u_005742,control,2024-12-24,US,6105,26902,62,0.75,1
u_004549,control,2024-11-07,KR,4933,38978,89,3.87,1
u_004823,test,2024-12-20,KR,6735,42053,83,2.28,0
u_011874,control,2024-11-24,JP,5909,52587,109,3.43,1
u_003806,test,2024-12-31,KR,4369,31281,61,2.02,1
u_008514,control,2024-12-28,KR,4985,39247,94,3.32,1
u_000357,control,2024-11-11,KR,4883,37480,85,3.67,1
u_001370,test,2024-11-24,KR,1842,16844,37,1.44,0
u_010008,control,2024-11-11,US,5696,42720,104,2.96,0
u_005546,test,2024-11-21,US,5176,41788,77,3.2,1
u_009177,test,2024-12-21,US,6312,38255,69,4.07,1
u_000902,control,2024-11-28,KR,7189,51653,123,3.48,1
u_004345,test,2024-11-13,US,7746,69536,133,6.64,1
u_013185,test,2024-11-11,KR,7784,71900,139,5.2,0
u_001394,control,2024-12-26,KR,3702,32459,64,2.35,1
u_003522,control,2024-11-02,KR,7307,46457,106,1.64,1
u_005826,control,2024-11-08,KR,4547,31110,69,2.75,0
u_008810,control,2024-12-17,KR,5054,30140,73,1.37,1
u_008934,control,2024-11-20,US,7323,55183,122,4.04,0
u_010192,control,2024-11-01,US,4842,21935,52,1.74,1
u_006150,control,2024-12-22,JP,1955,13152,23,1.2,0
u_011534,control,2024-11-02,JP,6229,33527,50,1.09,0
u_011030,test,2024-12-14,KR,5773,48200,97,2.1,1
u_001781,control,2024-12-08,KR,6370,44970,78,2.3,1
u_009580,test,2024-11-25,KR,4043,37879,92,2.52,1
u_002085,control,2024-12-03,JP,5228,32110,52,3.21,0
u_000685,control,2024-12-04,KR,5712,48468,87,1.89,1
u_012937,test,2024-12-27,KR,3466,32082,57,1.99,1
u_008246,test,2024-11-14,JP,7103,49241,115,4.93,1
u_010303,test,2024-12-25,JP,9115,71730,144,7.37,1
u_007083,test,2024-12-15,JP,3739,30376,50,1.27,1
u_004449,control,2024-11-02,KR,6536,57655,106,5.71,1
u_008181,control,2024-12-07,JP,6079,51541,85,2.39,1
u_000662,control,2024-11-08,US,3115,20767,39,1.25,1
u_012909,control,2024-12-10,US,6977,53922,92,3.79,1
u_002714,test,2024-12-28,KR,6303,54872,82,4.11,1
u_012685,control,2024-12-26,JP,4722,35731,60,3.92,0
u_004793,test,2024-11-13,US,8858,70570,142,2.68,0
u_013469,control,2024-11-05,US,5659,41649,74,4.46,1
u_008299,control,2024-11-17,JP,2815,21376,41,2.09,1
u_007393,test,2024-11-25,KR,4036,27218,52,1.86,0
u_007771,control,2024-11-04,KR,5101,38208,75,2.32,0
u_004470,control,2024-11-23,KR,9292,65843,140,5.71,0
u_007524,control,2024-11-21,JP,7664,52683,116,2.51,1
u_012551,test,2024-11-29,KR,7683,64829,132,2.69,1
u_010618,test,2024-11-08,KR,5118,40900,61,3.72,1
u_003011,test,2024-11-05,JP,4922,35449,88,2.04,1
u_011620,control,2024-11-25,KR,4804,34122,82,3.51,1
u_011559,control,2024-12-11,KR,3099,26046,54,1.96,1
u_008350,test,2024-12-10,KR,5354,39887,75,1.85,1
u_012388,test,2024-12-29,US,8354,39614,92,3.14,1
u_012618,test,2024-12-11,KR,6484,52166,129,5.41,1
u_005118,control,2024-12-28,KR,5426,32307,67,2.21,0
u_012550,control,2024-11-02,KR,7870,56161,132,2.07,1
u_002321,control,2024-11-12,KR,5484,33117,60,2.16,1
u_014607,test,2024-11-30,US,3244,22089,33,1.97,0
u_002958,test,2024-11-14,US,3955,27692,65,2.26,1
u_012814,control,2024-12-12,KR,6180,43741,105,4.68,1
u_012922,test,2024-12-24,KR,4823,35179,72,3.69,1
u_004632,control,2024-11-02,KR,3788,25254,53,0.93,1
u_013975,test,2024-11-20,US,5052,33644,63,1.7,1
u_012741,test,2024-11-23,US,6894,61304,121,6.5,1
u_005052,test,2024-12-12,KR,6209,49970,79,4.64,1
u_008621,test,2024-11-18,US,6527,59639,140,2.18,0
u_006350,test,2024-12-26,KR,4376,24059,43,0.86,0
u_006988,control,2024-11-05,KR,3258,29118,50,1.54,1
u_002224,control,2024-11-11,KR,7819,61947,140,6.38,0
u_010709,test,2024-12-13,JP,5321,50939,118,5.4,1
u_012497,control,2024-11-20,JP,4208,25550,41,2.1,1
u_001502,control,2024-12-01,KR,4583,29126,65,2.17,0
u_007172,control,2024-11-04,KR,6387,58202,111,4.77,1
u_008713,control,2024-12-24,KR,5476,48459,115,3.32,1
u_008998,test,2024-11-24,KR,5338,29315,68,2.12,0
u_012718,test,2024-12-31,KR,4456,42523,74,2.34,0
u_003541,control,2024-12-18,JP,3785,32051,52,1.32,0
u_000635,control,2024-11-23,KR,4517,27490,63,1.65,0
u_013083,control,2024-12-26,JP,6298,47788,101,2.18,1
u_014696,test,2024-11-04,JP,3603,32934,56,2.58,0
u_012542,control,2024-11-06,JP,3528,22542,47,1.91,0
u_012273,control,2024-11-30,JP,6881,47424,99,3.14,1
u_000817,test,2024-12-10,KR,5002,26909,48,2.54,1
u_012910,control,2024-12-23,KR,4200,25681,50,0.87,0
u_008526,test,2024-12-16,JP,2868,19314,30,1.8,1
u_014961,control,2024-11-12,JP,2283,15123,23,0.6,1
u_006715,test,2024-11-18,KR,3702,27811,50,2.71,0
u_007360,control,2024-11-19,US,6308,45374,86,3.48,1
u_007050,control,2024-11-15,KR,4985,39688,92,1.65,1
u_002792,control,2024-11-16,KR,5986,39066,85,1.59,1
u_009932,control,2024-11-14,JP,7119,61945,143,4.21,0
u_009829,control,2024-11-30,KR,4381,26716,48,1.59,1
u_008145,control,2024-12-27,KR,4197,32706,75,2.25,0
u_001817,control,2024-12-04,KR,5291,35829,70,2.13,0
u_000264,control,2024-11-26,KR,3394,25797,53,2.18,0
u_006723,test,2024-11-06,JP,6078,51206,110,4.56,0
u_002369,control,2024-11-30,JP,5237,34313,80,3.47,1
u_007548,test,2024-12-17,US,4206,34821,77,1.23,0
u_013885,control,2024-12-08,JP,1350,10757,17,0.81,0
u_009390,control,2024-11-26,KR,4725,33826,61,1.73,1
u_012125,control,2024-12-14,KR,5822,47573,112,5.15,1
u_008915,test,2024-12-21,KR,4938,36041,56,2.66,1
u_001149,test,2024-12-15,KR,8829,88456,217,6.01,1
u_014169,test,2024-12-18,US,5856,29930,61,1.53,1
u_012420,test,2024-12-06,KR,5804,41543,67,2.63,0
u_010308,control,2024-12-02,JP,4273,29380,45,3.15,1
u_009106,test,2024-11-26,JP,5045,32191,54,2.94,1
u_013888,test,2024-12-27,KR,7295,48616,92,2.95,1
u_003773,control,2024-11-02,JP,1636,11362,27,0.58,1
u_000367,control,2024-11-13,JP,3185,25613,42,2.77,0
u_001044,test,2024-11-19,KR,8070,68883,130,4.14,0
u_006149,control,2024-12-24,KR,3663,26600,64,1.72,1
u_007537,test,2024-12-15,KR,4744,37892,72,3.59,1
u_009180,control,2024-12-24,JP,4575,38224,78,3.36,1
u_014159,control,2024-12-21,KR,2425,16333,26,1.67,1
u_002112,control,2024-12-31,KR,7595,39783,62,3.65,1
u_005297,control,2024-12-03,US,5367,41535,103,1.49,1
u_014165,test,2024-12-28,JP,3483,25544,47,1.9,0
u_010130,test,2024-11-30,KR,6294,53590,119,5.02,1
u_004310,test,2024-12-26,KR,7922,51479,122,3.98,0
u_000978,test,2024-11-10,KR,4786,33663,63,0.97,0
u_004404,control,2024-11-02,KR,3837,24935,61,1.71,1
u_013108,control,2024-12-17,KR,4063,28502,70,1.71,1
u_006896,test,2024-11-01,US,8870,77532,140,4.21,1
u_014730,control,2024-11-02,US,6351,46680,95,4.65,1
u_009221,control,2024-12-01,JP,4804,33260,68,1.97,1
u_013728,control,2024-12-17,JP,3821,19590,43,0.64,0
u_014141,test,2024-12-25,KR,9415,77868,121,5.26,1
u_007715,control,2024-12-15,KR,8238,62630,152,6.82,1
u_003179,test,2024-11-16,US,4404,29717,54,2.14,1
u_004906,control,2024-12-07,US,4829,37875,73,2.61,0
u_012162,test,2024-12-16,KR,2394,18805,29,0.82,0
u_007460,control,2024-11-03,JP,2929,17896,43,1.57,1
u_003514,test,2024-11-01,US,6018,44320,82,4.44,1
u_006859,control,2024-11-30,KR,4934,26483,54,1.88,0
u_001883,control,2024-11-12,US,4016,22902,48,2.5,1
u_000145,test,2024-11-19,KR,5118,30607,74,2.56,1
u_008636,test,2024-12-12,KR,6918,48674,118,2.66,0
u_000130,control,2024-12-12,KR,7650,39163,85,3.3,1
u_005107,control,2024-12-20,KR,4632,30164,51,3.26,1
u_012123,control,2024-11-18,KR,7311,63929,119,2.64,1
u_004819,test,2024-11-09,JP,5368,30030,58,2.65,1
u_005872,control,2024-11-28,US,6234,47281,82,5.01,1
u_014761,control,2024-12-29,US,8879,63579,153,2.28,1
u_008960,control,2024-12-31,KR,4989,32011,55,2.04,0
u_003649,test,2024-11-07,US,6143,49184,97,3.34,1
u_003727,control,2024-12-21,KR,6165,50027,88,5.0,1
u_012030,control,2024-12-17,US,3224,21900,50,1.18,0
u_011139,test,2024-12-25,US,5040,35165,72,3.78,0
u_001146,control,2024-12-02,US,5856,51805,100,3.45,0
u_002270,control,2024-11-07,KR,5387,37513,86,2.95,0
u_004238,control,2024-12-19,KR,5904,47693,113,4.26,0
u_007030,control,2024-11-19,US,7256,58471,92,6.37,1
u_007740,control,2024-12-15,JP,7056,60225,116,5.04,1
u_001688,test,2024-12-12,US,2412,16461,30,1.34,0
u_003756,control,2024-11-08,KR,2302,19456,31,0.77,0
u_006468,test,2024-12-12,KR,6092,31996,62,2.33,0
u_013800,test,2024-11-24,KR,5537,46737,94,3.71,1
u_013172,test,2024-11-20,KR,5104,39609,63,1.96,0
u_004876,control,2024-11-02,KR,5322,38032,78,3.49,1
u_004801,test,2024-12-13,KR,5456,51129,81,1.31,0
u_011131,control,2024-11-16,KR,7022,58243,145,5.24,1
u_001849,control,2024-12-08,KR,3880,22581,50,1.94,0
u_014690,test,2024-12-18,KR,6349,43966,91,4.82,0
u_001717,test,2024-11-20,KR,4395,39239,83,1.56,1
u_002498,control,2024-11-19,JP,5889,46077,102,4.79,1
u_001583,control,2024-12-11,KR,1382,8666,20,0.61,1
u_008932,control,2024-11-04,JP,5382,40600,82,3.14,1
u_010437,control,2024-12-05,JP,5206,28229,44,2.34,1
u_014134,test,2024-12-10,JP,5651,42489,97,4.09,1
u_007942,test,2024-12-25,KR,5066,28691,46,1.16,1
u_014619,test,2024-12-06,JP,5627,52425,81,3.97,1
u_003645,control,2024-11-24,KR,9355,58121,98,2.57,1
u_010646,control,2024-11-03,US,8904,52819,96,5.54,1
u_001066,test,2024-11-15,KR,7210,43269,105,4.57,1
u_010226,test,2024-11-21,KR,9231,77027,147,5.01,1
u_003411,control,2024-12-30,KR,5507,47212,92,4.52,0
u_006959,test,2024-11-21,JP,3790,26586,53,1.9,0
u_001027,control,2024-12-28,KR,5378,24231,49,2.22,1
u_001421,control,2024-11-30,JP,3201,20423,34,0.82,0
u_005134,control,2024-11-09,JP,5656,45354,76,4.5,0
u_008148,control,2024-12-17,KR,6198,52376,96,3.47,1
u_000131,test,2024-11-03,JP,4863,29053,54,2.1,0
u_005468,control,2024-12-16,KR,5836,39965,64,1.01,0
u_005994,test,2024-12-02,US,6746,48103,77,4.53,1
u_000361,test,2024-12-30,JP,7860,65705,159,2.83,0
u_013153,test,2024-12-22,KR,1333,11484,22,1.17,1
u_009359,control,2024-12-03,US,6059,60368,141,4.06,1
u_011555,test,2024-12-20,JP,5189,42507,99,1.97,1
u_000502,test,2024-11-06,KR,7364,71665,145,3.76,1
u_014513,control,2024-11-03,KR,5962,51015,117,1.95,1
u_005423,control,2024-11-01,KR,7899,42765,101,3.03,1
u_004938,control,2024-12-07,KR,4202,28318,48,1.85,1
u_005274,control,2024-12-20,US,3686,26406,63,2.36,1
u_013027,control,2024-12-25,JP,2217,15866,26,1.13,1
u_010213,control,2024-11-29,KR,7165,42427,81,3.17,1
u_007123,test,2024-11-28,KR,4693,47111,91,1.18,1
u_012426,test,2024-12-29,JP,2668,19286,46,0.53,0
u_000235,test,2024-12-05,US,4800,41074,101,4.06,1
u_002123,control,2024-12-25,JP,5318,30772,56,1.88,0
u_010551,control,2024-12-10,KR,5260,46199,95,3.51,1
u_008378,control,2024-12-28,JP,4424,37416,79,2.18,0
u_006064,test,2024-12-24,KR,6477,68804,136,5.15,1
u_008004,test,2024-12-21,JP,4328,30144,71,1.33,1
u_001712,control,2024-12-27,US,5577,34949,74,2.46,1
u_009181,test,2024-11-06,KR,9373,68823,171,3.13,0
u_002932,control,2024-12-16,JP,5833,42486,75,3.05,1
u_011162,control,2024-11-10,US,9028,58933,132,4.31,1
u_000962,control,2024-11-16,JP,7633,52249,105,4.42,1
u_003260,test,2024-12-30,US,4494,41541,71,2.24,1
u_014626,control,2024-12-07,KR,6331,43790,71,1.67,1
u_002036,test,2024-11-16,US,5572,41670,87,1.68,1
u_007521,test,2024-12-15,JP,4240,43290,85,2.46,1
u_014518,test,2024-12-08,US,6092,40993,72,4.34,0
u_006874,control,2024-12-08,JP,4780,33198,76,2.95,0
u_000664,control,2024-11-21,JP,3459,25264,63,2.52,0
u_002051,test,2024-11-20,US,7015,58772,124,1.58,0
u_008178,test,2024-12-29,KR,5127,43398,105,1.43,1
u_004482,control,2024-12-25,KR,3639,25594,51,0.95,0
u_008045,test,2024-11-19,JP,5158,42564,98,2.32,1
u_008625,control,2024-11-21,JP,2712,19775,31,0.74,0
u_014313,control,2024-11-17,KR,4044,30716,61,1.73,1
u_014813,control,2024-11-19,KR,6889,46654,73,1.56,1
u_001290,test,2024-12-26,KR,5022,30318,46,3.01,0
u_005098,test,2024-11-22,KR,6847,46753,84,2.58,1
u_014180,control,2024-12-13,KR,4954,40731,61,2.73,0
u_008608,test,2024-12-18,KR,3188,22530,39,1.14,0
u_004642,control,2024-11-28,KR,5716,42307,92,3.01,1
u_005843,test,2024-11-22,JP,3934,38235,64,3.1,0
u_002701,control,2024-11-30,KR,4981,39195,74,3.33,0
u_007006,control,2024-12-07,JP,6587,36623,78,1.14,1
u_014112,test,2024-11-25,KR,8728,74404,117,1.92,1
u_000526,control,2024-12-14,KR,3559,27192,42,0.98,1
u_007013,control,2024-11-08,US,5110,49021,111,5.24,0
u_000963,control,2024-11-20,KR,5401,42423,83,3.4,1
u_005116,control,2024-12-10,KR,5371,33085,71,2.0,1
u_011358,control,2024-12-08,KR,3849,22719,48,0.68,0
u_000213,test,2024-11-03,KR,5710,31246,71,1.31,1
u_005530,control,2024-12-22,KR,4471,28018,57,0.86,1
u_009551,control,2024-11-07,KR,6102,50193,104,3.97,1
u_006089,control,2024-12-31,JP,2473,17262,35,1.2,1
u_007301,test,2024-11-10,KR,6399,63861,142,3.96,0
u_001971,control,2024-12-04,KR,6615,46718,86,4.89,1
u_009847,test,2024-11-30,KR,5026,39319,80,2.15,1
u_005519,control,2024-12-24,KR,5112,38040,84,3.87,1
u_014828,control,2024-12-10,KR,8120,55221,92,5.6,1
u_011407,test,2024-11-06,US,7089,52230,84,1.78,1
u_009565,control,2024-11-27,KR,2918,21841,41,1.65,0
u_010679,control,2024-11-15,KR,6207,25065,43,2.0,0
u_012399,control,2024-11-09,KR,6079,44040,87,3.25,1
u_000353,test,2024-11-10,KR,6768,49264,75,2.83,1
u_011487,control,2024-12-30,US,1673,9045,21,0.4,0
u_008989,control,2024-11-06,JP,2705,19491,36,1.53,1
u_003973,control,2024-12-25,KR,9159,62053,133,2.33,1
u_001000,control,2024-12-12,KR,3514,24688,59,2.4,1
u_005800,control,2024-12-23,JP,9085,51995,110,2.32,1
u_002598,control,2024-12-17,JP,4991,31128,62,2.24,1
u_012072,control,2024-12-26,KR,6405,43425,66,4.37,1
u_011996,test,2024-12-10,KR,4892,43787,98,3.81,1
u_006376,test,2024-12-30,KR,5568,56149,135,5.18,1
u_006922,test,2024-12-22,JP,6885,48821,77,4.54,1
u_003847,test,2024-11-06,KR,3393,34094,53,0.9,1
u_002312,test,2024-12-18,US,8123,62053,127,5.58,1
u_006777,test,2024-11-24,KR,4600,42771,87,3.46,1
u_006421,test,2024-11-23,KR,4145,32726,74,0.98,0
u_001992,test,2024-12-30,JP,4943,36738,69,2.7,1
u_010128,test,2024-12-07,KR,2801,21458,53,0.89,0
u_006022,control,2024-12-08,KR,6439,40656,87,3.14,1
u_008947,control,2024-12-27,US,5785,33576,58,2.76,1
u_001548,control,2024-12-27,KR,6505,42439,80,2.35,0
u_004748,test,2024-12-05,KR,5736,49418,108,3.18,1
u_007394,test,2024-12-24,KR,3590,23449,52,0.95,0
u_007630,control,2024-11-20,JP,5137,36859,70,2.42,1
u_011586,control,2024-11-14,KR,5844,55293,101,3.19,1
u_007420,test,2024-12-23,KR,6850,50154,106,2.99,1
u_004064,test,2024-12-21,JP,4503,34332,70,2.62,1
u_003366,control,2024-11-26,US,4372,31690,72,2.52,1
u_003472,test,2024-12-21,KR,5711,38072,87,2.47,0
u_008660,test,2024-12-31,KR,5888,43936,80,3.28,0
u_004461,control,2024-12-08,KR,9033,72112,155,4.11,0
u_000126,control,2024-12-02,US,5762,35685,76,3.14,1
u_008851,control,2024-12-20,JP,8283,52749,125,1.93,1
u_010512,test,2024-12-26,KR,1954,14732,25,0.4,0
u_012585,control,2024-12-02,JP,6003,45908,79,2.33,1
u_000732,test,2024-12-10,JP,4224,27636,58,2.29,0
u_007144,test,2024-11-04,JP,5697,42841,64,1.85,1
u_013969,test,2024-12-03,JP,5201,51156,102,2.11,0
u_003023,control,2024-11-26,US,4660,34108,70,3.09,1
u_005144,control,2024-12-25,JP,5793,42751,105,3.38,0
u_011573,test,2024-12-12,JP,5868,52671,88,3.95,1
u_002552,control,2024-11-16,US,1300,7893,14,0.38,1
u_003712,control,2024-11-25,US,4309,35658,89,1.41,1
u_000021,test,2024-12-02,JP,8243,62293,115,4.58,1
u_006816,test,2024-12-14,US,1843,16149,35,1.61,0
u_007001,test,2024-12-31,US,5734,48576,94,2.48,0
u_012038,control,2024-11-22,KR,5891,37171,91,3.76,1
u_008188,control,2024-12-13,KR,5506,49557,123,2.84,1
u_011185,control,2024-12-05,JP,5836,32795,49,2.44,1
u_002820,test,2024-12-14,KR,5192,44388,90,2.45,1
u_009146,control,2024-11-21,JP,9162,65167,157,1.94,1
u_000671,control,2024-11-12,KR,1970,12509,23,0.7,1
u_011323,control,2024-11-27,KR,4484,33828,62,1.17,1
u_000883,control,2024-12-24,KR,4413,24327,38,0.93,0
u_010328,control,2024-12-08,JP,5557,40783,65,1.46,1
u_000316,test,2024-11-29,US,6694,60504,116,5.44,1
u_014414,test,2024-11-02,KR,5053,49054,115,4.93,0
u_007310,test,2024-11-26,KR,4934,46299,84,3.06,1
u_009208,test,2024-11-02,US,3222,18363,31,1.34,1
u_014474,control,2024-11-26,KR,5104,40831,68,2.85,1
u_003873,test,2024-11-29,US,5572,35221,81,3.52,1
u_011535,test,2024-12-20,KR,2949,24405,52,1.73,1
u_010668,control,2024-11-15,US,6408,41074,95,3.97,0
u_001732,control,2024-12-31,KR,6757,51723,82,3.89,0
u_012985,control,2024-11-22,KR,5631,42099,89,1.19,0
u_014316,test,2024-11-02,JP,2160,15911,34,0.84,1
u_007728,control,2024-12-26,JP,4676,26460,42,0.89,0
u_007566,test,2024-11-30,JP,4368,26837,62,0.99,0
u_002020,control,2024-11-22,US,5460,42973,75,3.07,0
u_000652,control,2024-12-27,KR,6835,58925,144,1.86,1
u_001869,test,2024-12-04,KR,5189,37438,89,2.27,1
u_002933,test,2024-12-21,US,3351,32184,60,2.81,1
u_006317,test,2024-12-09,US,6705,47520,78,4.74,0
u_001625,control,2024-12-08,KR,2918,25067,59,1.91,1
u_003955,test,2024-12-24,KR,7539,50824,125,3.0,0
u_013020,test,2024-12-27,JP,5334,49123,116,4.99,1
u_014561,test,2024-11-05,KR,5263,40760,101,4.18,1
u_007939,test,2024-12-22,KR,6846,49767,93,5.23,1
u_009109,control,2024-12-13,KR,1689,12708,31,0.73,1
u_007214,control,2024-11-15,JP,7011,43078,88,3.87,0
u_004326,control,2024-12-25,KR,7527,52572,125,4.28,1
u_008135,control,2024-11-23,KR,4457,25235,49,1.7,0
u_008394,test,2024-11-07,KR,7993,61635,103,6.39,1
u_008627,control,2024-11-17,KR,3340,22256,49,2.35,1
u_009436,test,2024-11-19,KR,5787,57113,122,5.25,1
u_014818,test,2024-11-24,KR,3876,27232,67,0.95,0
u_010745,control,2024-11-26,JP,3191,27641,53,1.21,1
u_000643,control,2024-11-03,US,5355,29367,72,2.66,1
u_004554,test,2024-11-08,US,7726,48532,113,3.29,1
u_003057,test,2024-12-16,US,6623,49478,96,2.06,0
u_010430,test,2024-11-12,JP,5723,48466,113,3.32,1
u_005507,test,2024-12-14,US,3005,23756,56,2.27,1
u_004216,control,2024-11-24,JP,4365,32899,66,2.37,1
u_010743,control,2024-12-22,KR,8833,70766,125,2.79,1
u_009601,control,2024-12-27,KR,5614,37643,65,3.39,0
u_002296,control,2024-12-18,US,7911,60818,96,3.41,1
u_010333,control,2024-12-13,JP,6080,38878,59,3.57,1
u_007671,control,2024-11-30,US,6196,38085,71,2.01,1
u_006093,test,2024-12-20,JP,6647,34812,85,1.77,0
u_010236,control,2024-12-22,US,7514,58593,114,4.71,1
u_013696,test,2024-12-15,JP,8509,76845,125,8.23,1
u_001400,test,2024-12-19,US,6477,41872,79,2.05,1
u_008287,test,2024-11-20,KR,5071,48838,106,2.48,0
u_009925,test,2024-11-22,KR,5809,41944,99,1.42,1
u_012879,control,2024-12-08,KR,4577,36069,79,0.94,1
u_010577,test,2024-11-12,KR,4543,35206,55,1.5,1
u_003137,control,2024-12-26,KR,2447,16853,36,1.63,0
u_000395,control,2024-11-30,KR,2484,16138,39,0.98,0
u_014913,control,2024-12-25,JP,8050,65148,130,3.76,1
u_000080,test,2024-12-24,JP,6659,38104,61,2.44,1
u_000858,control,2024-11-21,KR,6735,52902,98,1.9,1
u_014027,control,2024-12-20,US,4260,26918,50,1.55,0
u_002492,test,2024-12-25,KR,5006,31365,59,1.53,1
u_006958,test,2024-11-11,KR,4368,35732,67,3.81,0
u_008323,test,2024-11-05,KR,6087,56685,134,4.93,1
u_013667,control,2024-11-20,KR,6170,37687,75,2.01,1
u_011327,control,2024-12-23,KR,7491,47266,77,4.03,1
u_004717,test,2024-12-18,US,5726,43761,109,2.81,1
u_004021,control,2024-12-31,JP,5718,30124,45,1.17,0
u_008599,test,2024-12-01,US,5088,44814,86,3.0,1
u_005283,test,2024-12-10,US,5061,36930,57,2.95,1
u_007706,control,2024-12-15,JP,8088,45578,102,2.23,0
u_010329,control,2024-11-18,US,4587,40061,82,2.64,0
u_001492,test,2024-12-22,KR,3181,29269,52,3.13,1
u_013478,control,2024-11-26,US,4700,38214,59,2.4,1
u_001453,test,2024-12-24,JP,4378,25942,41,1.91,1
u_013899,test,2024-11-29,JP,7939,61776,154,5.59,0
u_011467,control,2024-11-21,KR,9248,74410,122,3.0,0
u_004158,control,2024-12-06,KR,4463,34778,58,2.03,1
u_010630,control,2024-12-16,JP,6008,48755,110,2.94,1
u_006289,test,2024-11-23,KR,5272,37579,82,1.4,1
u_000319,test,2024-12-26,JP,4683,37453,62,1.25,0
u_007933,control,2024-12-04,JP,2713,18886,43,1.75,1
u_004273,test,2024-11-28,KR,6406,49646,120,3.09,1
u_006718,control,2024-12-07,JP,7453,65921,100,1.69,1
u_006046,test,2024-11-09,US,8268,63616,130,5.21,1
u_013965,control,2024-11-18,KR,6693,41815,103,4.56,1
u_007432,control,2024-12-23,KR,3940,26150,50,1.86,0
u_013102,control,2024-12-30,KR,4875,35093,54,3.32,1
u_010371,test,2024-12-22,JP,590,4207,6,0.41,0
u_012132,control,2024-12-16,JP,4549,34610,83,3.23,0
u_010545,test,2024-12-20,KR,4169,34127,80,3.11,1
u_008352,test,2024-12-31,JP,5051,47304,90,1.8,1
u_002303,test,2024-11-01,US,9252,72261,130,7.75,1
u_007504,test,2024-12-28,JP,4020,34403,58,1.39,0
u_009322,control,2024-12-29,KR,3567,23670,43,1.72,0
u_012483,control,2024-11-05,KR,8272,52507,94,5.49,1
u_012890,control,2024-12-07,US,4741,31975,67,3.42,1
u_013792,control,2024-11-11,KR,7429,59579,104,4.3,1
u_008040,test,2024-12-14,US,4755,31215,56,2.33,1
u_001125,test,2024-11-30,JP,6603,38849,91,1.19,1
u_000403,control,2024-12-15,US,7049,58450,135,5.78,0
u_002533,test,2024-12-18,JP,1302,12427,19,0.98,0
u_007672,control,2024-12-25,KR,5543,38761,70,2.88,1
u_009325,control,2024-12-05,JP,4776,20141,39,0.61,1
u_006045,control,2024-12-03,JP,7222,50191,108,2.18,1
u_003489,control,2024-11-18,JP,7462,62558,113,2.65,1
u_013758,control,2024-12-21,JP,4402,33303,75,1.89,0
u_002453,control,2024-12-16,JP,8789,62654,115,5.9,1
u_010111,control,2024-11-24,KR,5636,45363,106,2.05,1
u_000094,control,2024-12-03,JP,3726,26640,50,2.68,1
u_000661,test,2024-11-27,KR,2623,19532,40,1.96,1
u_014799,test,2024-12-23,JP,4353,34739,78,2.78,1
u_013417,control,2024-11-02,JP,7132,36075,62,1.6,1
u_007987,control,2024-12-18,KR,4498,24799,51,0.64,1
u_009324,control,2024-11-29,JP,4851,39327,72,2.92,0
u_012940,test,2024-12-04,US,2656,19954,32,1.15,0
u_005879,control,2024-11-22,US,4009,26377,47,1.1,0
u_004076,test,2024-12-02,KR,6268,42668,99,3.73,1
u_002136,test,2024-12-29,KR,10460,96622,179,7.31,1
u_014492,control,2024-12-04,JP,3467,31695,76,3.13,0
u_004588,test,2024-11-23,JP,3754,34105,52,3.64,0
u_012092,test,2024-12-23,KR,6410,45810,76,2.97,1
u_009642,test,2024-11-03,US,4769,33398,82,3.31,1
u_007628,test,2024-11-18,KR,4169,30374,66,3.25,0
u_007094,test,2024-11-06,JP,5986,39379,71,1.7,1
u_001039,test,2024-12-05,US,7028,42907,67,4.03,0
u_011207,control,2024-11-11,KR,8756,70747,158,3.42,1
u_013011,test,2024-12-13,JP,3611,32786,76,0.94,1
u_000886,test,2024-12-22,JP,4299,31876,63,2.58,1
u_010771,control,2024-11-26,KR,2462,16928,42,0.53,0
u_010730,test,2024-11-12,KR,6364,49770,121,2.31,0
u_011634,test,2024-12-18,US,5742,35945,85,2.53,1
u_012416,control,2024-12-21,KR,6355,45900,86,2.0,0
u_003781,test,2024-12-07,KR,4840,33617,69,2.82,0
u_012247,test,2024-12-31,KR,3212,28993,55,2.5,0
u_005270,test,2024-12-28,KR,6087,47503,110,4.84,1
u_012070,test,2024-12-16,JP,5340,43527,84,2.32,0
u_012561,test,2024-11-11,JP,7389,55056,113,1.43,1
u_010443,test,2024-12-21,JP,4327,32631,62,1.2,1
u_002964,control,2024-12-05,KR,8369,52665,113,1.88,0
u_006669,test,2024-11-11,KR,5280,48166,102,2.86,1
u_009684,test,2024-11-01,US,3884,35784,80,2.65,0
u_001947,control,2024-11-04,KR,8546,54920,100,4.23,0
u_003869,control,2024-11-21,KR,3413,23824,54,0.92,0
u_011332,test,2024-12-08,JP,4835,40969,95,3.78,1
u_010698,control,2024-12-20,KR,7675,70858,108,6.0,0
u_006835,test,2024-12-25,KR,5926,46436,71,2.62,1
u_012924,test,2024-12-28,KR,4553,34527,57,2.63,1
u_004212,test,2024-12-26,KR,3300,30259,50,0.81,1
u_000445,test,2024-11-14,KR,5759,54388,111,2.53,0
u_007010,test,2024-12-03,KR,5154,35991,77,2.8,1
u_006655,test,2024-11-01,KR,6126,47808,81,2.94,1
u_002558,test,2024-12-04,KR,5283,40225,94,3.35,0
u_012065,control,2024-12-25,KR,4564,29254,58,1.4,1
u_013942,control,2024-11-28,US,6903,41515,97,2.27,1
u_012899,control,2024-11-19,JP,6464,40436,76,3.94,1
u_009960,test,2024-12-27,JP,2566,21938,54,0.66,1
u_006375,control,2024-12-30,KR,2512,16280,34,0.72,1
u_001113,control,2024-12-24,KR,3986,22330,33,0.59,0
u_003076,test,2024-11-02,KR,3563,26321,58,2.12,1
u_000501,control,2024-12-31,KR,6371,44733,99,4.67,1
u_002811,control,2024-11-15,KR,5345,38280,81,1.0,0
u_013198,control,2024-11-20,KR,8222,43572,106,2.57,0
u_011846,test,2024-11-04,US,4947,42212,85,4.28,1
u_005537,control,2024-12-05,JP,5597,30485,70,1.51,1
u_005448,control,2024-12-03,KR,6471,42830,86,2.87,1
u_008455,test,2024-12-19,KR,3601,27852,62,1.16,1
u_011685,test,2024-11-03,KR,8048,61527,92,5.14,0
u_006228,control,2024-11-29,JP,6280,43616,104,3.39,1
u_007481,control,2024-12-30,KR,3720,32360,77,1.05,1
u_004194,test,2024-11-25,KR,5324,40883,95,2.57,0
u_007291,test,2024-11-08,US,5804,34786,61,3.67,1
u_001551,control,2024-12-29,KR,4569,26517,56,0.76,0
u_003885,test,2024-12-08,JP,3755,25466,46,2.54,0
u_003830,control,2024-11-11,KR,5138,38948,88,1.57,1
u_007888,control,2024-12-30,US,8643,53081,100,2.14,1
u_012837,control,2024-12-28,KR,6737,54857,135,4.87,0
u_013591,test,2024-11-30,KR,7651,54050,112,4.06,0
u_009354,control,2024-12-21,JP,3549,26472,43,0.95,1
u_001550,test,2024-12-24,KR,4612,43597,66,2.74,0
u_000586,test,2024-12-27,JP,7490,56360,129,2.51,0
u_014161,test,2024-12-08,US,4318,27430,41,0.86,1
u_008247,test,2024-12-06,KR,5335,26913,63,0.87,1
u_003862,test,2024-11-04,US,7133,52298,108,1.94,0
u_000456,test,2024-12-06,KR,3804,25692,54,2.79,1
u_012315,test,2024-12-05,KR,5748,47210,76,1.45,1
u_014849,test,2024-12-26,US,4897,35916,74,1.67,0
u_006879,control,2024-12-21,KR,8056,60624,101,5.89,1
u_008600,control,2024-12-30,US,7631,43111,91,3.32,0
u_004854,test,2024-11-07,KR,4378,20726,33,2.16,0
u_002008,control,2024-12-09,KR,5624,38065,60,2.8,0
u_014133,test,2024-11-27,KR,5710,51223,119,5.15,1
u_005930,control,2024-12-17,KR,2934,26097,45,1.52,0
u_005352,control,2024-11-13,KR,9390,73836,139,5.84,0
u_007982,control,2024-12-28,JP,4918,28028,68,1.93,0
u_009373,test,2024-12-14,KR,3341,22656,48,2.37,1
u_007280,test,2024-12-05,KR,4807,29635,53,2.32,1
u_002016,control,2024-12-15,KR,5015,29259,50,1.64,0
u_014662,test,2024-12-06,KR,3169,27012,41,0.7,1
u_014301,test,2024-11-11,KR,5477,39739,92,1.5,1
u_013846,test,2024-12-06,US,6227,42637,88,2.98,0
u_006012,control,2024-11-06,KR,6329,46720,106,4.25,0
u_014885,test,2024-12-12,US,3907,22131,42,1.52,1
u_013082,test,2024-12-28,JP,3838,30056,55,1.64,0
u_008164,control,2024-12-15,US,6728,47792,114,2.47,1
u_012354,test,2024-11-18,KR,3444,29622,48,3.1,1
u_010866,test,2024-11-19,KR,3401,27709,60,1.97,1
u_009548,control,2024-12-04,US,4583,38519,87,3.05,0
u_007109,control,2024-12-22,KR,7678,59220,108,5.35,1
u_009092,test,2024-12-11,US,6116,34858,56,3.79,0
u_013768,control,2024-11-12,KR,2796,21764,54,0.59,0
u_006111,test,2024-12-12,US,6945,55509,83,3.03,1
u_004392,control,2024-12-15,KR,6915,54703,111,4.8,1
u_001965,test,2024-12-14,KR,5703,44483,109,2.98,1
u_007241,control,2024-11-10,KR,5023,30757,62,2.95,1
u_014705,control,2024-12-16,JP,3036,20096,42,1.8,1
u_001484,test,2024-12-29,JP,8360,55113,111,1.96,0
u_003338,test,2024-11-02,KR,7204,61511,142,5.54,1
u_007272,test,2024-12-17,KR,4698,35407,57,3.03,1
u_003924,control,2024-12-09,KR,3630,26166,47,0.72,0
u_014590,test,2024-11-21,US,5961,38129,92,3.64,1
u_004474,control,2024-11-21,KR,7882,73004,117,7.67,0
u_013278,control,2024-11-09,JP,4988,34839,82,3.54,1
u_013917,test,2024-12-15,JP,4109,23971,37,1.05,0
u_003529,test,2024-12-09,KR,6990,38513,87,1.66,0
u_013644,control,2024-11-05,KR,3992,31415,53,2.78,0
u_008644,control,2024-11-17,KR,4060,38939,59,1.3,1
u_009663,test,2024-11-01,US,6177,49950,103,2.05,0
u_013956,control,2024-12-22,JP,7072,61156,107,2.33,0
u_009415,test,2024-12-20,KR,3402,35322,72,1.2,0
u_000083,control,2024-11-22,JP,6558,53029,123,5.44,1
u_014808,test,2024-11-23,US,5728,43992,92,2.06,1
u_010492,test,2024-12-07,KR,5686,40664,66,1.44,0
u_011901,test,2024-12-10,KR,3680,34169,65,1.56,1
u_002603,test,2024-12-22,KR,5448,47651,101,2.17,0
u_011425,control,2024-12-20,US,3691,22991,49,2.1,1
u_010485,test,2024-11-04,JP,6182,44725,104,3.99,0
u_002461,control,2024-12-22,JP,5842,38307,58,2.86,0
u_011156,control,2024-12-31,JP,4584,27863,66,0.89,1
u_011484,control,2024-11-17,KR,4728,32136,51,2.57,1
u_013033,control,2024-12-15,JP,7036,60649,110,1.52,1
u_001944,test,2024-12-22,JP,2719,18037,27,1.44,0
u_004426,test,2024-11-09,US,6460,54174,89,3.56,1
u_013649,control,2024-11-19,KR,2674,18796,37,2.0,0
u_011822,test,2024-12-10,JP,7861,59866,97,5.92,1
u_003983,test,2024-11-23,US,6192,60995,91,4.76,1
u_003464,test,2024-12-01,KR,5755,46660,92,4.0,1
u_000048,test,2024-12-27,US,7105,61201,107,6.51,1
u_011187,test,2024-11-21,US,3025,25550,55,1.3,1
u_004037,control,2024-12-25,US,4352,24822,46,1.92,0
u_001616,control,2024-11-10,KR,4310,30255,64,2.12,1
u_008916,control,2024-12-21,KR,4018,26598,49,1.93,0
u_003403,control,2024-12-07,US,7572,43618,69,1.97,1
u_006709,control,2024-11-16,KR,3966,30393,71,0.87,1
u_010424,control,2024-11-13,KR,4270,27376,41,1.48,0
u_001244,test,2024-12-09,KR,5280,40687,80,4.11,0
u_004807,control,2024-11-12,KR,3087,20799,42,1.59,1
u_014829,control,2024-12-12,US,8476,62105,145,3.99,0
u_000280,control,2024-11-15,KR,10548,86384,206,2.46,1
u_004044,test,2024-12-01,US,6732,47707,76,4.34,1
u_000015,test,2024-11-22,KR,11578,87170,204,2.24,1
u_014107,test,2024-11-15,KR,5030,43016,104,1.92,1
u_002105,test,2024-12-11,US,5581,51265,96,3.02,0
u_013801,test,2024-12-02,KR,6387,56485,132,3.7,1
u_001223,control,2024-11-23,KR,1666,10508,21,0.98,1
u_001272,test,2024-11-27,JP,5414,31429,48,0.83,0
u_006607,test,2024-11-07,US,5664,42508,95,2.78,1
u_009267,test,2024-11-25,KR,4580,31274,71,1.56,0
u_008710,control,2024-12-06,US,4657,31586,48,3.45,1
u_014497,test,2024-12-20,JP,6503,49393,82,1.26,1
u_001192,test,2024-11-12,JP,5069,36456,69,2.91,1
u_009947,test,2024-11-12,US,5692,39197,86,1.59,1
u_011195,control,2024-11-16,US,5040,40411,87,2.08,1
u_002765,control,2024-12-23,KR,5461,45075,92,3.03,1
u_012147,control,2024-11-28,JP,4951,37280,57,3.22,1
u_002002,test,2024-11-16,KR,4400,36748,71,2.81,1
u_013086,control,2024-11-15,KR,5949,44262,82,4.23,1
u_008338,test,2024-12-21,JP,2811,23794,58,1.24,1
u_006615,control,2024-11-26,JP,3753,25871,42,1.4,0
u_006438,control,2024-12-16,KR,7536,52453,92,1.73,1
u_003789,control,2024-11-12,JP,5944,44298,109,3.43,1
u_006286,test,2024-11-13,KR,4725,38293,80,3.66,1
u_004104,test,2024-11-26,JP,7060,52507,84,3.32,1
u_009132,control,2024-12-25,JP,3267,22570,54,0.95,0
u_009187,test,2024-11-12,JP,2232,17880,35,1.12,0
u_009968,test,2024-12-06,KR,5365,53092,92,3.41,1
u_006442,control,2024-11-15,KR,3835,25235,45,1.8,1
u_006240,test,2024-11-14,KR,5683,36316,72,3.26,0
u_013467,test,2024-11-14,US,8243,62576,99,6.43,1
u_013112,control,2024-11-12,JP,3586,34436,56,2.7,1
u_006231,test,2024-12-30,JP,3037,18049,38,0.89,0
u_001539,test,2024-12-17,JP,7056,68258,146,3.8,1
u_009310,test,2024-11-12,US,6875,50842,111,5.11,1
u_013625,test,2024-11-22,US,6833,47951,80,3.19,1
u_004709,control,2024-11-30,KR,4680,39546,72,1.48,0
u_004701,control,2024-12-14,US,4336,40594,92,1.79,1
u_007067,test,2024-12-14,JP,8041,53793,134,4.41,1
u_008903,control,2024-11-26,KR,6398,38075,66,1.85,1
u_000809,test,2024-11-12,KR,8779,76570,150,7.72,0
u_009656,control,2024-11-25,KR,9032,72700,122,3.11,1
u_000999,control,2024-12-24,KR,3911,31875,57,1.24,0
u_005729,test,2024-11-04,KR,7433,61175,149,4.08,1
u_004492,control,2024-12-03,KR,6255,52017,96,4.56,1
u_012432,control,2024-11-28,KR,4045,32529,66,0.99,1
u_006039,test,2024-12-09,KR,4932,41701,93,3.8,1
u_007211,control,2024-12-16,JP,5657,35890,89,1.85,1
u_014955,test,2024-12-22,KR,5955,42468,72,2.99,1
u_007344,test,2024-12-11,KR,6465,58321,110,4.68,1
u_005965,control,2024-12-29,KR,6566,48172,80,1.76,1
u_001188,control,2024-12-14,KR,7412,45004,111,1.21,1
u_005474,control,2024-11-09,KR,4041,26853,43,1.88,0
u_006725,control,2024-12-29,US,6172,38341,67,3.27,1
u_014743,control,2024-12-04,JP,6260,37680,63,4.0,0
u_000856,test,2024-11-28,KR,5873,36283,67,3.49,1
u_008842,control,2024-12-11,KR,5006,31631,61,3.05,1
u_000336,test,2024-12-08,KR,5263,39583,72,4.09,0
u_012288,test,2024-12-11,US,7635,42742,73,1.34,1
u_002363,test,2024-11-25,KR,4563,31693,76,2.43,1
u_004412,control,2024-12-03,KR,5045,43246,72,2.61,0
u_013930,test,2024-12-07,KR,6406,52457,123,4.14,1
u_013601,control,2024-11-10,KR,9122,67813,158,2.1,1
u_012098,test,2024-12-04,KR,4716,31369,58,1.86,1
u_012721,control,2024-11-16,KR,6013,44709,69,4.5,0
u_012216,test,2024-12-15,US,6192,55816,126,3.45,1
u_004433,control,2024-12-13,KR,3649,27184,54,1.35,1
u_009557,test,2024-12-25,KR,9720,55351,106,3.68,1
u_007781,control,2024-12-14,JP,5111,24556,44,1.37,0
u_005672,test,2024-12-05,KR,3944,36694,66,1.17,1
u_011702,test,2024-12-27,JP,5741,44696,91,3.7,0
u_009572,control,2024-11-14,KR,6818,50023,124,3.36,1
u_006349,control,2024-11-15,KR,6466,40916,99,2.56,1
u_000884,test,2024-12-08,KR,3565,29079,46,2.59,1
u_010173,control,2024-11-21,JP,5429,43001,92,2.18,1
u_004430,control,2024-11-01,KR,3833,27389,61,1.73,0
u_009347,control,2024-12-12,KR,5498,41261,68,4.51,1
u_011354,test,2024-12-29,JP,7396,55502,103,3.86,1
u_000657,test,2024-12-19,KR,5504,45633,76,3.88,1
u_001124,control,2024-11-20,JP,6800,50194,83,3.77,1
u_004391,control,2024-12-04,KR,4342,31158,70,2.39,1
u_005627,test,2024-11-17,KR,5175,42390,101,2.53,1
u_003262,test,2024-11-12,KR,8456,72231,154,4.48,1
u_006213,test,2024-11-10,KR,8254,48122,96,4.54,1
u_003920,control,2024-11-02,KR,3208,25551,60,1.91,1
u_002049,test,2024-11-15,KR,4296,33558,60,1.34,1
u_014411,test,2024-12-11,US,3523,26945,59,2.52,1
u_005399,test,2024-11-01,JP,5150,33195,54,2.22,1
u_007605,control,2024-12-02,KR,3991,29591,55,1.1,1
u_004695,test,2024-11-01,JP,12326,78608,163,2.65,0
u_005968,test,2024-11-03,KR,6162,48942,120,2.21,0
u_012793,control,2024-11-06,KR,6989,39570,73,1.44,0
u_004294,control,2024-12-21,KR,3985,24401,55,2.18,1
u_010083,test,2024-12-12,KR,3304,23581,37,2.25,0
u_002575,test,2024-12-27,KR,4510,33901,74,1.72,1
u_000944,control,2024-12-03,KR,7924,62291,119,6.29,1
u_000981,test,2024-11-18,KR,5429,43651,86,4.13,1
u_012604,test,2024-11-12,US,2964,21157,34,0.75,1
u_012182,test,2024-12-04,KR,8241,73211,120,6.82,1
u_010228,control,2024-11-11,KR,5459,46544,92,2.69,1
u_009054,control,2024-11-27,JP,7184,48398,120,2.35,1
u_012648,test,2024-12-23,KR,7487,73625,157,4.47,1
u_012102,test,2024-12-24,US,5526,48360,82,4.98,1
u_007433,control,2024-12-26,KR,7353,54459,90,3.01,0
u_006187,control,2024-12-23,KR,8413,58558,121,2.59,1
u_006786,control,2024-12-28,KR,7499,58630,118,1.61,1
u_014038,test,2024-11-30,KR,4470,32966,60,3.23,0
u_013345,test,2024-12-21,KR,4246,34766,62,1.72,1
u_005550,test,2024-11-20,JP,3385,25958,61,1.04,1
u_001678,test,2024-11-02,KR,5278,43222,90,1.83,1
u_004023,control,2024-11-06,US,5433,40863,90,2.7,1
u_011507,control,2024-11-30,KR,2851,22010,48,0.55,1
u_002817,test,2024-12-16,KR,5525,46970,95,1.69,1
u_000691,test,2024-11-25,KR,4116,31365,74,1.19,1
u_002208,control,2024-12-31,JP,2443,13794,29,1.47,0
u_013987,control,2024-12-19,KR,1231,7887,14,0.36,0
u_002397,control,2024-12-17,KR,7144,62265,147,3.02,1
u_012675,test,2024-12-14,KR,5121,35284,65,2.71,1
u_001825,test,2024-12-27,JP,2349,15637,27,1.09,0
u_009753,test,2024-12-10,KR,4909,33838,62,3.4,1
u_007870,control,2024-11-23,US,7288,54440,121,1.48,1
u_001230,control,2024-11-17,US,5591,40242,92,1.27,1
u_012397,control,2024-11-05,US,4492,29514,60,1.37,0
u_004198,test,2024-11-08,KR,3349,26111,59,2.77,1
u_004997,test,2024-11-26,KR,7290,64195,150,5.77,1
u_008694,control,2024-11-26,JP,4048,28341,70,1.69,1
u_004861,control,2024-11-16,JP,5298,36303,60,2.18,0
u_005353,test,2024-11-01,KR,6833,58198,103,3.31,1
u_014102,control,2024-12-07,JP,5593,41615,76,4.47,1
u_007153,control,2024-11-12,KR,5520,41845,101,4.01,0
u_012492,control,2024-11-17,JP,6043,30278,59,3.27,0
u_006296,test,2024-11-12,KR,5467,42307,72,3.55,0
u_003168,control,2024-12-13,US,9802,81526,158,3.28,1
u_014923,control,2024-12-14,KR,6207,44752,70,1.82,1
u_009774,test,2024-11-09,KR,5172,31361,65,1.21,1
u_006647,test,2024-12-09,KR,6549,51681,90,4.33,1
u_000543,control,2024-12-27,KR,5838,37907,80,1.92,1
u_008390,test,2024-12-04,KR,7426,55902,126,3.07,0
u_001189,test,2024-12-07,US,2949,22496,52,2.11,0
u_003646,test,2024-12-11,KR,4867,46248,102,1.56,1
u_008498,test,2024-12-05,KR,4839,36534,77,3.43,1
u_012173,control,2024-12-14,KR,7390,59165,114,2.36,1
u_013911,test,2024-11-25,KR,3890,31861,63,0.81,0
u_008852,test,2024-12-08,KR,5021,41980,90,3.09,1
u_006951,control,2024-12-08,US,5138,31024,64,1.05,0
u_001891,control,2024-12-23,KR,3931,35240,70,2.91,1
u_010701,control,2024-12-07,KR,2447,19479,42,1.59,1
u_010736,test,2024-12-03,KR,2785,21290,36,1.27,0
u_001314,control,2024-12-30,KR,3297,20600,47,1.47,1
u_013237,control,2024-12-20,KR,8857,63415,151,4.5,0
u_011146,control,2024-11-30,KR,5114,34362,62,0.99,1
u_007321,test,2024-12-06,KR,8678,72057,127,1.96,1
u_002346,test,2024-12-22,KR,6046,63814,125,1.97,1
u_014446,test,2024-11-26,US,9069,91398,173,6.86,1
u_002937,test,2024-12-23,KR,6470,53307,131,5.68,1
u_011043,control,2024-12-10,KR,6450,42238,83,2.49,1
u_013610,test,2024-12-09,US,6392,56948,125,2.59,0
u_011140,test,2024-11-25,KR,3813,21587,35,1.1,1
u_002773,test,2024-12-24,KR,1037,7539,17,0.64,0
u_003818,test,2024-12-15,JP,7174,61200,98,4.39,1
u_009789,control,2024-12-25,KR,4425,30343,74,1.4,1
u_007731,control,2024-12-25,JP,3480,17866,35,0.94,0
u_009792,test,2024-11-11,KR,7298,55222,133,1.77,1
u_005180,test,2024-11-04,KR,6142,39183,66,4.13,1
u_000473,test,2024-12-01,KR,4390,38136,72,1.25,1
u_011235,control,2024-12-08,KR,2115,14242,22,1.31,0
u_000462,test,2024-12-11,KR,7283,63312,138,4.22,1
u_006679,test,2024-11-16,KR,3380,24028,53,1.78,0
u_012410,test,2024-11-04,US,9124,71816,132,1.84,1
u_011361,control,2024-12-07,KR,3731,31875,69,3.44,1
u_009453,test,2024-12-13,JP,6012,50755,111,3.83,1
u_005555,test,2024-11-20,JP,6106,42245,97,2.53,0
u_003970,test,2024-11-01,KR,4780,33550,74,1.18,1
u_011594,control,2024-12-11,JP,6475,51959,123,5.56,1
u_009833,control,2024-12-24,US,5769,43345,82,2.17,1
u_010344,control,2024-11-02,JP,6085,50436,84,4.91,1
u_002184,control,2024-12-17,KR,3436,21871,34,0.97,0
u_010644,test,2024-11-04,JP,7576,62561,110,5.47,0
u_004312,control,2024-12-01,US,8044,48139,119,4.41,1
u_010100,control,2024-11-15,US,3728,28913,66,1.0,0
u_003386,control,2024-11-30,US,2527,18512,41,1.57,0
u_009503,control,2024-12-20,JP,4127,26526,55,2.4,1
u_001241,control,2024-11-19,US,5268,44795,92,4.81,1
u_012788,test,2024-11-03,KR,7144,53849,96,2.27,0
u_011582,test,2024-12-04,JP,5538,36148,81,3.36,0
u_006373,test,2024-12-14,KR,7474,44327,110,1.12,1
u_010030,control,2024-12-07,KR,4800,32676,61,2.52,1
u_011055,test,2024-11-07,KR,3801,32473,77,1.05,0
u_003150,test,2024-12-22,US,4642,42284,102,1.07,0
u_005981,control,2024-12-24,JP,7188,44811,93,4.52,0
u_004889,test,2024-11-13,US,5504,43605,85,1.76,0
u_010514,test,2024-12-29,US,2823,21328,46,1.71,0
u_014294,control,2024-11-05,KR,4267,28387,44,2.12,0
u_010048,control,2024-11-23,US,5978,43203,73,1.13,0
u_011706,test,2024-11-26,KR,5170,34775,63,3.07,1
u_004366,control,2024-11-14,KR,5858,36762,75,1.01,1
u_014758,control,2024-12-30,KR,8591,59114,130,4.98,1
u_007773,test,2024-12-09,KR,2677,17205,40,1.06,1
u_004106,control,2024-11-22,KR,6301,48829,75,4.92,1
u_005219,control,2024-12-22,US,7285,49779,80,2.98,1
u_012023,control,2024-11-14,KR,2846,21569,41,1.6,1
u_010692,control,2024-11-05,US,6260,49799,90,1.84,1
u_004409,test,2024-12-16,US,6886,54584,133,1.84,1
u_005885,control,2024-11-20,KR,2810,17142,38,1.4,0
u_008026,control,2024-12-27,KR,5662,46349,83,2.3,0
u_013613,test,2024-11-28,JP,4483,41045,67,2.63,1
u_001696,test,2024-12-09,US,4739,38744,90,2.1,0
u_007210,control,2024-12-29,KR,5759,38138,86,1.41,0
u_000572,control,2024-12-19,KR,4788,38085,82,1.2,1
u_003362,control,2024-12-08,JP,5366,42006,104,3.14,1
u_014242,control,2024-12-26,KR,4975,28624,50,1.72,1
u_005156,test,2024-11-19,JP,6855,51195,112,1.53,0
u_007260,test,2024-12-20,US,5412,55349,106,3.88,0
u_003184,test,2024-12-06,KR,7141,54076,123,5.4,1
u_000468,test,2024-11-17,KR,4733,35250,53,1.6,1
u_000009,test,2024-11-25,KR,5516,41266,67,4.3,1
u_004691,test,2024-11-05,KR,4985,44345,75,4.81,1
u_010823,control,2024-12-12,US,4725,38704,60,4.15,0
u_004834,control,2024-12-12,KR,6436,51715,91,3.0,1
u_000267,control,2024-12-02,KR,4834,38742,84,2.88,1
u_014010,test,2024-12-10,US,5256,39679,60,1.61,0
u_003864,test,2024-11-20,JP,3340,20690,46,1.11,0
u_004573,control,2024-11-05,JP,2708,15319,25,1.23,1
u_001640,control,2024-12-15,US,4825,36277,66,1.24,1
u_004675,test,2024-12-16,KR,2677,22682,40,1.22,1
u_004497,test,2024-12-27,US,6081,43679,99,1.13,1
u_014704,test,2024-11-14,KR,1807,14671,25,1.19,0
u_001672,test,2024-11-13,JP,4715,45217,103,2.7,1
u_007326,test,2024-12-31,KR,8203,60450,137,5.17,1
u_014775,control,2024-12-30,KR,6368,45281,72,1.28,1
u_003743,test,2024-12-26,KR,5176,36357,54,1.97,1
u_009010,control,2024-11-01,KR,7026,53375,117,2.71,1
u_008251,test,2024-12-06,KR,5086,38452,93,1.64,0
u_010015,control,2024-12-19,US,2724,20001,39,2.02,0
u_007943,test,2024-12-05,KR,6795,46474,76,5.03,1
u_010178,test,2024-12-03,KR,3991,31482,50,3.14,1
u_003858,test,2024-11-03,US,4360,43262,78,1.58,1
u_014479,control,2024-12-23,JP,6152,50609,106,5.5,1
u_010084,test,2024-12-19,US,4654,37507,78,4.01,1
u_001526,control,2024-11-15,US,4529,24823,43,2.51,0
u_007968,control,2024-11-30,US,5805,34745,72,2.79,0
u_001505,test,2024-12-24,KR,7342,49400,74,5.35,1
u_014461,test,2024-12-29,JP,8770,62850,145,1.74,1
u_004946,test,2024-12-01,KR,6127,33653,71,2.79,1
u_006353,test,2024-12-02,JP,3785,25911,47,0.99,0
u_005571,test,2024-12-20,JP,4934,30193,65,1.68,0
u_000163,test,2024-11-04,JP,6217,47117,90,4.9,0
u_001307,test,2024-12-29,JP,3666,30678,57,1.67,1
u_006729,control,2024-12-27,JP,7007,47236,73,4.09,1
u_011449,test,2024-11-08,KR,6243,43385,90,1.52,0
u_006974,control,2024-12-17,KR,9156,62912,110,6.21,0
u_010180,control,2024-12-06,JP,5995,36779,58,1.93,1
u_011335,test,2024-12-30,US,892,7022,14,0.26,0
u_011734,control,2024-11-06,JP,8983,61561,141,4.55,1
u_012331,test,2024-12-17,KR,2993,21861,38,0.83,1
u_000024,test,2024-12-23,JP,6041,46122,105,4.77,1
u_012089,control,2024-11-01,JP,4076,28013,45,1.59,1
u_008682,test,2024-11-29,KR,6826,42614,84,3.19,1
u_004012,test,2024-12-05,KR,3138,23814,42,0.66,0
u_010567,control,2024-11-01,KR,5705,42873,91,4.22,1
u_012929,control,2024-12-13,JP,2977,18262,35,0.64,0
u_006814,control,2024-12-29,JP,6306,44547,84,3.32,0
u_014298,test,2024-11-23,JP,8694,50525,82,3.32,1
u_012726,test,2024-12-29,KR,6513,45066,71,2.43,0
u_010304,test,2024-12-18,JP,5536,41719,67,2.67,1
u_005427,test,2024-12-29,KR,5243,35098,75,1.69,1
u_007783,test,2024-12-01,US,7053,54770,86,3.54,0
u_012337,test,2024-12-28,KR,1913,14472,21,0.71,0
u_006320,test,2024-12-20,JP,3992,31682,75,2.27,0
u_002961,test,2024-11-14,KR,5870,47811,88,4.79,0
u_010107,test,2024-11-19,JP,8339,59787,120,5.63,0
u_013252,test,2024-11-06,KR,6923,66033,164,3.15,1
u_005489,test,2024-12-09,KR,7965,56960,111,2.98,1
u_005028,test,2024-12-13,US,4493,34261,58,2.01,1
u_012159,test,2024-11-01,US,8544,62104,110,5.5,1
u_013439,control,2024-12-22,KR,5479,42960,69,1.12,1
u_004237,test,2024-11-22,KR,2629,19354,45,0.77,1
u_007205,test,2024-12-24,KR,8750,71228,175,2.84,0
u_012790,control,2024-12-06,US,2744,13634,32,1.35,1
u_001053,control,2024-12-24,US,6553,44818,87,4.89,1
u_012674,control,2024-11-23,KR,6058,47618,98,4.08,1
u_003556,control,2024-11-11,KR,2620,18765,44,0.81,0
u_008087,test,2024-11-18,KR,4229,37692,63,2.39,1
u_002485,test,2024-11-03,JP,5345,41743,84,1.2,0
u_012175,control,2024-12-14,KR,2861,19996,41,1.8,1
u_008789,test,2024-11-21,KR,4072,33101,72,2.41,1
u_002827,test,2024-11-30,JP,6516,49632,110,2.7,1
u_000757,test,2024-12-21,KR,4770,39255,75,2.54,1
u_006866,control,2024-11-15,KR,8390,64772,102,3.67,1
u_000452,test,2024-12-16,US,6094,45333,97,2.58,0
u_012835,test,2024-12-04,JP,2117,16235,27,1.57,1
u_003876,control,2024-12-17,KR,5394,35559,59,2.63,1
u_010724,test,2024-12-07,JP,3628,29992,50,2.42,0
u_002256,control,2024-12-25,JP,6403,41354,70,2.69,1
u_002307,control,2024-11-09,KR,3785,25235,45,1.32,0
u_000604,control,2024-12-15,US,2619,23726,47,1.83,0
u_010721,control,2024-11-24,KR,4808,38031,82,3.3,1
u_004284,test,2024-12-07,KR,7361,64501,110,7.02,1
u_008586,test,2024-11-25,KR,8141,63054,103,5.61,1
u_009946,control,2024-11-15,US,6844,55877,101,1.67,0
u_007662,test,2024-12-01,KR,4466,32672,74,2.55,1
u_004935,control,2024-12-17,KR,6061,45144,92,1.45,1
u_004645,control,2024-12-19,US,6734,49534,117,4.72,1
u_009855,control,2024-11-25,KR,4008,25276,60,2.72,1
u_009737,test,2024-11-12,JP,4712,37559,90,3.3,1
u_000181,control,2024-12-05,JP,5361,34525,54,3.39,1
u_004593,test,2024-11-24,KR,10731,63695,100,6.43,1
u_006717,test,2024-11-06,KR,4112,28036,58,2.22,1
u_002813,control,2024-11-22,JP,4544,35770,60,2.68,0
u_014684,test,2024-11-18,JP,8070,47993,117,3.29,1
u_010262,control,2024-11-05,KR,6585,47297,107,3.14,1
u_003689,test,2024-12-16,KR,4443,26649,55,0.78,1
u_012235,test,2024-12-14,KR,3442,29120,49,2.76,0
u_002155,test,2024-11-22,JP,6144,56907,96,4.89,1
u_005069,control,2024-12-18,US,5323,37231,65,2.67,1
u_013004,test,2024-11-28,US,5181,39778,73,2.79,0
u_005213,test,2024-11-03,JP,7011,61305,94,2.4,1
u_003388,test,2024-12-11,KR,7227,63904,137,5.58,1
u_005273,control,2024-11-25,KR,1961,13215,32,0.42,1
u_013384,test,2024-11-17,KR,5890,58073,89,2.9,1
u_006338,test,2024-12-12,KR,6865,55292,129,4.33,1
u_005873,test,2024-11-14,JP,2069,17755,41,1.41,1
u_013645,test,2024-12-02,KR,6062,49788,85,3.35,1
u_001623,control,2024-11-16,JP,6618,40213,80,3.14,0
u_012239,test,2024-11-07,JP,6071,46295,115,2.44,0
u_008049,control,2024-12-26,US,3238,21121,34,2.2,1
u_006227,test,2024-11-10,KR,1996,10340,20,0.38,1
u_000514,test,2024-11-16,KR,4228,31692,71,1.42,1
u_006144,test,2024-12-22,JP,4435,31313,57,2.73,1
u_000362,test,2024-12-06,KR,7063,54981,90,5.83,1
u_005786,control,2024-12-31,KR,2409,21014,48,1.48,1
u_011593,control,2024-11-29,KR,3472,24560,54,1.21,0
u_012961,test,2024-11-25,KR,4142,33989,77,1.23,0
u_000678,control,2024-11-16,KR,2685,18003,35,0.97,0
u_011182,control,2024-11-19,KR,8528,78623,183,3.88,0
u_006204,test,2024-12-15,JP,7354,38342,73,1.86,0
u_005775,control,2024-12-03,KR,6328,65608,123,5.41,1
u_007372,control,2024-11-24,US,9315,45242,110,3.7,1
u_012854,test,2024-12-27,KR,6589,51010,112,2.17,1
u_009634,control,2024-12-30,US,6994,42368,67,3.1,1
u_002596,test,2024-12-15,KR,6294,52317,113,2.55,1
u_005150,control,2024-11-06,JP,7866,59598,128,5.76,0
u_001171,test,2024-11-18,KR,3901,31522,49,1.63,1
u_004751,test,2024-12-26,KR,9042,67788,161,4.89,1
u_009618,control,2024-11-05,JP,3397,23341,37,1.48,0
u_010932,control,2024-12-18,KR,6502,46195,77,4.37,1
u_011158,control,2024-12-12,JP,3673,29876,47,1.47,1
u_008878,control,2024-11-18,KR,5761,42490,75,4.29,0
u_001921,control,2024-12-25,JP,5234,27789,63,2.68,1
u_011932,control,2024-12-30,US,6294,44510,85,3.76,1
u_014219,control,2024-11-28,JP,3570,21283,34,0.75,0
u_011718,control,2024-11-23,JP,6964,56590,115,1.77,1
u_007105,test,2024-11-10,US,6824,50511,82,5.07,0
u_008741,control,2024-12-11,JP,3689,24707,49,2.62,0
u_012097,control,2024-12-03,KR,6646,41536,79,3.56,1
u_012190,test,2024-11-28,KR,3314,29516,57,2.8,0
u_011858,test,2024-12-29,US,9943,72068,133,4.43,0
u_000891,test,2024-12-29,JP,5027,42338,80,4.45,0
u_005798,test,2024-11-09,JP,5162,27656,49,0.92,0
u_014538,control,2024-11-03,US,5565,48201,76,4.18,1
u_011462,test,2024-11-23,JP,4527,30346,71,1.65,0
u_010955,test,2024-12-19,KR,5438,49961,112,3.21,1
u_012087,control,2024-12-21,KR,5568,35093,81,0.91,1
u_013816,control,2024-12-11,KR,5109,37702,68,3.21,1
u_009017,control,2024-12-28,US,4585,33441,67,1.5,1
u_012036,test,2024-11-21,KR,8162,58391,138,5.78,1
u_003949,control,2024-11-27,JP,5025,29618,62,2.89,0
u_001117,test,2024-12-28,JP,4990,34232,77,1.21,1
u_008563,test,2024-12-22,KR,4867,38720,80,3.09,0
u_012971,control,2024-11-03,KR,6847,55202,87,4.09,0
u_010027,control,2024-12-04,KR,10088,65455,125,1.82,1
u_010046,control,2024-11-13,JP,3723,19770,30,0.89,0
u_001432,control,2024-11-21,US,7237,47016,79,4.9,1
u_014098,test,2024-11-24,KR,6480,60437,112,4.69,1
u_002866,test,2024-12-02,KR,5508,35810,88,2.97,1
u_005787,test,2024-12-15,KR,4404,35468,78,3.5,1
u_001681,control,2024-11-11,JP,6949,52026,80,2.99,1
u_008715,test,2024-12-06,KR,8806,48874,121,1.99,1
u_014757,test,2024-12-14,KR,2570,15875,37,1.64,0
u_014610,control,2024-11-28,JP,6625,56781,130,4.25,1
u_013662,test,2024-12-24,KR,4206,32960,81,2.26,1
u_001873,test,2024-12-07,JP,8361,81016,146,4.98,1
u_006253,test,2024-12-05,JP,4611,31111,58,1.23,0
u_009437,control,2024-12-07,JP,5447,49664,75,1.59,1
u_014530,control,2024-12-26,JP,8270,62108,128,4.47,1
u_004700,test,2024-12-31,KR,5215,27043,44,2.78,1
u_003265,control,2024-12-13,US,6130,44499,73,2.27,1
u_006618,control,2024-11-13,JP,7033,43550,78,4.57,1
u_002174,control,2024-12-18,JP,5678,47106,91,5.08,1
u_006156,test,2024-11-19,KR,6325,45801,97,3.62,1
u_000725,test,2024-11-11,JP,3432,27924,49,2.91,0
u_000220,test,2024-12-26,KR,6605,57680,139,5.68,1
u_004041,test,2024-12-10,JP,4109,32712,75,3.38,0
u_011720,control,2024-11-29,US,6080,42191,79,3.49,1
u_001806,test,2024-11-07,KR,5194,33755,71,3.11,1
u_014587,control,2024-11-15,KR,5579,25255,54,1.25,0
u_013574,test,2024-11-21,KR,7793,59520,124,1.93,0
u_001283,test,2024-12-12,KR,6966,53365,108,2.86,1
u_007240,control,2024-11-08,KR,4974,31642,58,1.22,0
u_006221,control,2024-12-25,JP,4842,33409,56,3.47,1
u_001784,test,2024-12-20,KR,5867,42507,72,4.06,1
u_003343,control,2024-12-19,US,4071,29514,45,2.59,1
u_013231,control,2024-11-24,KR,3282,21507,39,1.25,0
u_001791,control,2024-11-24,KR,6641,54143,127,1.92,1
u_014178,control,2024-11-25,US,6765,36717,83,1.07,1
u_003734,test,2024-11-12,JP,8481,44817,85,3.13,1
u_005425,control,2024-11-07,KR,5606,38495,79,1.01,1
u_000634,test,2024-12-21,US,6364,60882,127,3.74,0
u_010824,test,2024-12-12,JP,8579,77602,157,8.31,1
u_000590,control,2024-11-28,KR,3142,21459,53,1.56,1
u_001176,test,2024-11-30,KR,8465,62575,127,6.61,1
u_011360,test,2024-11-01,JP,5308,40872,75,1.22,1
u_001934,control,2024-12-21,JP,4808,32362,54,3.06,1
u_010929,control,2024-11-13,JP,8211,58126,120,3.12,1
u_009046,test,2024-12-28,JP,3900,27626,60,2.04,0
u_009969,test,2024-11-15,KR,8703,54076,87,1.61,1
u_008706,control,2024-11-14,US,4996,39771,88,3.33,1
u_004367,control,2024-11-13,KR,7658,52043,115,5.17,0
u_002286,test,2024-11-19,US,4569,24825,45,1.05,0
u_006224,test,2024-12-09,US,4953,40688,83,1.16,1
u_008698,control,2024-11-21,KR,7825,60251,147,2.02,0
u_006232,test,2024-12-15,JP,3695,33327,75,1.29,1
u_007928,control,2024-12-29,KR,2449,17884,42,1.28,0
u_011473,test,2024-12-02,KR,4986,40703,73,3.5,1
u_006811,test,2024-11-29,JP,3858,29424,68,1.05,0
u_005146,control,2024-12-01,KR,3016,19089,36,1.68,1
u_013431,test,2024-12-18,US,7509,66019,118,2.48,1
u_006671,control,2024-11-28,KR,5492,42695,91,3.6,0
u_008261,control,2024-11-30,JP,5980,39691,88,3.58,1
u_004485,control,2024-12-28,KR,6123,38695,80,1.7,0
u_010182,control,2024-11-29,KR,4935,41454,69,2.63,0
u_011169,test,2024-12-16,KR,4833,45061,106,4.39,1
u_012548,control,2024-11-21,KR,3154,22714,53,0.94,1
u_006597,control,2024-11-28,US,6587,45660,87,1.2,1
u_014727,control,2024-12-26,JP,4763,34482,53,2.46,0
u_011565,test,2024-11-15,KR,3254,27385,64,1.42,1
u_003570,control,2024-11-06,JP,3742,23190,36,2.43,0
u_010045,test,2024-11-19,US,6670,46966,84,1.35,1
u_010253,test,2024-12-14,JP,5946,42426,85,4.58,1
u_002426,control,2024-11-02,JP,4637,31061,51,2.67,1
u_006732,control,2024-11-17,US,7459,54413,115,2.34,0
u_005345,test,2024-11-05,KR,6625,59459,101,4.59,1
u_007925,test,2024-11-09,US,3026,20297,48,0.68,1
u_002523,control,2024-11-03,KR,6171,36862,90,3.59,0
u_004731,control,2024-12-29,JP,5659,43783,82,3.43,1
u_003911,control,2024-11-27,JP,5501,38794,77,3.65,1
u_009137,test,2024-12-25,KR,5693,44343,99,1.41,1
u_009228,control,2024-11-15,KR,6851,34087,70,1.15,1
u_012421,control,2024-12-07,JP,6141,47107,97,4.06,1
u_008179,test,2024-11-15,KR,4587,36296,62,2.42,1
u_009443,control,2024-11-09,KR,5014,43918,89,2.74,1
u_000352,control,2024-12-09,US,8670,63578,127,4.08,0
u_001101,control,2024-12-05,KR,9232,64286,110,3.53,1
u_014889,control,2024-12-11,KR,5353,36779,74,1.96,1
u_006094,test,2024-12-16,KR,3851,28771,50,1.48,0
u_009269,control,2024-12-04,JP,6621,49752,104,4.55,1
u_009341,test,2024-12-12,US,5401,38833,80,3.24,1
u_007043,control,2024-12-25,JP,6883,42723,88,3.68,1
u_011900,test,2024-12-13,KR,5070,45315,93,2.13,1
u_010819,test,2024-12-06,KR,5396,35210,84,2.98,0
u_003984,control,2024-11-30,KR,7166,56395,139,3.04,1
u_001641,test,2024-12-11,KR,3612,35180,74,1.82,0
u_014794,test,2024-11-22,KR,5083,31994,71,3.16,1
u_012299,control,2024-11-29,US,2555,19130,36,0.52,1
u_009563,test,2024-11-29,KR,5255,48219,82,3.87,1
u_004456,control,2024-11-09,KR,3190,23164,36,1.99,1
u_005795,control,2024-11-06,JP,5914,34061,57,1.58,1
u_007843,test,2024-12-21,JP,3420,23031,43,2.41,0
u_003564,control,2024-11-28,KR,6469,49451,91,4.95,1
u_011754,control,2024-12-11,JP,5297,42681,92,2.24,1
u_003882,test,2024-11-26,US,9085,58605,145,4.35,1
u_007924,control,2024-11-27,JP,2314,17886,42,1.65,0
u_011626,control,2024-12-20,KR,2473,15249,32,0.96,1
u_008907,control,2024-11-26,KR,6748,50438,119,2.98,1
u_005211,test,2024-12-24,JP,7736,71093,170,6.14,1
u_009475,control,2024-12-26,JP,8421,62993,133,5.83,1
u_012170,control,2024-11-01,KR,5256,47054,97,2.34,0
u_009749,test,2024-11-26,JP,1294,10609,26,0.57,0
u_007354,control,2024-12-26,KR,3064,19611,40,0.93,0
u_013543,test,2024-12-20,JP,6606,47422,87,2.32,0
u_012071,test,2024-11-27,KR,2933,23719,48,1.1,1
u_011232,control,2024-12-28,KR,4119,28137,60,1.9,1
u_007584,control,2024-12-31,KR,6719,47719,83,4.27,1
u_000715,test,2024-11-17,US,4823,29243,56,1.27,0
u_005616,test,2024-12-26,KR,10769,89750,166,5.34,1
u_008801,test,2024-12-19,JP,6846,53124,101,3.8,1
u_005281,control,2024-12-06,JP,6879,52585,89,2.27,1
u_006609,control,2024-11-01,KR,7600,53837,120,4.8,0
u_008857,control,2024-11-12,JP,5256,36283,54,1.25,0
u_000821,test,2024-12-26,KR,4655,30068,54,0.95,1
u_005580,control,2024-11-20,KR,7256,40832,84,2.73,1
u_009199,test,2024-11-26,US,6089,43882,95,4.37,1
u_003239,test,2024-12-01,KR,3273,20524,32,1.33,0
u_013480,test,2024-12-13,US,6435,54226,129,5.69,1
u_010461,test,2024-12-23,KR,6223,53566,103,1.8,1
u_014455,test,2024-12-07,JP,7060,52786,93,4.41,1
u_001015,test,2024-12-02,KR,3757,35332,69,3.81,0
u_009875,test,2024-12-30,US,5220,37780,65,1.19,1
u_012405,control,2024-12-22,KR,4797,33952,59,3.38,1
u_013012,test,2024-12-07,KR,6530,57475,123,5.62,1
u_014631,test,2024-12-19,KR,1846,15451,35,0.45,1
u_014848,test,2024-11-04,US,5297,44234,74,3.43,1
u_006823,test,2024-11-18,US,4086,30657,64,2.9,0
u_003725,control,2024-12-21,KR,4596,35938,79,2.01,1
u_002911,test,2024-11-15,JP,4952,34390,73,3.24,1
u_001831,test,2024-11-11,KR,4795,34570,60,2.25,1
u_000101,test,2024-12-07,KR,3502,25352,53,2.53,1
u_007458,test,2024-12-26,JP,2379,17458,28,1.04,0
u_001643,control,2024-11-02,US,6192,45467,81,3.89,1
u_014654,control,2024-11-10,US,4387,32985,68,2.34,1
u_006323,test,2024-11-07,KR,6888,54890,82,2.57,1
u_008971,control,2024-12-01,KR,4543,20862,50,2.18,0
u_004109,control,2024-12-20,US,5012,41561,66,1.28,1
u_013857,test,2024-12-24,US,7836,49632,87,2.57,1
u_011700,control,2024-11-22,KR,5063,31401,72,2.76,0
u_000989,control,2024-11-11,US,5606,41324,78,1.14,1
u_003579,control,2024-11-20,KR,2311,15508,35,1.17,1
u_000494,control,2024-12-04,KR,6000,36643,79,1.89,1
u_005397,control,2024-12-06,KR,5697,35991,74,3.12,1
u_013594,control,2024-12-19,US,4953,35469,59,2.06,1
u_004531,test,2024-11-04,US,2911,20707,42,1.76,1
u_003118,control,2024-12-30,KR,4555,35557,62,3.47,1
u_003228,test,2024-11-22,KR,3975,31960,49,0.82,0
u_014372,test,2024-12-22,KR,3383,28468,54,1.96,1
u_011315,control,2024-11-12,KR,4756,23572,40,2.56,1
u_000007,control,2024-11-11,US,4755,30303,58,1.71,0
u_000192,control,2024-11-08,JP,2770,21744,51,1.91,0
u_001523,test,2024-11-10,US,3485,33441,57,1.32,0
u_005299,control,2024-11-06,JP,4353,38490,77,4.18,0
u_012707,control,2024-11-14,KR,3672,25858,49,1.35,0
u_003758,control,2024-12-28,KR,4689,39933,88,2.63,1
u_005387,control,2024-11-13,JP,5993,42856,78,4.03,1
u_002385,control,2024-11-23,KR,4974,35798,65,3.12,1
u_007237,test,2024-11-09,KR,3966,30590,60,2.18,1
u_013808,control,2024-12-23,KR,8039,59070,91,3.36,0
u_007423,test,2024-12-15,KR,3399,25508,44,1.58,1
u_004162,control,2024-12-02,JP,8797,65143,103,3.02,1
u_006118,control,2024-12-22,KR,3630,28360,45,2.33,0
u_011757,control,2024-12-19,KR,5548,35999,67,3.49,0
u_012042,control,2024-11-01,JP,3947,25977,55,0.83,1
u_014291,control,2024-11-24,KR,7835,66142,127,3.61,1
u_007461,control,2024-12-31,KR,7556,58356,134,6.04,1
u_013017,test,2024-12-10,JP,5334,32579,50,1.91,0
u_001168,control,2024-12-21,KR,5161,34441,56,2.75,1
u_006381,test,2024-12-30,KR,7329,48311,94,5.29,1
u_011819,test,2024-11-03,KR,3393,23462,48,2.16,0
u_008136,test,2024-11-27,JP,5835,36359,90,2.57,0
u_009643,control,2024-11-12,US,5659,37215,71,1.14,0
u_009398,test,2024-11-27,KR,6209,50294,95,3.2,1
u_009929,control,2024-11-12,KR,7278,48451,96,1.28,0
u_008055,control,2024-11-21,US,3938,29313,68,1.38,0
u_011070,control,2024-11-21,KR,6749,45155,83,3.04,1
u_004711,test,2024-12-27,KR,6575,42770,74,4.23,0
u_009076,control,2024-12-03,JP,4902,33480,50,3.05,1
u_013941,test,2024-11-23,KR,3540,31791,53,0.99,0
u_014392,test,2024-12-19,US,4721,36394,59,3.78,0
u_011807,control,2024-12-18,KR,5115,42027,91,3.0,1
u_006750,control,2024-11-16,KR,6662,36023,68,1.96,0
u_006065,test,2024-12-07,JP,9633,79566,183,6.79,0
u_000251,test,2024-11-05,KR,4804,34365,67,1.74,1
u_000834,control,2024-12-08,KR,7294,64337,144,1.84,1
u_008866,control,2024-12-08,KR,7012,39980,87,3.73,0
u_005492,test,2024-12-30,KR,8441,74048,144,2.18,1
u_008478,test,2024-12-15,US,5457,43909,88,1.86,0
u_014527,test,2024-11-19,KR,4529,26528,58,2.36,1
u_012290,test,2024-12-05,KR,6638,45870,73,2.83,1
u_009467,test,2024-12-24,KR,6447,58460,140,6.08,1
u_011110,test,2024-12-27,US,3258,22294,55,1.26,0
u_003731,control,2024-11-07,JP,5117,37554,90,2.37,1
u_013951,control,2024-11-30,JP,3989,26337,60,2.01,0
u_010693,test,2024-11-29,JP,6865,54631,87,2.85,1
u_000813,test,2024-11-08,KR,7161,56858,114,2.39,0
u_008260,test,2024-12-28,KR,4190,18068,37,1.59,0
u_004622,test,2024-11-29,KR,4856,30329,65,1.3,0
u_004252,test,2024-11-21,KR,5107,47305,82,3.97,0
u_009167,control,2024-12-10,KR,6147,37088,91,3.61,1
u_006779,test,2024-12-26,KR,3126,22200,38,1.28,1
u_003892,control,2024-12-16,KR,4573,30443,56,1.94,0
u_010415,test,2024-11-03,KR,5914,54544,120,4.19,0
u_005971,control,2024-12-10,KR,4028,31162,75,1.58,0
u_007129,test,2024-11-03,KR,6547,44241,102,1.29,1
u_002280,control,2024-11-30,US,6024,49015,94,3.55,0
u_005254,test,2024-12-15,US,5880,37865,84,3.89,1
u_002518,test,2024-11-23,JP,3680,25537,39,2.21,1
u_009241,test,2024-12-01,KR,8852,74948,186,2.84,1
u_014403,test,2024-11-21,KR,4282,31055,54,3.12,1
u_008358,test,2024-12-03,KR,5929,44260,101,2.75,1
u_011340,test,2024-12-20,US,5292,38549,92,2.82,0
u_011393,control,2024-11-08,US,2199,18051,33,1.43,0
u_013247,test,2024-12-09,JP,4910,31958,77,1.55,1
u_001430,control,2024-11-04,KR,5048,38810,63,1.13,0
u_000393,control,2024-12-16,US,6692,47828,99,3.36,1
u_006334,control,2024-11-29,KR,2767,17004,27,1.72,0
u_008603,test,2024-12-23,US,9361,90306,145,2.9,1
u_011086,test,2024-11-13,JP,4663,37046,78,1.06,0
u_013973,control,2024-11-05,JP,4808,41650,68,1.47,1
u_009682,test,2024-11-13,KR,7909,70306,105,1.96,1
u_013440,test,2024-11-30,JP,1798,13181,25,1.4,1
u_008347,test,2024-12-04,KR,8072,69949,115,6.0,1
u_012974,test,2024-12-05,KR,3585,30008,51,1.82,0
u_013200,control,2024-11-07,JP,6044,34033,68,3.37,0
u_014589,test,2024-11-05,JP,2887,18604,38,0.74,0
u_013272,test,2024-11-16,KR,4858,38821,70,2.56,1
u_008336,test,2024-12-14,KR,2769,17942,34,0.95,0
u_000135,control,2024-11-21,US,6716,59782,91,5.74,1
u_010124,test,2024-12-15,JP,5928,49167,84,5.31,1
u_013682,control,2024-11-18,KR,3345,21756,39,2.22,0
u_013202,control,2024-11-26,KR,4118,29861,50,2.02,0
u_001663,control,2024-11-09,US,7400,65944,136,6.22,1
u_009194,control,2024-12-06,KR,7810,33797,78,2.55,1
u_012269,test,2024-11-30,JP,4721,37048,66,3.09,0
u_005626,test,2024-11-26,KR,4131,33796,74,2.14,1
u_001211,control,2024-11-11,KR,2793,18649,32,0.64,0
u_001955,control,2024-11-15,JP,5973,29088,65,3.2,1
u_003136,control,2024-11-24,KR,5289,49161,75,5.22,1
u_001821,test,2024-12-19,JP,7156,54725,119,2.92,0
u_003503,control,2024-11-21,KR,3674,35042,65,3.83,1
u_014062,control,2024-12-31,KR,7813,54320,121,1.73,0
u_007696,test,2024-11-17,KR,6277,50399,85,5.46,1
u_009040,test,2024-11-01,KR,2639,22312,48,0.71,0
u_002917,test,2024-12-15,JP,5678,42882,95,1.8,1
u_004745,control,2024-11-10,KR,7808,54763,89,5.26,1
u_005139,control,2024-11-02,JP,5356,32443,64,2.2,1
u_012381,control,2024-11-29,JP,2968,24621,48,1.33,0
u_013277,test,2024-11-25,JP,4149,27380,58,1.37,0
u_013739,test,2024-12-17,KR,4233,27853,50,2.57,1
u_006474,test,2024-12-28,KR,8714,72619,153,7.93,1
u_001705,control,2024-12-23,JP,5914,32381,52,2.64,1
u_005599,control,2024-12-12,JP,2513,20014,40,1.83,1
u_012800,test,2024-11-02,US,6463,57209,126,5.26,1
u_010347,test,2024-12-24,JP,4261,31467,72,3.3,1
u_010873,control,2024-12-19,JP,5968,35857,65,3.62,1
u_004003,test,2024-12-25,JP,5651,44380,92,4.74,1
u_009799,control,2024-12-22,KR,5387,38717,61,3.31,1
u_001910,test,2024-11-10,KR,3660,34703,86,3.33,1
u_000341,control,2024-11-11,US,6705,58229,128,2.32,1
u_001356,control,2024-11-25,US,4661,26735,58,2.48,0
u_006642,control,2024-12-01,KR,4222,32368,53,2.74,0
u_010043,control,2024-12-19,KR,4003,27557,56,2.93,0
u_012559,control,2024-12-28,KR,5115,36778,86,1.2,0
u_014877,control,2024-12-02,US,6757,41270,92,2.91,0
u_014302,test,2024-12-03,JP,7206,56676,97,4.24,1
u_003129,control,2024-12-05,KR,2311,17346,30,1.89,1
u_002930,test,2024-12-08,US,5933,61093,96,4.41,1
u_012335,test,2024-12-01,JP,3647,36021,76,2.45,1
u_004538,test,2024-11-01,US,6390,44207,84,2.94,1
u_005857,test,2024-12-04,JP,4308,36310,78,3.98,0
u_014964,control,2024-11-18,US,7317,77565,133,3.3,1
u_011000,test,2024-12-09,US,3587,21555,50,2.03,1
u_002394,control,2024-12-10,KR,6841,46657,93,1.4,0
u_004413,control,2024-11-23,JP,5674,32570,65,2.16,0
u_014822,control,2024-12-27,KR,9648,74790,132,3.02,1
u_012204,test,2024-12-23,KR,4479,39709,88,3.27,0
u_004197,test,2024-11-19,KR,6212,44137,78,2.99,1
u_008746,test,2024-12-26,US,5380,36441,79,3.87,0
u_002392,test,2024-12-26,JP,7717,74857,178,6.32,1
u_001360,test,2024-11-26,KR,4015,30783,66,0.88,1
u_012061,control,2024-12-04,KR,3650,25989,59,2.53,0
u_000812,test,2024-11-01,KR,6180,43049,86,1.38,1
u_001428,test,2024-11-29,US,2953,17660,29,1.23,1
u_001403,control,2024-11-17,KR,4475,31954,79,2.0,0
u_000380,control,2024-11-01,KR,7558,48160,82,5.01,1
u_013460,control,2024-11-07,KR,3714,22348,41,1.45,0
u_010103,control,2024-11-25,KR,3670,31873,56,1.23,1
u_012815,test,2024-12-26,US,4440,31184,58,2.91,0
u_006372,control,2024-12-03,KR,7342,53431,98,3.87,1
u_004623,test,2024-12-26,KR,2385,16492,40,0.94,1
u_010499,test,2024-11-22,JP,2799,17913,35,0.86,0
u_008034,control,2024-12-25,KR,5039,35314,74,2.3,1
u_004450,test,2024-11-11,KR,5839,36002,81,2.05,1
u_000833,test,2024-11-16,KR,8576,75629,117,3.42,1
u_005410,test,2024-12-07,KR,6668,44803,94,2.64,1
u_006737,control,2024-11-11,JP,4606,34074,69,3.15,0
u_012905,control,2024-11-11,JP,6963,53075,115,5.75,0
u_006826,test,2024-11-05,JP,5081,35187,74,3.23,1
u_000837,test,2024-11-22,KR,5243,32873,66,0.87,0
u_006326,test,2024-11-12,US,4958,33907,71,2.85,1
u_014401,test,2024-11-14,JP,5431,50326,90,2.31,0
u_000651,control,2024-11-06,KR,7014,51833,94,2.1,1
u_008222,control,2024-11-06,KR,3321,18351,28,1.98,0
u_010246,control,2024-12-15,KR,4558,36693,59,2.1,1
u_005820,control,2024-11-21,US,4977,45195,96,2.75,1
u_010755,test,2024-11-19,JP,5580,39807,61,4.31,1
u_013422,test,2024-12-25,JP,5569,41591,62,4.47,1
u_011802,test,2024-11-03,JP,3579,20967,50,1.95,1
u_004544,control,2024-11-25,KR,4046,31095,54,2.84,1
u_003537,test,2024-12-08,KR,3239,25933,60,0.73,0
u_001775,test,2024-12-31,KR,5761,35816,59,1.85,0
u_014342,test,2024-12-26,JP,4326,30413,48,2.34,1
u_003772,control,2024-11-16,US,8357,56624,131,5.0,1
u_003563,control,2024-11-24,KR,4617,38570,94,2.39,0
u_002489,control,2024-12-25,KR,3543,19806,30,0.76,1
u_007626,test,2024-12-07,KR,6094,53308,99,1.69,1
u_012712,control,2024-11-02,US,3901,26312,53,1.52,1
u_001256,test,2024-12-16,JP,10111,75044,140,5.13,1
u_014026,test,2024-11-18,JP,5526,49509,112,5.32,1
u_006666,test,2024-11-29,KR,6092,41048,91,1.61,1
u_010505,test,2024-12-23,KR,6135,34477,63,1.08,0
u_014720,control,2024-12-26,KR,0,120,0,0.01,0
u_011933,control,2024-12-08,KR,7659,67989,142,6.08,1
u_010818,test,2024-11-29,JP,767,5957,10,0.38,1
u_004666,control,2024-11-19,JP,7885,58690,138,1.5,1
u_004733,test,2024-11-18,JP,6371,59376,147,2.55,1
u_012129,control,2024-11-07,KR,10926,67581,107,5.91,1
u_000383,test,2024-12-12,JP,6373,44476,108,2.13,1
u_009933,control,2024-12-03,JP,9865,78762,143,2.91,0
u_013587,test,2024-11-21,KR,4868,33651,62,1.55,1
u_002593,test,2024-12-14,US,7856,63359,109,4.37,0
u_005862,control,2024-11-28,KR,3019,22189,41,0.61,0
u_009768,test,2024-12-24,KR,6582,47680,117,2.58,1
u_000794,test,2024-12-16,KR,5210,37275,79,1.81,1
u_006465,control,2024-11-27,US,5326,36913,63,3.0,0
u_013006,test,2024-12-15,US,3101,26306,56,2.37,1
u_009852,test,2024-11-28,KR,5891,52117,92,4.91,1
u_012621,control,2024-12-30,KR,4838,33429,60,0.92,0
u_006749,test,2024-11-12,KR,5788,37303,90,3.44,1
u_006341,control,2024-12-25,KR,5195,35033,57,3.62,0
u_002855,test,2024-11-10,US,5650,55260,117,5.83,1
u_002522,test,2024-12-31,KR,7818,60078,90,2.76,1
u_009709,test,2024-11-30,KR,4176,33021,80,0.99,1
u_012919,test,2024-12-13,KR,7104,51217,96,3.01,1
u_011496,control,2024-11-09,KR,3676,31552,60,2.36,1
u_001675,test,2024-11-10,KR,10136,75413,148,6.5,1
u_004754,control,2024-11-27,KR,7653,65297,132,2.75,1
u_004947,control,2024-12-24,JP,2663,17494,31,1.37,0
u_006423,control,2024-11-03,JP,7758,48159,76,2.13,1
u_005467,control,2024-11-25,US,4010,30222,50,1.93,1
u_003292,test,2024-12-23,US,6830,54704,130,5.23,1
u_008518,control,2024-12-01,KR,8034,55566,103,6.11,1
u_000950,control,2024-11-13,KR,4276,28543,43,2.0,1
u_000570,control,2024-12-17,KR,4880,32844,70,1.06,1
u_013271,test,2024-12-02,JP,4820,33554,64,3.19,0
u_007530,control,2024-12-31,KR,4888,35015,60,2.69,1
u_011290,control,2024-11-23,US,4787,37213,59,3.01,1
u_011968,test,2024-12-10,KR,5587,51874,112,1.82,0
u_011499,control,2024-12-15,KR,6660,58207,93,3.41,1
u_004774,test,2024-12-26,JP,7719,67236,124,2.9,1
u_010837,test,2024-12-14,JP,8919,77324,119,4.89,1
u_009836,test,2024-11-19,KR,3199,30600,58,3.3,0
u_012207,test,2024-12-27,KR,3761,22830,52,0.95,1
u_002130,test,2024-12-02,KR,9835,58484,121,6.19,0
u_005006,control,2024-11-26,JP,4554,29534,64,2.48,0
u_009247,control,2024-11-02,US,8418,52254,90,3.84,1
u_002350,control,2024-12-15,KR,6413,54463,111,3.19,0
u_009254,control,2024-12-22,JP,5020,34422,83,3.07,1
u_001566,control,2024-11-23,JP,3669,33031,51,3.62,0
u_002068,test,2024-12-01,JP,2873,22740,50,1.16,1
u_010466,control,2024-12-22,JP,3040,18683,33,0.85,1
u_006672,test,2024-12-02,JP,7099,59761,129,2.15,1
u_005160,test,2024-11-26,US,5752,48299,99,1.52,1
u_001999,control,2024-11-24,JP,5842,43926,94,4.57,1
u_005386,test,2024-11-01,US,6484,59271,119,5.73,1
u_008802,control,2024-12-16,JP,6725,43596,79,3.5,1
u_014804,control,2024-11-18,JP,4684,34643,65,1.4,1
u_000404,control,2024-11-09,KR,5889,43260,87,2.99,0
u_007357,control,2024-12-17,KR,5778,40472,87,2.71,1
u_003416,control,2024-12-23,KR,6106,57546,115,2.45,1
u_009369,test,2024-11-16,JP,4545,32499,75,3.32,1
u_004960,control,2024-12-30,US,5729,35031,59,3.27,0
u_005890,control,2024-12-10,KR,6982,46814,81,2.07,1
u_010764,control,2024-11-26,JP,1721,12371,30,0.36,0
u_010945,test,2024-11-01,KR,6214,45510,103,4.9,0
u_010159,test,2024-12-31,KR,5314,47602,99,5.23,1
u_001749,test,2024-12-07,JP,5721,38562,66,4.21,1
u_012231,control,2024-11-05,JP,4924,36481,79,2.75,1
u_013256,test,2024-11-03,KR,1424,11727,26,0.5,0
u_000518,control,2024-12-17,US,9936,63396,125,1.6,1
u_008318,control,2024-11-03,KR,4745,37613,77,2.38,0
u_006714,test,2024-12-14,JP,3863,21538,41,1.93,1
u_008782,test,2024-12-08,JP,5778,37591,81,1.88,1
u_000174,control,2024-11-25,US,5842,45449,71,2.31,0
u_005896,control,2024-11-07,JP,7445,51689,104,2.7,1
u_001629,test,2024-12-08,KR,7939,55782,93,1.72,1
u_006758,control,2024-11-20,US,7367,45961,102,1.38,0
u_013897,control,2024-11-13,KR,4964,33352,53,1.42,1
u_011171,control,2024-12-09,JP,2814,23241,56,1.3,1
u_002150,control,2024-12-26,KR,2990,16013,28,1.14,1
u_005953,control,2024-11-14,KR,5917,40347,85,1.75,1
u_002428,test,2024-12-12,KR,3469,24139,36,1.04,1
u_003317,control,2024-11-09,US,5362,42688,102,1.71,0
u_007522,control,2024-11-19,US,5787,34884,75,3.18,0
u_002400,test,2024-12-17,JP,5465,40514,91,1.43,1
u_006416,control,2024-11-18,JP,8562,56642,103,2.83,1
u_003189,test,2024-12-11,KR,7014,51031,120,4.76,1
u_013537,control,2024-12-17,JP,7050,44185,106,1.79,1
u_000159,test,2024-11-16,JP,4007,38470,85,3.77,1
u_013282,control,2024-11-02,KR,6303,39924,96,2.53,1
u_006108,test,2024-12-09,JP,5493,40235,63,4.12,1
u_008002,test,2024-12-21,KR,6487,63668,130,5.3,1
u_006962,test,2024-11-10,US,2676,20566,46,2.03,0
u_010883,control,2024-11-29,JP,4379,32852,81,2.82,0
u_010320,test,2024-11-20,KR,7925,71355,134,7.15,1
u_001385,test,2024-12-01,KR,962,8450,20,0.67,0
u_014628,control,2024-12-21,KR,3550,22394,47,2.09,1
u_007366,test,2024-12-12,JP,7228,74425,175,2.53,1
u_014666,control,2024-11-02,KR,9579,40787,66,3.71,1
u_014946,control,2024-12-12,KR,4213,27466,60,2.12,1
u_009780,test,2024-12-05,KR,5952,35088,79,1.47,1
u_003778,control,2024-12-16,JP,959,5822,13,0.39,1
u_005097,control,2024-11-21,KR,5740,38186,74,3.5,0
u_011615,test,2024-11-05,KR,5104,27735,46,1.38,0
u_000788,test,2024-12-19,US,5760,50145,94,5.3,0
u_002802,test,2024-12-16,US,4352,27978,48,1.52,1
u_011311,test,2024-12-18,JP,5866,43761,104,3.05,1
u_013678,test,2024-11-20,KR,2148,20914,47,1.89,1
u_009452,control,2024-11-19,JP,6511,54929,116,1.42,1
u_008486,control,2024-11-19,JP,6666,49877,117,1.4,1
u_002421,control,2024-11-06,US,7407,48410,118,3.96,1
u_013500,control,2024-12-07,JP,9095,61237,113,4.42,1
u_005524,test,2024-12-17,JP,9080,53514,88,1.82,1
u_007362,control,2024-12-19,KR,5885,45603,82,1.65,1
u_012566,control,2024-11-02,JP,8892,50410,125,4.45,1
u_010896,control,2024-12-15,JP,10744,67600,108,1.87,0
u_013909,test,2024-11-13,JP,9539,77840,183,6.63,1
u_013780,control,2024-11-03,US,5317,43584,98,1.55,1
u_006649,control,2024-12-17,JP,7294,52548,130,5.01,1
u_005892,test,2024-12-25,KR,4425,34096,62,1.48,1
u_000349,test,2024-11-09,US,5715,43204,102,4.15,1
u_001728,test,2024-11-30,US,7739,60926,97,6.37,1
u_005046,test,2024-12-10,KR,8128,43946,85,1.11,1
u_006716,test,2024-12-05,US,5608,44350,101,2.3,0
u_004368,control,2024-12-16,US,6057,35108,65,3.29,0
u_007122,test,2024-11-08,US,3556,27925,44,0.87,0
u_004058,control,2024-11-17,KR,3996,23842,45,1.15,0
u_006278,control,2024-11-17,KR,2550,20335,31,1.87,0
u_007463,test,2024-11-04,KR,6217,42456,64,4.64,1
u_005053,test,2024-12-07,KR,5673,51717,115,4.2,0
u_010884,test,2024-11-15,JP,6018,33399,80,2.18,0
u_005115,test,2024-12-06,KR,3972,26197,42,1.55,0
u_003087,test,2024-12-12,US,2708,22701,43,2.21,0
u_002823,control,2024-11-02,US,2278,14659,28,1.08,0
u_012017,test,2024-12-28,US,6571,49255,110,4.03,1
u_006539,control,2024-11-14,US,5434,37212,83,3.06,1
u_014683,control,2024-11-09,KR,2443,18828,36,1.76,1
u_004852,control,2024-12-28,KR,5973,38156,88,1.17,1
u_014635,control,2024-12-10,KR,6773,54474,124,5.18,1
u_013986,control,2024-12-10,JP,7908,48155,94,5.11,0
u_014929,test,2024-12-18,KR,5407,41806,73,2.66,1
u_012580,test,2024-12-14,KR,6565,48142,105,3.07,1
u_000754,test,2024-12-10,JP,7141,50268,91,1.46,1
u_011144,control,2024-12-24,KR,6288,43137,107,1.52,1
u_002656,control,2024-12-31,KR,7617,58880,108,6.15,0
u_006529,control,2024-12-03,JP,6669,32958,68,3.13,1
u_014763,control,2024-12-27,US,9596,80146,148,4.14,0
u_009051,control,2024-12-22,US,4285,33848,53,1.38,1
u_001587,control,2024-11-03,KR,8810,58400,124,3.5,1
u_012537,test,2024-11-08,JP,5761,49848,101,4.54,1
u_010808,control,2024-12-15,KR,6246,44798,98,4.85,1
u_007208,test,2024-11-26,KR,7111,40030,84,3.75,1
u_003024,test,2024-12-11,US,3504,27786,68,2.66,0
u_009302,control,2024-11-10,US,4091,26541,59,1.03,0
u_014859,test,2024-11-03,US,7026,46193,70,2.05,1
u_013953,control,2024-12-06,JP,7958,66440,164,4.32,1
u_007346,test,2024-11-22,KR,2596,22757,42,1.95,0
u_009323,test,2024-12-26,KR,6672,39015,90,1.49,1
u_013766,test,2024-12-17,US,4252,35225,53,3.62,1
u_002994,test,2024-11-29,KR,5430,45785,96,2.94,1
u_006843,test,2024-12-19,JP,3990,30614,64,2.57,1
u_007295,control,2024-12-28,KR,5202,35280,82,2.31,1
u_009288,control,2024-12-28,KR,4640,32928,76,2.96,0
u_006306,control,2024-12-06,JP,4123,33339,67,1.33,1
u_002106,test,2024-12-25,KR,4407,36072,54,3.47,1
u_001923,control,2024-12-23,JP,4409,28638,43,1.46,1
u_008326,test,2024-12-22,KR,3112,17524,26,0.81,1
u_004122,test,2024-12-22,KR,5275,39852,77,2.67,0
u_011906,test,2024-12-24,US,3082,21439,50,1.38,0
u_014771,control,2024-12-08,KR,4026,26192,44,0.94,0
u_003520,control,2024-12-25,KR,8879,66187,154,2.26,1
u_000096,control,2024-11-25,JP,4398,31261,49,1.23,0
u_005209,control,2024-11-10,US,7949,66029,108,4.4,1
u_012826,control,2024-11-29,KR,5142,33237,57,1.26,1
u_009610,control,2024-11-29,US,6158,49497,118,3.57,1
u_001976,control,2024-11-24,JP,6868,52153,111,3.77,0
u_001019,test,2024-11-02,KR,4744,37418,71,3.77,1
u_010924,control,2024-11-15,KR,8452,46463,74,4.89,0
u_004705,test,2024-11-09,US,6838,48532,87,2.66,1
u_011205,control,2024-11-22,US,5462,44547,92,1.2,0
u_003550,control,2024-12-01,JP,7492,42040,76,4.48,0
u_000184,control,2024-12-20,US,5142,32692,81,2.51,0
u_008316,control,2024-11-09,KR,8621,64942,129,5.04,1
u_005978,test,2024-12-29,KR,7316,47892,106,1.88,1
u_001734,control,2024-11-07,US,4987,38899,95,2.13,0
u_012012,control,2024-12-07,KR,3279,25276,47,1.46,0
u_014287,control,2024-11-13,US,3615,19052,34,1.01,0
u_009340,control,2024-11-03,KR,5769,44312,90,3.12,1
u_002031,test,2024-11-19,JP,8310,51301,99,3.97,1
u_007135,control,2024-12-27,JP,8376,68921,129,4.62,0
u_008965,test,2024-11-22,KR,8571,70634,110,2.02,0
u_000990,control,2024-12-11,KR,6711,46066,76,3.56,1
u_011599,test,2024-12-17,JP,9778,63531,151,3.95,1
u_007541,control,2024-12-25,KR,2697,18087,34,1.12,1
u_005510,control,2024-11-05,KR,5323,38329,72,3.48,1
u_003764,control,2024-12-10,KR,6523,43538,84,3.16,1
u_006484,control,2024-11-03,US,6517,39955,80,4.12,1
u_006140,control,2024-12-05,JP,4511,25759,59,1.71,0
u_005675,control,2024-12-10,KR,6355,45975,86,2.73,0
u_003195,test,2024-12-23,KR,3401,27260,68,0.71,1
u_008224,control,2024-12-14,JP,7362,47799,113,5.09,0
u_012832,test,2024-12-14,US,5965,39464,59,3.57,1
u_008404,test,2024-12-09,KR,6591,48922,101,3.63,1
u_006123,test,2024-12-13,JP,4289,41799,87,1.16,1
u_003723,test,2024-12-09,US,4385,34137,77,1.03,0
u_013244,control,2024-11-14,JP,8009,56136,137,1.77,1
u_012705,control,2024-12-09,US,5859,43096,97,1.41,1
u_007482,control,2024-11-13,KR,6943,36850,87,3.9,1
u_006347,control,2024-11-29,JP,6957,49989,85,4.26,1
u_006612,test,2024-11-14,KR,2861,22070,50,1.85,0
u_006914,test,2024-11-27,US,4480,44373,108,2.5,1
u_004574,test,2024-11-17,KR,7032,54709,102,2.83,1
u_009140,test,2024-11-23,US,4044,29161,53,0.93,0
u_001847,control,2024-12-07,JP,4408,29338,59,1.38,0
u_012729,control,2024-11-03,KR,8669,76678,147,7.8,1
u_001371,test,2024-12-25,US,7707,61497,110,5.83,0
u_006713,test,2024-12-08,KR,1550,13032,32,1.21,0
u_012669,control,2024-12-02,US,6093,47959,115,4.58,1
u_005202,test,2024-11-26,KR,6963,45387,73,1.32,1
u_009834,test,2024-11-04,US,6093,46160,107,1.93,1
u_013657,control,2024-11-06,KR,3074,17661,30,0.51,1
u_014637,control,2024-11-14,US,4758,32834,58,3.02,1
u_011281,control,2024-12-26,JP,6668,40000,69,1.84,0
u_014814,test,2024-12-09,KR,4602,47051,102,4.84,1
u_010782,control,2024-11-13,KR,4149,34650,65,3.41,1
u_010790,control,2024-11-08,JP,6106,42786,87,2.6,1
u_002860,control,2024-12-19,KR,1673,11874,18,0.72,1
u_002859,test,2024-12-31,US,8269,77794,186,6.94,1
u_008206,control,2024-11-12,KR,6244,45749,75,4.36,0
u_007288,test,2024-11-30,JP,4926,38257,88,2.5,0
u_009952,control,2024-11-29,KR,5211,41569,90,1.73,1
u_009972,test,2024-12-27,US,3895,28124,45,2.49,0
u_001711,control,2024-12-18,JP,5371,42097,98,2.8,1
u_008302,test,2024-12-03,KR,4454,48349,90,5.17,0
u_010503,control,2024-12-28,KR,4562,41261,95,1.21,1
u_010061,test,2024-12-25,KR,5563,39344,84,2.33,1
u_002332,control,2024-11-20,KR,7935,57044,108,1.54,1
u_005294,control,2024-11-25,JP,2794,19092,30,1.33,0
u_004775,control,2024-11-07,KR,6405,43884,103,4.7,0
u_005086,test,2024-12-19,KR,6037,39453,83,1.97,0
u_002191,control,2024-12-31,KR,7099,46573,114,4.95,0
u_009944,test,2024-11-05,KR,3602,22212,41,2.02,1
u_005877,test,2024-12-21,US,7540,64665,139,2.04,1
u_013162,control,2024-12-15,JP,3561,20607,42,1.57,0
u_012684,control,2024-11-05,JP,8041,62394,131,5.53,0
u_009576,control,2024-12-15,KR,4986,43022,106,1.86,1
u_007397,control,2024-11-09,JP,8758,69701,132,6.5,1
u_005284,test,2024-12-24,KR,4371,30555,60,1.31,0
u_013855,test,2024-11-24,JP,5050,42192,100,1.49,1
u_014500,test,2024-11-07,US,3313,24670,48,1.99,0
u_014976,test,2024-11-05,JP,7920,60661,106,4.09,0
u_012236,control,2024-11-16,JP,5632,40691,71,4.35,0
u_005436,test,2024-11-10,JP,3399,24835,40,2.08,0
u_000724,control,2024-12-09,KR,8823,68397,155,6.36,1
u_005262,test,2024-12-22,KR,5744,41738,93,4.15,1
u_008264,test,2024-11-10,US,3754,29789,64,2.11,1
u_013158,control,2024-12-13,US,4724,28540,59,1.13,1
u_009842,test,2024-11-20,JP,7318,68378,136,1.9,1
u_010368,control,2024-12-20,US,5431,36064,86,2.31,1
u_008816,control,2024-12-14,KR,5060,33691,53,2.1,0
u_003425,test,2024-12-27,JP,8503,71321,140,3.5,1
u_012802,control,2024-12-04,KR,5549,37500,65,1.42,1
u_003703,control,2024-12-21,KR,9075,70000,164,6.37,1
u_002923,control,2024-12-01,KR,5889,37933,81,2.11,1
u_008056,control,2024-12-09,JP,5741,46515,97,3.69,1
u_012194,test,2024-12-30,US,7550,53626,108,3.83,1
u_000457,test,2024-12-12,KR,1726,12404,29,0.43,0
u_006711,test,2024-11-07,KR,5359,33624,50,3.53,1
u_007969,test,2024-11-18,KR,5236,44163,94,3.64,0
u_011508,test,2024-12-02,KR,4505,30799,48,2.67,0
u_013782,control,2024-12-08,US,4880,43762,82,4.35,0
u_009686,control,2024-12-27,KR,5433,29117,44,1.46,0
u_010460,control,2024-12-06,KR,8031,57781,129,2.15,0
u_004475,test,2024-11-14,KR,5252,48745,102,4.84,1
u_001368,test,2024-11-09,KR,6339,60963,147,5.89,1
u_000059,control,2024-11-23,US,897,5522,9,0.42,0
u_007619,test,2024-12-06,KR,7424,60656,105,4.28,0
u_002352,test,2024-12-16,US,4245,35581,60,2.72,1
u_003989,control,2024-12-05,KR,5161,32879,58,1.16,0
u_002902,test,2024-12-23,KR,4833,37560,88,2.53,0
u_000061,test,2024-11-29,JP,4922,32106,76,0.86,1
u_010829,test,2024-11-11,KR,6110,54542,114,4.15,1
u_012079,test,2024-12-20,KR,6055,54991,111,4.26,1
u_005573,control,2024-12-03,KR,3230,19715,46,0.62,0
u_012334,control,2024-12-24,KR,5269,48237,102,4.29,1
u_010589,control,2024-11-30,KR,4374,31941,54,1.86,0
u_004629,test,2024-12-16,KR,5778,45267,89,4.29,1
u_011916,test,2024-12-13,KR,2867,19846,44,0.66,1
u_003212,control,2024-12-05,KR,4683,39980,62,3.52,1
u_011855,test,2024-12-13,KR,6371,56415,136,4.46,0
u_000040,test,2024-11-07,KR,4395,35484,78,3.75,1
u_011402,control,2024-11-02,US,6581,44707,80,1.68,1
u_005133,control,2024-11-15,KR,3609,21896,47,2.07,0
u_012774,control,2024-12-06,US,5196,38190,82,2.55,1
u_002771,control,2024-11-10,US,4176,31348,48,3.2,1
u_014715,test,2024-11-29,KR,5674,44975,75,1.13,1
u_004146,control,2024-12-06,US,5149,28906,54,1.93,0
u_011166,test,2024-12-01,US,7568,64937,131,4.46,1
u_013670,test,2024-12-26,JP,7369,67850,112,2.69,1
u_004814,control,2024-12-06,US,6962,54924,111,2.87,1
u_004501,test,2024-12-18,JP,7021,53616,85,1.47,1
u_012841,control,2024-12-26,KR,5717,39139,69,3.94,1
u_004618,test,2024-11-06,KR,4766,39614,67,2.85,1
u_014750,test,2024-11-14,KR,5076,44027,106,2.86,0
u_011370,control,2024-12-05,JP,10400,66777,152,3.13,1
u_003903,test,2024-12-14,JP,6251,43334,101,3.35,1
u_009291,control,2024-11-13,JP,3564,25102,61,2.53,0
u_001089,test,2024-12-13,KR,6007,49135,80,3.66,0
u_013718,control,2024-11-06,KR,6067,43486,95,1.69,1
u_000934,test,2024-12-17,KR,5360,45436,93,3.4,1
u_006279,control,2024-11-11,KR,6067,44449,67,3.3,1
u_011226,control,2024-11-08,JP,10195,71661,119,5.14,1
u_013148,test,2024-11-12,JP,3412,25592,39,2.4,0
u_014645,test,2024-12-07,US,6289,45129,99,4.79,1
u_011114,test,2024-11-28,US,2956,29921,70,3.24,0
u_005868,control,2024-11-27,JP,5078,32847,63,3.25,1
u_011726,control,2024-11-06,KR,5442,42054,79,3.98,1
u_011693,control,2024-11-12,KR,6499,50857,89,1.32,1
u_002970,test,2024-11-02,KR,9259,73253,115,7.92,1
u_004541,control,2024-11-17,US,4049,32055,49,3.25,0
u_009264,test,2024-11-05,KR,5232,53174,112,4.62,1
u_010676,test,2024-12-21,US,1920,10991,23,0.94,0
u_002257,test,2024-11-15,KR,5910,39816,97,1.27,1
u_002797,test,2024-12-19,JP,4959,43188,98,1.13,1
u_006955,control,2024-12-04,KR,4363,30391,75,2.87,1
u_004762,test,2024-12-27,JP,5684,34048,57,2.34,0
u_001302,test,2024-11-17,JP,6858,52557,108,4.88,1
u_010978,control,2024-12-03,US,8402,58960,139,5.37,1
u_003785,control,2024-11-22,US,4687,35430,58,2.35,0
u_006367,test,2024-12-17,US,4328,31682,58,3.17,0
u_001466,control,2024-11-07,JP,4896,37410,74,0.98,1
u_013557,control,2024-11-25,US,5509,37023,90,1.45,1
u_000967,control,2024-11-01,KR,6946,50645,95,5.07,1
u_004132,test,2024-11-15,KR,4983,38766,60,2.79,0
u_009120,test,2024-11-17,KR,6564,38824,96,4.23,1
u_007426,control,2024-11-19,KR,5292,38086,66,3.04,1
u_006610,control,2024-11-06,KR,3784,27179,46,2.05,0
u_011339,control,2024-11-02,US,6447,48994,115,1.29,1
u_005578,test,2024-12-08,KR,1590,12423,25,1.08,0
u_004269,test,2024-12-17,KR,7635,60498,100,2.47,1
u_006005,control,2024-12-19,JP,2401,14276,24,0.48,1
u_011765,control,2024-11-27,KR,6762,44062,105,1.78,1
u_003074,test,2024-11-12,US,7282,67596,131,4.05,1
u_004937,test,2024-12-12,KR,6936,51247,98,2.46,1
u_014887,test,2024-12-31,KR,5692,46623,91,2.23,0
u_000694,control,2024-12-20,JP,6229,33783,68,3.29,1
u_009295,test,2024-12-15,US,6196,46997,105,2.59,1
u_004502,control,2024-11-27,KR,6263,35723,69,2.97,1
u_007436,control,2024-11-03,JP,7722,68222,132,2.69,1
u_000390,control,2024-12-16,KR,6596,51284,89,1.66,1
u_005512,test,2024-12-14,JP,5172,40353,88,3.91,1
u_005741,test,2024-11-18,KR,3435,22544,34,1.65,1
u_009104,control,2024-12-11,KR,5085,50733,99,3.53,1
u_007649,control,2024-12-15,KR,3944,33146,53,2.95,1
u_012146,control,2024-11-16,KR,3964,33167,51,2.88,0
u_000936,test,2024-11-29,KR,6236,43341,105,4.38,1
u_002507,control,2024-11-07,JP,4912,33763,75,2.76,1
u_008285,control,2024-12-11,US,8318,62508,97,5.74,1
u_008693,test,2024-12-26,KR,4389,33204,54,1.82,0
u_002052,test,2024-12-02,JP,8019,71774,168,6.49,1
u_012665,control,2024-12-26,JP,5135,31046,68,3.23,1
u_006557,control,2024-11-11,KR,6256,40716,94,3.58,1
u_014918,control,2024-12-04,US,3678,25076,59,2.67,0
u_001900,test,2024-11-14,KR,3051,17290,35,1.25,0
u_009018,test,2024-12-05,KR,9960,62656,154,2.5,1
u_005653,test,2024-11-23,US,2683,23222,46,1.51,0
u_007148,control,2024-11-26,KR,7211,37217,65,2.57,1
u_007766,test,2024-12-01,US,4622,36785,71,3.29,1
u_003110,control,2024-11-03,KR,6964,51232,116,5.11,1
u_007587,test,2024-11-14,US,7395,60001,136,4.79,0
u_006172,control,2024-12-20,JP,6570,42504,72,1.82,1
u_013238,control,2024-11-23,US,3085,23887,54,2.08,0
u_010166,control,2024-11-01,KR,9491,61017,123,4.09,0
u_009422,test,2024-11-01,US,7366,57488,141,2.22,1
u_001735,test,2024-11-13,KR,6451,60312,118,3.69,1
u_000239,test,2024-12-19,KR,5077,43456,102,3.42,1
u_013363,test,2024-11-27,US,2279,20986,33,0.92,0
u_000851,control,2024-11-01,KR,2901,24447,52,1.53,0
u_002337,test,2024-11-01,US,4292,31649,60,3.31,1
u_013207,control,2024-11-29,JP,4649,33492,79,1.85,1
u_003371,test,2024-12-08,JP,7948,66104,140,5.47,1
u_011695,control,2024-12-27,KR,4506,30638,66,2.66,1
u_001572,test,2024-11-30,JP,7474,56169,102,4.14,1
u_014008,test,2024-11-19,US,9144,69193,132,3.23,1
u_014542,test,2024-11-18,US,6351,44197,74,2.14,1
u_014539,control,2024-11-13,JP,2786,17000,36,0.84,1
u_001406,test,2024-12-29,US,7807,56098,120,5.73,1
u_006043,control,2024-12-20,KR,7474,49573,81,1.28,1
u_000865,test,2024-11-05,KR,3095,27307,67,2.17,0
u_004837,control,2024-12-30,KR,7005,40664,69,1.98,1
u_001935,test,2024-12-31,US,4863,38862,95,3.89,1
u_012009,control,2024-11-26,KR,4637,29656,61,2.78,1
u_008446,test,2024-11-10,US,1445,10390,20,0.91,1
u_006933,control,2024-12-21,JP,4562,34748,82,2.06,1
u_003484,test,2024-12-08,JP,4964,40455,80,3.87,1
u_003201,control,2024-12-01,KR,6883,46363,101,3.02,1
u_004521,control,2024-11-12,KR,8578,63023,118,4.32,1
u_013708,test,2024-11-27,KR,8034,41438,86,4.44,1
u_006407,test,2024-11-19,JP,2291,18035,36,1.52,0
u_009297,test,2024-11-22,KR,8873,80874,165,2.34,1
u_010225,test,2024-12-11,JP,3229,25209,60,1.49,1
u_007263,test,2024-12-19,JP,3204,19843,33,1.23,1
u_014817,control,2024-12-08,KR,3981,31378,56,2.57,1
u_002009,control,2024-12-28,KR,6894,56145,84,2.14,1
u_004769,test,2024-12-27,JP,3239,26018,51,1.74,1
u_011729,control,2024-11-12,KR,4911,34234,84,2.29,1
u_014132,test,2024-11-03,KR,5301,46525,102,4.26,1
u_007318,test,2024-12-17,KR,7093,57308,109,3.65,1
u_013811,test,2024-12-28,KR,6971,61588,98,5.3,1
u_009733,control,2024-11-27,US,8031,49917,95,4.04,1
u_013188,control,2024-12-21,JP,3499,21172,46,2.27,0
u_014994,test,2024-11-25,US,3634,21980,43,2.39,0
u_011382,control,2024-12-24,KR,6750,45684,97,3.83,1
u_012849,test,2024-12-08,JP,5178,44886,73,2.61,0
u_014862,control,2024-11-07,JP,4305,25749,49,1.76,0
u_014746,test,2024-11-21,US,3555,26495,45,2.71,0
u_000128,test,2024-12-29,JP,1936,14952,24,1.29,1
u_004943,test,2024-11-18,KR,3045,29686,60,3.02,1
u_012124,control,2024-11-20,KR,7776,38124,71,1.98,0
u_004176,test,2024-12-19,KR,5583,43616,94,3.23,1
u_013474,test,2024-12-05,JP,8865,67829,149,5.39,0
u_007194,control,2024-12-15,JP,6947,41476,74,1.75,1
u_002853,test,2024-12-11,KR,4434,31227,70,1.89,0
u_011671,control,2024-12-31,JP,3396,22666,34,2.24,0
u_001904,control,2024-12-23,KR,5121,34672,55,3.72,0
u_014003,control,2024-12-30,KR,5388,38970,89,3.74,0
u_000921,control,2024-12-03,KR,5416,42382,97,1.39,1
u_006674,test,2024-11-26,KR,467,4398,7,0.26,0
u_013326,control,2024-12-15,US,7162,47660,113,2.25,1
u_012083,test,2024-11-08,JP,3776,25600,56,2.54,1
u_006973,test,2024-12-09,JP,6190,41714,85,3.44,1
u_014357,test,2024-11-16,KR,7382,58744,104,3.56,1
u_004292,control,2024-12-30,KR,6021,37447,59,2.66,1
u_003624,test,2024-12-10,US,4439,35761,68,2.97,1
u_000324,control,2024-12-21,KR,4928,41356,65,2.02,1
u_004440,control,2024-11-13,JP,7155,46445,73,4.48,1
u_011788,test,2024-11-24,KR,5381,39626,83,3.66,1
u_014670,test,2024-12-17,KR,8447,61005,144,2.43,0
u_004656,control,2024-11-17,US,4108,31532,73,2.91,1
u_014506,control,2024-12-04,KR,3017,23090,49,1.91,1
u_005154,control,2024-12-30,JP,5815,36888,66,2.68,0
u_000737,test,2024-12-21,JP,2065,13016,26,0.41,1
u_007694,control,2024-12-05,US,1623,11124,21,0.6,1
u_013505,test,2024-11-04,JP,7456,50351,78,5.05,1
u_005637,test,2024-11-08,JP,5229,44064,103,1.43,0
u_003863,test,2024-11-26,KR,4328,26903,61,2.49,1
u_005236,test,2024-12-27,KR,6379,52223,105,3.45,1
u_004636,control,2024-11-24,US,5892,44480,86,2.75,1
u_007160,control,2024-11-01,KR,3074,25226,52,0.96,0
u_005810,control,2024-11-11,US,6233,44632,106,2.73,0
u_002567,control,2024-11-05,JP,8299,59472,91,1.87,1
u_008937,test,2024-11-06,US,4915,28886,56,1.59,1
u_009301,control,2024-11-09,KR,4558,26878,40,1.79,1
u_000142,test,2024-12-17,KR,5240,36689,56,2.73,0
u_007752,test,2024-12-07,KR,3442,23904,57,1.56,0
u_005502,test,2024-12-11,KR,5978,39660,75,2.29,1
u_012701,control,2024-12-26,KR,5167,35150,58,2.9,0
u_007616,test,2024-11-01,KR,7053,56813,104,5.35,1
u_007791,test,2024-12-20,KR,6583,52876,105,5.2,1
u_004914,control,2024-12-10,KR,2110,17349,34,1.25,0
u_005378,control,2024-11-09,US,6730,46680,98,4.71,0
u_011201,control,2024-12-29,JP,4686,38980,80,2.04,1
u_009839,control,2024-12-26,KR,6182,38267,62,4.0,1
u_008409,test,2024-11-26,KR,7807,54958,95,5.02,0
u_009778,test,2024-12-04,JP,7218,55071,98,4.75,0
u_014537,test,2024-12-27,US,4974,32480,74,3.17,1
u_011316,control,2024-11-22,JP,4877,37858,59,3.58,1
u_001841,control,2024-12-18,KR,7225,54875,112,4.58,0
u_009004,control,2024-12-04,US,4669,30095,67,2.9,0
u_001853,test,2024-12-22,KR,9683,61435,94,1.79,1
u_000972,test,2024-12-29,JP,7971,52311,96,4.12,1
u_006904,test,2024-11-22,KR,3415,30820,65,0.83,1
u_006466,test,2024-11-19,JP,4566,38024,77,2.23,1
u_009385,control,2024-11-09,KR,5795,38604,72,2.45,0
u_007452,control,2024-12-08,KR,4702,35142,74,3.23,1
u_001458,control,2024-12-25,US,4866,37688,61,1.71,0
u_010335,test,2024-11-29,KR,5512,39817,97,1.21,1
u_012513,test,2024-11-28,JP,6408,44757,75,1.67,0
u_013871,control,2024-11-02,JP,3712,27919,57,1.59,0
u_000595,control,2024-12-13,KR,4571,30177,66,2.4,1
u_000294,test,2024-12-03,US,4310,34585,70,1.41,1
u_004592,control,2024-11-27,KR,4511,35643,73,2.9,1
u_000479,test,2024-11-15,JP,8514,54712,103,5.56,1
u_003138,test,2024-11-06,KR,6545,57399,93,5.17,0
u_005906,test,2024-11-02,KR,3111,19717,39,2.17,1
u_014366,test,2024-12-02,KR,9200,78334,147,3.08,0
u_002800,test,2024-12-07,KR,4359,39280,86,1.78,1
u_010956,test,2024-12-16,JP,5156,47841,95,1.49,1
u_004147,control,2024-12-17,JP,2407,16273,32,0.71,0
u_004518,control,2024-11-16,KR,7715,54914,120,2.32,1
u_005491,control,2024-12-03,US,6956,53575,98,5.81,1
u_006748,control,2024-11-19,JP,4515,27020,51,2.03,1
u_006583,control,2024-12-16,US,4914,35806,83,3.69,1
u_011829,control,2024-12-07,US,7916,60429,93,2.51,1
u_008895,test,2024-12-06,KR,5253,35076,79,2.51,1
u_010007,test,2024-11-01,JP,6956,53164,128,4.58,1
u_014834,test,2024-12-23,KR,7038,49114,88,5.22,1
u_006337,control,2024-12-16,KR,5964,45506,89,2.58,1
u_007033,control,2024-11-22,US,4817,32640,60,1.41,1
u_002331,control,2024-12-08,KR,6842,49957,121,1.71,0
u_010812,control,2024-12-23,JP,4206,39306,76,3.61,0
u_004481,control,2024-11-27,KR,5140,35343,56,1.36,1
u_003950,test,2024-12-22,KR,5247,34861,69,2.63,1
u_009751,control,2024-12-31,JP,4237,27765,52,1.19,1
u_006288,test,2024-12-08,KR,6093,52047,95,3.28,1
u_001589,test,2024-12-09,KR,6440,41984,98,4.34,1
u_008794,test,2024-11-23,JP,6408,46474,75,4.16,1
u_001392,test,2024-12-28,US,7250,44931,84,2.44,1
u_008583,control,2024-11-28,KR,3675,27033,44,1.43,1
u_009217,test,2024-11-10,KR,812,5666,8,0.59,0
u_012358,test,2024-11-13,US,5596,37522,81,1.62,1
u_000708,test,2024-11-13,US,1933,14179,21,1.28,0
u_013984,test,2024-11-12,JP,7052,58262,141,4.25,0
u_004804,test,2024-12-04,US,4637,32672,68,2.92,0
u_008619,test,2024-11-08,US,4886,34980,82,3.64,0
u_012488,test,2024-12-01,US,4581,39959,63,4.05,1
u_005668,control,2024-11-12,JP,5156,34187,73,2.4,1
u_002279,control,2024-12-20,KR,2616,19397,36,1.19,0
u_008465,control,2024-11-22,JP,4084,25733,54,0.94,0
u_011454,test,2024-11-11,US,3932,22754,34,0.94,0
u_011954,test,2024-11-24,JP,4232,28840,51,1.27,0
u_007377,control,2024-12-09,US,6173,44518,104,2.9,0
u_013275,control,2024-12-16,US,2391,17520,39,1.4,0
u_008952,control,2024-12-29,JP,8109,58093,125,2.35,1
u_012658,test,2024-12-22,US,6274,57278,132,4.37,1
u_014306,control,2024-11-04,JP,4849,38091,76,3.7,0
u_002618,test,2024-12-04,KR,5648,47146,82,2.46,0
u_005092,control,2024-11-07,JP,3784,32547,69,1.81,0
u_010167,test,2024-12-11,JP,9174,66390,165,2.38,1
u_009702,test,2024-11-05,KR,6257,54895,120,2.22,1
u_006963,test,2024-12-09,KR,5281,50653,96,3.69,1
u_000169,test,2024-12-11,JP,9429,71244,171,3.37,1
u_011408,test,2024-11-03,KR,6640,53136,125,1.95,0
u_002921,test,2024-11-18,KR,2534,22279,50,1.59,0
u_006993,test,2024-12-03,US,6778,48274,117,3.02,1
u_004024,control,2024-11-20,US,5954,45463,106,2.71,1
u_000051,test,2024-12-23,KR,11121,76688,166,5.79,0
u_005137,test,2024-11-13,JP,5393,41462,65,4.16,0
u_012263,control,2024-11-13,KR,8646,67317,164,5.11,1
u_009894,test,2024-12-16,KR,5424,38089,80,2.02,1
u_004362,test,2024-12-30,KR,3616,29915,64,1.06,0
u_010404,test,2024-11-30,JP,2087,15500,30,1.39,1
u_011503,test,2024-11-08,US,3366,30792,67,2.1,0
u_002408,control,2024-12-12,KR,7298,54805,114,4.93,0
u_001042,control,2024-12-29,KR,1921,13603,25,0.99,0
u_010058,control,2024-12-13,KR,7423,47724,77,3.98,0
u_000179,control,2024-11-23,KR,5685,48423,113,3.15,1
u_001713,test,2024-11-10,JP,3459,29100,72,1.3,0
u_005356,test,2024-11-05,KR,4241,39729,64,2.24,0
u_005409,control,2024-12-17,KR,1141,10194,17,0.62,0
u_001022,control,2024-11-29,US,3855,29890,58,1.41,1
u_012119,control,2024-12-27,KR,6253,38552,85,3.02,0
u_008914,test,2024-11-03,JP,3879,24231,52,1.69,0
u_008377,test,2024-12-08,KR,2813,25189,43,1.31,1
u_009876,control,2024-11-28,KR,6132,44346,76,4.01,1
u_009112,control,2024-12-24,KR,6153,28897,71,2.33,1
u_005419,control,2024-12-14,KR,9423,76473,151,6.76,1
u_009238,test,2024-11-12,US,8304,74788,151,6.58,1
u_008268,control,2024-12-03,KR,4782,32877,75,2.41,1
u_014154,test,2024-11-07,KR,5144,40842,70,4.15,1
u_000663,control,2024-11-23,KR,5707,42346,89,3.61,1
u_010362,test,2024-11-04,KR,4853,34989,84,1.59,0
u_004810,control,2024-11-10,KR,6931,54441,118,4.37,0
u_003511,control,2024-12-16,JP,8215,63802,144,2.52,0
u_014595,test,2024-11-14,US,4046,29380,61,1.74,0
u_008677,test,2024-12-06,KR,2960,17216,40,0.49,0
u_013471,control,2024-11-25,KR,6682,63134,149,2.98,1
u_005049,test,2024-11-02,JP,5494,35661,83,1.88,0
u_012738,control,2024-12-21,KR,5243,38858,95,3.55,0
u_009982,test,2024-12-30,KR,4939,36707,72,3.98,0
u_006505,test,2024-11-03,KR,5028,27583,57,2.73,1
u_013990,control,2024-12-19,KR,6331,37559,62,1.42,0
u_002805,control,2024-11-12,KR,9139,66634,108,3.66,1
u_012265,control,2024-12-08,US,6150,36817,73,2.39,0
u_005551,control,2024-12-05,KR,3923,36969,66,1.48,1
u_005259,test,2024-12-02,KR,4634,33931,81,2.96,1
u_013045,test,2024-11-25,KR,5802,44036,87,2.88,1
u_013743,test,2024-12-07,KR,5729,45232,101,3.06,1
u_000409,test,2024-12-10,KR,7193,53499,84,5.04,1
u_001949,control,2024-11-02,JP,6420,45614,113,4.82,1
u_011751,control,2024-12-23,KR,6419,39126,75,3.59,1
u_001093,control,2024-11-30,KR,5160,38411,63,1.33,0
u_007012,test,2024-12-05,KR,7455,48558,105,4.44,1
u_005526,control,2024-12-03,US,1448,8885,17,0.51,0
u_012761,test,2024-12-30,KR,2473,22360,35,1.53,0
u_013658,control,2024-11-02,KR,6934,39179,96,3.81,0
u_009655,control,2024-12-01,KR,4936,30884,56,3.03,1
u_010801,test,2024-12-08,KR,6103,49884,80,2.37,1
u_009082,control,2024-11-06,JP,5600,39093,69,2.21,0
u_006984,control,2024-12-13,JP,6444,45555,94,1.72,0
u_000610,test,2024-11-11,KR,7212,38697,72,2.79,1
u_003219,control,2024-12-26,JP,5331,35718,73,3.12,1
u_004088,test,2024-12-11,KR,7471,57263,108,5.29,1
u_004421,control,2024-11-23,KR,2663,16922,27,1.37,1
u_010739,control,2024-11-03,US,5350,42644,90,1.78,1
u_006911,control,2024-11-10,JP,6267,33773,73,3.63,1
u_010109,control,2024-11-09,JP,6690,50769,82,4.85,1
u_005648,test,2024-12-17,JP,7391,57858,113,6.24,0
u_001752,control,2024-11-12,US,6188,39552,93,1.25,0
u_002491,test,2024-12-25,JP,5668,43728,78,2.65,1
u_002196,test,2024-12-13,KR,4636,37093,60,0.98,0
u_008046,control,2024-12-01,JP,3717,22523,44,0.67,1
u_001348,test,2024-12-05,KR,2236,21504,35,0.66,1
u_012226,control,2024-12-26,KR,6027,50919,122,2.57,1
u_010059,test,2024-12-07,KR,6309,52880,124,2.95,1
u_000679,test,2024-12-30,JP,3912,33904,77,2.73,1
u_002034,test,2024-11-15,KR,6145,39528,78,4.12,0
u_000141,control,2024-11-19,KR,4203,28899,71,1.16,1
u_001499,control,2024-12-20,US,8107,55665,123,3.87,1
u_010066,control,2024-11-01,KR,6473,51340,109,2.75,1
u_002906,control,2024-11-25,KR,8571,61747,109,3.23,0
u_001477,test,2024-12-13,KR,8500,67848,121,6.88,1
u_010502,test,2024-11-07,JP,4958,33387,73,0.93,0
u_008064,test,2024-12-03,KR,7073,49999,82,2.96,1
u_001567,control,2024-12-24,JP,4386,28056,61,0.78,1
u_008587,test,2024-12-01,KR,6675,53250,124,3.05,1
u_000170,control,2024-12-27,JP,6513,41857,100,2.81,1
u_012091,test,2024-12-20,JP,5524,39903,68,3.84,0
u_007805,control,2024-11-10,JP,3228,19726,30,0.85,1
u_012952,control,2024-11-29,US,8664,72580,156,3.15,1
u_011770,control,2024-12-05,KR,4019,27212,54,1.85,1
u_007279,control,2024-11-11,US,4359,33237,58,3.25,0
u_003894,control,2024-11-02,KR,5799,41484,70,2.24,1
u_009072,control,2024-11-21,KR,7057,56518,121,2.81,1
u_010323,control,2024-11-10,JP,6355,48034,94,3.94,1
u_011066,test,2024-11-16,JP,9180,53869,89,5.24,1
u_005817,test,2024-11-27,KR,2342,18032,30,1.0,0
u_008191,control,2024-11-11,US,5014,34575,83,3.73,1
u_005129,test,2024-12-08,KR,4923,50790,109,1.91,0
u_010332,control,2024-11-02,US,1034,5787,13,0.48,0
u_002903,test,2024-11-17,KR,4649,24054,45,1.61,1
u_005238,control,2024-12-31,JP,10110,69869,137,4.38,1
u_006107,test,2024-12-03,US,9098,70290,105,4.38,0
u_011363,control,2024-12-05,US,6671,44775,94,2.76,1
u_001677,test,2024-12-31,KR,4321,25358,46,1.29,0
u_006961,control,2024-12-07,US,4888,34763,60,3.81,1
u_000401,control,2024-12-06,KR,4282,32645,59,0.84,1
u_002251,test,2024-12-19,KR,6736,33837,77,0.92,1
u_011190,test,2024-12-11,KR,3872,29099,55,0.79,0
u_011589,test,2024-11-18,KR,6771,55485,112,4.87,1
u_000223,test,2024-11-03,KR,1582,13254,32,0.97,0
u_002209,control,2024-12-06,KR,6771,56064,96,3.14,1
u_000768,test,2024-11-14,US,6034,45351,77,3.47,0
u_009273,test,2024-12-17,KR,6373,58227,91,4.05,1
u_001257,test,2024-11-20,KR,4111,30566,52,3.06,1
u_009828,control,2024-12-31,KR,5175,34891,66,2.33,1
u_006692,control,2024-11-26,KR,5428,34730,84,2.35,1
u_005802,test,2024-11-30,JP,5175,37991,79,4.07,1
u_001337,control,2024-11-24,KR,4909,27053,50,2.25,1
u_010475,test,2024-11-13,KR,2412,21342,38,1.71,0
u_012457,control,2024-12-02,JP,3563,24672,43,2.47,0
u_014409,test,2024-11-14,US,5640,49373,98,3.27,1
u_012992,test,2024-12-10,KR,6709,51599,118,3.43,1
u_011056,control,2024-11-09,US,3787,30373,50,1.49,1
u_008612,control,2024-11-20,KR,3914,23194,35,1.73,1
u_005909,control,2024-11-08,KR,5943,37316,89,3.12,1
u_004102,control,2024-11-05,KR,3716,27933,47,0.74,1
u_000087,control,2024-12-20,KR,4951,31413,48,2.53,0
u_012873,control,2024-11-25,KR,6920,57107,116,2.08,0
u_004115,control,2024-11-24,KR,4774,35531,59,2.02,0
u_009330,control,2024-11-30,JP,6609,31504,74,1.45,1
u_002782,test,2024-12-01,US,4106,27645,68,2.44,1
u_014419,test,2024-12-10,JP,7307,66613,152,2.12,1
u_001664,control,2024-11-01,KR,1751,11633,22,1.04,1
u_008551,test,2024-11-01,KR,4712,35834,77,1.52,1
u_010994,test,2024-11-21,KR,5772,41901,78,4.58,1
u_011251,test,2024-11-28,KR,7875,75560,188,4.16,1
u_007736,control,2024-11-29,JP,5345,33299,70,2.23,1
u_007660,test,2024-12-14,KR,6108,45652,92,1.53,0
u_008836,control,2024-11-05,KR,3565,31865,77,1.71,1
u_014931,test,2024-11-19,JP,5173,40582,66,1.47,0
u_005201,control,2024-12-23,US,3808,33248,80,2.63,0
u_012780,test,2024-12-26,KR,3872,28503,58,1.09,0
u_003283,control,2024-11-05,US,3456,28922,69,1.7,0
u_006097,control,2024-12-22,KR,6675,53836,104,3.76,1
u_014457,control,2024-12-31,JP,3939,23721,49,1.51,1
u_002981,test,2024-11-02,US,6981,54272,97,4.76,1
u_011541,test,2024-12-15,JP,5983,40118,84,2.81,1
u_001693,test,2024-12-16,KR,8728,54532,133,2.13,1
u_002063,control,2024-12-26,KR,5742,42658,99,2.65,1
u_001787,control,2024-12-14,KR,5920,33179,80,0.96,0
u_005367,test,2024-12-10,JP,4461,38714,64,3.11,1
u_000681,control,2024-12-15,US,4643,33713,84,2.78,0
u_003722,control,2024-11-03,KR,5870,45809,93,4.05,1
u_000554,test,2024-12-31,JP,6367,61202,142,2.48,1
u_000450,test,2024-12-18,KR,8232,55452,86,5.56,0
u_009151,control,2024-12-01,KR,5763,37659,91,4.14,1
u_007350,test,2024-11-04,KR,3747,32470,65,2.01,0
u_003604,test,2024-12-22,KR,6016,41561,89,4.18,1
u_013550,test,2024-11-11,KR,4998,32207,56,0.89,0
u_001070,control,2024-12-15,KR,6226,44136,84,3.48,1
u_009585,test,2024-11-03,KR,4689,33899,81,1.55,1
u_005539,control,2024-11-25,JP,3939,16452,39,1.54,1
u_001187,control,2024-11-16,KR,9215,51648,98,3.05,1
u_013213,control,2024-11-26,KR,4869,39868,91,2.14,0
u_011522,test,2024-12-29,KR,3263,21175,36,2.26,1
u_011466,test,2024-11-11,JP,6493,43995,105,3.95,1
u_010411,control,2024-12-15,KR,4320,33188,77,1.54,0
u_014489,test,2024-12-31,KR,8031,61838,148,4.19,1
u_003094,control,2024-11-20,JP,5944,32266,62,2.7,1
u_014477,control,2024-12-31,KR,4910,28988,52,2.08,0
u_011579,test,2024-12-19,US,6863,38664,62,3.46,1
u_005607,test,2024-12-07,JP,5443,39117,69,2.58,1
u_012276,test,2024-12-14,KR,8520,70512,138,2.19,0
u_004874,test,2024-12-04,US,6095,48014,113,4.17,0
u_006976,test,2024-12-10,US,5116,45527,104,2.29,1
u_009016,control,2024-12-28,KR,4612,34792,66,3.17,1
u_010658,test,2024-12-09,KR,5313,42751,96,4.3,1
u_004910,control,2024-12-18,JP,4013,30319,48,2.14,0
u_014021,test,2024-11-13,KR,7170,60934,117,3.92,1
u_006582,control,2024-12-12,JP,4331,38387,83,2.35,1
u_006981,control,2024-11-23,KR,7420,40305,69,3.49,0
u_001619,control,2024-11-20,JP,9537,64069,125,2.55,1
u_012051,control,2024-11-06,US,4898,37922,86,3.14,1
u_014278,control,2024-12-25,KR,4451,33551,70,3.38,0
u_011689,control,2024-11-01,KR,5968,39097,66,1.36,1
u_010836,control,2024-11-18,JP,3721,34355,61,3.71,0
u_000840,control,2024-11-08,KR,5246,39466,89,2.47,0
u_003017,control,2024-12-13,US,9644,69861,118,5.06,0
u_013340,test,2024-11-03,JP,6242,47552,81,1.4,1
u_000070,test,2024-12-03,JP,6625,35894,54,2.06,1
u_012112,control,2024-11-29,JP,6730,55096,120,3.09,1
u_012679,control,2024-11-24,KR,5153,43922,76,3.98,1
u_000713,control,2024-11-17,JP,5883,42365,87,4.25,1
u_012620,control,2024-12-11,JP,8360,60711,125,5.8,0
u_009556,test,2024-11-28,KR,4639,34769,80,2.21,0
u_007025,control,2024-12-27,JP,6010,41666,80,2.04,1
u_007299,control,2024-11-10,KR,7937,66519,159,6.73,1
u_001233,control,2024-12-26,JP,2491,17073,41,1.45,0
u_001794,control,2024-12-26,US,4791,31770,59,1.83,1
u_007725,test,2024-11-16,JP,4959,36181,87,3.67,1
u_006223,test,2024-12-15,KR,5451,38878,64,3.8,0
u_009234,control,2024-12-29,US,5031,30099,53,0.82,0
u_014046,test,2024-12-10,JP,2794,20171,44,1.97,1
u_014464,test,2024-12-25,KR,2434,19482,43,2.09,1
u_007741,control,2024-12-30,KR,8391,56288,112,1.42,0
u_009026,test,2024-12-28,KR,2621,20512,36,1.82,0
u_012484,test,2024-12-21,KR,5306,37711,62,1.28,1
u_000484,control,2024-11-16,JP,5765,32768,79,1.58,0
u_011264,test,2024-11-27,US,4588,42515,67,3.6,1
u_006497,test,2024-12-28,US,9169,76914,159,3.37,1
u_003077,control,2024-11-01,US,2330,14075,23,0.91,0
u_006102,control,2024-12-21,US,4897,29514,49,1.18,0
u_003594,control,2024-12-05,JP,3872,22832,41,0.58,0
u_002447,control,2024-12-25,JP,4803,33666,82,3.38,0
u_010626,control,2024-11-13,KR,4166,36491,58,3.93,1
u_013315,test,2024-12-13,US,3945,23951,48,1.25,1
u_008425,test,2024-12-25,KR,5709,44817,92,4.86,1
u_005108,control,2024-12-12,US,3791,28162,54,1.96,1
u_008964,test,2024-12-24,KR,7489,51895,108,1.93,1
u_011668,control,2024-11-30,JP,3053,19675,39,1.48,0
u_013451,test,2024-12-24,JP,6787,54804,92,2.11,0
u_013518,test,2024-12-11,JP,6218,52534,129,5.4,0
u_007958,control,2024-11-14,KR,3004,20143,49,2.09,0
u_009253,control,2024-11-07,KR,2715,16173,36,1.64,1
u_000808,control,2024-12-30,US,4551,26942,48,1.11,1
u_009237,control,2024-11-06,KR,6742,56248,125,5.12,0
u_003323,test,2024-11-20,US,6881,51572,120,5.46,0
u_010122,control,2024-12-23,KR,7646,55038,120,4.32,0
u_011234,control,2024-11-24,KR,7413,53600,84,1.66,0
u_012117,test,2024-11-19,KR,7391,57284,128,4.26,0
u_000240,test,2024-11-07,JP,6111,50397,90,1.77,0
u_001472,control,2024-12-02,US,4863,32348,75,1.89,0
u_002812,control,2024-11-18,KR,4920,31993,65,2.81,1
u_002091,test,2024-12-07,US,5830,41282,69,3.86,1
u_011772,control,2024-12-26,KR,8168,47372,95,2.31,1
u_011835,control,2024-12-25,KR,4781,35220,69,1.86,1
u_007636,test,2024-12-26,KR,7422,60694,115,5.53,0
u_007890,control,2024-11-03,US,4245,38328,79,2.63,0
u_003843,control,2024-12-16,KR,6077,40964,83,1.32,0
u_006643,test,2024-11-26,KR,7452,52068,101,2.68,0
u_007231,control,2024-12-10,US,4309,23290,41,0.77,0
u_012211,test,2024-12-08,KR,8702,50099,93,5.27,1
u_007536,control,2024-12-01,KR,5263,37501,92,1.74,0
u_006434,test,2024-11-29,KR,5702,30590,59,2.8,1
u_013714,test,2024-11-24,KR,7651,63872,157,2.54,1
u_001558,control,2024-11-19,US,4634,24644,45,1.3,1
u_005444,test,2024-12-05,US,4770,29886,60,2.56,1
u_007598,control,2024-12-19,US,2536,18721,45,1.61,0
u_007842,test,2024-12-22,KR,3250,25340,62,1.16,1
u_009414,control,2024-12-14,KR,4725,35309,69,1.58,1
u_003206,test,2024-12-09,KR,2931,29398,60,2.52,1
u_007284,test,2024-11-21,JP,4008,33502,61,1.44,1
u_003527,test,2024-12-17,JP,6437,58272,105,1.58,1
u_009489,test,2024-11-01,JP,5001,22289,47,0.71,1
u_001973,test,2024-11-08,JP,8635,67309,124,7.35,0
u_014917,control,2024-11-16,KR,6822,52750,86,5.8,1
u_004796,control,2024-12-15,KR,6856,41089,96,3.36,0
u_014751,control,2024-12-18,US,3781,21655,45,2.37,0
u_013305,control,2024-12-13,KR,4412,24201,48,1.11,1
u_010207,test,2024-11-15,KR,8470,66474,139,4.82,1
u_004912,test,2024-12-02,KR,4087,41224,100,3.08,1
u_004676,test,2024-12-18,KR,7023,65456,136,4.1,0
u_014522,test,2024-12-05,US,5932,40593,85,3.76,0
u_005634,control,2024-12-12,JP,9929,61165,140,2.98,1
u_006106,control,2024-12-13,JP,4271,29234,62,3.11,1
u_011033,test,2024-12-29,KR,6738,60985,141,5.15,1
u_010281,test,2024-12-13,KR,9245,65787,124,2.12,0
u_003405,control,2024-11-03,KR,7202,50755,123,2.62,1
u_000493,control,2024-11-07,US,6762,44596,102,1.71,0
u_011052,control,2024-11-18,US,6433,53242,118,5.59,1
u_014206,control,2024-12-23,US,6095,37109,67,2.83,1
u_009735,test,2024-11-22,JP,5769,45246,111,4.04,0
u_008861,control,2024-12-12,JP,7334,72757,179,5.17,1
u_014644,control,2024-11-16,US,8445,86473,149,8.58,0
u_014905,test,2024-11-17,US,2831,17888,41,1.58,1
u_007369,control,2024-11-16,JP,7252,56881,127,4.0,1
u_000573,test,2024-12-09,KR,5161,33743,81,2.45,0
u_004359,test,2024-11-23,JP,4674,38567,69,1.99,0
u_004423,control,2024-12-27,KR,6763,43637,88,2.51,1
u_007579,test,2024-11-15,JP,5637,56972,110,2.04,1
u_001451,control,2024-12-21,KR,5577,35736,66,3.08,0
u_014137,test,2024-11-13,KR,5472,42798,68,4.62,1
u_014632,control,2024-11-20,US,5305,33327,68,2.95,1
u_013332,control,2024-12-26,KR,3281,20445,48,0.8,0
u_002041,test,2024-11-05,KR,4893,40520,75,3.81,1
u_007252,test,2024-11-07,JP,2610,17448,32,1.16,0
u_013182,control,2024-11-07,KR,3558,31135,55,1.54,1
u_009564,test,2024-11-29,KR,5545,38272,58,2.66,1
u_000560,test,2024-12-11,KR,6161,43444,75,2.61,0
u_006867,test,2024-11-04,KR,2554,25015,38,0.65,0
u_010376,test,2024-11-19,KR,4147,35872,82,2.58,0
u_011007,control,2024-11-13,KR,5597,36023,64,2.1,0
u_010717,test,2024-12-28,KR,1172,10492,17,1.06,1
u_003061,control,2024-11-10,KR,5546,34693,84,2.47,0
u_007086,test,2024-12-15,KR,6323,55870,105,3.78,1
u_003185,test,2024-12-28,KR,4055,21447,50,1.59,1
u_013556,test,2024-11-19,KR,4719,35764,69,3.1,0
u_007775,test,2024-12-19,KR,4555,41989,87,1.98,0
u_003888,test,2024-12-11,US,6323,38484,67,2.14,0
u_010672,test,2024-11-23,JP,6549,53535,81,3.67,1
u_012574,test,2024-11-17,KR,6360,52555,81,1.69,1
u_003737,control,2024-12-04,JP,2547,19459,31,0.63,0
u_008374,control,2024-12-01,KR,4831,42750,82,3.11,1
u_014562,test,2024-11-10,JP,4428,38884,70,3.72,1
u_010364,test,2024-12-18,KR,7465,56206,88,5.96,1
u_008030,test,2024-11-30,KR,5812,43283,91,4.53,1
u_012068,control,2024-12-30,KR,7619,44082,109,1.18,1
u_003117,test,2024-12-10,KR,5194,37806,85,2.42,1
u_009424,control,2024-12-12,KR,4641,24908,46,0.8,1
u_003692,control,2024-12-01,KR,1948,10192,18,0.8,1
u_000909,control,2024-12-22,JP,5520,40317,68,1.32,0
u_008554,control,2024-11-13,KR,8572,68583,121,3.3,1
u_004196,test,2024-11-13,KR,9284,62035,95,2.7,1
u_009410,test,2024-11-30,KR,5144,29552,63,2.72,0
u_012266,control,2024-12-10,KR,5035,31408,76,2.37,0
u_005586,control,2024-12-21,KR,6202,44472,75,4.7,1
u_006183,test,2024-11-24,JP,10500,72625,178,6.18,1
u_013688,test,2024-11-16,JP,4112,39373,64,1.45,0
u_000669,test,2024-12-23,KR,4555,38277,68,1.39,0
u_000201,control,2024-11-01,KR,4297,22825,37,1.44,1
u_011538,control,2024-11-01,JP,4445,30048,47,2.3,0
u_014624,control,2024-12-07,KR,8679,66077,140,5.98,1
u_013255,test,2024-12-03,KR,4784,43488,83,3.53,0
u_007677,test,2024-11-22,JP,5122,43025,65,1.64,1
u_001388,control,2024-12-21,KR,5075,40519,93,1.56,1
u_001857,control,2024-12-11,JP,5456,38824,86,3.9,0
u_011347,test,2024-12-08,KR,6295,43246,65,4.09,1
u_003729,control,2024-12-22,KR,5304,22368,51,1.64,1
u_005882,control,2024-12-19,US,7914,54492,135,4.21,1
u_000555,control,2024-12-31,KR,3755,32468,64,3.36,0
u_006313,control,2024-12-11,KR,4262,32578,65,3.46,0
u_003542,control,2024-12-07,KR,2866,20145,49,1.33,0
u_012244,test,2024-12-30,JP,5322,43271,105,3.09,1
u_002847,control,2024-11-22,KR,4295,25815,46,1.1,0
u_011328,test,2024-11-04,KR,1650,13032,23,0.51,0
u_011132,control,2024-11-05,KR,6350,51673,83,5.09,1
u_012666,control,2024-11-21,KR,2190,19673,48,0.98,0
u_007024,control,2024-12-15,JP,6817,50814,122,2.9,0
u_009355,control,2024-11-04,US,2331,13822,25,1.0,1
u_008143,test,2024-12-10,KR,6223,53272,108,3.05,1
u_003767,test,2024-12-30,JP,6519,54983,98,3.01,1
u_001240,test,2024-11-06,KR,7610,62678,128,2.88,1
u_005809,control,2024-11-19,KR,3919,20827,45,0.73,1
u_009393,control,2024-11-23,KR,5130,35189,80,3.44,0
u_014049,control,2024-11-05,KR,4209,29602,47,3.06,0
u_012980,control,2024-11-10,US,4371,29023,66,1.82,0
u_011314,control,2024-11-05,KR,5354,39348,69,2.95,1
u_014293,control,2024-11-04,JP,1926,15628,27,0.76,1
u_009099,test,2024-11-30,KR,3647,28418,63,3.1,1
u_000289,test,2024-12-03,JP,5434,35388,86,3.17,1
u_004356,test,2024-11-27,KR,6241,46750,100,3.69,1
u_005851,control,2024-12-16,KR,2800,22011,51,2.21,0
u_014197,test,2024-12-12,US,3306,29130,68,0.97,1
u_002989,test,2024-11-08,KR,4113,31357,67,2.97,0
u_009025,test,2024-11-03,KR,7844,59141,120,1.55,1
u_007785,test,2024-11-22,US,1718,11583,18,0.34,1
u_010367,test,2024-11-30,US,6181,46119,82,3.77,1
u_012264,control,2024-11-24,KR,3957,30153,51,1.66,1
u_012847,control,2024-11-22,US,7073,43894,75,3.58,1
u_010218,control,2024-11-14,KR,2184,15568,36,0.79,1
u_014473,control,2024-12-24,JP,4501,40620,71,1.59,1
u_002655,test,2024-12-23,KR,3870,27092,41,0.82,1
u_011348,test,2024-12-15,JP,5009,33154,78,3.1,1
u_001225,control,2024-11-12,KR,6440,48367,97,4.05,1
u_012557,test,2024-12-08,JP,3126,21759,50,2.17,0
u_005016,control,2024-11-14,KR,3138,23155,45,1.35,1
u_013741,control,2024-12-20,KR,7868,39526,98,3.2,1
u_009316,control,2024-12-25,KR,6721,48232,73,2.59,1
u_007038,control,2024-11-21,JP,7477,50634,114,1.87,1
u_003977,test,2024-12-25,KR,5136,43765,82,2.59,0
u_005456,control,2024-11-08,US,4922,33484,75,2.29,0
u_006432,test,2024-11-24,US,7104,58431,112,2.23,1
u_004091,test,2024-11-23,JP,4076,33937,82,3.41,0
u_009765,test,2024-12-06,JP,3423,27157,52,2.69,0
u_002050,control,2024-12-25,KR,6733,38026,74,0.98,0
u_004339,test,2024-11-23,JP,3481,27212,53,0.86,0
u_001048,control,2024-11-18,US,4092,30430,57,1.01,1
u_014283,control,2024-12-26,KR,7101,61523,129,6.45,1
u_005912,test,2024-11-02,US,6506,54323,134,1.98,1
u_001835,test,2024-12-29,JP,7613,56651,95,4.22,1
u_001024,test,2024-12-15,KR,4002,32771,70,1.62,0
u_008209,test,2024-12-17,KR,6274,53579,82,4.67,1
u_009730,control,2024-11-25,JP,7138,53930,94,3.22,1
u_010578,test,2024-12-23,US,5955,40665,75,2.52,1
u_002777,test,2024-12-19,KR,4653,39892,68,4.24,1
u_010757,control,2024-11-09,KR,7756,58269,105,4.55,0
u_007334,test,2024-11-05,JP,3885,26054,42,1.84,0
u_013703,control,2024-11-10,KR,5063,41861,100,3.41,1
u_013388,control,2024-12-28,KR,6242,34412,64,2.51,1
u_010063,control,2024-11-08,KR,8145,56197,124,2.57,1
u_008028,test,2024-12-28,JP,2422,21905,39,1.63,0
u_004046,test,2024-12-30,KR,4950,35943,59,2.1,1
u_013219,test,2024-11-23,KR,7162,43875,81,1.47,0
u_005846,control,2024-11-22,JP,361,3095,5,0.17,1
u_010901,test,2024-11-19,KR,4882,48624,119,1.84,1
u_010944,control,2024-12-08,KR,5807,35766,76,2.08,1
u_001667,control,2024-12-07,US,4185,31100,67,1.79,1
u_014571,test,2024-11-01,JP,4359,35813,87,2.47,1
u_002436,control,2024-11-24,KR,4361,33804,52,2.79,0
u_006654,test,2024-11-14,KR,3540,18506,37,0.92,0
u_005369,control,2024-11-08,KR,2295,9706,16,0.28,0
u_013742,test,2024-11-30,US,5292,35891,84,2.65,1
u_012617,test,2024-11-02,KR,5811,51750,78,2.16,1
u_008639,test,2024-11-17,JP,5671,51121,89,1.51,1
u_009864,control,2024-12-22,KR,3744,33596,64,3.29,0
u_011387,control,2024-12-03,US,6579,44108,108,1.15,1
u_008393,control,2024-11-06,KR,8730,62664,142,4.23,1
u_010300,control,2024-11-18,JP,7365,44338,109,3.47,0
u_013441,test,2024-12-08,US,6068,43283,85,2.24,1
u_001649,test,2024-12-30,KR,5662,36877,63,1.61,1
u_008650,test,2024-12-02,JP,9622,88705,136,8.55,1
u_008775,control,2024-12-28,KR,3139,27224,59,2.12,0
u_003901,test,2024-11-02,KR,6212,55830,94,1.87,1
u_004434,test,2024-12-11,JP,8561,63367,135,2.93,1
u_004788,control,2024-12-20,KR,4983,35086,59,3.35,1
u_010072,control,2024-11-26,KR,5753,41055,96,2.47,1
u_005493,test,2024-12-10,KR,6061,53282,103,4.79,0
u_009383,test,2024-11-24,KR,2578,17890,38,0.87,0
u_013230,control,2024-12-17,JP,5447,42702,70,3.34,1
u_014642,test,2024-11-17,JP,7218,59448,140,4.27,1
u_000605,control,2024-11-03,KR,8513,65091,108,4.27,1
u_001779,test,2024-12-25,KR,4591,31851,74,3.13,1
u_014532,control,2024-12-05,KR,4871,22642,39,1.37,1
u_005151,control,2024-11-11,US,7560,57913,122,3.3,0
u_014162,test,2024-11-03,JP,4477,35925,69,3.5,1
u_003639,control,2024-11-03,US,8003,60521,110,4.48,1
u_009492,test,2024-12-11,KR,6988,48568,91,1.37,0
u_006593,test,2024-11-02,KR,2649,16345,34,1.01,0
u_008325,test,2024-12-22,KR,3701,39407,62,2.86,1
u_004903,control,2024-11-08,JP,3826,25328,42,2.56,1
u_007155,test,2024-12-17,US,7052,54724,128,2.52,1
u_009279,control,2024-11-13,KR,5718,36840,59,3.61,1
u_010421,control,2024-11-12,KR,4328,27871,61,1.64,1
u_000392,test,2024-12-09,KR,6202,53981,120,2.77,1
u_012602,test,2024-11-25,KR,3633,25628,54,2.27,1
u_013611,control,2024-12-09,KR,7043,55327,92,5.72,1
u_003548,control,2024-12-21,KR,7502,65844,136,5.04,1
u_001658,control,2024-12-22,KR,6278,46022,109,2.19,1
u_010927,control,2024-11-01,KR,3324,21311,46,1.16,1
u_010422,control,2024-12-03,KR,4222,31151,61,3.04,0
u_002471,test,2024-12-03,JP,3733,25291,43,1.43,1
u_013446,control,2024-12-27,JP,6829,37197,79,3.35,1
u_002323,test,2024-12-28,US,8263,68476,107,4.12,1
u_006404,control,2024-12-05,JP,5190,32107,60,1.86,1
u_009360,control,2024-12-19,KR,6861,50930,82,5.22,1
u_013583,test,2024-11-12,US,5676,52612,92,5.04,1
u_008819,control,2024-11-11,KR,2770,16839,36,1.4,1
u_004565,test,2024-12-17,KR,5528,48929,85,3.23,1
u_003306,test,2024-12-24,KR,7283,65233,156,3.44,1
u_002732,control,2024-12-03,KR,4211,28658,47,1.22,1
u_013003,test,2024-11-30,US,6963,52058,86,2.0,1
u_004526,control,2024-12-30,KR,4345,29925,70,1.11,0
u_001516,control,2024-11-11,KR,2898,23979,41,1.09,1
u_013803,control,2024-11-06,KR,4546,35797,62,1.91,1
u_011951,control,2024-12-27,US,3273,20918,41,0.86,0
u_014288,control,2024-11-07,US,6242,45146,85,4.15,0
u_008257,test,2024-11-19,KR,6131,48129,114,3.96,1
u_007505,test,2024-12-21,KR,5778,45729,82,2.88,1
u_004276,test,2024-11-28,KR,5673,36245,89,1.35,1
u_009885,control,2024-12-29,US,6472,45675,73,1.37,0
u_004351,test,2024-11-24,JP,6975,58352,94,5.62,1
u_012523,test,2024-12-13,JP,4521,33687,58,3.32,1
u_013232,control,2024-11-24,KR,4390,26801,52,1.41,1
u_006139,control,2024-11-24,KR,7496,52205,105,5.67,1
u_007443,test,2024-12-17,KR,4265,34965,73,1.87,1
u_010977,test,2024-12-16,KR,4213,30198,45,1.19,1
u_006784,control,2024-12-21,KR,6286,44124,99,4.78,1
u_011516,control,2024-11-27,KR,3642,27548,50,1.09,0
u_005169,control,2024-12-14,JP,7446,65685,138,4.02,1
u_004886,control,2024-11-02,KR,4016,30607,68,3.09,0
u_008753,test,2024-12-21,JP,5462,49347,122,3.78,1
u_003273,test,2024-12-30,KR,7366,44223,99,2.46,1
u_005766,test,2024-12-27,JP,7767,53311,126,5.47,1
u_002579,test,2024-11-25,US,5886,43458,66,3.23,1
u_003762,test,2024-11-23,KR,6088,42652,85,2.68,1
u_014592,test,2024-12-27,KR,5425,40596,97,3.12,1
u_001725,control,2024-12-09,KR,5854,38060,66,1.73,1
u_006398,control,2024-11-19,JP,6749,52341,126,2.58,0
u_002786,control,2024-12-02,JP,7646,57945,105,3.83,1
u_008262,control,2024-11-22,JP,7948,46391,110,2.27,0
u_006796,test,2024-11-13,JP,4309,36680,67,3.0,1
u_006406,test,2024-11-20,KR,3882,30330,67,2.37,1
u_010941,test,2024-12-15,JP,6291,49247,107,2.07,0
u_010898,control,2024-11-12,KR,4868,30044,70,0.94,1
u_014577,control,2024-11-06,US,7000,39143,68,2.9,1
u_003640,control,2024-11-23,US,6139,38684,91,3.14,1
u_008114,control,2024-11-22,JP,7042,48651,99,2.78,0
u_013842,test,2024-11-09,US,5644,44117,87,3.03,0
u_009781,test,2024-12-14,KR,7268,56492,124,5.85,1
u_006504,test,2024-12-19,KR,761,7371,11,0.22,1
u_002022,control,2024-11-06,KR,2026,16865,39,1.4,0
u_006483,test,2024-11-15,JP,5449,44605,86,2.12,1
u_012248,control,2024-12-03,KR,5414,33721,78,1.03,0
u_004783,test,2024-12-06,KR,8843,53275,95,5.74,1
u_007767,test,2024-12-14,US,4014,29818,60,1.49,0
u_006800,control,2024-11-22,KR,3195,24161,46,2.66,1
u_013174,test,2024-12-20,JP,8564,69251,111,5.41,1
u_010080,control,2024-11-14,KR,6558,56629,119,2.15,1
u_004377,control,2024-12-27,KR,2629,19008,31,0.62,1
u_009777,control,2024-11-02,KR,2861,22543,36,2.45,1
u_007673,test,2024-11-24,US,5579,41266,95,3.6,1
u_014249,test,2024-11-19,KR,4857,39859,64,3.98,0
u_014745,control,2024-11-29,JP,4495,41933,81,1.67,1
u_004353,test,2024-12-04,KR,5069,26874,42,2.22,1
u_008215,control,2024-11-17,KR,6998,55736,123,3.49,1
u_013001,control,2024-12-05,US,7548,54117,97,5.39,1
u_004720,test,2024-11-29,KR,4647,27342,48,2.11,1
u_001981,test,2024-11-01,KR,5036,38182,78,1.9,0
u_012547,test,2024-12-28,JP,5978,41854,91,4.0,1
u_012661,test,2024-12-11,KR,5381,36155,88,2.1,0
u_005308,control,2024-11-15,JP,6392,36049,83,3.42,0
u_008656,test,2024-12-18,US,5718,43769,82,3.66,1
u_002531,control,2024-11-05,JP,9317,74082,140,2.43,0
u_012699,control,2024-12-17,KR,3694,24599,51,1.78,1
u_014383,test,2024-12-07,JP,3860,34673,59,1.16,1
u_000470,test,2024-11-05,JP,6117,47435,105,5.16,1
u_013993,control,2024-11-03,KR,8533,47355,93,2.54,1
u_002545,test,2024-12-04,KR,5496,38979,76,1.22,0
u_006892,test,2024-11-13,JP,4928,42906,74,2.48,1
u_012838,test,2024-12-23,JP,3989,31657,66,2.45,0
u_007608,test,2024-12-31,KR,9715,65731,141,3.44,1
u_006385,test,2024-12-13,JP,4698,44833,94,2.43,1
u_007853,control,2024-11-28,KR,9649,84952,139,8.68,1
u_004201,control,2024-12-06,KR,7085,60091,114,2.96,1
u_003482,control,2024-11-15,JP,2437,17923,37,1.62,0
u_009009,control,2024-12-22,KR,6108,46969,79,5.0,1
u_003813,test,2024-11-01,JP,4999,38883,67,1.29,1
u_006855,test,2024-12-03,JP,3768,31018,67,1.57,1
u_006541,control,2024-12-18,KR,8071,67065,159,1.73,1
u_006327,control,2024-11-25,KR,5010,29367,48,2.92,1
u_001435,test,2024-12-28,KR,8801,74577,134,7.26,1
u_014002,test,2024-12-13,JP,5608,37742,81,2.65,1
u_006257,control,2024-11-24,JP,5504,37138,80,3.48,1
u_010399,control,2024-11-08,KR,5332,35328,84,3.86,0
u_005024,test,2024-12-18,JP,8081,79112,135,5.2,1
u_001534,test,2024-12-26,KR,7022,48071,106,5.02,1
u_013175,control,2024-11-29,JP,8010,70359,108,7.69,1
u_005527,test,2024-11-10,KR,6576,52678,84,3.31,0
u_014719,control,2024-12-14,JP,4418,30017,58,2.99,1
u_003085,control,2024-12-27,KR,6292,47584,110,4.31,1
u_011310,test,2024-12-23,KR,5608,43796,86,4.4,1
u_001687,test,2024-12-22,KR,4825,43508,99,2.65,1
u_014439,test,2024-11-29,KR,5822,38058,85,3.47,1
u_008424,test,2024-11-16,KR,4652,32263,77,2.73,0
u_007711,control,2024-11-01,US,6110,44226,86,3.77,1
u_000414,test,2024-12-31,JP,6742,52573,104,4.82,1
u_005535,control,2024-12-03,JP,6544,44448,78,4.27,0
u_004124,control,2024-12-11,KR,6959,40507,84,4.26,1
u_005629,control,2024-11-22,KR,4077,32179,66,2.59,0
u_002716,control,2024-12-07,US,5294,42625,66,2.44,1
u_009023,control,2024-11-24,US,4619,34130,82,1.11,0
u_004994,test,2024-11-17,KR,6544,43143,90,2.49,1
u_004577,test,2024-12-20,US,4350,40317,71,1.68,1
u_014034,test,2024-12-29,KR,5780,36024,64,3.23,0
u_008770,control,2024-12-31,KR,3097,19656,33,1.43,0
u_007567,test,2024-12-25,KR,5784,57442,116,5.68,1
u_013381,test,2024-12-14,KR,5112,46979,99,2.8,1
u_012609,control,2024-12-17,KR,5665,42252,64,1.19,0
u_000247,control,2024-11-03,US,5369,43244,73,3.41,0
u_005163,test,2024-12-23,KR,6008,51758,85,3.47,0
u_007261,control,2024-12-25,JP,4192,19501,32,1.93,1
u_011391,control,2024-12-01,KR,6870,52427,88,1.82,1
u_012622,test,2024-11-29,KR,4886,40464,79,2.61,1
u_010664,control,2024-11-23,JP,6250,54057,106,1.82,1
u_009392,control,2024-12-15,KR,6359,42662,91,2.88,0
u_002195,test,2024-12-08,KR,6270,43344,74,4.73,0
u_010754,test,2024-11-05,JP,7129,59756,123,4.34,0
u_008015,control,2024-11-01,KR,5203,33044,73,2.82,1
u_013074,control,2024-11-02,KR,2473,16221,26,0.73,1
u_004346,test,2024-11-18,JP,7017,53825,87,4.84,0
u_014074,control,2024-11-30,JP,6075,41972,100,2.78,1
u_002717,control,2024-12-20,JP,6847,47270,76,2.24,1
u_013266,test,2024-11-12,JP,9063,73740,161,6.55,1
u_014873,control,2024-11-05,US,7194,49890,89,1.76,1
u_008527,control,2024-12-14,KR,8804,63083,98,1.78,1
u_009493,control,2024-11-29,KR,4383,30822,53,3.25,1
u_001242,control,2024-11-10,JP,3426,31138,51,2.68,0
u_004204,test,2024-12-10,JP,6931,56643,109,4.43,0
u_000566,test,2024-11-19,KR,3574,26786,60,2.82,0
u_006910,test,2024-12-24,KR,4849,26732,58,1.51,0
u_009321,test,2024-11-06,KR,5628,47815,75,4.59,1
u_005096,control,2024-11-22,KR,4224,31347,74,2.13,1
u_012892,control,2024-11-11,JP,3650,21827,45,2.01,0
u_007777,test,2024-12-21,KR,4336,39275,89,4.19,1
u_002333,control,2024-12-14,KR,4475,35178,62,3.78,0
u_007840,test,2024-11-05,US,9877,84076,200,8.73,1
u_013377,control,2024-11-26,KR,6406,44008,89,3.54,1
u_004718,test,2024-12-01,KR,7017,40542,88,3.34,1
u_012352,test,2024-12-02,US,3735,30261,53,2.16,0
u_005260,test,2024-12-30,KR,4725,36476,64,3.29,1
u_002904,test,2024-11-07,KR,3907,29410,49,0.83,1
u_014149,control,2024-12-06,JP,6816,40683,74,1.87,1
u_008580,test,2024-12-12,US,4436,26377,63,1.82,0
u_000571,test,2024-12-02,KR,4729,33379,77,3.3,1
u_000136,test,2024-12-18,KR,5346,38222,66,1.23,1
u_004583,control,2024-12-07,KR,6230,41798,62,1.09,0
u_003193,test,2024-12-04,KR,6829,59722,148,3.42,1
u_009172,control,2024-11-11,KR,5954,37078,69,3.95,0
u_002221,control,2024-12-31,KR,5417,42366,87,2.03,1
u_000459,control,2024-11-21,JP,6325,47888,74,2.98,1
u_001427,control,2024-11-05,US,4323,27850,42,1.0,0
u_006863,control,2024-12-10,JP,3782,28987,66,1.69,1
u_000866,control,2024-12-06,JP,7424,33023,79,1.52,0
u_000085,control,2024-11-30,US,6359,53506,87,2.36,1
u_007764,test,2024-12-19,KR,3094,20108,32,0.52,1
u_009659,control,2024-11-08,US,5861,39668,79,3.35,1
u_013293,test,2024-12-09,JP,6201,38797,76,1.63,1
u_004065,control,2024-11-13,KR,7274,64002,99,5.08,0
u_004599,control,2024-11-12,KR,7598,64397,102,5.34,1
u_005956,control,2024-11-20,KR,3933,31388,65,2.2,1
u_004707,control,2024-11-29,KR,861,7495,15,0.33,0
u_014328,control,2024-12-09,KR,2761,19354,48,1.41,1
u_011022,control,2024-12-24,JP,3484,30032,63,2.27,0
u_005221,control,2024-12-03,JP,3516,25263,50,2.6,1
u_004272,control,2024-12-25,JP,8091,56164,117,2.98,0
u_008882,control,2024-11-16,JP,8274,61140,100,5.43,0
u_005576,control,2024-11-01,KR,3277,19115,38,1.65,0
u_002990,control,2024-11-25,KR,8136,60335,113,1.6,1
u_009886,control,2024-12-22,KR,3521,22552,47,2.0,1
u_001013,test,2024-12-30,KR,6916,57166,88,1.67,1
u_003114,test,2024-11-02,US,7228,58071,130,4.71,0
u_010647,control,2024-11-26,KR,2663,18356,43,1.94,0
u_004217,test,2024-12-31,KR,4085,33321,57,1.84,0
u_006580,control,2024-12-26,KR,7308,45262,76,2.05,1
u_011216,control,2024-12-07,US,5891,43641,108,4.34,1
u_014941,control,2024-12-02,KR,2219,13511,29,1.15,0
u_004620,test,2024-11-11,US,5669,49101,100,1.59,1
u_000911,control,2024-11-04,KR,3984,26957,43,1.14,0
u_006625,test,2024-11-22,JP,1580,12903,31,0.62,1
u_010537,test,2024-12-03,KR,5272,45119,101,1.29,1
u_013120,test,2024-11-24,KR,3501,24840,47,1.21,1
u_011001,test,2024-12-28,JP,8689,62477,112,5.47,1
u_013056,test,2024-11-07,KR,6033,49860,85,1.44,1
u_014406,test,2024-12-22,JP,2009,13425,24,1.12,0
u_014437,control,2024-12-02,KR,4343,29065,48,1.73,1
u_000443,test,2024-12-18,US,3719,29997,51,1.9,0
u_001251,test,2024-12-02,KR,9791,78228,189,8.44,1
u_003635,test,2024-11-17,KR,5387,34185,56,1.15,1
u_010138,control,2024-12-31,KR,5162,34662,78,1.63,1
u_014047,test,2024-12-15,KR,8311,66340,110,3.61,1
u_008519,test,2024-11-25,US,7211,57809,139,4.6,0
u_004123,control,2024-11-23,US,3084,22558,52,1.8,0
u_001222,control,2024-11-01,KR,6646,47269,105,4.77,0
u_005951,control,2024-11-01,US,3987,32208,60,0.85,1
u_009690,test,2024-11-24,US,3696,24738,50,2.12,0
u_013297,control,2024-12-01,KR,6700,52446,107,5.66,1
u_009350,test,2024-12-21,KR,7405,42689,86,3.17,1
u_009639,test,2024-11-06,KR,2633,23275,45,2.5,1
u_005665,control,2024-12-22,KR,6596,50064,107,4.45,0
u_004301,control,2024-12-11,KR,3267,20732,41,0.55,1
u_014116,test,2024-12-15,US,4029,35548,76,3.03,1
u_006746,test,2024-12-03,JP,4607,43455,104,4.18,1
u_005606,control,2024-12-03,KR,3822,25621,52,1.11,0
u_006662,test,2024-12-13,KR,5917,47814,73,3.0,1
u_000265,control,2024-12-20,KR,8499,66942,159,4.29,1
u_013841,control,2024-11-22,US,2989,20033,49,1.5,1
u_012128,control,2024-12-28,JP,4673,44294,69,4.22,1
u_004300,control,2024-12-21,KR,7651,48177,112,4.02,1
u_002532,test,2024-11-05,US,8722,70889,167,4.3,1
u_014765,control,2024-11-12,KR,9024,59683,99,2.24,1
u_009934,test,2024-12-11,KR,7237,59824,125,2.2,0
u_008654,control,2024-11-26,JP,9180,56153,104,4.6,1
u_012549,control,2024-11-26,KR,3390,27710,55,2.28,0
u_009471,test,2024-12-07,KR,7389,63472,139,2.51,1
u_004164,control,2024-11-28,KR,4058,23782,47,1.17,1
u_007663,test,2024-12-28,KR,2359,21143,35,0.54,0
u_009984,test,2024-12-22,US,2608,17135,36,1.28,0
u_005084,test,2024-12-09,KR,6348,47781,108,2.8,0
u_001208,control,2024-12-05,KR,2753,16437,27,1.18,0
u_002864,test,2024-11-13,KR,4651,39064,59,1.04,1
u_010516,control,2024-11-12,KR,2442,19636,46,1.47,0
u_006733,test,2024-11-24,JP,2919,26062,61,2.86,1
u_001733,control,2024-12-26,US,6711,45287,97,4.15,1
u_001708,test,2024-11-19,KR,5927,38817,77,1.44,0
u_011501,test,2024-11-17,KR,5162,38818,92,2.59,1
u_002760,test,2024-11-26,KR,3857,27940,54,1.0,1
u_011600,test,2024-11-01,KR,7895,73596,127,8.0,1
u_013807,test,2024-12-26,US,7101,56702,130,1.77,0
u_009158,test,2024-11-02,JP,5177,36478,68,2.33,1
u_014882,control,2024-12-04,KR,5817,43603,83,4.42,1
u_013503,test,2024-11-25,KR,7001,51330,90,4.15,0
u_005149,test,2024-11-15,KR,6078,40810,84,2.46,1
u_004125,control,2024-11-18,JP,4454,26929,45,2.96,1
u_006392,control,2024-12-21,KR,5595,36964,78,2.55,1
u_008733,test,2024-11-19,US,5510,44033,105,2.41,0
u_008466,control,2024-12-04,JP,7834,48541,116,1.98,1
u_006368,test,2024-12-03,KR,6533,56326,84,5.83,0
u_011583,control,2024-11-20,JP,6803,44656,73,4.89,1
u_003097,test,2024-12-02,JP,1162,9335,20,0.77,1
u_013127,control,2024-11-07,JP,6057,45759,87,2.59,0
u_006464,control,2024-12-28,JP,5293,37597,69,2.57,1
u_006871,control,2024-12-31,KR,3825,34339,74,3.71,0
u_006117,control,2024-11-12,KR,5444,33409,56,1.76,0
u_013114,test,2024-11-08,KR,8031,66201,160,2.77,1
u_012870,control,2024-12-04,KR,4692,27475,57,1.22,1
u_002712,test,2024-12-24,KR,7996,62625,114,6.06,1
u_012142,test,2024-11-15,US,3734,31781,68,2.61,0
u_007161,control,2024-11-02,KR,6234,45942,79,1.22,1
u_009127,control,2024-11-12,KR,3662,20715,51,1.18,0
u_010136,control,2024-12-01,KR,6187,36303,64,1.43,0
u_004603,test,2024-11-12,JP,7973,62014,139,3.65,1
u_009696,test,2024-11-22,KR,3712,26453,51,2.65,0
u_003313,test,2024-12-20,US,6832,47975,110,2.62,0
u_007594,control,2024-11-03,KR,5818,40544,63,3.94,1
u_014151,control,2024-11-10,KR,5877,38090,90,1.74,1
u_009776,control,2024-12-15,KR,8997,54563,114,4.48,0
u_006573,test,2024-12-17,KR,7018,69649,118,4.66,1
u_005593,test,2024-11-23,KR,6723,55457,114,3.99,0
u_002519,control,2024-11-07,JP,4028,28539,45,2.72,1
u_006197,test,2024-12-27,US,4524,36087,83,3.06,0
u_010548,control,2024-12-04,KR,5040,25798,40,2.42,0
u_001884,control,2024-12-11,KR,5771,42696,88,4.01,1
u_008623,control,2024-11-24,KR,2150,15254,24,0.86,0
u_000092,test,2024-11-25,US,5353,38323,82,1.72,1
u_008992,control,2024-11-01,KR,5144,43679,69,4.35,1
u_002809,control,2024-11-08,JP,4761,30609,72,2.73,0
u_012772,test,2024-11-27,JP,5405,45938,72,1.97,1
u_003680,test,2024-12-12,KR,5867,51436,113,3.19,1
u_006241,control,2024-11-04,US,5286,37134,90,1.32,0
u_011077,test,2024-12-18,JP,7725,63846,139,3.33,1
u_010513,control,2024-11-29,JP,7697,54425,92,1.54,1
u_003278,test,2024-12-08,KR,4878,39428,92,1.01,0
u_003477,test,2024-11-09,KR,5086,43510,107,3.45,1
u_009981,test,2024-11-23,KR,3914,32361,79,1.09,1
u_005811,test,2024-12-03,US,4752,34057,54,2.46,0
u_010381,control,2024-12-08,JP,730,4950,12,0.38,0
u_011956,test,2024-11-09,US,6463,49705,107,1.27,1
u_007226,control,2024-12-27,KR,1942,14837,34,1.42,0
u_006825,test,2024-11-03,JP,4905,37590,62,1.16,1
u_013323,test,2024-12-23,US,6341,46094,82,3.69,1
u_012610,control,2024-11-01,JP,3449,30263,46,2.95,1
u_014465,control,2024-11-21,KR,6798,41287,102,1.3,1
u_001579,control,2024-11-24,JP,6781,49161,117,3.87,0
u_014693,control,2024-12-09,US,9878,74174,168,6.09,1
u_003456,control,2024-12-14,KR,5239,37852,87,2.65,1
u_007867,control,2024-11-07,JP,6181,41214,66,2.91,1
u_005774,test,2024-12-02,KR,4127,31909,52,3.16,0
u_011737,test,2024-12-13,KR,7705,62475,152,3.4,1
u_013288,control,2024-12-31,KR,9439,63079,118,2.5,1
u_010221,control,2024-11-02,KR,7073,43619,102,4.51,1
u_009312,test,2024-11-13,US,9276,75902,134,2.11,0
u_000420,control,2024-12-04,US,5284,36072,66,3.82,1
u_012454,test,2024-11-22,US,4680,30969,55,1.19,0
u_004349,test,2024-12-04,KR,5339,35258,58,3.01,1
u_011051,control,2024-12-15,JP,7525,54370,82,5.63,1
u_000112,test,2024-11-19,KR,7472,59273,131,1.64,0
u_014963,control,2024-12-28,KR,1824,13343,23,0.34,1
u_000248,test,2024-11-07,KR,4562,36944,75,2.19,1
u_004988,test,2024-11-21,JP,4997,45154,72,4.93,1
u_004008,control,2024-11-25,JP,3828,24540,50,0.69,0
u_004414,control,2024-11-28,KR,5785,41420,102,2.29,1
u_002526,control,2024-12-18,JP,7654,45696,98,4.7,1
u_010186,control,2024-11-28,KR,4896,37385,85,2.49,1
u_002735,control,2024-11-10,KR,3945,31967,48,2.73,0
u_011598,control,2024-12-26,US,2919,19770,44,1.85,0
u_007311,control,2024-11-07,KR,5015,37151,62,1.9,1
u_014736,control,2024-12-21,JP,6543,45448,102,3.74,1
u_001054,control,2024-11-10,KR,7669,44327,98,3.41,0
u_001673,control,2024-11-19,JP,9676,61577,125,4.97,0
u_006449,test,2024-11-26,KR,4538,34033,83,2.72,1
u_013043,control,2024-11-26,US,5915,36379,65,1.76,0
u_003214,test,2024-12-09,JP,5432,48404,88,1.94,1
u_013289,test,2024-11-08,KR,5821,43468,88,2.74,1
u_012813,control,2024-12-16,JP,3530,22273,34,0.8,0
u_003794,control,2024-12-12,KR,1160,6001,13,0.5,0
u_014060,control,2024-12-22,JP,7099,53802,119,3.75,0
u_012742,test,2024-11-25,JP,6319,55179,107,2.01,1
u_014106,test,2024-12-01,KR,6349,46180,93,3.83,1
u_009811,test,2024-11-13,KR,6605,48436,80,3.83,0
u_012872,control,2024-11-05,US,4580,30815,64,2.33,0
u_003075,test,2024-12-22,JP,2873,25045,61,0.88,0
u_009192,test,2024-12-11,US,5300,36680,91,2.49,0
u_011767,test,2024-12-27,US,4627,28996,61,2.09,0
u_011998,test,2024-12-27,US,5143,45710,95,3.2,1
u_000943,control,2024-11-21,JP,6020,48334,96,2.59,1
u_013562,test,2024-12-03,JP,7635,64732,121,4.55,1
u_007497,control,2024-11-02,JP,4371,27784,64,0.7,0
u_013955,control,2024-11-26,KR,5740,39036,71,4.15,0
u_013566,test,2024-12-07,KR,6344,45679,106,4.37,1
u_003833,test,2024-12-13,KR,8291,61888,138,3.39,1
u_010365,control,2024-12-03,KR,7805,53218,88,1.67,1
u_012518,control,2024-11-12,KR,6710,49476,90,3.66,0
u_010976,test,2024-11-02,KR,6307,53265,100,1.56,1
u_007580,control,2024-11-24,JP,5801,36373,82,2.44,1
u_010096,control,2024-12-07,JP,5344,28816,61,3.09,1
u_004714,test,2024-11-01,JP,7466,63099,96,3.92,1
u_006336,control,2024-12-01,KR,5656,66561,148,4.24,1
u_003711,control,2024-12-31,KR,5424,44839,111,4.05,1
u_001340,control,2024-12-03,US,4067,35349,83,2.16,0
u_000243,control,2024-11-19,US,7862,54002,81,2.28,0
u_014100,test,2024-12-27,JP,7907,63661,151,2.67,1
u_004285,test,2024-11-07,KR,1506,11018,17,0.64,0
u_003748,control,2024-12-23,KR,7723,57112,119,5.74,1
u_010848,control,2024-11-08,KR,4716,38215,88,1.45,0
u_004333,control,2024-12-23,JP,4689,31047,75,1.72,1
u_014870,control,2024-11-05,KR,7321,50763,83,3.84,1
u_006270,test,2024-12-24,KR,4200,33882,69,2.25,1
u_014980,control,2024-11-02,KR,5112,41210,97,1.95,0
u_004546,control,2024-11-26,KR,4845,33349,77,1.57,1
u_000320,test,2024-12-26,KR,6391,56952,101,6.04,1
u_014148,control,2024-12-30,KR,4551,33622,56,3.64,1
u_003410,control,2024-12-31,KR,6592,53453,85,2.65,0
u_014965,control,2024-12-24,US,3850,32234,61,3.2,1
u_011511,control,2024-11-12,KR,1840,12448,26,0.72,0
u_013809,control,2024-12-07,US,3961,27836,43,1.05,0
u_002962,control,2024-12-05,US,5748,30803,50,1.06,1
u_001366,control,2024-12-04,US,5181,43717,70,2.34,1
u_014731,test,2024-12-15,KR,3585,29850,52,2.13,0
u_002551,control,2024-12-18,KR,4968,36852,79,3.73,0
u_006564,test,2024-11-22,US,6510,41925,104,3.16,0
u_006844,control,2024-12-11,KR,4258,24480,55,2.5,1
u_002644,test,2024-12-04,JP,4087,24329,52,2.29,1
u_009087,control,2024-11-03,KR,3438,24977,45,2.63,0
u_008727,control,2024-12-23,JP,8167,56094,106,3.45,1
u_002885,control,2024-12-13,US,2077,10033,17,0.61,0
u_011781,control,2024-11-16,KR,4542,34357,58,2.75,0
u_011585,control,2024-12-28,US,5185,38074,78,3.12,0
u_009059,test,2024-11-14,US,5483,44793,86,4.27,1
u_002625,control,2024-12-15,KR,6600,48983,99,3.8,0
u_001881,test,2024-12-18,KR,4737,37759,60,1.85,0
u_013797,control,2024-11-16,JP,4016,18180,45,0.74,1
u_013784,control,2024-11-29,KR,6977,49823,83,1.68,1
u_005142,test,2024-11-21,US,6467,49656,94,4.04,1
u_013355,test,2024-12-19,KR,7693,72767,146,3.02,0
u_011690,test,2024-11-02,KR,8406,50004,118,4.26,1
u_008818,test,2024-12-17,KR,1436,11663,24,0.73,0
u_004136,control,2024-11-02,US,6662,59146,136,4.39,1
u_006969,test,2024-11-28,KR,5073,32758,75,3.5,1
u_003881,control,2024-12-18,KR,8724,54187,126,4.76,1
u_005148,test,2024-11-03,KR,6234,38484,71,4.05,1
u_011246,test,2024-12-23,KR,7346,52166,81,5.37,1
u_006310,control,2024-12-07,KR,4042,29549,53,0.86,1
u_004360,test,2024-11-20,KR,5010,40430,78,2.29,1
u_013370,control,2024-12-11,JP,6934,64457,152,2.17,0
u_009472,control,2024-11-15,KR,6118,42549,72,2.01,1
u_003600,test,2024-12-22,KR,5162,53412,130,4.22,1
u_009843,control,2024-12-22,US,4399,30370,74,1.49,0
u_013596,control,2024-11-23,JP,5934,37366,65,0.98,0
u_011926,test,2024-12-24,KR,3860,34014,67,0.86,1
u_003845,test,2024-12-05,KR,5084,37422,63,1.17,1
u_002767,test,2024-12-29,US,308,3205,7,0.22,0
u_013860,test,2024-12-28,JP,5103,36441,79,2.15,1
u_007181,test,2024-11-01,JP,3163,19435,47,1.65,1
u_006561,test,2024-12-19,KR,6398,58870,92,4.55,1
u_006602,control,2024-12-08,US,7632,62094,138,6.68,1
u_003148,control,2024-12-27,KR,4016,22122,47,1.84,1
u_008339,control,2024-11-15,KR,2399,12894,21,0.79,0
u_011597,test,2024-11-18,US,10270,73399,143,7.89,1
u_011815,test,2024-12-16,JP,5292,42560,105,3.36,1
u_007408,control,2024-12-09,KR,4464,33254,57,3.1,1
u_002254,test,2024-12-26,JP,6699,50121,80,5.13,1
u_001462,control,2024-11-05,KR,1992,13130,32,0.55,0
u_006274,test,2024-11-28,KR,5670,47772,93,2.56,1
u_004951,test,2024-12-17,KR,8105,63118,117,2.41,1
u_012150,test,2024-12-21,JP,5930,50221,77,1.55,1
u_004621,control,2024-12-16,KR,5903,38030,57,4.07,1
u_010637,test,2024-11-03,JP,5477,49167,97,3.55,1
u_002810,test,2024-11-13,KR,6179,40685,86,1.86,1
u_010691,control,2024-12-18,KR,5621,40191,97,4.4,1
u_010302,control,2024-12-21,KR,5117,43994,96,2.37,1
u_007315,test,2024-12-15,KR,4243,37074,86,1.34,1
u_009417,test,2024-12-04,KR,4775,37446,81,3.38,0
u_002274,control,2024-11-12,KR,2851,22058,54,1.03,0
u_013572,test,2024-12-26,US,8585,60574,131,3.34,0
u_011295,control,2024-11-23,KR,4979,45662,75,4.54,1
u_010057,control,2024-12-14,US,6938,50524,87,4.41,1
u_004189,control,2024-11-19,JP,2367,16252,30,1.06,1
u_010258,control,2024-12-14,KR,5868,40663,85,4.41,1
u_002775,control,2024-12-05,JP,10605,76046,128,7.86,1
u_006727,test,2024-11-22,US,6114,50024,85,1.7,1
u_009476,test,2024-11-07,JP,5250,43456,95,1.95,1
u_008386,test,2024-12-28,JP,4265,25285,42,1.48,0
u_011795,control,2024-11-22,KR,5595,39460,69,1.31,0
u_003807,control,2024-11-11,KR,3537,25342,50,1.79,1
u_011442,control,2024-12-30,KR,6306,52960,123,2.97,1
u_009368,control,2024-11-17,JP,5889,45641,91,1.37,1
u_013250,test,2024-11-21,KR,5841,45042,110,3.63,1
u_009788,test,2024-11-01,KR,7279,77613,126,5.34,1
u_013453,test,2024-11-20,US,5026,27486,60,1.0,0
u_012539,control,2024-12-26,US,8047,55309,114,5.97,1
u_012858,test,2024-11-03,KR,4797,40394,90,4.25,0
u_013402,test,2024-12-06,US,4890,32464,65,1.53,1
u_011456,test,2024-11-08,KR,5192,41768,65,4.03,1
u_005200,control,2024-11-05,KR,5886,35526,54,1.79,0
u_008969,test,2024-11-28,KR,6832,63927,159,4.14,1
u_010632,control,2024-12-09,KR,7150,42622,100,2.73,1
u_014970,test,2024-11-21,US,9181,64421,114,3.53,1
u_006356,test,2024-12-22,US,8383,70512,110,2.79,1
u_011575,test,2024-11-12,US,6600,44059,105,1.66,1
u_013666,test,2024-11-11,JP,3879,33584,64,1.47,1
u_005318,test,2024-11-11,KR,6347,52284,115,5.44,0
u_010348,control,2024-11-13,KR,5685,43897,79,1.3,1
u_006687,test,2024-11-12,JP,3780,30675,54,1.49,0
u_006728,control,2024-12-31,KR,5323,36204,59,3.28,0
u_005460,test,2024-12-24,KR,5663,44391,96,4.35,1
u_002069,test,2024-11-04,KR,7170,68597,107,3.11,0
u_014472,control,2024-12-20,KR,5196,33203,60,3.62,0
u_012415,test,2024-11-14,JP,10107,76935,149,6.52,0
u_005993,control,2024-11-29,US,4842,33288,66,3.44,0
u_009289,test,2024-12-20,US,3642,31375,59,2.18,0
u_013843,test,2024-11-09,KR,6326,46803,73,4.59,1
u_004885,test,2024-12-02,US,6994,49193,110,2.37,1
u_007701,control,2024-11-09,JP,5151,39409,86,1.42,0
u_000798,control,2024-12-22,KR,6179,46328,90,2.87,1
u_003105,control,2024-12-03,KR,7186,60732,121,4.13,0
u_001660,test,2024-12-24,KR,6889,37247,57,3.87,1
u_004672,control,2024-12-14,JP,4802,38873,94,2.41,0
u_001918,control,2024-11-03,KR,3484,30768,46,0.79,1
u_008672,control,2024-12-29,KR,4319,22836,44,1.03,0
u_014250,control,2024-12-01,KR,6531,32052,55,3.0,0
u_005676,test,2024-12-24,JP,4252,26458,40,1.46,1
u_000607,test,2024-11-18,KR,3842,33309,66,2.68,1
u_005673,test,2024-11-24,KR,7465,47761,98,1.7,1
u_008933,test,2024-11-19,US,4904,48194,84,4.06,1
u_010363,control,2024-12-19,KR,6033,47937,84,2.67,1
u_010762,test,2024-12-25,KR,4962,46537,84,4.72,1
u_007412,control,2024-12-14,KR,6943,50503,92,2.2,1
u_012825,test,2024-12-14,US,6592,40924,76,1.17,1
u_014276,control,2024-11-13,KR,5404,37144,72,3.78,1
u_011413,control,2024-12-08,US,2056,14214,35,1.22,0
u_005785,control,2024-12-15,US,5340,40991,83,3.65,1
u_001288,control,2024-11-15,KR,4776,36824,66,3.83,1
u_004494,test,2024-11-13,JP,2702,26939,56,1.37,1
u_006489,test,2024-12-23,KR,3567,30372,64,2.36,1
u_007609,control,2024-11-12,KR,3437,15668,33,1.46,0
u_001777,test,2024-11-11,US,5124,40357,94,4.2,0
u_001636,control,2024-11-04,KR,7148,58584,119,1.54,0
u_000588,control,2024-12-20,KR,6641,44941,89,2.38,0
u_008356,control,2024-12-15,KR,4872,38328,76,3.85,1
u_003475,test,2024-12-05,JP,3190,26681,59,0.68,0
u_008434,test,2024-11-19,JP,7302,48243,89,2.46,1
u_010149,control,2024-11-14,US,5217,43621,104,1.82,0
u_008509,control,2024-12-12,JP,3918,27937,45,1.32,1
u_002244,test,2024-12-31,KR,6538,37067,83,4.03,1
u_009233,test,2024-11-07,KR,6684,52998,106,2.22,1
u_005335,control,2024-12-04,KR,3712,24506,60,2.23,0
u_004838,test,2024-11-03,KR,2223,16175,40,1.09,1
u_005074,control,2024-11-12,JP,7533,47598,92,4.83,1
u_007704,control,2024-11-22,KR,6291,44525,79,2.61,1
u_011032,control,2024-11-27,JP,5847,56974,142,4.41,1
u_002758,control,2024-11-09,US,6407,40808,76,1.7,1
u_004908,test,2024-11-22,US,5789,47016,117,2.59,0
u_004815,control,2024-11-11,JP,8809,51739,96,4.25,0
u_000719,control,2024-12-12,KR,5520,44485,73,1.49,1
u_000904,control,2024-11-15,KR,6245,47808,100,2.49,1
u_013939,control,2024-11-27,JP,4946,37127,78,3.48,0
u_011999,control,2024-12-02,JP,6579,46552,98,3.55,1
u_012272,test,2024-11-17,US,8690,70862,116,6.94,1
u_008812,test,2024-12-09,US,2472,18580,27,1.63,0
u_002434,control,2024-11-25,KR,5749,41390,76,1.71,1
u_014509,control,2024-12-16,JP,5090,42123,86,2.03,1
u_002466,control,2024-12-19,KR,4705,31612,71,2.94,1
u_003999,test,2024-11-15,JP,4363,32095,65,3.3,1
u_011075,control,2024-11-23,KR,4027,31150,47,3.35,1
u_014131,test,2024-11-22,KR,4964,30974,61,2.96,1
u_000707,test,2024-11-02,JP,6927,49761,116,4.2,1
u_013619,test,2024-12-05,US,5443,39376,88,4.01,1
u_002177,test,2024-11-19,JP,6004,44406,80,2.47,1
u_003106,test,2024-12-03,KR,5931,49860,116,4.77,1
u_013652,test,2024-12-29,KR,7098,60759,130,2.4,1
u_003100,control,2024-12-25,JP,3401,33528,57,1.55,0
u_000881,test,2024-11-01,JP,6159,44603,107,3.72,1
u_005449,control,2024-12-13,JP,8863,53282,113,5.08,1
u_000645,control,2024-11-25,KR,3286,23751,40,1.48,0
u_011537,control,2024-12-09,KR,2538,11875,29,0.93,0
u_008265,control,2024-11-02,US,6873,47000,115,4.16,1
u_007908,test,2024-12-17,KR,6048,36552,76,1.26,0
u_002857,test,2024-11-02,KR,5792,42970,89,3.74,1
u_001386,control,2024-12-21,JP,7471,58210,92,3.35,0
u_001305,control,2024-12-27,KR,5724,34046,73,3.5,0
u_013826,control,2024-12-26,KR,7213,46929,94,3.27,1
u_005776,control,2024-11-17,KR,2480,17028,30,0.91,0
u_007098,test,2024-12-27,JP,6431,53767,101,2.15,0
u_004371,control,2024-11-25,JP,3647,26262,60,1.98,0
u_014413,control,2024-12-20,KR,5389,42856,71,3.41,0
u_014321,test,2024-11-22,KR,2806,19971,48,1.89,0
u_001335,control,2024-11-01,US,5052,28026,55,0.74,0
u_012845,test,2024-11-06,JP,7860,66923,142,7.03,0
u_002488,control,2024-12-27,US,7018,42164,73,4.58,0
u_002637,control,2024-12-03,KR,2503,17492,34,0.69,0
u_000949,test,2024-11-27,JP,5982,53789,84,4.91,1
u_003127,control,2024-11-09,KR,4625,25447,39,2.66,1
u_005618,test,2024-11-10,KR,8766,69475,136,3.03,0
u_002133,control,2024-12-08,KR,4664,38929,85,3.99,1
u_004487,control,2024-12-17,JP,4044,27177,67,1.25,1
u_002613,control,2024-12-18,KR,4647,33898,75,3.03,0
u_005050,test,2024-12-12,JP,6406,38164,61,2.68,0
u_000549,control,2024-11-02,KR,4189,21639,46,1.99,1
u_007646,test,2024-11-15,US,4666,29783,58,2.34,1
u_001110,test,2024-11-22,JP,7968,54768,89,1.93,1
u_004267,control,2024-11-20,JP,6373,43887,80,4.69,1
u_005340,test,2024-11-03,KR,6382,58908,141,6.13,1
u_002756,test,2024-11-03,KR,5074,50092,113,3.73,1
u_012295,test,2024-11-04,JP,3676,32896,77,2.34,1
u_008322,test,2024-12-30,KR,6829,54006,84,4.06,1
u_003947,test,2024-11-15,KR,4693,37452,88,1.82,0
u_011259,test,2024-12-08,KR,5673,36248,80,1.05,1
u_000113,control,2024-11-28,KR,6771,52340,114,3.82,1
u_002482,control,2024-12-04,JP,5659,38754,72,2.02,1
u_008263,test,2024-12-01,KR,4984,38676,64,2.59,1
u_008367,control,2024-11-26,JP,3652,23379,51,0.6,0
u_010011,test,2024-11-15,KR,10899,85598,201,8.55,0
u_005005,test,2024-11-05,KR,5728,49031,96,2.34,1
u_002612,control,2024-12-27,US,3289,24287,45,2.67,0
u_006252,control,2024-12-24,KR,7388,48870,120,4.57,1
u_009261,test,2024-11-03,JP,5336,46695,83,1.83,0
u_006726,control,2024-12-15,US,10693,75991,128,1.93,0
u_005441,test,2024-11-21,KR,5872,40313,79,2.86,1
u_005699,control,2024-12-26,JP,4632,43843,93,4.71,0
u_013438,control,2024-12-18,JP,4214,26311,46,1.44,0
u_005141,test,2024-12-21,KR,2719,14788,24,1.47,0
u_007798,test,2024-12-31,KR,3693,21151,37,1.48,1
u_013096,test,2024-12-02,JP,4807,34102,62,1.29,1
u_010345,test,2024-11-02,US,4922,42653,96,2.09,1
u_008726,test,2024-11-02,US,5620,47076,80,3.86,1
u_003891,test,2024-11-22,KR,4582,35296,79,3.72,1
u_004684,test,2024-12-17,KR,5340,42122,99,2.24,0
u_013393,control,2024-12-31,KR,3129,25904,61,2.53,0
u_000617,control,2024-12-11,KR,6113,41019,80,3.63,0
u_011924,control,2024-12-25,JP,4946,26596,65,1.26,1
u_010723,control,2024-12-16,US,6037,36106,72,1.76,0
u_006630,test,2024-11-12,KR,4526,40300,66,4.21,1
u_012827,test,2024-11-07,JP,4201,21530,50,2.1,1
u_003688,test,2024-12-02,US,4821,30111,61,2.64,0
u_002180,test,2024-12-31,US,5854,39551,66,2.68,1
u_013721,control,2024-12-07,KR,6924,52453,121,3.58,0
u_002139,control,2024-12-08,KR,4516,31889,73,1.69,1
u_012558,control,2024-12-01,JP,6135,24790,48,1.45,1
u_012811,test,2024-12-06,KR,6284,37880,69,1.7,0
u_002476,test,2024-12-30,KR,5014,38068,59,1.91,0
u_002168,test,2024-11-23,KR,6507,43072,107,2.08,1
u_005306,test,2024-11-21,KR,5051,43379,90,1.36,1
u_013844,test,2024-12-31,KR,6255,42195,92,1.57,1
u_001036,test,2024-12-06,JP,6065,41774,100,1.14,1
u_001332,control,2024-11-30,US,8393,67728,105,2.39,0
u_012152,control,2024-12-22,JP,3716,28209,61,2.88,1
u_013031,test,2024-12-07,KR,2413,18500,39,1.79,1
u_013312,test,2024-11-24,US,7068,61165,95,4.3,1
u_011882,control,2024-12-03,US,4591,38229,77,1.01,1
u_009419,control,2024-12-13,US,4116,36899,81,2.77,1
u_009460,test,2024-12-30,KR,7492,54232,116,5.16,0
u_002171,test,2024-11-16,JP,6304,56570,131,5.34,0
u_004435,control,2024-11-27,JP,6590,34279,77,0.92,1
u_008688,control,2024-11-14,KR,6350,47470,82,1.48,1
u_006007,control,2024-12-13,KR,6866,40128,73,4.2,1
u_014236,test,2024-12-20,US,814,8508,19,0.59,1
u_001738,test,2024-11-03,US,4648,30865,66,2.33,1
u_012769,test,2024-11-03,KR,5214,39892,99,2.81,1
u_003709,control,2024-11-07,US,6383,40750,64,2.15,1
u_010937,test,2024-11-12,US,5936,50964,109,1.85,1
u_004959,control,2024-12-01,JP,7580,46088,113,4.15,1
u_004113,test,2024-11-16,KR,6257,52401,129,3.95,0
u_008284,control,2024-11-15,KR,3531,26721,46,1.1,1
u_002951,test,2024-12-03,JP,3615,27982,64,2.31,1
u_008053,control,2024-12-27,KR,4418,33784,69,2.84,0
u_003332,test,2024-11-24,KR,3843,27711,42,1.71,0
u_002806,test,2024-11-28,JP,6126,42631,73,3.51,0
u_002061,test,2024-12-14,KR,4044,41701,97,1.94,0
u_011317,test,2024-12-11,KR,5598,44143,97,2.27,0
u_000907,control,2024-11-15,JP,5997,46372,106,3.38,1
u_000753,test,2024-12-19,KR,7032,51615,89,4.61,1
u_012365,control,2024-11-03,KR,5639,48861,120,2.82,1
u_000363,control,2024-12-21,JP,9574,59521,131,3.54,1
u_012942,control,2024-12-14,KR,6232,43075,86,4.43,0
u_014481,control,2024-11-28,KR,3157,19369,37,1.86,0
u_007724,test,2024-12-26,KR,2982,26017,40,2.13,0
u_000079,control,2024-11-22,KR,5632,41187,73,3.78,1
u_005943,control,2024-11-10,KR,7056,42060,76,4.21,1
u_009107,test,2024-11-15,JP,7136,61538,113,5.27,1
u_003252,test,2024-12-28,KR,4695,30900,46,3.12,1
u_003605,test,2024-11-28,US,6539,44200,81,3.99,0
u_001399,test,2024-12-18,US,11197,95617,213,10.19,0
u_000058,control,2024-11-09,JP,4280,31756,49,3.24,1
u_000490,control,2024-12-26,KR,1129,4080,7,0.21,1
u_006842,test,2024-12-07,KR,5382,39633,70,2.24,1
u_014158,control,2024-11-16,KR,3582,25534,41,2.54,0
u_009636,control,2024-11-17,JP,3777,25916,55,2.48,0
u_011731,test,2024-11-06,KR,6451,58229,94,2.47,1
u_003782,control,2024-11-22,JP,7077,47382,113,1.64,1
u_000562,control,2024-11-12,KR,6802,57186,97,1.67,1
u_014868,control,2024-12-23,KR,4635,28691,55,3.08,1
u_000041,test,2024-11-23,JP,7788,71548,160,4.57,1
u_004121,control,2024-12-20,US,7413,53971,124,2.59,1
u_014365,control,2024-12-18,KR,3649,25522,40,1.78,0
u_007632,control,2024-12-28,US,7985,55622,97,2.24,1
u_012878,control,2024-11-30,KR,4007,31821,66,2.56,0
u_008490,test,2024-11-16,KR,4324,27321,68,1.42,1
u_010388,control,2024-12-17,KR,7165,37745,85,2.88,1
u_001525,control,2024-12-14,JP,5535,41010,74,1.37,1
u_001842,test,2024-12-07,US,6295,56129,127,4.55,0
u_003417,control,2024-11-21,KR,3041,17461,39,1.61,1
u_010383,test,2024-12-24,KR,9594,67676,116,3.11,1
u_008440,control,2024-12-29,JP,7304,57191,110,4.17,1
u_002132,test,2024-11-15,US,1869,14863,22,0.64,0
u_009380,test,2024-11-22,JP,6411,47604,81,4.0,1
u_003426,control,2024-11-01,KR,5296,33509,57,2.06,0
u_006983,control,2024-12-11,JP,6091,45318,89,2.68,1
u_001195,test,2024-11-19,KR,3189,24855,47,0.74,1
u_001885,test,2024-11-16,KR,4438,37831,78,2.72,1
u_002597,control,2024-11-28,JP,7124,55132,129,2.34,1
u_004601,control,2024-11-16,KR,6147,44165,84,2.82,1
u_014826,control,2024-11-02,KR,3043,23951,40,1.52,0
u_002723,control,2024-11-15,JP,1832,15117,28,0.7,1
u_011692,test,2024-11-03,KR,6197,41546,84,2.84,1
u_011355,control,2024-11-23,KR,4585,33574,54,1.64,0
u_010005,control,2024-11-15,KR,5193,28470,62,2.27,0
u_009761,test,2024-11-05,KR,5938,50580,94,2.45,1
u_010121,control,2024-12-10,KR,5551,40450,62,1.16,1
u_001343,control,2024-12-16,JP,3535,25873,58,1.63,1
u_001262,control,2024-12-04,JP,6362,52235,108,5.7,1
u_007258,test,2024-11-02,KR,2672,24435,52,1.79,1
u_011349,test,2024-11-18,US,6754,59056,127,2.56,1
u_002730,control,2024-11-18,JP,5294,36711,59,3.21,1
u_014623,control,2024-11-11,US,6872,51824,92,2.13,0
u_014240,test,2024-12-15,KR,4847,34809,58,3.62,0
u_011287,control,2024-12-09,JP,4966,37163,88,1.41,0
u_002942,control,2024-12-29,JP,3167,20564,38,1.48,0
u_009905,control,2024-12-27,KR,5922,47499,92,5.08,0
u_007528,test,2024-12-18,KR,6932,50512,115,1.57,1
u_005422,control,2024-12-26,JP,6018,50714,96,3.06,1
u_010313,test,2024-12-28,KR,8556,68411,138,4.42,1
u_010798,test,2024-11-14,KR,3785,31291,68,1.41,1
u_001282,test,2024-11-25,KR,5814,43983,93,2.55,1
u_002562,control,2024-11-17,JP,5234,35886,59,3.08,1
u_002707,control,2024-12-27,KR,8167,67560,138,4.2,0
u_011745,test,2024-12-23,KR,3107,28112,63,0.77,1
u_014011,test,2024-11-02,KR,5917,33551,68,2.54,1
u_007543,control,2024-12-06,JP,9661,60871,112,3.44,0
u_006077,control,2024-12-18,JP,4490,38332,70,1.0,1
u_003356,control,2024-11-15,KR,4087,28610,53,0.85,1
u_006439,test,2024-12-12,JP,7396,57620,123,1.77,1
u_000461,test,2024-11-03,KR,4296,33844,56,1.53,1
u_002988,control,2024-12-01,KR,3912,29867,48,0.84,0
u_010416,test,2024-11-02,KR,3868,39470,90,3.59,1
u_012816,test,2024-12-26,KR,7541,72672,173,6.01,1
u_011662,test,2024-11-01,KR,4272,26807,54,1.25,0
u_011115,control,2024-11-04,KR,2608,15821,28,0.48,0
u_001772,control,2024-12-05,KR,4650,32555,69,1.32,0
u_007653,test,2024-12-30,KR,8262,63209,101,3.94,0
u_005063,test,2024-11-27,US,4887,39974,67,3.99,0
u_009458,test,2024-12-09,KR,3725,31571,50,3.04,0
u_006418,test,2024-11-10,KR,7232,65723,142,1.96,1
u_012631,control,2024-12-03,KR,2638,17636,40,1.74,1
u_008076,control,2024-11-01,KR,6626,46340,114,2.11,0
u_014792,control,2024-12-05,KR,3223,20311,41,1.23,0
u_001937,test,2024-11-13,US,2972,24152,40,0.65,0
u_014890,test,2024-12-21,JP,6888,58968,115,5.7,0
u_005608,control,2024-11-22,KR,6217,41043,82,4.19,1
u_007921,test,2024-12-24,US,6149,50108,112,3.6,0
u_002057,control,2024-11-13,JP,3691,24804,46,1.51,1
u_008387,test,2024-12-24,US,4351,36885,74,3.94,0
u_006744,control,2024-11-12,KR,7270,37322,62,2.37,1
u_005162,control,2024-11-05,KR,5909,50246,117,4.95,0
u_009826,control,2024-12-23,KR,6055,43115,74,3.2,0
u_007698,test,2024-12-22,KR,4146,34782,66,1.6,1
u_013979,control,2024-12-06,US,5681,45237,88,3.48,1
u_010391,test,2024-11-08,US,4809,41340,100,2.45,0
u_010852,test,2024-12-13,KR,6314,48670,118,4.19,0
u_003619,test,2024-12-01,JP,4191,29356,63,1.98,1
u_000236,test,2024-12-30,KR,4739,39876,68,3.0,0
u_009223,test,2024-11-07,KR,3430,27536,68,2.73,1
u_000388,control,2024-12-24,US,3042,19105,36,0.58,0
u_002863,control,2024-11-08,KR,3317,22339,42,1.83,1
u_008618,control,2024-11-06,JP,5789,33152,77,2.63,1
u_013598,control,2024-11-28,US,5915,48941,99,2.67,1
u_011920,control,2024-11-09,KR,4999,40858,67,1.48,0
u_011736,test,2024-12-02,KR,9434,76664,132,6.6,1
u_005723,control,2024-11-20,US,6920,36646,59,2.85,0
u_012178,test,2024-11-07,JP,5975,45576,79,2.85,0
u_005782,control,2024-11-22,JP,1605,10772,20,0.77,0
u_010176,control,2024-12-19,US,5217,33916,59,2.55,0
u_002705,test,2024-11-26,KR,4980,35122,86,1.51,1
u_001959,control,2024-11-22,KR,6651,51488,104,1.75,0
u_001609,test,2024-11-11,US,9182,75890,119,5.21,1
u_008997,control,2024-11-14,JP,5702,47883,116,2.94,0
u_010907,test,2024-11-15,KR,5574,42804,95,2.24,1
u_002711,control,2024-11-25,US,5829,40129,74,3.23,0
u_011376,test,2024-11-29,JP,5352,56199,116,4.16,1
u_014568,test,2024-12-27,KR,3646,24428,49,1.66,0
u_006521,control,2024-11-15,JP,5587,50521,104,4.99,0
u_007002,control,2024-11-02,KR,7147,57374,114,5.86,1
u_010426,control,2024-11-28,JP,3654,33351,53,1.22,0
u_012994,test,2024-11-05,KR,8847,56431,85,1.65,1
u_004397,control,2024-12-22,KR,4608,42488,68,2.26,1
u_014687,control,2024-11-10,KR,8742,49867,123,3.25,1
u_012490,control,2024-12-19,JP,5631,38957,69,2.59,0
u_009532,control,2024-12-07,KR,6444,39261,69,1.76,0
u_007121,control,2024-11-12,KR,5515,41776,101,4.55,1
u_009019,test,2024-11-25,KR,7374,63007,134,2.34,1
u_001635,test,2024-11-02,KR,3489,23432,44,2.17,0
u_003241,test,2024-11-22,US,6077,42671,104,1.47,1
u_009831,control,2024-12-20,JP,7883,56539,115,5.71,1
u_010508,test,2024-11-14,KR,3321,26705,46,2.45,1
u_010152,control,2024-11-10,KR,6373,40856,83,1.57,1
u_005687,control,2024-11-08,US,8067,57720,141,4.62,1
u_008902,test,2024-12-27,KR,2987,16939,41,0.58,0
u_001105,control,2024-11-20,KR,5569,43388,80,4.52,1
u_012122,test,2024-11-16,KR,7030,67319,168,7.33,1
u_002501,test,2024-11-05,KR,1683,15924,37,1.1,0
u_012871,control,2024-11-06,JP,4108,34402,63,3.06,0
u_013206,test,2024-11-28,KR,5457,41872,72,1.26,0
u_007978,control,2024-12-27,US,2833,20794,42,2.17,0
u_011133,test,2024-12-14,KR,6279,60880,100,2.76,1
u_007917,test,2024-11-19,KR,4791,40127,82,2.64,1
u_010792,test,2024-12-11,KR,6691,55259,137,3.19,0
u_004060,control,2024-12-23,KR,4432,32858,71,3.06,1
u_007368,test,2024-11-07,JP,5523,39752,70,1.37,1
u_011248,control,2024-12-03,KR,6036,43704,77,4.13,1
u_014374,test,2024-12-05,KR,5071,38375,80,3.31,1
u_009483,control,2024-11-06,KR,6527,47525,118,2.62,1
u_000103,control,2024-12-13,KR,6106,47818,113,3.0,1
u_001330,control,2024-12-26,KR,4604,42181,73,2.92,1
u_001267,test,2024-12-06,US,2856,18605,44,1.13,0
u_011780,control,2024-11-20,US,5284,35881,80,3.55,1
u_011612,control,2024-12-12,KR,4969,33151,68,2.11,1
u_001200,control,2024-12-12,KR,4012,30835,61,2.67,0
u_012997,test,2024-11-27,JP,5854,40457,70,1.97,1
u_002382,control,2024-12-30,JP,6344,33977,67,2.16,1
u_003407,test,2024-11-25,JP,7297,57980,124,3.53,0
u_004827,test,2024-12-22,KR,4348,31733,68,1.1,0
u_002003,control,2024-12-19,KR,1511,9344,22,0.28,1
u_007080,control,2024-12-27,KR,6073,38733,85,3.41,1
u_003290,test,2024-12-18,US,5871,52019,116,4.49,1
u_004446,test,2024-12-27,JP,6857,44609,73,4.79,1
u_001144,test,2024-11-05,KR,6564,44639,109,4.24,0
u_000630,test,2024-12-02,KR,1786,10103,20,1.09,1
u_005886,control,2024-12-07,KR,4931,36682,63,2.64,1
u_014241,control,2024-12-29,US,6363,43865,82,1.28,0
u_011750,control,2024-11-25,KR,8245,63936,109,6.98,1
u_011987,control,2024-12-25,KR,6349,41227,83,1.16,0
u_013176,control,2024-12-17,KR,3930,30543,69,2.31,0
u_002129,control,2024-12-06,KR,5214,37070,81,3.26,1
u_003841,test,2024-12-08,KR,6255,50126,102,4.22,0
u_002768,test,2024-11-29,US,4320,25959,52,2.59,0
u_010306,test,2024-12-27,JP,6632,44762,109,1.44,1
u_001102,control,2024-12-18,JP,4446,33800,55,0.89,1
u_008939,test,2024-11-09,KR,5227,34966,86,2.53,1
u_004016,test,2024-11-01,JP,5729,47549,86,3.28,1
u_007255,control,2024-12-03,KR,6732,59096,132,3.76,1
u_006168,test,2024-12-02,JP,5079,39294,74,3.45,0
u_014368,control,2024-11-13,KR,3498,24820,55,1.17,1
u_003002,control,2024-11-19,JP,3554,28846,47,1.23,0
u_013621,control,2024-12-24,JP,7896,59376,142,5.0,1
u_013421,test,2024-11-06,JP,6354,62701,117,2.05,0
u_009231,control,2024-11-17,KR,3568,24718,61,1.68,0
u_011983,test,2024-11-28,JP,6195,51111,86,2.6,1
u_001763,test,2024-12-14,KR,3729,30821,75,1.39,1
u_006599,control,2024-11-18,KR,6743,54925,87,2.45,1
u_006440,control,2024-12-27,KR,3280,28342,53,1.4,1
u_013352,control,2024-11-21,JP,7649,56970,87,2.0,1
u_011282,test,2024-11-07,JP,4597,45595,101,4.86,1
u_006394,test,2024-12-21,US,6508,48018,84,2.29,1
u_004843,control,2024-12-24,US,9364,83165,171,6.46,1
u_004505,test,2024-12-23,KR,3263,19784,44,1.85,0
u_010612,control,2024-11-27,KR,4346,31363,64,1.8,1
u_013087,control,2024-11-01,US,4735,40744,88,2.06,1
u_001659,test,2024-11-28,KR,4221,30346,74,1.83,1
u_005794,control,2024-11-18,KR,8878,74870,177,7.13,0
u_005135,test,2024-12-29,JP,8566,61589,129,5.02,1
u_001336,control,2024-11-05,KR,5978,45344,110,1.38,1
u_014402,control,2024-12-13,US,6270,54677,98,2.62,0
u_010855,test,2024-11-04,KR,6119,33863,50,2.37,1
u_009226,control,2024-11-30,KR,6575,46410,98,3.55,1
u_012419,test,2024-11-11,US,5706,34961,66,1.54,1
u_011085,control,2024-12-05,US,8527,60245,115,6.24,1
u_000603,control,2024-11-03,US,7563,62214,97,2.25,1
u_001961,test,2024-11-24,KR,4419,40080,99,3.8,1
u_008697,control,2024-11-12,US,5137,31680,71,3.08,0
u_012080,control,2024-12-05,KR,5219,26282,52,2.41,1
u_008139,test,2024-12-16,KR,4173,31894,75,3.37,0
u_008985,control,2024-11-09,KR,10043,68760,127,6.65,1
u_014007,control,2024-12-19,JP,3515,29608,47,2.7,1
u_010616,control,2024-12-19,KR,5704,41182,73,2.05,1
u_012993,test,2024-12-11,US,5142,38796,71,4.1,1
u_014055,test,2024-11-09,KR,8291,51864,82,2.38,1
u_004050,control,2024-12-24,JP,5117,34359,65,1.09,0
u_006693,test,2024-12-04,JP,8244,63704,136,5.14,1
u_000312,test,2024-12-15,JP,3036,25016,61,1.64,1
u_011824,control,2024-11-16,KR,6701,48390,91,5.13,1
u_000245,control,2024-12-19,KR,3733,26917,57,2.69,1
u_001854,test,2024-12-30,JP,3159,28428,60,1.25,0
u_001237,control,2024-11-20,KR,3622,29969,60,2.73,0
u_004192,test,2024-12-29,KR,5833,45441,87,4.8,1
u_004089,test,2024-11-29,JP,3252,24222,54,1.5,1
u_007234,test,2024-11-05,KR,4042,32530,77,3.43,0
u_001562,test,2024-12-02,KR,4835,43745,95,1.94,1
u_010042,test,2024-11-17,KR,4828,39156,93,1.21,1
u_001729,test,2024-12-19,KR,4600,38285,70,1.02,0
u_001310,control,2024-12-30,KR,4337,33470,56,2.43,0
u_007550,test,2024-12-26,KR,1638,12246,23,0.64,1
u_004116,test,2024-11-03,US,5186,37276,68,1.08,0
u_010224,test,2024-11-17,US,4286,30500,46,1.12,1
u_012512,test,2024-11-18,JP,8886,69097,118,6.26,1
u_014755,test,2024-12-06,JP,4947,33544,67,3.51,0
u_007931,control,2024-11-08,KR,1930,8914,20,0.31,0
u_006876,test,2024-11-25,JP,5298,47622,72,2.85,0
u_003500,test,2024-12-19,US,7896,49915,106,4.41,1
u_009880,test,2024-12-03,US,4672,42369,78,2.63,1
u_003844,test,2024-12-29,US,7664,48020,82,5.26,1
u_004438,test,2024-11-22,JP,4224,30188,61,2.11,1
u_013818,control,2024-12-26,KR,5339,45666,78,3.92,1
u_004219,control,2024-11-06,KR,6679,39028,74,2.59,1
u_008441,test,2024-11-27,KR,8552,67109,136,4.77,1
u_010602,test,2024-12-26,US,5437,48352,114,3.6,1
u_000537,control,2024-12-23,KR,7013,43058,105,2.82,1
u_006016,control,2024-11-22,US,6244,48913,112,2.93,1
u_000765,test,2024-12-18,JP,6240,38023,69,1.42,1
u_012682,control,2024-11-11,JP,7391,55101,122,5.58,1
u_014843,control,2024-12-31,US,3870,34985,54,3.66,1
u_005249,test,2024-12-04,KR,3274,22842,39,0.6,0
u_014427,test,2024-12-14,KR,8629,73268,149,7.78,0
u_004293,control,2024-11-03,KR,3540,21079,46,1.09,1
u_005726,control,2024-11-21,US,1144,8699,19,0.76,0
u_000033,control,2024-12-02,KR,4434,34919,52,1.58,0
u_014020,test,2024-11-06,JP,5429,37333,78,3.22,1
u_003404,control,2024-11-05,KR,6582,48496,75,4.64,1
u_005916,control,2024-12-11,KR,8688,53065,117,2.68,0
u_013215,control,2024-12-03,JP,4745,33690,82,1.15,1
u_001226,test,2024-11-29,KR,7282,66909,153,6.81,1
u_008761,control,2024-11-21,KR,6363,47267,106,3.13,1
u_003854,control,2024-11-15,US,5902,36247,64,2.91,0
u_005077,test,2024-12-21,KR,5546,33486,58,2.75,1
u_001470,control,2024-11-12,US,6411,56434,125,4.09,1
u_013357,test,2024-11-09,KR,5968,47880,105,2.56,0
u_008974,test,2024-11-20,US,5565,47682,104,1.33,1
u_009697,test,2024-11-23,JP,3504,26588,54,0.94,0
u_013065,test,2024-12-13,KR,5100,31186,59,3.26,0
u_006050,control,2024-11-28,KR,2107,16593,31,0.43,0
u_014740,control,2024-12-24,US,5307,44192,97,3.79,1
u_002549,test,2024-11-01,KR,6104,54422,130,5.2,1
u_010934,test,2024-11-22,KR,7770,57013,141,3.09,0
u_000262,test,2024-11-03,KR,4231,35095,81,2.05,0
u_007091,control,2024-12-09,JP,4733,38492,64,2.17,1
u_001358,test,2024-12-21,KR,3343,24616,42,0.72,0
u_002304,control,2024-11-24,KR,4202,21813,39,0.64,0
u_008681,control,2024-12-09,JP,4681,24074,50,1.14,0
u_001560,control,2024-11-10,KR,9273,66157,128,2.19,1
u_002198,control,2024-11-29,KR,5252,34363,67,0.88,0
u_007246,control,2024-11-01,KR,6444,42047,65,2.55,1
u_006611,control,2024-12-25,KR,6380,40564,84,4.21,1
u_005382,control,2024-12-22,JP,5673,39308,65,3.93,1
u_014160,test,2024-12-04,KR,5999,46202,93,3.21,1
u_013098,control,2024-12-17,JP,5742,38510,94,1.66,1
u_007438,test,2024-11-15,KR,4480,39338,72,2.68,1
u_008595,test,2024-11-09,JP,4971,34590,59,3.18,1
u_010482,control,2024-12-24,KR,8151,73149,116,3.68,1
u_011946,test,2024-11-14,US,9355,89069,174,8.31,1
u_003915,test,2024-11-04,JP,3051,26335,62,1.18,1
u_003846,control,2024-12-26,JP,5466,41188,89,3.2,1
u_014894,control,2024-12-18,KR,6901,45469,71,2.51,1
u_013435,test,2024-12-08,US,2510,15862,33,0.84,1
u_013445,control,2024-12-26,US,3720,29640,70,2.61,0
u_000488,control,2024-12-21,KR,5644,42151,72,2.96,0
u_001764,test,2024-11-12,JP,3184,22837,50,2.25,0
u_007789,control,2024-12-22,KR,3108,16124,24,0.71,1
u_012957,control,2024-12-11,US,5761,31297,59,2.39,0
u_010538,test,2024-12-30,US,4930,40564,75,2.07,1
u_014753,control,2024-11-18,US,5111,29398,57,2.05,1
u_014903,test,2024-12-31,KR,5639,30500,73,1.15,0
u_003948,control,2024-12-29,KR,4048,25457,56,1.07,1
u_000951,control,2024-12-29,KR,4277,28641,47,1.23,1
u_004911,control,2024-11-22,JP,3134,18157,43,1.38,0
u_005692,test,2024-11-04,KR,4581,28277,49,2.01,0
u_012511,control,2024-11-11,KR,6573,54870,109,5.47,0
u_008312,control,2024-11-02,KR,2971,18246,32,1.77,0
u_011283,test,2024-12-23,KR,3504,25557,54,0.79,0
u_012491,control,2024-12-16,JP,7559,58529,117,5.72,1
u_000177,control,2024-11-13,KR,6716,36404,73,1.22,0
u_014280,test,2024-11-18,JP,5731,47928,73,4.23,1
u_007313,control,2024-11-06,JP,7339,63058,139,4.33,1
u_007077,control,2024-12-17,JP,3711,26026,63,1.72,0
u_002060,control,2024-12-22,JP,5332,33108,55,1.88,1
u_010271,control,2024-11-07,JP,3892,27326,57,2.33,1
u_004767,test,2024-11-20,KR,5453,46741,93,3.59,1
u_004127,control,2024-12-26,JP,3535,21933,33,1.89,0
u_007028,control,2024-12-18,KR,3778,29049,50,1.89,1
u_000161,test,2024-11-19,KR,5201,39846,89,1.92,1
u_014544,control,2024-11-28,US,6400,31587,61,2.18,1
u_010148,test,2024-12-04,JP,6238,51626,112,4.54,1
u_011747,control,2024-12-12,JP,5941,43107,87,3.55,0
u_008979,control,2024-12-10,KR,5443,38869,88,2.16,1
u_005000,test,2024-12-26,KR,8293,51221,97,5.61,1
u_007593,test,2024-11-21,KR,5763,55506,99,5.85,1
u_001051,control,2024-12-21,JP,6312,54102,127,1.56,0
u_007685,test,2024-11-05,KR,7066,66243,156,6.25,1
u_004637,test,2024-12-17,KR,5438,37305,75,1.87,1
u_003390,test,2024-11-23,US,6809,54671,98,2.52,0
u_008578,test,2024-12-17,KR,7197,61265,97,1.7,1
u_013420,control,2024-12-21,KR,4362,30817,56,2.25,0
u_010377,test,2024-11-29,US,6790,53618,100,2.14,1
u_000616,control,2024-12-09,KR,3517,27008,62,1.02,0
u_004086,test,2024-11-26,KR,482,2411,4,0.26,0
u_007152,control,2024-11-30,KR,5258,38598,66,1.99,1
u_007730,control,2024-12-13,US,1786,14486,24,1.02,0
u_014205,control,2024-11-27,KR,5412,39534,90,2.05,1
u_001062,control,2024-11-11,US,3998,28955,50,0.99,1
u_005015,control,2024-11-29,JP,7393,57397,112,2.15,1
u_011631,test,2024-12-15,JP,4848,45039,71,2.18,1
u_014897,test,2024-12-26,US,6322,63386,155,2.99,1
u_000257,test,2024-11-27,JP,5149,38821,88,3.44,1
u_001454,control,2024-11-23,KR,8018,48239,120,5.12,1
u_011547,test,2024-11-12,JP,2050,16884,39,1.18,0
u_004069,control,2024-12-03,KR,5953,45226,79,1.81,1
u_012094,control,2024-11-06,KR,6900,54391,134,2.25,1
u_014429,control,2024-12-23,KR,9060,55896,84,6.14,0
u_014667,test,2024-12-12,KR,4954,37439,73,3.25,1
u_007555,test,2024-11-08,KR,5106,45551,100,1.34,1
u_002117,test,2024-12-25,JP,5518,31140,62,2.56,0
u_014432,control,2024-12-10,US,9331,62236,99,6.74,1
u_009717,test,2024-11-24,KR,8119,78442,165,3.05,0
u_010665,test,2024-11-14,JP,4068,32603,49,3.41,1
u_013391,test,2024-12-09,KR,5922,43464,70,2.96,1
u_001850,test,2024-11-18,US,7199,37758,87,3.14,0
u_012555,test,2024-11-02,US,6056,42048,91,4.6,1
u_013669,test,2024-11-06,KR,4185,38589,91,1.39,0
u_005900,test,2024-11-14,KR,4834,41380,97,2.53,1
u_010179,control,2024-12-05,KR,9049,52543,86,4.44,1
u_002796,test,2024-11-30,KR,6797,49057,113,4.99,1
u_009976,test,2024-11-12,KR,5006,37130,58,3.11,1
u_005210,test,2024-11-03,JP,6174,51212,119,4.41,1
u_012372,control,2024-11-18,JP,6031,46129,76,3.4,1
u_007591,control,2024-11-02,US,9597,78419,136,5.95,0
u_010634,test,2024-12-10,JP,6850,58326,126,4.42,1
u_004097,test,2024-12-01,KR,5621,38932,62,2.54,1
u_001331,test,2024-12-24,KR,6077,41771,72,4.43,1
u_008894,control,2024-12-16,US,5664,37626,83,2.21,1
u_008747,control,2024-11-13,KR,7111,42250,90,2.94,1
u_009795,test,2024-11-12,KR,3749,28788,43,2.79,1
u_006405,control,2024-12-12,JP,6518,49763,83,4.25,1
u_000330,test,2024-11-30,US,2874,22777,41,2.43,0
u_012735,control,2024-11-04,KR,7967,54833,86,3.79,1
u_002039,test,2024-12-04,US,4077,34914,79,3.52,1
u_011868,test,2024-12-14,KR,3526,25159,61,2.16,0
u_011338,test,2024-12-20,KR,6814,60927,128,2.16,1
u_011399,test,2024-11-18,JP,4873,35442,84,3.3,1
u_000448,control,2024-11-16,KR,3947,25098,41,2.02,1
u_006742,control,2024-11-06,KR,5260,49832,106,1.88,1
u_008138,test,2024-11-27,KR,6086,54273,118,3.2,0
u_007565,test,2024-12-21,JP,5192,38564,65,4.15,1
u_003759,test,2024-12-25,US,4874,33949,72,1.81,1
u_009967,control,2024-12-16,KR,5499,45875,113,3.21,1
u_004287,control,2024-11-18,US,8503,46567,80,1.96,1
u_007814,control,2024-11-15,KR,5758,42461,83,3.35,1
u_012514,control,2024-12-10,KR,5897,45281,96,2.78,1
u_001040,control,2024-11-05,KR,3171,18863,31,1.57,1
u_010168,control,2024-12-04,KR,4295,28168,64,2.47,0
u_008256,test,2024-11-20,US,5367,46278,74,1.93,1
u_007320,control,2024-12-22,KR,6278,41870,63,2.1,1
u_013302,test,2024-11-14,KR,5575,46236,112,3.8,1
u_003626,test,2024-12-14,JP,6106,44895,93,4.22,1
u_011109,control,2024-12-26,KR,4227,28486,62,0.83,1
u_003050,control,2024-11-26,US,5354,46938,99,1.34,1
u_001679,test,2024-11-20,KR,2901,13194,31,1.05,0
u_000038,control,2024-12-22,US,6146,47344,105,2.5,1
u_012217,control,2024-12-19,JP,7146,44595,90,1.33,1
u_013224,test,2024-12-27,US,4576,41033,89,1.94,1
u_000360,test,2024-12-02,KR,4198,42405,85,1.43,1
u_000942,test,2024-11-27,JP,6460,47232,77,3.03,1
u_010972,test,2024-11-30,JP,4941,39948,93,1.5,1
u_009356,test,2024-12-07,JP,4847,35009,62,2.4,0
u_014906,control,2024-12-18,KR,7031,47018,79,2.42,1
u_010026,test,2024-11-11,JP,3714,27992,44,0.73,1
u_002886,control,2024-11-13,US,4179,29327,44,2.17,1
u_003799,control,2024-12-16,KR,4433,33587,80,3.3,0
u_006971,control,2024-12-29,US,8167,45503,99,1.62,0
u_010053,test,2024-12-02,JP,8799,85071,203,3.51,1
u_014262,test,2024-12-10,US,6075,43220,74,2.49,0
u_013456,test,2024-12-15,KR,5060,32238,50,2.13,1
u_014118,test,2024-11-20,KR,4820,31021,53,1.14,1
u_014554,test,2024-11-26,US,6329,43524,65,3.11,0
u_009830,test,2024-12-20,KR,3304,28299,54,1.11,1
u_002745,test,2024-11-24,JP,5975,42130,84,4.12,0
u_011759,control,2024-12-25,JP,6007,35120,86,3.42,0
u_009068,control,2024-11-07,US,5023,32941,72,1.12,0
u_000775,control,2024-11-19,US,5976,52946,125,1.85,1
u_006142,test,2024-12-04,US,5601,39843,95,1.28,1
u_011913,test,2024-11-30,KR,5463,42982,88,2.12,1
u_003603,control,2024-12-19,JP,4205,33463,64,3.22,0
u_010423,test,2024-12-28,KR,1967,16578,38,1.09,1
u_007881,control,2024-12-17,KR,5883,41905,71,4.6,1
u_004290,control,2024-11-30,KR,5057,34410,80,1.53,1
u_002908,control,2024-11-26,JP,8179,55355,96,3.58,0
u_010742,test,2024-12-10,US,6673,56341,129,4.89,1
u_007947,control,2024-11-18,US,4833,36026,58,3.23,0
u_001167,test,2024-11-06,KR,2636,18544,27,0.68,0
u_000074,test,2024-12-05,JP,6332,44663,68,4.54,0
u_003746,test,2024-12-22,US,2705,18266,42,1.63,0
u_008494,test,2024-11-03,US,7711,48631,120,2.55,1
u_004973,test,2024-11-03,JP,7180,57358,137,5.44,1
u_000172,control,2024-11-01,KR,5310,36232,86,3.94,0
u_010741,test,2024-12-30,KR,6010,44994,102,4.74,1
u_006307,test,2024-12-06,US,5368,45989,112,4.09,1
u_010777,control,2024-12-15,KR,5577,47341,75,4.14,1
u_010591,test,2024-11-21,US,3227,31529,65,3.25,1
u_002576,test,2024-12-09,KR,5567,49150,103,1.79,0
u_011041,control,2024-12-04,US,1514,14151,35,1.32,1
u_001909,test,2024-11-24,US,5224,43124,78,1.65,1
u_005212,control,2024-12-12,KR,5174,24649,48,1.0,0
u_003974,test,2024-11-17,JP,5790,53294,130,4.75,1
u_000927,control,2024-12-07,KR,690,6662,13,0.47,0
u_013664,control,2024-12-03,KR,3156,19905,32,1.84,1
u_014111,control,2024-12-16,KR,4812,35174,86,1.51,0
u_006901,test,2024-11-22,US,10552,91342,178,7.65,1
u_000254,control,2024-12-19,KR,4034,34666,61,0.9,0
u_014035,control,2024-11-21,US,3782,30082,72,1.86,1
u_005818,test,2024-12-27,US,6281,48933,76,2.22,1
u_000431,test,2024-12-10,KR,10872,73113,128,2.35,1
u_007809,control,2024-11-06,KR,8046,45961,105,1.86,0
u_008537,control,2024-11-22,KR,7206,51692,91,3.85,1
u_006780,control,2024-11-20,KR,3966,31055,48,2.29,0
u_012908,control,2024-12-08,JP,6000,44521,76,1.57,1
u_012764,test,2024-11-14,JP,5351,50265,123,4.38,1
u_000279,control,2024-12-08,JP,6075,50074,79,2.45,0
u_011422,test,2024-12-03,KR,6683,50372,91,3.59,1
u_012751,test,2024-11-07,JP,5064,35307,82,3.45,1
u_007370,test,2024-12-16,KR,5871,40315,63,1.79,0
u_012719,test,2024-12-10,US,4218,35602,63,2.5,1
u_014521,test,2024-12-11,US,4513,39964,67,2.91,1
u_001357,test,2024-11-28,KR,3577,26226,46,2.2,0
u_011134,test,2024-12-01,JP,6236,58223,100,4.96,1
u_000879,control,2024-12-21,KR,9852,63683,124,3.31,1
u_003325,test,2024-12-19,US,5010,28808,49,1.17,1
u_005572,control,2024-12-26,JP,2949,18168,33,1.23,1
u_002110,control,2024-12-06,KR,3382,27827,57,2.83,1
u_011601,control,2024-11-26,KR,8959,56843,97,4.07,1
u_010478,control,2024-11-23,KR,6499,46514,84,3.31,1
u_013091,test,2024-12-29,KR,6846,50877,80,5.57,1
u_012160,test,2024-12-11,KR,6259,51718,117,3.91,1
u_008865,test,2024-12-18,JP,6778,50176,78,3.58,0
u_004282,control,2024-11-27,US,5483,45602,77,4.02,1
u_000818,control,2024-12-21,KR,7655,46726,114,2.19,1
u_001595,control,2024-12-22,KR,8745,74743,139,7.32,0
u_002395,control,2024-11-27,JP,6639,53886,122,4.23,0
u_003678,test,2024-11-24,KR,6047,30760,72,2.32,0
u_010702,control,2024-11-24,KR,3886,31551,69,3.17,1
u_003831,test,2024-11-04,JP,6661,42236,66,1.09,1
u_005763,control,2024-12-08,JP,5153,44357,105,1.97,1
u_010108,control,2024-11-07,JP,5924,42638,81,2.29,0
u_011809,test,2024-12-20,JP,7791,54732,107,5.15,1
u_005893,test,2024-12-21,JP,2670,19829,38,0.67,0
u_004078,test,2024-12-03,KR,3387,22736,46,2.26,0
u_004469,control,2024-11-13,US,4605,31284,50,3.13,0
u_011082,control,2024-12-10,KR,8180,66786,147,2.13,0
u_000627,test,2024-11-04,JP,3025,28630,45,1.61,1
u_013432,control,2024-12-07,JP,7016,44562,103,4.4,1
u_006218,control,2024-11-22,US,3876,23035,39,1.73,1
u_002096,control,2024-11-17,KR,5998,28115,55,2.87,1
u_010643,test,2024-11-09,JP,5384,45364,95,2.79,1
u_012710,control,2024-11-01,KR,5689,35453,69,3.15,1
u_001762,control,2024-12-25,KR,6604,46754,103,2.01,0
u_003248,control,2024-11-03,KR,7100,54031,116,3.61,1
u_002319,test,2024-12-17,US,5814,49417,118,4.62,0
u_005531,test,2024-12-01,JP,2425,20218,34,1.94,1
u_001218,control,2024-11-22,KR,3111,19994,33,0.56,0
u_006124,control,2024-11-27,US,4983,33997,51,3.08,1
u_008659,control,2024-11-06,US,5848,43694,86,2.84,1
u_007797,test,2024-12-29,US,7897,56835,134,4.22,0
u_007574,control,2024-11-17,KR,4566,31638,68,1.77,0
u_005631,control,2024-12-26,KR,4744,32907,55,2.96,1
u_006018,test,2024-11-19,JP,6372,52838,109,2.57,1
u_004630,control,2024-11-27,KR,8507,57006,108,4.67,1
u_007165,test,2024-12-24,JP,4594,39621,84,1.91,0
u_002679,control,2024-12-19,KR,5416,46418,100,2.33,0
u_007734,test,2024-12-05,KR,7501,68324,125,1.76,1
u_013535,control,2024-11-11,US,5130,36066,87,3.57,1
u_008371,test,2024-12-14,KR,4211,33277,74,1.6,0
u_008591,control,2024-12-03,KR,4807,34153,59,2.78,0
u_013365,control,2024-12-04,KR,5861,37694,65,3.12,1
u_001581,test,2024-12-25,KR,5326,40375,95,2.0,1
u_010021,test,2024-12-30,KR,6458,56875,123,1.92,0
u_000735,control,2024-12-29,JP,7693,53211,122,1.57,1
u_003687,control,2024-12-12,KR,3484,26439,55,0.93,1
u_002134,control,2024-11-11,JP,5269,38677,89,3.69,0
u_007746,control,2024-11-26,KR,6503,34312,54,1.21,0
u_009939,test,2024-11-19,KR,3982,32751,53,1.01,1
u_004325,control,2024-11-24,US,5630,36663,71,2.01,1
u_014247,test,2024-12-31,KR,4392,27385,49,2.9,0
u_013698,test,2024-12-06,US,4363,44724,92,4.41,0
u_004735,test,2024-11-08,US,4826,29211,44,1.81,1
u_008243,control,2024-12-06,JP,4091,32355,71,2.36,1
u_009871,control,2024-11-13,KR,6607,43555,103,1.18,1
u_009666,control,2024-12-12,JP,5415,37539,91,2.67,1
u_014760,control,2024-11-24,KR,4290,29792,63,1.22,1
u_007071,control,2024-11-05,KR,3122,20147,35,0.92,0
u_007478,test,2024-12-27,JP,5906,46145,78,2.31,1
u_004883,test,2024-11-07,JP,5287,38297,69,2.04,1
u_014006,test,2024-12-18,KR,6340,37540,67,3.51,1
u_011777,test,2024-11-20,KR,2384,19691,48,0.93,1
u_007141,test,2024-11-07,JP,3794,26678,62,1.07,1
u_014558,control,2024-11-12,KR,3423,19415,37,1.13,0
u_007401,control,2024-11-12,US,2453,20491,43,1.71,0
u_000028,test,2024-12-07,KR,3149,28686,65,2.8,0
u_008750,control,2024-11-18,KR,3840,28330,44,2.69,1
u_003382,test,2024-11-05,KR,7027,45195,68,4.68,0
u_009378,control,2024-11-26,KR,3603,27552,68,0.97,1
u_003770,control,2024-11-29,US,5035,45106,108,3.43,0
u_014184,control,2024-11-21,JP,5035,26933,54,1.21,0
u_013651,control,2024-11-28,US,2231,16945,37,1.57,1
u_003476,control,2024-12-03,JP,1251,6468,15,0.52,0
u_000854,test,2024-12-25,KR,7627,48152,88,4.43,0
u_010214,control,2024-11-04,US,5415,40591,83,3.23,1
u_012660,test,2024-12-08,JP,8035,64619,106,6.28,1
u_013284,test,2024-12-04,KR,4484,27664,46,1.0,0
u_003026,test,2024-11-17,US,7130,44079,76,4.75,1
u_006946,test,2024-11-19,KR,6296,36322,89,2.18,1
u_007464,test,2024-11-05,JP,4128,34361,78,3.01,1
u_007678,test,2024-11-20,JP,5188,43097,92,2.09,1
u_008896,control,2024-12-02,JP,5662,35979,82,3.37,1
u_009080,control,2024-12-20,JP,6886,50671,113,2.32,1
u_002017,control,2024-11-03,JP,6254,45124,88,2.14,0
u_011157,control,2024-12-11,KR,4299,27396,53,1.65,1
u_011675,control,2024-12-30,KR,7733,51212,101,4.63,1
u_001894,control,2024-11-11,US,3352,25147,50,0.92,1
u_013371,control,2024-11-19,JP,5887,35397,67,2.07,1
u_003835,control,2024-11-02,US,5962,39959,85,1.42,1
u_011698,test,2024-11-07,KR,7620,61552,143,2.24,1
u_004040,test,2024-12-29,KR,6529,53326,98,4.81,1
u_013627,test,2024-12-13,KR,5927,39738,67,3.63,1
u_002675,control,2024-12-11,KR,4119,28386,58,1.23,0
u_008084,control,2024-11-10,KR,4037,32299,51,2.95,0
u_013726,test,2024-11-22,JP,6628,30482,61,2.67,0
u_014993,control,2024-12-12,US,4948,38640,86,1.33,1
u_012436,test,2024-11-20,KR,8385,70114,135,2.3,1
u_003465,test,2024-12-29,JP,5245,47100,103,2.98,1
u_012568,control,2024-11-21,KR,2040,13272,27,0.88,1
u_003765,control,2024-12-09,KR,4577,35755,53,2.5,1
u_010575,control,2024-12-31,KR,2942,12412,29,0.62,0
u_013635,control,2024-12-22,JP,2000,11791,26,0.54,0
u_008331,control,2024-11-28,KR,6006,39556,61,1.33,1
u_002194,test,2024-11-01,JP,5860,45372,111,2.06,1
u_004892,test,2024-11-26,KR,2477,15894,25,1.01,0
u_000608,control,2024-11-13,KR,4098,29526,56,2.47,0
u_012727,control,2024-12-25,KR,7220,52388,115,2.79,0
u_008923,control,2024-11-01,KR,9821,77376,158,7.1,0
u_011546,test,2024-11-06,KR,5714,46078,110,4.56,0
u_003099,test,2024-12-06,US,1561,13380,23,0.6,1
u_008418,control,2024-11-27,KR,4167,25447,47,1.17,0
u_006570,control,2024-11-15,KR,4587,39139,61,2.76,0
u_001238,test,2024-12-18,JP,4111,32718,53,2.16,0
u_008361,control,2024-11-06,KR,6328,55324,99,5.23,1
u_004478,control,2024-12-25,KR,7368,36607,73,3.36,1
u_003774,control,2024-12-13,KR,7267,57049,101,3.66,1
u_003960,control,2024-11-07,KR,3907,26428,48,2.34,1
u_008860,control,2024-12-14,KR,3324,32288,77,3.3,0
u_001287,test,2024-12-13,US,4484,40210,92,3.58,1
u_012482,test,2024-11-06,JP,3878,26111,56,0.98,1
u_011014,control,2024-11-22,US,4957,42538,72,2.65,0
u_001447,test,2024-12-19,JP,4335,32105,62,1.73,1
u_008643,test,2024-12-27,KR,2836,22547,36,0.76,1
u_000986,control,2024-12-26,KR,3575,29142,67,1.29,1
u_000829,control,2024-12-08,KR,6041,38357,90,3.92,0
u_008234,test,2024-12-24,KR,6389,47117,71,5.11,1
u_006448,test,2024-11-04,KR,1740,16779,40,1.3,0
u_007336,control,2024-11-04,US,5596,31950,77,2.87,1
u_010425,control,2024-11-02,KR,6038,34798,67,1.52,0
u_013137,test,2024-12-31,JP,5812,34699,52,1.39,1
u_007096,test,2024-12-01,KR,5596,33579,61,1.32,1
u_009484,test,2024-11-16,KR,5134,43791,106,4.79,1
u_008245,test,2024-11-29,JP,6823,53412,103,2.63,1
u_011871,control,2024-11-30,KR,6962,52057,85,2.0,1
u_006282,control,2024-12-01,JP,3966,23203,40,0.79,0
u_007422,control,2024-12-12,KR,3511,20366,50,1.29,1
u_003834,control,2024-12-14,JP,4762,34289,84,1.18,0
u_012797,test,2024-12-23,JP,4786,34082,76,2.85,1
u_012486,test,2024-12-06,JP,6845,60621,129,1.57,1
u_006173,test,2024-11-19,KR,3789,27078,56,1.06,0
u_013521,test,2024-12-13,JP,5621,53590,108,3.57,1
u_005853,control,2024-12-19,KR,3426,27334,44,1.22,0
u_011303,test,2024-12-08,KR,3682,39671,85,2.01,0
u_003003,test,2024-11-23,KR,4459,32426,68,3.07,1
u_007722,control,2024-11-01,KR,4725,25537,41,1.48,0
u_004818,control,2024-11-04,KR,4932,31676,57,0.87,1
u_007690,test,2024-12-28,JP,8100,61193,127,3.59,1
u_012487,control,2024-12-14,JP,4596,24046,55,0.84,0
u_009282,test,2024-12-30,KR,6057,44969,85,1.88,1
u_014738,test,2024-11-01,KR,3058,21022,41,1.38,0
u_014367,test,2024-11-11,US,3818,32438,74,3.08,0
u_005972,control,2024-12-01,KR,2555,18770,28,0.74,0
u_005926,control,2024-11-21,KR,1858,9679,22,0.97,0
u_008687,test,2024-12-08,KR,6987,46235,69,4.85,0
u_002094,test,2024-11-01,KR,4957,34596,73,1.58,1
u_000014,test,2024-12-01,KR,7149,56676,110,4.09,0
u_002754,test,2024-11-01,KR,5640,48056,118,3.41,1
u_011791,test,2024-11-06,US,4625,31260,62,3.05,1
u_003240,test,2024-12-01,KR,2581,16128,28,1.65,1
u_009141,test,2024-12-03,JP,3545,31663,67,1.2,1
u_009987,test,2024-11-03,US,6089,49603,95,2.27,0
u_014858,control,2024-11-15,KR,7347,53898,109,3.56,1
u_014820,test,2024-11-30,KR,3634,25278,59,2.01,0
u_014033,control,2024-12-11,JP,3458,20412,38,0.56,0
u_003046,test,2024-12-27,KR,6593,46089,94,1.89,1
u_000075,control,2024-12-22,KR,2691,19503,40,1.7,1
u_005845,control,2024-11-07,KR,4856,36147,85,3.96,1
u_014310,control,2024-12-13,JP,3694,28412,48,1.51,0
u_008066,control,2024-12-04,JP,3497,28152,62,1.99,0
u_000500,test,2024-11-20,JP,3263,25102,42,1.72,1
u_002667,test,2024-12-31,US,4483,31557,60,1.91,1
u_000751,test,2024-12-04,KR,3346,26794,65,1.87,1
u_004689,test,2024-12-05,US,5226,34965,59,2.97,0
u_006491,control,2024-11-25,KR,7139,55941,101,5.64,1
u_012896,control,2024-11-17,KR,4594,33488,72,2.22,0
u_002586,control,2024-11-30,KR,4688,30754,61,1.77,0
u_005324,control,2024-12-26,KR,2856,16062,35,1.45,1
u_013303,test,2024-11-06,KR,3071,21452,51,1.15,0
u_002947,test,2024-11-22,US,4293,41932,78,2.58,0
u_007865,control,2024-11-16,US,6795,40677,88,1.32,1
u_002700,test,2024-11-15,KR,6807,41155,72,2.18,1
u_007847,control,2024-12-29,KR,6400,46084,71,1.35,1
u_002443,control,2024-11-24,KR,5596,45168,69,3.41,1
u_005182,test,2024-12-08,KR,7777,61810,137,6.26,1
u_005487,control,2024-11-13,KR,6171,45728,77,1.41,1
u_010052,control,2024-12-26,JP,6726,47573,112,3.26,1
u_003754,control,2024-11-20,KR,6515,33799,66,1.19,1
u_002619,test,2024-12-15,US,5018,35697,82,1.97,0
u_000787,test,2024-11-05,US,5984,45068,68,1.6,1
u_004840,test,2024-12-04,US,7048,54372,123,3.93,0
u_007851,control,2024-12-30,JP,7969,68757,110,2.2,1
u_011940,test,2024-12-22,JP,8035,62896,149,6.62,1
u_002247,test,2024-12-03,KR,4751,29195,53,1.78,0
u_003867,test,2024-11-02,US,6046,37550,62,2.92,0
u_006017,control,2024-11-17,KR,6975,57307,139,5.23,1
u_004525,control,2024-12-09,KR,5573,45338,113,2.5,0
u_010805,test,2024-11-29,KR,3569,29653,69,2.16,1
u_012916,control,2024-12-24,KR,5371,33422,66,3.54,1
u_007603,test,2024-12-20,KR,5078,33464,52,2.69,1
u_005075,control,2024-11-24,JP,4560,28384,62,2.78,0
u_000078,control,2024-12-24,KR,5410,27129,43,2.91,0
u_007535,test,2024-11-24,KR,7485,59237,108,5.58,1
u_001488,control,2024-12-01,JP,4745,37460,64,2.99,1
u_014447,test,2024-12-17,KR,6967,61143,105,6.11,0
u_006023,test,2024-11-02,KR,4529,35636,64,1.83,0
u_008941,control,2024-12-29,JP,4795,32703,72,3.4,0
u_013382,control,2024-12-31,KR,4780,34955,64,0.92,1
u_011775,control,2024-11-03,JP,4967,28105,60,2.19,0
u_006920,test,2024-11-30,KR,3784,21931,33,0.55,0
u_014850,control,2024-12-04,US,3356,17073,34,0.53,1
u_012008,test,2024-12-31,KR,3197,25355,45,1.44,1
u_001990,test,2024-11-18,KR,7878,60084,133,2.24,0
u_003690,control,2024-12-30,US,7344,44452,107,4.28,0
u_001420,control,2024-11-30,KR,7760,45789,109,1.87,1
u_014612,control,2024-12-25,JP,5846,36414,81,3.37,0
u_008856,control,2024-12-05,KR,5109,42380,83,4.02,1
u_003264,control,2024-12-16,JP,4884,35953,59,3.74,1
u_002313,control,2024-11-12,US,6028,32146,49,3.16,0
u_001344,control,2024-11-15,JP,5393,25271,54,1.31,0
u_001626,control,2024-12-15,JP,7302,52102,108,4.9,0
u_012020,test,2024-11-03,KR,7110,55920,123,4.66,1
u_002814,test,2024-11-26,US,6000,41165,77,3.63,1
u_012361,test,2024-12-16,JP,4985,32991,69,1.44,0
u_014084,test,2024-12-15,KR,3991,31300,54,0.98,1
u_007702,control,2024-11-27,US,1813,14123,33,0.79,0
u_014949,test,2024-12-19,US,5174,26131,64,1.34,1
u_012417,test,2024-12-26,KR,6421,62425,150,5.94,0
u_013701,test,2024-12-30,JP,4340,36143,81,1.87,1
u_005589,control,2024-12-13,KR,3019,20270,37,1.36,1
u_008364,test,2024-12-26,KR,454,2643,4,0.18,0
u_003081,test,2024-11-23,US,7645,64394,131,6.13,1
u_013933,test,2024-12-07,KR,6209,52026,128,3.35,0
u_012506,control,2024-11-15,KR,2215,19847,36,1.87,0
u_008874,test,2024-12-25,KR,2030,15030,24,0.75,1
u_005685,test,2024-11-14,KR,853,6208,9,0.4,1
u_004460,test,2024-11-07,KR,6479,61623,108,3.04,1
u_011465,control,2024-12-03,JP,6854,51214,106,2.87,1
u_010029,test,2024-11-18,KR,6404,55076,126,4.69,0
u_004085,test,2024-11-25,US,5496,39706,71,2.05,1
u_010830,test,2024-11-21,JP,7895,56482,123,4.14,1
u_014900,test,2024-11-11,KR,4297,39475,84,1.28,1
u_011806,control,2024-11-24,KR,3350,22462,48,1.74,1
u_005138,test,2024-11-17,JP,3037,22296,38,1.05,1
u_001402,control,2024-12-17,US,7427,50254,91,2.99,1
u_009791,control,2024-12-02,KR,6806,43824,100,1.51,1
u_002190,control,2024-12-27,US,5196,35124,84,2.37,1
u_011412,test,2024-12-31,KR,4088,34485,65,2.43,1
u_005216,control,2024-12-18,JP,4439,35499,75,3.61,1
u_012275,control,2024-12-28,KR,2799,21815,39,0.66,0
u_003704,test,2024-11-01,JP,1958,15083,35,1.6,1
u_003135,test,2024-12-17,KR,3979,19409,40,0.87,1
u_009011,test,2024-11-05,KR,8225,57058,138,2.22,1
u_013038,test,2024-11-27,KR,3466,22496,40,0.71,0
u_007021,test,2024-11-26,KR,2154,20494,41,1.17,0
u_005090,control,2024-11-02,KR,6847,41160,102,1.16,1
u_002010,test,2024-11-22,KR,5147,48947,84,5.09,1
u_013733,control,2024-11-05,JP,5565,46572,70,2.94,1
u_003320,control,2024-12-09,KR,2849,23737,45,0.8,0
u_007592,control,2024-11-30,KR,5852,37311,74,2.29,0
u_006179,control,2024-11-13,US,5745,37345,74,1.57,1
u_003742,test,2024-11-05,KR,3744,26585,57,1.1,1
u_011959,test,2024-12-26,KR,2530,19637,41,1.53,1
u_003664,control,2024-11-18,KR,5932,49617,105,2.85,1
u_011919,control,2024-12-28,KR,4092,29130,70,2.29,1
u_007884,test,2024-11-17,KR,4675,26673,51,1.9,0
u_007403,test,2024-11-20,US,5696,33273,78,2.71,1
u_004715,test,2024-12-24,JP,7687,55999,101,6.06,1
u_003480,control,2024-11-19,KR,7367,49376,101,4.35,1
u_010708,test,2024-11-13,US,5409,44578,103,2.98,1
u_011794,control,2024-12-27,KR,8509,70609,166,4.79,1
u_001863,test,2024-11-10,JP,9122,64442,153,2.55,1
u_004780,control,2024-12-11,JP,7388,45731,98,3.21,1
u_011569,test,2024-12-30,US,6462,39994,99,3.0,1
u_000297,control,2024-12-26,US,4251,23756,56,1.57,0
u_004858,test,2024-11-28,JP,6323,56578,118,5.77,1
u_008849,test,2024-12-07,US,3949,29934,52,2.24,1
u_009910,test,2024-12-18,JP,4418,36492,62,3.93,1
u_014706,test,2024-11-09,KR,4299,22885,40,0.96,0
u_014068,control,2024-11-30,JP,3825,18402,38,2.0,1
u_005867,control,2024-11-11,KR,4761,39953,90,3.45,1
u_014514,test,2024-11-12,US,4544,38067,93,3.81,1
u_002517,control,2024-12-25,KR,6707,50854,80,2.72,1
u_005307,control,2024-12-06,US,4998,28517,56,3.1,1
u_001127,test,2024-11-21,KR,9933,67611,113,4.51,1
u_014576,test,2024-11-07,KR,4629,24779,42,0.81,0
u_001464,test,2024-11-15,KR,7851,71528,169,3.63,1
u_000234,control,2024-11-19,US,4572,38162,75,2.22,1
u_007485,test,2024-12-28,KR,5214,48650,78,4.43,1
u_009832,control,2024-11-01,KR,7945,61391,124,3.37,0
u_013226,test,2024-11-12,KR,3584,21226,50,1.65,0
u_007688,control,2024-11-22,US,6529,35732,63,2.49,0
u_011816,test,2024-11-12,KR,2633,15595,36,1.25,0
u_000207,test,2024-11-04,KR,7558,62835,130,6.27,1
u_005946,control,2024-11-25,KR,3893,24078,44,2.53,0
u_007700,control,2024-11-09,JP,3874,33743,67,0.86,0
u_008035,control,2024-12-30,KR,3946,32831,73,3.39,1
u_001007,control,2024-11-24,KR,9447,64873,131,5.02,1
u_005401,control,2024-11-28,US,5163,37511,69,1.6,0
u_005080,test,2024-11-30,KR,6850,54704,109,4.29,1
u_005044,test,2024-12-15,JP,4050,29670,46,2.97,1
u_003672,test,2024-11-10,KR,5756,60652,108,2.92,1
u_004126,control,2024-12-28,US,4630,33905,69,1.38,1
u_004302,control,2024-12-29,JP,2009,15896,30,1.56,1
u_001650,test,2024-12-18,JP,6269,48860,108,4.15,1
u_007806,test,2024-12-07,JP,8036,65386,119,5.5,0
u_001440,test,2024-11-01,US,3418,27641,56,2.19,1
u_006135,test,2024-11-11,KR,6808,60553,98,3.15,1
u_012407,test,2024-11-02,US,5901,49538,110,4.46,0
u_001666,control,2024-12-28,KR,6806,29602,58,1.34,0
u_003657,control,2024-11-21,JP,7902,58219,143,4.01,1
u_003859,test,2024-12-31,KR,3724,27877,68,1.26,1
u_009196,control,2024-11-06,KR,3729,26752,58,2.26,1
u_012448,control,2024-11-13,US,6374,45341,76,2.19,0
u_012101,control,2024-12-17,JP,7575,52532,104,4.52,0
u_013524,control,2024-11-21,KR,4907,37288,66,3.95,0
u_010284,control,2024-12-09,KR,40,1400,2,0.11,0
u_002881,control,2024-12-07,US,6183,40980,90,4.03,1
u_008150,test,2024-11-26,JP,6197,50278,109,3.01,1
u_009617,control,2024-12-12,KR,5244,34013,68,1.65,0
u_003601,control,2024-11-07,KR,5399,35451,88,1.42,1
u_009178,control,2024-11-22,US,6443,43429,65,1.11,0
u_004553,control,2024-12-19,US,4399,31442,50,1.33,0
u_012898,test,2024-11-18,KR,5569,47929,95,1.29,1
u_005215,test,2024-12-21,KR,4175,31260,69,1.52,0
u_014655,test,2024-11-01,KR,6391,45115,81,2.54,0
u_003315,test,2024-11-27,US,2783,16743,29,0.62,1
u_000600,control,2024-12-12,KR,6024,45857,97,4.02,1
u_003368,control,2024-11-03,US,8406,70112,165,5.6,1
u_013149,control,2024-11-25,KR,3793,29466,61,1.7,1
u_013222,test,2024-11-01,KR,4439,36622,77,1.84,1
u_014488,control,2024-11-06,US,3801,26919,52,1.0,1
u_000246,control,2024-12-21,KR,7676,44102,66,1.16,0
u_006063,control,2024-11-19,JP,5805,36819,66,3.96,0
u_001590,test,2024-11-06,KR,7406,60570,131,4.41,1
u_001612,control,2024-11-18,KR,3944,29515,63,1.88,1
u_013908,test,2024-11-09,US,2254,18014,43,1.69,0
u_002322,test,2024-12-28,KR,6019,47117,109,1.79,1
u_006739,control,2024-12-05,KR,6735,50620,86,3.16,1
u_004499,test,2024-11-10,KR,5651,27785,64,0.76,0
u_001575,test,2024-11-10,KR,5196,40801,72,2.96,1
u_011581,test,2024-11-03,KR,4219,26124,56,1.13,1
u_012903,test,2024-12-29,KR,5633,32949,65,1.67,0
u_013362,control,2024-11-15,JP,6136,54786,95,4.13,1
u_005268,test,2024-12-31,KR,6904,52826,83,5.58,0
u_001055,test,2024-12-17,JP,5062,29966,71,2.9,0
u_006919,test,2024-12-26,KR,5386,33726,72,3.5,1
u_003954,test,2024-12-29,KR,7441,38775,69,3.98,0
u_008499,control,2024-12-24,JP,7153,51940,85,4.8,0
u_006903,control,2024-12-23,US,2484,20224,50,1.44,0
u_009661,control,2024-11-09,JP,7163,61569,107,3.76,0
u_005189,test,2024-11-02,KR,4824,33812,58,1.31,1
u_008413,control,2024-12-15,KR,3562,21255,37,0.78,0
u_004737,control,2024-12-22,KR,4863,53069,114,4.22,1
u_001147,test,2024-11-23,KR,4594,30171,51,1.29,1
u_011159,control,2024-12-23,US,6172,46531,91,2.61,1
u_010324,control,2024-11-30,JP,7684,47809,107,1.86,0
u_011914,control,2024-12-21,KR,6116,54099,112,5.25,1
u_000539,test,2024-11-01,JP,6728,60643,143,6.57,1
u_009153,control,2024-12-03,JP,5493,31815,74,2.78,0
u_011897,test,2024-12-24,US,3794,25297,56,2.16,1
u_000359,control,2024-12-11,JP,5984,38581,82,4.11,1
u_003044,test,2024-12-28,KR,6336,53214,119,2.19,1
u_004884,control,2024-12-03,KR,6482,41375,89,4.31,1
u_001315,control,2024-11-06,US,6358,34415,68,3.56,1
u_006952,test,2024-11-13,KR,7133,51714,116,2.09,1
u_004486,control,2024-12-12,KR,4092,24596,56,2.17,0
u_014101,control,2024-11-04,US,6890,55247,110,2.75,1
u_010677,control,2024-11-18,JP,2810,18723,42,1.31,0
u_011972,control,2024-12-07,KR,4922,39253,94,1.46,1
u_009856,control,2024-11-09,US,5221,33204,59,2.4,1
u_003695,test,2024-11-12,KR,7659,47428,81,3.66,1
u_002099,control,2024-12-21,JP,4987,37962,76,2.21,1
u_008126,control,2024-11-17,KR,6852,47373,78,3.6,1
u_010772,control,2024-11-26,JP,4318,31369,57,2.24,0
u_008630,control,2024-11-10,KR,5317,41548,74,2.27,1
u_004491,control,2024-12-22,US,5755,34733,67,2.56,1
u_014718,test,2024-12-15,US,3910,24591,49,0.99,0
u_004789,test,2024-12-16,KR,7301,66145,117,3.09,1
u_010563,test,2024-11-04,US,4255,33380,71,1.46,1
u_009303,test,2024-11-21,KR,8881,72777,165,1.92,1
u_008700,control,2024-12-05,JP,7475,54617,134,3.98,1
u_012636,control,2024-12-31,KR,4058,26234,62,2.39,1
u_003439,test,2024-11-26,KR,6095,46206,70,1.48,1
u_012301,test,2024-12-24,KR,2931,23527,53,1.13,1
u_003492,control,2024-12-18,KR,2545,17482,34,1.75,0
u_004719,test,2024-12-29,KR,5311,41397,93,1.08,1
u_009701,test,2024-12-01,KR,8465,67470,129,4.26,1
u_012804,control,2024-12-18,US,7890,52796,84,5.61,1
u_005574,control,2024-11-13,US,5436,40019,67,2.86,1
u_007127,test,2024-11-22,KR,6562,47434,102,1.77,1
u_013111,control,2024-11-08,JP,6514,43903,108,3.67,1
u_001951,control,2024-12-02,JP,4806,40194,88,2.04,0
u_000954,test,2024-11-11,KR,3285,23736,55,2.27,0
u_012344,test,2024-12-23,US,3670,32635,49,2.57,1
u_010118,control,2024-12-17,KR,8797,61894,106,5.78,1
u_008086,test,2024-11-16,US,4726,33882,75,1.72,1
u_004882,control,2024-11-07,KR,4914,38186,78,2.83,1
u_010420,test,2024-12-17,KR,5122,38438,82,3.31,1
u_004190,test,2024-11-20,US,1626,11211,25,1.21,0
u_001846,control,2024-11-17,JP,6673,58224,127,5.77,0
u_014213,test,2024-11-13,US,7552,54421,94,5.66,1
u_013191,test,2024-11-14,KR,5429,53869,95,1.42,1
u_004657,control,2024-12-16,JP,8300,48059,115,5.1,0
u_005171,control,2024-12-21,JP,3771,20899,38,1.69,0
u_001094,control,2024-12-08,KR,4125,23227,54,2.16,0
u_014920,test,2024-12-19,US,6705,62608,155,5.83,0
u_008307,test,2024-12-26,KR,6672,56421,129,1.75,1
u_006324,test,2024-11-09,US,4810,26165,59,2.74,0
u_013482,test,2024-12-26,KR,4508,37250,85,1.37,0
u_001721,test,2024-12-01,US,6787,49677,76,1.44,1
u_008278,test,2024-12-25,KR,5468,38253,65,1.1,1
u_009447,control,2024-11-08,KR,6373,53570,92,1.99,1
u_014360,control,2024-12-16,KR,4713,32569,62,2.85,0
u_014915,test,2024-12-22,JP,6526,39295,59,1.78,1
u_001541,test,2024-11-22,US,6720,43569,90,3.87,1
u_000215,control,2024-11-04,KR,5650,49618,122,4.63,0
u_006817,test,2024-12-23,KR,3504,29460,47,2.86,0
u_002764,test,2024-12-13,JP,3209,26483,64,1.08,1
u_007303,test,2024-12-28,JP,5744,48190,113,2.62,1
u_014972,control,2024-11-02,JP,6607,48535,103,3.39,1
u_003266,control,2024-12-26,KR,2761,15700,27,1.67,0
u_009603,test,2024-12-28,US,5702,54984,118,3.69,1
u_002464,control,2024-12-16,JP,2684,19881,42,1.55,0
u_014698,test,2024-12-03,KR,6565,56515,106,2.94,1
u_010726,test,2024-12-21,KR,4123,28137,57,1.09,0
u_011406,test,2024-11-23,JP,3349,17098,27,1.79,0
u_009848,control,2024-12-27,KR,3285,28297,53,1.74,1
u_012931,test,2024-11-05,KR,6570,35593,72,2.53,0
u_003339,control,2024-12-17,US,5669,45023,89,4.7,1
u_003623,control,2024-11-13,KR,3821,26152,49,1.02,0
u_002684,test,2024-12-10,JP,4720,27979,69,1.7,1
u_004794,test,2024-11-21,KR,6568,55304,121,5.66,0
u_003486,test,2024-12-17,KR,6428,55332,136,3.41,1
u_013817,test,2024-12-02,US,6844,50567,96,2.21,1
u_000190,control,2024-11-17,JP,6296,37254,86,1.97,1
u_011642,control,2024-11-29,KR,4857,29506,60,1.41,0
u_010174,control,2024-12-04,US,2372,16925,29,1.61,1
u_014440,control,2024-11-16,KR,6178,41888,84,1.93,1
u_007031,control,2024-12-14,KR,6724,37425,89,1.39,0
u_012590,control,2024-11-25,JP,3057,22940,43,2.5,1
u_000218,test,2024-12-23,KR,3267,23274,43,2.26,1
u_005471,test,2024-12-07,KR,145,0,0,0.0,0
u_012616,control,2024-12-25,US,5754,49308,77,2.43,1
u_005478,test,2024-12-01,KR,7135,61341,92,5.19,1
u_001021,control,2024-12-31,JP,4071,26803,43,0.78,0
u_014857,control,2024-12-12,KR,4748,32164,66,2.83,1
u_003282,test,2024-11-17,JP,4380,34545,61,3.57,1
u_002288,test,2024-12-22,US,6680,44353,100,4.04,1
u_002182,test,2024-11-11,KR,4508,41988,84,3.93,1
u_013196,test,2024-12-15,KR,5706,41757,70,1.97,1
u_014767,test,2024-11-07,JP,4730,30474,74,0.97,1
u_011321,control,2024-12-07,KR,6163,52649,121,3.34,1
u_010640,test,2024-12-29,JP,5213,34867,83,1.34,0
u_003369,test,2024-11-23,JP,3773,25736,62,1.49,1
u_006319,test,2024-12-16,KR,3431,24138,54,1.36,1
u_009047,test,2024-12-10,KR,5536,39627,76,3.48,0
u_007197,test,2024-12-05,KR,5546,51000,111,4.6,1
u_012570,control,2024-12-19,JP,4071,25354,46,1.99,1
u_013218,control,2024-12-20,US,6053,35508,58,2.97,0
u_000057,test,2024-11-25,KR,4946,46066,102,4.42,1
u_004139,test,2024-11-02,KR,4510,38051,74,3.39,0
u_001816,control,2024-12-31,JP,6300,39740,80,2.81,1
u_003436,control,2024-12-07,KR,2734,18055,27,1.89,1
u_007353,control,2024-11-25,JP,3853,28614,67,2.83,1
u_009554,test,2024-11-12,KR,7920,66286,154,3.73,1
u_011426,control,2024-11-12,KR,8598,60296,150,2.84,1
u_003966,control,2024-12-25,KR,3342,22611,55,1.14,0
u_011330,control,2024-11-08,KR,3464,22870,36,0.66,1
u_002818,control,2024-12-30,KR,3569,29359,70,1.13,0
u_007057,test,2024-12-08,KR,6836,63049,140,2.95,1
u_004500,test,2024-11-04,KR,6830,39374,69,3.12,0
u_002822,control,2024-12-07,KR,5783,38074,68,1.16,1
u_002508,test,2024-12-04,US,3692,33212,72,1.35,1
u_010120,test,2024-12-26,US,6240,48924,100,4.71,1
u_009365,control,2024-12-29,KR,7865,55645,134,3.38,1
u_000211,test,2024-11-10,JP,7035,44706,67,3.71,1
u_006594,control,2024-12-29,US,6042,44501,69,4.31,1
u_007520,control,2024-11-26,KR,7654,53655,117,1.52,1
u_005440,control,2024-12-25,JP,8723,66311,138,7.01,1
u_007572,test,2024-11-12,KR,6910,49687,90,4.15,1
u_000970,control,2024-11-24,KR,4601,31841,50,2.17,0
u_004764,test,2024-11-12,JP,4491,34455,51,1.0,1
u_001404,test,2024-11-08,US,7530,56494,121,5.04,1
u_012722,control,2024-12-05,KR,4017,18852,31,1.02,0
u_007386,test,2024-12-10,JP,6842,60525,96,1.94,1
u_011544,test,2024-12-29,KR,4452,38194,74,2.13,1
u_009143,control,2024-12-29,US,4834,31898,64,3.49,1
u_010737,control,2024-11-01,JP,8323,48891,92,1.58,1
u_013372,test,2024-11-11,US,6659,52702,91,4.34,0
u_013499,test,2024-11-01,JP,4488,38406,66,1.38,1
u_001494,test,2024-12-10,KR,4961,37562,84,4.01,1
u_012045,control,2024-11-04,KR,5032,37642,67,1.91,1
u_005094,test,2024-11-17,KR,6936,48471,100,3.86,1
u_005718,test,2024-12-16,KR,7036,47776,88,4.03,1
u_000525,control,2024-11-22,KR,2688,16214,31,1.18,0
u_011949,test,2024-12-25,KR,6336,51335,84,4.69,1
u_008092,control,2024-11-15,JP,6849,49383,81,2.89,1
u_013154,control,2024-12-14,US,5273,33305,54,1.5,1
u_012341,test,2024-12-23,US,6235,51303,105,2.09,1
u_004980,test,2024-12-19,JP,2787,18585,45,1.27,0
u_006956,test,2024-12-12,KR,4453,19458,36,1.77,1
u_011415,test,2024-11-14,KR,7499,51873,93,2.5,1
u_004207,control,2024-12-02,JP,6267,50387,114,4.47,1
u_005966,control,2024-11-27,KR,6417,63005,130,1.76,1
u_014307,test,2024-12-18,US,5459,47212,86,2.33,1
u_002845,control,2024-12-18,JP,6222,36545,81,2.47,0
u_007856,control,2024-11-14,KR,5767,45189,92,4.09,1
u_013484,test,2024-11-20,KR,4410,25525,40,2.44,1
u_009738,test,2024-11-23,KR,4642,42114,102,2.63,1
u_005542,test,2024-11-04,JP,4489,29706,60,3.17,0
u_002183,control,2024-11-09,KR,7073,52831,91,1.41,1
u_013053,control,2024-11-16,KR,4387,32626,57,2.48,0
u_014364,test,2024-12-05,KR,8474,57712,104,6.19,0
u_014400,control,2024-11-29,JP,2817,17410,37,0.9,1
u_014701,control,2024-12-31,KR,2664,22129,43,1.08,0
u_003788,control,2024-12-27,KR,4555,24349,47,1.31,0
u_012403,test,2024-12-12,KR,5324,42678,96,3.04,1
u_003165,control,2024-11-29,KR,3346,31626,64,3.12,1
u_005584,test,2024-11-03,KR,5293,39389,96,3.33,1
u_010719,control,2024-11-27,KR,4274,30941,55,1.69,0
u_014697,test,2024-12-10,KR,4826,40907,81,3.05,1
u_014017,control,2024-12-16,KR,2909,24420,58,1.89,0
u_003161,control,2024-11-26,KR,4399,27722,43,2.8,0
u_012034,test,2024-11-23,JP,7646,61247,142,1.62,1
u_010899,test,2024-11-07,KR,6125,38488,63,3.32,0
u_000800,test,2024-11-03,KR,3595,25992,57,1.68,0
u_014548,test,2024-12-02,KR,5577,47440,99,3.8,1
u_002431,test,2024-12-13,JP,5379,49220,101,3.4,1
u_007276,test,2024-12-22,JP,4694,35746,70,3.37,1
u_003935,control,2024-11-09,JP,5444,34405,77,3.27,1
u_007753,test,2024-12-05,KR,3668,24520,39,0.91,1
u_011724,test,2024-11-21,KR,4118,29447,53,2.97,1
u_002487,test,2024-12-28,KR,4007,28880,49,0.98,0
u_004363,control,2024-12-21,US,4055,29304,61,1.84,1
u_012855,control,2024-11-02,JP,4067,25278,41,1.02,0
u_008010,control,2024-11-05,US,7453,48967,79,3.09,1
u_005639,control,2024-11-25,JP,4406,28116,60,2.38,1
u_007131,control,2024-12-16,KR,4729,31991,70,0.82,0
u_008617,control,2024-11-21,KR,7045,50504,88,4.81,1
u_002944,control,2024-11-02,US,6924,46140,72,4.28,1
u_008149,control,2024-11-26,KR,5387,43793,93,1.86,1
u_009706,control,2024-11-20,JP,4406,36665,81,3.3,1
u_011068,control,2024-12-23,KR,5463,39590,81,2.91,0
u_001877,control,2024-12-17,US,9860,66286,146,7.0,1
u_013882,test,2024-12-28,US,4567,38691,74,1.22,1
u_010017,control,2024-11-17,KR,7047,54274,87,5.63,0
u_009928,control,2024-11-14,KR,5461,42201,93,2.64,1
u_010050,test,2024-12-11,KR,4257,27743,49,0.73,0
u_000371,test,2024-11-28,US,4493,27688,53,2.37,0
u_004941,control,2024-12-05,KR,4440,39077,65,2.9,0
u_000903,test,2024-11-03,KR,8037,50420,107,3.21,1
u_000744,test,2024-12-03,JP,5145,45794,78,2.86,1
u_004099,test,2024-11-11,KR,4944,34164,54,2.56,1
u_004180,test,2024-11-13,JP,2327,18675,33,1.04,0
u_008596,test,2024-11-23,JP,4142,30985,49,1.42,0
u_007836,control,2024-12-03,KR,6388,34742,54,2.47,0
u_009845,control,2024-12-07,JP,6167,43634,94,3.35,1
u_000806,control,2024-12-11,JP,6824,54519,87,2.28,1
u_011637,test,2024-12-23,JP,4242,33744,52,1.02,1
u_004489,test,2024-12-17,KR,3222,21067,44,1.18,1
u_012316,control,2024-11-25,JP,8570,59740,98,4.72,1
u_001309,test,2024-12-10,KR,3910,26300,57,2.36,0
u_002366,test,2024-12-25,KR,5131,39869,72,3.0,0
u_003693,test,2024-12-25,KR,5419,50341,123,5.34,1
u_003608,control,2024-12-06,KR,6183,36244,70,1.84,1
u_008665,test,2024-12-06,KR,4400,41271,67,3.71,0
u_014752,control,2024-11-18,JP,4052,23519,40,1.17,1
u_007365,test,2024-11-01,US,3839,25244,50,2.26,1
u_002141,control,2024-12-20,JP,4465,26865,41,0.93,0
u_006180,control,2024-11-06,US,9033,67421,145,2.42,0
u_008786,control,2024-12-29,KR,5739,32982,66,2.67,1
u_004915,control,2024-12-15,US,7457,55145,87,2.65,1
u_009464,test,2024-11-06,JP,5012,39543,90,1.91,1
u_000755,control,2024-12-30,KR,2563,14674,31,1.06,0
u_002544,control,2024-11-21,JP,8946,67514,151,3.1,1
u_002871,control,2024-11-19,KR,2904,27311,55,1.69,0
u_013929,test,2024-12-10,JP,3135,26172,60,1.98,0
u_006062,control,2024-12-13,KR,8011,40290,94,1.52,1
u_014974,test,2024-12-05,KR,5403,32755,72,2.39,0
u_013024,test,2024-12-07,KR,5700,44844,97,3.28,1
u_003231,control,2024-12-04,JP,6301,40412,97,2.46,1
u_013891,test,2024-11-27,KR,4898,40165,60,3.21,1
u_004422,test,2024-12-18,JP,7195,48977,95,1.58,1
u_001286,control,2024-11-20,KR,6072,30821,69,3.3,1
u_003636,control,2024-11-15,KR,6472,44613,99,3.03,1
u_000836,test,2024-12-28,KR,4871,34111,68,2.51,1
u_013821,control,2024-12-17,KR,5293,39280,83,2.1,1
u_009307,control,2024-12-16,JP,5672,34426,85,1.25,0
u_006152,control,2024-11-13,JP,4883,39576,67,2.02,1
u_005350,test,2024-12-10,KR,5083,33178,74,2.66,1
u_004063,control,2024-11-04,US,4619,33702,68,3.56,0
u_014351,control,2024-12-18,KR,6809,43478,97,1.37,1
u_012982,test,2024-11-27,US,6119,38126,65,1.0,1
u_014176,test,2024-12-12,JP,2616,17483,39,1.18,0
u_003481,test,2024-11-27,KR,5088,27268,42,2.14,0
u_005333,control,2024-12-30,KR,4261,29519,44,2.91,1
u_011902,control,2024-11-09,KR,1841,10580,25,0.59,0
u_012714,test,2024-12-22,KR,5134,42949,68,3.94,1
u_008073,test,2024-11-21,JP,3385,20131,44,0.52,1
u_000295,control,2024-11-17,KR,6936,40737,65,4.38,1
u_003647,control,2024-11-08,KR,4200,21268,33,2.26,0
u_009281,test,2024-11-20,JP,9415,67273,155,2.7,1
u_001239,control,2024-12-02,KR,4210,36161,84,1.34,1
u_002373,test,2024-12-15,KR,4344,34112,57,1.23,1
u_008142,test,2024-11-26,KR,7410,38680,81,3.2,1
u_009931,test,2024-11-25,KR,6588,29483,66,1.68,1
u_009727,test,2024-12-30,JP,3591,27763,54,2.91,0
u_013796,control,2024-11-16,KR,5084,40816,83,3.63,1
u_006632,test,2024-12-18,JP,8314,79007,147,7.49,1
u_010355,test,2024-11-04,US,7367,62140,137,4.63,0
u_000121,test,2024-12-22,US,4945,26496,58,1.5,0
u_002265,test,2024-11-04,KR,7118,55057,124,5.74,1
u_010409,control,2024-11-14,KR,6956,45075,111,4.19,0
u_008068,test,2024-12-01,KR,3494,25157,61,2.3,0
u_007222,test,2024-11-01,KR,6231,32593,69,1.26,1
u_011396,test,2024-11-01,KR,7426,60700,141,3.94,1
u_000632,test,2024-11-23,KR,3961,33993,60,2.84,1
u_004627,control,2024-12-12,KR,5354,48835,102,4.28,1
u_001426,test,2024-11-14,KR,7030,45735,69,2.62,1
u_003832,control,2024-11-08,KR,5266,43432,69,3.47,1
u_010472,control,2024-12-20,KR,5468,38179,61,3.75,0
u_013330,control,2024-12-24,KR,4819,33168,66,1.49,1
u_008662,control,2024-11-30,KR,6438,49072,79,4.05,0
u_012544,control,2024-12-25,JP,3865,30302,55,2.21,1
u_012144,control,2024-11-13,KR,7851,52781,130,3.44,1
u_005199,control,2024-11-12,KR,7075,57183,127,4.88,1
u_003304,test,2024-11-12,KR,5997,37229,78,3.27,0
u_012138,control,2024-12-08,KR,4531,31290,70,3.36,1
u_012704,control,2024-12-18,JP,6704,39027,71,1.29,0
u_002268,test,2024-11-27,KR,5273,36985,89,2.54,0
u_006435,test,2024-11-10,KR,3272,24275,47,1.65,1
u_007955,test,2024-12-07,KR,4835,37058,83,2.69,0
u_002541,control,2024-12-10,US,5907,52415,124,4.02,1
u_010272,control,2024-11-03,KR,3615,23701,54,1.81,0
u_000538,test,2024-11-01,JP,7313,65047,99,1.85,1
u_005955,test,2024-12-12,JP,3425,22702,37,1.28,0
u_014552,test,2024-11-02,JP,4745,40507,84,2.36,1
u_009958,control,2024-12-16,US,6753,60413,149,4.4,1
u_003363,test,2024-12-14,JP,7495,58414,103,6.18,1
u_013493,control,2024-11-12,KR,5926,42539,89,2.34,1
u_008368,control,2024-12-06,KR,2668,20471,42,2.12,1
u_004536,test,2024-11-24,US,2908,22253,45,0.72,1
u_003429,test,2024-11-15,KR,6140,46962,109,3.06,1
u_013270,test,2024-11-07,JP,7806,60792,94,4.93,0
u_012435,control,2024-12-30,KR,7189,48192,74,4.86,1
u_003884,test,2024-12-27,KR,8043,60712,103,4.28,1
u_001467,test,2024-12-03,KR,3256,21087,34,2.06,1
u_011313,test,2024-12-27,KR,6156,38779,87,1.01,1
u_008853,test,2024-12-30,JP,3092,23364,40,0.9,0
u_001515,control,2024-12-27,KR,3268,24571,43,1.57,1
u_004209,test,2024-11-07,KR,6320,38503,75,1.78,0
u_012184,control,2024-12-27,JP,6717,52853,97,2.77,1
u_003708,test,2024-11-17,US,2851,21927,49,1.41,0
u_003335,test,2024-11-29,JP,2730,22535,38,1.8,1
u_001434,test,2024-12-31,KR,2988,25021,52,1.2,1
u_004278,control,2024-11-08,KR,9903,73983,116,7.78,1
u_002341,control,2024-12-01,KR,5046,43010,72,3.36,0
u_003170,test,2024-12-10,KR,4105,34530,54,2.5,0
u_008926,control,2024-11-15,JP,4650,36536,79,3.33,0
u_007151,control,2024-11-02,US,7902,45306,76,3.41,1
u_011613,control,2024-11-25,KR,6194,51696,85,1.6,0
u_011063,control,2024-11-24,JP,5479,36997,82,2.9,0
u_007088,test,2024-12-02,JP,6327,46767,73,4.23,1
u_012862,control,2024-12-20,JP,2054,10666,22,0.82,0
u_010240,control,2024-11-22,KR,3102,23544,41,2.36,0
u_003490,control,2024-12-29,KR,9677,78288,138,7.44,1
u_009242,control,2024-12-26,KR,6285,43416,74,1.32,1
u_005067,test,2024-11-09,KR,6400,68806,122,2.59,0
u_003254,control,2024-12-31,KR,5271,38647,67,1.37,0
u_012380,control,2024-12-14,KR,4254,27544,52,1.02,1
u_009486,control,2024-12-09,KR,7189,41842,65,1.22,1
u_001600,test,2024-12-17,JP,3902,36060,66,1.95,1
u_000225,test,2024-12-24,US,6178,43098,89,4.02,1
u_006365,control,2024-12-11,US,6721,43502,103,2.87,1
u_009352,test,2024-12-27,US,6032,50035,104,3.24,1
u_003463,test,2024-12-17,JP,3137,20351,48,1.59,1
u_007499,test,2024-11-08,JP,5710,52426,119,2.48,1
u_009588,test,2024-11-20,KR,4861,43448,86,4.77,0
u_010950,control,2024-11-01,JP,2654,22689,49,1.77,1
u_004161,control,2024-12-17,JP,7905,53940,104,2.27,1
u_002316,test,2024-12-18,JP,3934,31013,48,2.28,0
u_003294,test,2024-12-09,KR,5242,41401,90,4.18,1
u_013895,control,2024-12-14,JP,2963,24421,58,2.6,0
u_007588,control,2024-12-30,KR,7482,45852,114,4.35,1
u_004112,control,2024-12-02,JP,2406,18403,40,0.52,0
u_009924,test,2024-11-24,KR,6012,39526,66,1.22,1
u_014902,control,2024-11-06,JP,6732,43360,87,2.1,0
u_006759,control,2024-11-11,JP,7124,54040,98,1.68,1
u_012562,control,2024-11-12,KR,4720,35544,70,1.93,1
u_002037,control,2024-11-04,KR,6889,51204,92,5.55,1
u_010821,test,2024-12-24,KR,7914,60463,133,4.89,1
u_007065,test,2024-11-22,KR,6548,46255,82,5.03,1
u_002472,test,2024-11-30,US,3211,31837,67,2.47,1
u_005973,control,2024-12-07,JP,8526,51323,104,5.16,1
u_002841,control,2024-12-10,KR,3115,22783,37,2.46,0
u_011183,control,2024-12-23,KR,5740,34460,59,2.94,1
u_012530,test,2024-12-14,JP,4088,21729,35,2.15,0
u_009370,control,2024-11-29,KR,4747,31650,49,1.58,1
u_012836,test,2024-11-20,JP,2781,21924,35,0.76,1
u_014103,control,2024-11-06,KR,5517,32995,69,1.76,1
u_005783,control,2024-12-22,KR,5968,44369,100,4.0,1
u_010707,control,2024-12-11,KR,3507,27981,61,2.3,1
u_014386,test,2024-12-29,JP,6132,42020,104,2.54,1
u_008144,control,2024-11-30,KR,3031,20305,44,1.22,0
u_011010,control,2024-11-06,KR,5520,42747,95,2.11,1
u_002448,control,2024-11-23,JP,4533,31919,58,3.21,1
u_003297,test,2024-11-25,KR,9347,85482,185,3.83,1
u_006294,control,2024-11-29,JP,3871,24645,47,1.19,1
u_001285,control,2024-12-14,KR,2820,21334,51,2.17,0
u_009851,test,2024-11-02,JP,9784,74398,180,3.85,0
u_005088,test,2024-12-20,KR,2316,19524,42,0.76,0
u_012519,control,2024-11-04,JP,9111,72948,154,3.64,1
u_004757,test,2024-12-21,KR,8859,81959,193,4.76,1
u_003237,test,2024-11-01,KR,5821,46797,70,3.2,1
u_005644,test,2024-12-25,JP,878,6956,14,0.41,0
u_002403,test,2024-12-11,KR,4797,36848,75,2.3,1
u_012055,test,2024-11-07,JP,8388,63368,105,1.95,1
u_005899,control,2024-11-06,US,813,5812,11,0.61,0
u_002744,test,2024-12-05,JP,4840,34359,76,1.36,1
u_010498,test,2024-11-06,KR,7760,65680,125,6.88,1
u_002084,control,2024-11-09,US,8135,59306,121,6.19,0
u_003344,test,2024-11-28,KR,5204,56024,129,1.61,1
u_009558,test,2024-11-04,JP,6699,59004,124,6.43,0
u_011673,control,2024-12-08,KR,4823,34114,83,3.1,1
u_001520,control,2024-12-25,JP,6061,45049,83,3.98,0
u_002371,test,2024-12-09,KR,3964,35821,63,3.75,1
u_011681,test,2024-12-29,JP,5711,41784,88,2.17,1
u_014018,control,2024-11-10,US,7667,45973,84,4.54,0
u_013552,test,2024-12-30,JP,5864,44062,90,2.43,1
u_007117,test,2024-12-16,US,3669,28383,66,2.36,1
u_004868,test,2024-12-16,JP,6374,68017,122,6.66,1
u_009459,control,2024-12-17,KR,3482,23305,49,1.44,0
u_004187,control,2024-11-26,KR,6635,42078,68,1.21,1
u_002991,control,2024-12-18,KR,6475,38477,67,1.61,1
u_007807,control,2024-11-18,JP,4439,32099,62,1.9,1
u_012327,test,2024-11-17,KR,6566,63562,113,4.85,1
u_012936,control,2024-12-23,JP,2534,15887,33,1.37,1
u_013753,test,2024-11-25,US,5075,43933,66,4.13,0
u_006383,test,2024-11-26,KR,1560,9640,17,0.42,0
u_004803,control,2024-11-01,KR,4761,28808,57,2.28,0
u_013988,control,2024-12-25,JP,4397,29757,49,1.33,1
u_001555,control,2024-12-03,KR,3833,30747,67,1.25,0
u_008303,control,2024-11-23,JP,4298,28136,44,1.85,1
u_005740,control,2024-11-24,US,4894,39374,73,3.51,1
u_009611,control,2024-12-30,KR,4440,24278,55,1.65,1
u_013799,test,2024-12-12,KR,4411,37122,81,1.91,0
u_008438,control,2024-12-12,JP,4121,33692,58,2.11,0
u_003551,control,2024-12-10,JP,7119,48056,75,3.73,1
u_013280,control,2024-12-11,KR,5350,39371,91,2.63,1
u_010623,control,2024-12-05,KR,6415,46539,72,3.63,0
u_005437,test,2024-12-16,JP,9393,61338,112,6.39,1
u_005322,control,2024-11-11,KR,6271,41819,70,1.86,0
u_001031,test,2024-12-26,KR,6516,50582,109,2.72,0
u_012778,control,2024-11-16,JP,2193,17430,38,1.22,0
u_002413,control,2024-11-08,KR,7788,59295,130,1.5,1
u_010256,control,2024-11-06,US,3124,17485,41,0.62,0
u_010525,control,2024-12-17,US,3261,26917,60,1.78,0
u_012759,control,2024-11-20,JP,8075,67365,123,5.92,1
u_001339,test,2024-11-14,JP,2244,16476,31,1.15,1
u_013545,control,2024-12-10,KR,5135,35093,78,1.09,1
u_009277,test,2024-11-27,US,5693,49019,86,5.27,1
u_005596,control,2024-11-11,US,4804,36793,88,2.4,0
u_013005,test,2024-11-12,KR,4408,41301,84,1.2,1
u_010620,control,2024-11-21,KR,6248,40131,71,1.75,1
u_005905,test,2024-12-30,KR,5768,49679,77,2.03,1
u_014092,control,2024-11-01,JP,9299,58553,138,5.16,1
u_003287,test,2024-11-25,JP,2014,15640,25,0.45,1
u_014394,control,2024-11-04,US,2402,14772,25,0.49,0
u_003655,control,2024-12-27,KR,5142,28812,68,2.87,0
u_002347,control,2024-11-24,KR,6334,36762,77,3.72,0
u_014833,control,2024-12-04,US,5612,41090,80,3.43,0
u_002027,test,2024-12-05,KR,2149,12509,22,1.21,1
u_014925,test,2024-12-14,KR,5994,43024,89,1.98,1
u_001023,control,2024-12-30,JP,5299,43392,73,4.73,1
u_007410,test,2024-11-20,JP,8708,61724,130,5.22,1
u_010886,control,2024-11-08,KR,7342,47671,113,3.15,1
u_011984,control,2024-11-26,JP,5548,35193,68,2.86,0
u_004348,test,2024-11-08,KR,790,5216,10,0.18,1
u_013970,test,2024-11-23,US,4738,33768,55,3.21,0
u_011263,test,2024-12-29,JP,5863,38232,70,3.73,1
u_012062,control,2024-12-31,KR,4795,27530,52,2.68,0
u_014232,test,2024-12-24,US,4253,29838,46,2.84,1
u_013023,test,2024-11-09,US,5913,52996,108,1.77,1
u_011220,control,2024-11-22,JP,5327,34654,67,2.34,0
u_005031,test,2024-12-05,KR,7548,63324,146,6.0,1
u_007347,test,2024-11-27,US,4297,34435,58,1.27,0
u_011684,control,2024-12-27,KR,3666,25198,53,1.95,1
u_003428,control,2024-12-19,US,9126,75633,172,2.96,1
u_002127,test,2024-11-29,US,5807,34210,56,0.87,1
u_005828,test,2024-11-30,JP,4585,29602,56,1.51,1
u_001585,test,2024-11-01,US,5405,42271,95,3.25,1
u_003904,control,2024-11-24,KR,6890,44366,90,4.34,1
u_007184,test,2024-12-17,KR,6304,50633,116,3.1,1
u_005712,control,2024-12-01,US,5325,41339,65,2.7,1
u_014597,control,2024-12-26,US,6907,40513,94,1.72,1
u_009584,test,2024-11-20,US,5886,50945,95,4.95,1
u_012962,control,2024-12-27,KR,6850,43286,102,3.71,1
u_005762,test,2024-12-12,JP,5030,34180,66,1.74,1
u_000988,control,2024-11-30,KR,5452,37078,69,2.89,1
u_009649,control,2024-11-14,KR,5221,32668,68,3.18,0
u_005027,control,2024-11-03,KR,8096,56575,95,2.81,1
u_013292,control,2024-12-15,JP,7435,44022,90,2.14,0
u_012504,control,2024-11-30,KR,2008,16002,32,1.64,0
u_012583,test,2024-11-26,KR,5407,42017,80,3.31,1
u_014416,test,2024-11-22,KR,4330,29056,47,3.05,1
u_002574,control,2024-12-29,KR,5812,40506,83,3.98,1
u_010511,control,2024-12-06,KR,4914,28189,55,3.01,0
u_001372,control,2024-11-07,KR,6544,40099,69,2.46,0
u_014384,test,2024-11-09,US,8094,66213,156,6.33,1
u_010088,control,2024-12-13,KR,4668,35826,74,2.62,1
u_009670,test,2024-12-18,KR,3575,20436,40,2.13,1
u_011378,test,2024-11-29,US,6035,50337,95,1.69,0
u_008414,test,2024-12-14,JP,2811,22696,49,1.18,0
u_006143,test,2024-11-25,KR,3299,23978,46,0.93,1
u_004084,test,2024-12-27,KR,7261,46511,88,1.64,1
u_010876,test,2024-12-25,KR,5788,49562,118,4.55,1
u_000379,test,2024-12-07,JP,4974,54642,109,2.02,1
u_005343,test,2024-12-29,US,5403,42144,104,2.85,1
u_003653,control,2024-12-18,US,6387,42232,69,4.09,1
u_002159,test,2024-11-14,KR,6134,46024,98,3.6,1
u_001367,control,2024-11-19,JP,7215,56917,124,5.19,0
u_004869,control,2024-12-17,KR,1394,10019,15,1.05,0
u_009786,test,2024-12-09,JP,4166,33885,78,1.94,1
u_007684,test,2024-12-30,KR,7276,50884,81,3.79,1
u_006588,test,2024-12-06,US,4899,36867,69,2.93,1
u_011401,test,2024-12-22,KR,5172,37247,71,2.64,1
u_014502,control,2024-12-14,KR,6722,52350,99,1.76,1
u_008091,control,2024-12-23,KR,4293,31205,69,3.05,1
u_009058,test,2024-12-06,KR,3434,25038,39,0.96,0
u_011306,test,2024-11-25,JP,6330,63021,101,4.62,1
u_007171,test,2024-12-25,KR,4939,33392,59,1.7,0
u_010198,test,2024-11-02,KR,3338,22601,45,1.13,1
u_005255,control,2024-11-23,KR,8037,61848,138,3.19,0
u_000229,control,2024-12-14,KR,4483,33468,50,3.54,0
u_013912,test,2024-11-13,KR,7999,62499,129,4.23,1
u_004035,test,2024-11-12,KR,42,475,0,0.04,0
u_009098,control,2024-11-03,KR,7699,58236,132,1.71,1
u_010260,test,2024-12-29,KR,8006,50675,114,4.43,1
u_008862,control,2024-12-06,KR,4144,31278,47,1.43,0
u_013115,test,2024-12-31,KR,6763,51719,125,3.52,1
u_005619,control,2024-12-08,JP,6768,44505,75,3.33,1
u_013618,test,2024-11-15,KR,7158,51570,119,5.54,1
u_010145,control,2024-12-31,JP,3026,31065,50,2.77,0
u_002358,control,2024-12-25,KR,4157,28958,51,1.54,0
u_002862,control,2024-12-24,KR,5372,40952,90,2.91,1
u_012740,test,2024-12-01,KR,10394,81947,128,7.63,0
u_002429,test,2024-12-17,KR,7507,46295,71,1.42,1
u_012027,control,2024-12-27,JP,6644,51353,100,4.62,1
u_011028,control,2024-12-14,KR,4691,28997,55,1.79,0
u_007547,control,2024-12-13,US,5232,44592,111,3.94,1
u_004559,control,2024-12-07,KR,5493,38415,70,4.03,1
u_011567,control,2024-12-08,US,7368,55267,102,2.56,0
u_011048,test,2024-12-24,JP,5256,38413,95,1.86,0
u_009193,test,2024-11-29,KR,3745,34208,82,1.76,1
u_008445,control,2024-11-18,US,5696,36217,62,2.15,1
u_005710,test,2024-11-12,JP,4753,29707,66,1.73,1
u_009628,control,2024-12-09,US,7781,67220,139,4.03,0
u_011011,control,2024-12-20,KR,3388,25104,53,0.9,0
u_009188,control,2024-12-12,US,3156,20417,48,2.12,1
u_005936,control,2024-12-12,JP,9602,74605,134,7.9,1
u_005849,control,2024-11-28,KR,4568,33549,70,2.08,0
u_014220,test,2024-11-05,US,4437,26108,40,2.77,0
u_011992,control,2024-11-03,KR,4892,34853,71,2.35,1
u_005029,control,2024-12-28,US,3866,27253,66,2.4,1
u_006245,test,2024-12-22,KR,6280,42551,67,2.79,0
u_012844,test,2024-12-22,US,5118,38774,91,2.93,1
u_005902,control,2024-12-21,KR,8493,72500,115,6.75,1
u_003227,test,2024-11-20,KR,6496,55272,89,2.42,0
u_010690,test,2024-11-27,JP,6188,54937,120,4.62,0
u_013364,test,2024-12-30,KR,5430,33907,61,0.85,0
u_013820,test,2024-12-10,KR,4822,26617,43,2.68,1
u_004429,control,2024-12-25,JP,3287,21727,41,1.83,0
u_014012,control,2024-11-11,JP,4489,27640,48,1.02,0
u_010975,test,2024-11-15,KR,3153,16911,36,1.05,0
u_006333,test,2024-12-24,JP,8652,59564,107,1.93,0
u_005339,test,2024-12-26,KR,3966,28839,60,1.97,1
u_007721,control,2024-12-27,US,6297,55317,126,4.72,1
u_007820,test,2024-12-03,KR,5358,35066,68,1.21,0
u_001556,control,2024-12-04,JP,6106,40224,75,3.16,1
u_003736,test,2024-12-15,KR,4069,27850,63,2.83,0
u_004424,test,2024-11-15,US,4176,38607,81,2.96,1
u_004875,test,2024-11-10,JP,9271,66247,160,5.66,1
u_004439,test,2024-11-13,KR,1082,9155,17,0.42,1
u_014648,control,2024-11-17,US,7412,50646,82,1.47,1
u_013713,test,2024-12-18,KR,5503,45949,99,2.09,1
u_011864,control,2024-12-17,US,4733,30706,53,1.97,0
u_014053,test,2024-11-27,KR,8225,70872,119,3.19,0
u_004971,test,2024-11-29,KR,7970,73514,130,4.96,1
u_002109,test,2024-11-03,KR,6503,51521,107,2.22,1
u_004463,control,2024-11-04,KR,5297,32585,64,1.86,0
u_011373,test,2024-11-01,US,6330,47913,104,2.06,1
u_002219,control,2024-12-19,US,5998,50040,113,4.23,0
u_013249,control,2024-11-11,KR,6177,36625,59,1.03,0
u_009262,test,2024-12-30,JP,3710,25563,62,0.75,1
u_001669,test,2024-12-29,JP,6134,47814,101,1.62,1
u_011744,test,2024-11-18,US,4801,41123,93,3.27,1
u_003400,test,2024-12-03,KR,4413,30684,51,3.31,1
u_011123,test,2024-12-03,KR,4633,35212,63,1.55,1
u_005205,test,2024-11-22,KR,5954,47524,78,1.71,0
u_007053,control,2024-11-03,KR,8510,63872,132,3.04,1
u_008511,control,2024-11-01,US,3561,26294,57,1.44,0
u_000037,control,2024-11-30,KR,6399,56240,84,5.3,1
u_003801,test,2024-11-05,JP,5184,49642,88,2.11,1
u_004383,control,2024-11-30,JP,765,6063,14,0.25,0
u_003898,control,2024-12-12,KR,6412,52723,122,3.76,1
u_009667,test,2024-11-03,KR,4604,29997,55,1.72,0
u_006797,test,2024-12-30,KR,8546,44044,93,1.94,1
u_009219,control,2024-12-06,KR,5980,33355,66,1.29,1
u_010295,control,2024-11-17,US,3419,28032,55,1.69,1
u_012478,test,2024-12-16,KR,6087,44283,83,1.41,1
u_007235,test,2024-12-18,KR,5899,47133,97,4.3,0
u_005359,test,2024-12-01,KR,6411,55316,96,5.61,1
u_003256,control,2024-12-12,KR,3159,19625,46,1.15,0
u_002539,control,2024-12-28,KR,4569,29361,54,1.27,1
u_002207,test,2024-12-15,KR,4093,25724,42,0.98,1
u_013481,control,2024-12-24,JP,5560,43873,79,4.19,0
u_014207,control,2024-12-23,KR,4526,31171,63,2.7,0
u_001582,test,2024-12-24,KR,4376,27263,50,2.36,1
u_008174,control,2024-12-30,US,4636,27498,50,0.85,1
u_013858,control,2024-12-27,KR,5462,43057,78,2.1,1
u_008248,test,2024-11-18,US,4874,29055,49,1.28,1
u_003666,control,2024-11-22,KR,6552,46090,95,2.86,1
u_000653,test,2024-12-04,KR,3874,34713,83,2.88,1
u_008411,control,2024-12-07,JP,4649,36256,61,1.64,1
u_008329,control,2024-12-12,KR,3247,20685,38,2.18,0
u_010666,control,2024-11-18,KR,5928,42975,72,2.54,1
u_011494,test,2024-12-31,KR,4504,32259,71,1.29,0
u_007590,test,2024-11-05,US,4955,45977,78,4.26,1
u_014376,control,2024-12-25,KR,6053,59481,142,3.74,0
u_004416,control,2024-12-06,KR,3052,23131,45,1.01,1
u_006841,control,2024-11-04,KR,4637,26210,44,1.23,1
u_005500,control,2024-12-02,JP,6940,44065,80,3.95,1
u_007037,test,2024-12-24,JP,4192,32763,60,3.24,1
u_013716,test,2024-11-26,JP,7088,46545,85,3.94,0
u_014778,control,2024-11-03,KR,3954,27246,45,1.36,1
u_013187,control,2024-11-13,KR,1343,9134,21,0.64,0
u_014536,control,2024-12-31,KR,4318,24126,38,1.58,1
u_002834,control,2024-12-28,KR,3938,22970,38,2.07,0
u_012638,test,2024-11-12,US,6419,56400,111,3.87,1
u_006770,test,2024-12-06,KR,4135,29695,73,2.97,1
u_012428,control,2024-11-17,JP,4047,29834,62,1.02,0
u_013140,test,2024-12-31,US,3565,28179,66,1.55,1
u_005938,control,2024-12-30,KR,3999,28597,56,1.63,1
u_005483,test,2024-12-12,KR,5050,39592,63,1.31,1
u_004520,control,2024-12-08,KR,8368,53381,110,4.78,1
u_008867,test,2024-11-18,US,6817,47767,102,4.7,0
u_012776,control,2024-12-29,US,5167,39664,98,2.58,1
u_004918,test,2024-12-31,JP,8301,74059,161,2.6,0
u_011639,test,2024-12-26,KR,2806,17267,40,1.52,1
u_008508,test,2024-12-10,KR,5154,36390,71,1.4,1
u_003963,control,2024-11-02,KR,6554,42962,97,2.3,1
u_002427,test,2024-12-05,KR,5005,43718,73,1.93,1
u_005495,test,2024-12-04,US,6185,46460,87,1.84,1
u_002398,test,2024-12-06,KR,7642,62414,100,5.77,1
u_012601,test,2024-11-16,US,6207,52988,102,1.74,0
u_005114,test,2024-12-27,KR,1745,14754,27,1.07,1
u_000882,test,2024-12-26,JP,4858,45997,98,2.63,1
u_002419,control,2024-12-14,KR,3685,25511,48,0.65,1
u_010799,control,2024-12-25,KR,1858,11198,22,0.56,0
u_000575,test,2024-12-06,KR,7068,60201,120,4.87,1
u_007266,test,2024-11-13,JP,5280,35996,74,3.88,1
u_006813,control,2024-11-10,KR,5607,39574,82,1.75,1
u_001369,control,2024-12-01,KR,8288,53905,110,3.93,0
u_007601,control,2024-11-08,US,4692,33548,68,2.37,0
u_013527,test,2024-11-15,US,5824,51605,106,4.47,0
u_010796,test,2024-11-04,US,7221,65358,118,4.69,1
u_005635,control,2024-11-16,US,5019,46065,75,4.52,1
u_003399,test,2024-12-19,KR,8541,49399,99,2.23,0
u_004472,control,2024-12-25,JP,6056,35004,66,1.51,1
u_013509,control,2024-11-15,JP,5889,42325,83,1.13,1
u_004928,control,2024-12-08,JP,5671,26355,41,2.11,0
u_006501,control,2024-12-17,KR,7687,62868,109,3.37,1
u_005950,control,2024-11-18,JP,5478,44028,82,2.75,0
u_002581,control,2024-11-11,KR,9027,51177,91,3.53,1
u_003819,control,2024-12-23,JP,7146,52576,114,5.68,1
u_011351,test,2024-11-15,JP,3517,23045,38,1.05,1
u_008822,test,2024-12-16,US,8671,58649,141,2.1,1
u_004398,test,2024-12-05,KR,3423,26683,57,2.03,1
u_007914,test,2024-12-03,KR,7034,59398,114,6.44,1
u_007173,control,2024-11-06,KR,6338,56948,139,3.77,1
u_006567,control,2024-12-22,KR,5766,43315,96,2.59,0
u_007179,control,2024-11-22,US,6023,41327,98,2.87,1
u_011344,test,2024-11-02,KR,4517,40589,66,4.1,1
u_003451,test,2024-11-13,JP,5616,38792,88,3.59,1
u_010923,test,2024-11-15,US,5790,52822,91,3.84,0
u_012040,control,2024-12-11,US,3735,28386,45,1.25,0
u_006300,control,2024-11-18,KR,6875,50820,118,3.54,0
u_009338,test,2024-12-13,JP,4529,37552,89,2.39,1
u_005959,control,2024-11-16,KR,5411,31316,71,2.01,1
u_001685,test,2024-11-08,KR,5561,45161,98,3.86,1
u_001674,control,2024-12-23,JP,5445,51543,95,2.76,0
u_012686,test,2024-12-27,JP,4049,31133,73,0.79,0
u_014629,control,2024-12-31,KR,5158,37678,74,3.25,1
u_006838,test,2024-12-03,KR,4383,31821,59,2.76,0
u_004490,test,2024-12-04,US,6585,60444,125,6.12,0
u_009088,control,2024-12-28,US,4186,28965,45,3.02,0
u_009805,test,2024-12-21,KR,2857,21531,37,1.61,0
u_002708,test,2024-11-23,KR,7242,46863,98,2.41,1
u_004006,test,2024-12-29,KR,8307,67631,105,7.2,1
u_007073,test,2024-12-19,KR,6096,48651,108,2.88,1
u_001362,control,2024-12-03,US,7305,44956,91,3.33,0
u_006028,control,2024-12-09,JP,2900,18534,29,0.98,0
u_008395,test,2024-11-26,KR,3753,32670,75,3.53,1
u_010403,control,2024-11-23,JP,7041,52823,119,2.99,1
u_012882,control,2024-11-13,KR,6779,52483,111,1.66,1
u_013967,control,2024-11-05,US,7065,33386,59,1.82,1
u_006010,control,2024-11-18,KR,976,9142,18,0.98,0
u_009619,test,2024-12-09,KR,5537,39726,90,3.39,1
u_011650,test,2024-12-02,KR,5515,36236,86,2.5,0
u_012510,control,2024-11-28,KR,2167,17298,28,1.16,0
u_006308,control,2024-12-24,US,4487,34183,73,3.17,0
u_001338,control,2024-12-15,KR,3026,25281,40,2.32,0
u_001134,control,2024-12-08,JP,4679,34765,84,1.45,0
u_007563,control,2024-12-22,KR,6016,48689,77,2.46,1
u_009627,control,2024-11-11,KR,2224,12402,20,1.22,0
u_010170,control,2024-12-15,KR,3286,23174,39,1.52,1
u_007620,test,2024-11-21,KR,2959,21129,34,1.11,1
u_000283,control,2024-12-24,KR,4405,33741,76,1.82,1
u_013385,test,2024-11-28,KR,1363,9653,21,0.68,0
u_010261,control,2024-11-05,KR,6215,50839,121,3.35,1
u_009679,control,2024-11-30,KR,8017,61665,107,2.81,1
u_013416,test,2024-12-26,KR,7372,52201,128,5.27,1
u_000259,test,2024-11-07,KR,5586,36047,75,1.6,1
u_007204,test,2024-12-25,KR,7992,62906,108,3.33,1
u_006034,test,2024-12-06,KR,6432,45323,109,3.18,1
u_002795,test,2024-11-25,JP,5580,42661,80,3.67,1
u_013100,control,2024-11-30,KR,4078,34146,72,2.9,1
u_002424,control,2024-11-17,KR,4129,36518,78,3.88,1
u_008756,test,2024-12-27,JP,7493,60978,112,4.59,0
u_002359,test,2024-11-11,JP,5598,54063,114,3.06,1
u_006192,test,2024-11-23,US,6934,57065,119,3.29,1
u_014482,test,2024-11-14,KR,5980,52022,122,5.36,1
u_007755,test,2024-11-17,JP,6097,53446,125,4.85,0
u_003659,test,2024-11-04,KR,5080,41129,99,1.85,1
u_012011,test,2024-12-05,US,3726,28602,50,2.82,0
u_009949,test,2024-12-10,KR,3466,23076,37,2.22,0
u_001506,test,2024-12-11,KR,5228,37601,85,2.69,1
u_010479,test,2024-11-20,KR,5803,35721,59,2.13,0
u_000642,test,2024-12-20,US,8030,42234,87,3.92,1
u_010749,test,2024-11-13,KR,5174,28271,57,0.88,1
u_001611,test,2024-12-21,KR,6944,61636,115,1.93,1
u_012186,test,2024-11-04,KR,7078,52442,89,5.62,1
u_004228,test,2024-12-21,JP,6563,50211,93,3.53,0
u_007150,control,2024-11-26,KR,3202,24212,56,1.72,0
u_004365,test,2024-11-14,KR,4525,34555,57,2.86,0
u_000716,test,2024-12-17,JP,3415,19028,44,1.47,0
u_014171,control,2024-12-28,KR,7909,50193,112,1.32,1
u_003494,control,2024-11-15,KR,5763,42614,76,2.02,0
u_010087,test,2024-11-05,KR,6064,35001,79,0.94,1
u_014490,test,2024-12-06,JP,5718,46133,88,3.26,0
u_014228,test,2024-12-22,KR,4771,35576,66,3.46,1
u_009755,control,2024-11-02,KR,5846,42612,76,4.15,1
u_003860,control,2024-12-05,KR,7242,41562,63,2.55,1
u_000637,test,2024-11-04,KR,7869,72378,113,5.58,0
u_010097,control,2024-11-21,KR,2610,17685,40,1.08,0
u_011823,test,2024-11-05,KR,3224,22023,33,1.2,1
u_008995,control,2024-11-23,US,7444,50159,106,2.24,1
u_006472,test,2024-11-18,KR,5199,29038,49,0.77,1
u_000301,control,2024-11-07,KR,5038,38278,74,2.08,0
u_011269,test,2024-11-04,KR,5954,53435,125,3.29,1
u_010031,control,2024-12-05,JP,4690,32073,56,2.04,0
u_012894,control,2024-11-14,KR,6153,42186,70,2.65,1
u_004887,control,2024-11-30,KR,5572,42163,79,4.3,1
u_010611,control,2024-12-08,US,2762,17016,36,0.85,0
u_002200,control,2024-11-30,KR,1684,14844,23,0.6,0
u_006819,control,2024-11-18,US,8685,61251,122,3.73,0
u_001165,control,2024-12-20,KR,6695,57658,132,4.39,1
u_001689,control,2024-12-21,KR,6175,40558,91,3.96,1
u_012049,test,2024-12-04,US,2165,16399,39,1.19,1
u_011677,control,2024-12-20,KR,8469,54982,119,3.36,0
u_000250,test,2024-12-28,JP,4235,27750,56,2.93,1
u_010394,control,2024-12-20,KR,7770,51918,103,5.43,0
u_012176,test,2024-11-20,US,1805,12290,27,0.86,0
u_000583,control,2024-11-20,JP,6293,57065,140,3.85,1
u_010292,control,2024-11-14,KR,3095,24737,45,2.52,0
u_004896,control,2024-12-02,KR,5536,42636,103,1.85,1
u_011792,control,2024-12-05,KR,810,5222,9,0.49,0
u_011386,control,2024-11-24,JP,7405,70065,128,6.07,0
u_004311,control,2024-11-23,US,3716,22967,55,2.43,0
u_004945,test,2024-11-13,JP,8374,63513,121,2.7,1
u_001213,test,2024-11-25,KR,4510,33734,80,3.57,1
u_013772,test,2024-11-15,JP,5408,38381,88,3.18,1
u_003696,control,2024-11-14,KR,3837,23799,52,1.39,1
u_006850,test,2024-12-04,KR,8607,61159,126,4.31,1
u_002189,test,2024-11-28,KR,7338,57692,121,3.68,1
u_000365,control,2024-11-17,KR,6447,40579,75,1.14,1
u_009904,test,2024-11-23,JP,3106,20973,50,1.89,0
u_002455,control,2024-11-24,US,3650,28057,59,3.05,0
u_008006,control,2024-11-09,KR,6269,40375,72,4.05,0
u_007358,control,2024-12-17,KR,2623,22809,41,1.52,1
u_005765,control,2024-11-20,US,1346,9147,22,0.64,0
u_002607,test,2024-12-12,JP,5901,44809,85,4.56,1
u_003499,control,2024-12-02,KR,2093,14543,32,0.41,0
u_000613,test,2024-12-01,KR,6134,51265,89,4.2,1
u_010125,control,2024-12-21,KR,8113,53952,125,3.07,1
u_003817,test,2024-12-11,KR,3256,23866,43,1.74,1
u_013998,control,2024-11-20,KR,7251,61083,123,1.53,1
u_002211,control,2024-11-01,KR,3640,23042,47,0.77,1
u_003209,test,2024-11-12,KR,4160,40849,86,4.06,0
u_010153,control,2024-12-30,US,7497,39861,67,1.45,1
u_004098,control,2024-12-26,JP,6111,28886,68,2.56,1
u_014713,test,2024-11-21,KR,1945,13333,32,0.6,1
u_010518,test,2024-11-05,KR,1565,12030,24,0.94,1
u_002024,control,2024-11-10,KR,5785,37368,68,1.27,1
u_007510,test,2024-12-31,KR,6470,53315,96,3.97,1
u_007149,control,2024-12-02,KR,4012,28323,50,2.96,1
u_005688,control,2024-12-02,KR,4443,35133,63,2.63,0
u_004527,control,2024-11-16,KR,7049,41738,89,4.09,1
u_002026,control,2024-11-05,JP,2460,17480,32,0.74,1
u_008252,test,2024-12-18,KR,5926,42547,90,4.19,1
u_004987,test,2024-11-03,US,7944,54692,130,4.06,1
u_012995,control,2024-11-04,KR,5328,31201,51,1.52,1
u_009339,test,2024-12-05,KR,8499,73019,127,3.54,1
u_002420,control,2024-12-26,JP,6408,55081,93,1.9,0
u_003275,control,2024-12-04,KR,4717,33477,61,1.27,1
u_011665,test,2024-11-04,KR,3166,22054,37,2.41,1
u_003432,control,2024-11-06,KR,5420,43895,83,4.81,1
u_004165,control,2024-11-26,US,4427,34340,64,2.28,1
u_013099,control,2024-11-04,KR,3697,20319,33,1.23,1
u_006734,test,2024-12-24,JP,2008,15342,24,1.65,0
u_009535,control,2024-11-16,JP,4843,31103,65,1.3,0
u_006638,control,2024-11-24,KR,5540,40711,73,2.88,0
u_011707,control,2024-11-21,KR,4610,37121,65,3.29,0
u_009095,test,2024-12-01,JP,7358,57810,97,5.85,1
u_011432,test,2024-11-01,JP,9067,71134,124,6.09,0
u_001536,test,2024-12-30,KR,8146,60222,129,6.12,1
u_006119,test,2024-11-02,US,3163,28974,58,2.18,0
u_010319,test,2024-12-13,JP,6163,48402,114,1.98,1
u_012950,test,2024-12-05,KR,4868,39633,68,3.06,1
u_010215,control,2024-12-01,KR,4221,34083,78,3.36,1
u_007343,test,2024-11-17,US,5437,39646,68,3.22,0
u_003987,control,2024-11-26,JP,2639,13242,22,1.25,1
u_004443,control,2024-11-02,US,4430,37636,78,3.92,0
u_004654,test,2024-11-21,JP,3769,28838,46,2.47,1
u_005870,test,2024-12-19,KR,3872,20782,45,1.63,1
u_006512,control,2024-12-19,KR,9532,78816,151,7.6,0
u_009854,control,2024-11-13,KR,2999,20123,41,1.97,0
u_010961,control,2024-11-06,KR,8733,77936,144,7.14,1
u_006147,control,2024-12-28,US,7787,47008,99,2.51,1
u_008581,control,2024-12-31,KR,6665,46582,78,4.01,0
u_012880,control,2024-12-09,KR,6182,48794,84,5.28,1
u_011628,test,2024-12-09,JP,8879,58203,135,3.36,0
u_000873,test,2024-12-09,KR,4210,29485,52,2.16,0
u_012181,test,2024-12-19,JP,5452,41837,84,3.92,1
u_000675,control,2024-12-03,KR,2264,13587,28,0.46,1
u_010599,control,2024-11-14,KR,6650,43494,90,2.11,1
u_001570,test,2024-11-13,JP,3973,33309,70,2.99,0
u_006724,test,2024-12-08,KR,6404,49915,112,2.78,1
u_001769,control,2024-12-27,KR,5238,35370,70,2.1,1
u_002889,test,2024-12-21,JP,4475,34512,63,1.21,1
u_007450,test,2024-11-23,KR,6306,44008,73,2.56,1
u_008589,control,2024-11-28,KR,5109,28383,70,1.28,1
u_014603,test,2024-11-09,KR,4362,33013,80,0.98,1
u_014838,test,2024-12-29,JP,7009,55028,131,4.48,1
u_008763,control,2024-11-27,JP,5209,41943,75,2.09,1
u_002449,test,2024-12-30,KR,5775,33570,75,3.38,1
u_001095,test,2024-11-19,KR,5318,42942,105,3.27,1
u_005072,control,2024-11-03,KR,4215,30537,52,1.27,1
u_004832,test,2024-11-19,KR,7512,48285,107,5.17,1
u_008642,control,2024-12-10,KR,5945,42796,80,3.77,1
u_002591,control,2024-12-07,JP,6033,50706,85,4.1,1
u_003779,test,2024-11-17,KR,2754,24893,37,2.07,0
u_004953,test,2024-11-21,KR,2768,14613,34,1.29,0
u_013850,control,2024-12-15,KR,5431,46919,109,4.11,0
u_001291,control,2024-12-21,US,3933,28949,56,1.67,0
u_001236,control,2024-11-30,US,4276,26746,43,2.57,1
u_007388,control,2024-12-11,JP,3440,24274,49,1.25,1
u_014000,test,2024-12-31,JP,6601,54439,95,3.38,0
u_005681,test,2024-12-18,US,4001,28505,51,3.11,0
u_000631,test,2024-11-08,KR,3010,22350,49,0.69,0
u_013466,test,2024-11-19,KR,5927,52961,109,4.64,1
u_000930,test,2024-12-31,KR,5799,55852,112,2.57,1
u_010510,control,2024-12-07,KR,5491,31972,61,1.91,0
u_006908,control,2024-11-08,KR,6597,57334,112,3.66,0
u_004600,test,2024-12-05,KR,3099,24424,44,1.13,0
u_013180,control,2024-11-10,KR,3252,21921,53,1.76,0
u_013167,test,2024-11-14,US,6935,45818,103,3.99,1
u_002236,test,2024-12-25,JP,9436,76652,131,3.25,0
u_004607,control,2024-12-03,US,4182,28317,45,2.04,0
u_012848,test,2024-11-02,KR,5361,50449,108,4.33,1
u_014599,control,2024-11-20,JP,2715,21743,33,0.59,1
u_005296,test,2024-11-09,KR,3440,28981,54,0.85,1
u_005110,test,2024-11-01,US,6267,53021,130,3.96,1
u_007869,control,2024-11-20,JP,6531,41395,69,1.29,1
u_008766,control,2024-12-09,JP,5953,39241,91,4.29,1
u_004954,control,2024-11-02,KR,7105,55535,95,2.95,1
u_008942,test,2024-11-02,KR,7751,77188,126,5.76,1
u_003041,test,2024-12-30,KR,6010,45064,68,1.22,1
u_004693,control,2024-12-29,JP,1817,13297,20,1.39,0
u_012332,test,2024-11-18,US,7471,55845,119,2.72,1
u_005767,control,2024-11-19,JP,9926,98247,231,2.64,1
u_005204,test,2024-12-19,KR,1769,16420,31,0.6,1
u_004597,test,2024-11-29,US,7316,62907,105,6.38,1
u_013404,control,2024-11-23,US,5376,38735,90,1.44,0
u_008525,test,2024-12-14,KR,8312,84233,146,6.02,1
u_014369,control,2024-11-02,KR,4747,30066,49,2.82,1
u_012460,control,2024-11-22,KR,7481,47586,84,2.36,1
u_013830,test,2024-12-23,KR,7152,64673,128,3.06,1
u_012384,test,2024-12-12,JP,4670,37792,64,1.32,1
u_007099,control,2024-11-20,KR,7173,45112,96,2.06,1
u_009872,test,2024-12-01,JP,3318,23158,47,1.21,1
u_014166,control,2024-11-19,JP,4817,26536,49,1.05,1
u_002291,test,2024-11-27,KR,3139,27214,63,1.47,0
u_003824,test,2024-12-05,JP,5971,51466,88,2.37,0
u_000955,control,2024-12-24,US,6598,45683,89,1.95,1
u_002083,test,2024-11-05,KR,6386,47423,110,3.18,1
u_002550,control,2024-11-20,US,4975,25769,48,2.09,1
u_011088,control,2024-11-14,JP,9124,75592,114,6.62,1
u_013164,control,2024-11-18,JP,5753,44354,73,1.28,1
u_000926,test,2024-11-19,KR,5293,44516,89,1.5,1
u_004779,test,2024-12-30,KR,6100,42830,86,4.3,1
u_004641,control,2024-11-24,KR,6089,33743,56,1.51,1
u_005442,test,2024-12-27,JP,4423,34462,59,1.33,0
u_007376,test,2024-12-17,US,5761,38746,91,3.18,0
u_010843,test,2024-12-31,KR,1216,6758,14,0.57,0
u_009890,test,2024-12-15,KR,7023,58071,131,3.74,0
u_004871,control,2024-12-15,JP,7182,64256,141,5.79,1
u_001032,control,2024-11-14,KR,4745,33545,78,2.82,0
u_008109,control,2024-11-05,US,1058,6994,13,0.28,0
u_004658,test,2024-11-03,KR,3995,36083,74,3.29,1
u_014998,control,2024-12-30,JP,3138,24122,54,2.06,1
u_014673,control,2024-12-25,KR,4394,30558,72,1.49,1
u_006778,control,2024-11-28,KR,9082,63289,104,6.34,1
u_011988,control,2024-12-08,JP,5646,41215,87,4.42,1
u_010549,test,2024-12-22,US,9132,57408,120,6.08,1
u_011111,test,2024-12-21,KR,4309,34911,85,1.06,0
u_012383,control,2024-11-13,KR,7539,67250,152,3.3,0
u_010814,control,2024-11-30,KR,6527,49075,117,3.33,1
u_014517,control,2024-11-05,KR,4410,30063,59,1.41,0
u_005871,control,2024-11-01,KR,7333,53217,119,4.97,1
u_012597,control,2024-11-18,JP,6885,52948,115,3.09,1
u_001419,control,2024-11-15,KR,5773,38657,66,1.58,0
u_014454,test,2024-11-11,KR,3872,34318,56,1.01,1
u_011040,test,2024-12-27,US,3528,25631,38,1.51,1
u_010939,test,2024-12-13,KR,4513,39264,85,4.15,1
u_003578,test,2024-12-30,JP,132,1539,2,0.16,0
u_005850,test,2024-11-08,KR,8200,69117,135,6.47,1
u_009218,test,2024-11-08,KR,4236,33475,73,2.41,0
u_000932,control,2024-12-18,KR,6087,42780,103,1.67,0
u_006051,test,2024-11-09,US,9807,69680,150,6.75,1
u_014602,test,2024-12-18,US,2350,22223,39,2.1,1
u_012632,control,2024-12-05,KR,7570,48432,79,1.63,1
u_000569,test,2024-11-05,JP,6832,38044,65,4.13,1
u_005286,control,2024-11-13,KR,4145,28785,44,1.93,1
u_011414,test,2024-11-04,US,4889,32319,62,3.52,0
u_006719,test,2024-11-22,KR,8582,66683,156,4.36,0
u_009881,test,2024-11-18,JP,3141,21578,41,0.97,1
u_010020,control,2024-11-26,KR,3082,19452,45,1.22,0
u_001610,control,2024-12-24,KR,5239,42064,80,1.73,1
u_004542,test,2024-12-07,KR,8844,78646,179,6.35,1
u_007534,control,2024-12-14,US,3720,20820,49,0.77,1
u_001796,test,2024-12-25,KR,5515,44711,90,2.76,1
u_000435,test,2024-11-16,KR,1006,7335,17,0.49,0
u_012698,control,2024-11-04,JP,7149,56738,95,4.27,0
u_008707,control,2024-11-22,KR,5813,37647,83,1.54,1
u_008171,test,2024-11-19,JP,4989,39583,83,3.14,1
u_014722,control,2024-11-16,KR,3519,22713,38,1.46,0
u_013094,test,2024-12-30,US,6621,50306,84,3.14,1
u_005931,test,2024-11-27,KR,7210,72006,143,5.43,0
u_004510,control,2024-12-27,KR,7927,65692,138,2.33,0
u_009956,test,2024-11-18,US,7454,49309,93,3.35,0
u_004830,control,2024-11-13,KR,7369,57426,117,6.21,1
u_005239,control,2024-12-02,US,5050,36042,88,3.42,1
u_008922,control,2024-12-22,KR,3813,29909,59,1.36,1
u_014224,control,2024-12-20,KR,4370,34226,67,2.19,0
u_001532,control,2024-12-21,US,5461,33740,71,2.25,1
u_005715,control,2024-11-09,KR,8859,63364,158,5.94,1
u_014239,control,2024-12-28,KR,4691,24151,39,0.62,1
u_011403,test,2024-12-18,JP,5024,36361,73,1.2,0
u_007812,test,2024-12-01,KR,7246,66520,127,2.23,1
u_014520,test,2024-12-31,JP,4632,37093,63,2.84,1
u_008417,control,2024-11-23,KR,4906,37740,93,2.91,1
u_001755,test,2024-11-28,KR,6254,50756,102,4.79,0
u_004579,test,2024-12-07,US,5154,48211,74,2.15,1
u_001064,control,2024-12-18,JP,6894,50082,101,3.21,1
u_014541,control,2024-11-18,US,6893,34141,56,0.92,1
u_007227,test,2024-11-09,KR,3518,27598,66,2.58,0
u_009508,test,2024-11-26,US,4431,33475,59,3.49,1
u_013648,test,2024-12-30,JP,5755,50077,111,5.49,1
u_001005,control,2024-11-27,KR,1787,13692,32,1.43,0
u_007831,control,2024-12-10,JP,7145,53859,130,2.83,1
u_004222,control,2024-12-09,KR,3387,24788,60,1.47,0
u_000231,control,2024-12-12,KR,6009,42531,97,2.0,1
u_006314,control,2024-11-10,JP,4804,27281,67,0.9,0
u_004419,control,2024-12-05,KR,7119,50596,83,3.37,1
u_002515,test,2024-11-20,KR,3660,36672,63,1.34,1
u_006315,test,2024-12-20,US,8000,67331,150,3.03,1
u_009862,test,2024-12-18,US,3369,22144,51,1.66,0
u_003397,control,2024-11-12,JP,4653,27882,52,2.83,0
u_002831,control,2024-11-19,KR,6410,49652,95,3.08,1
u_008919,control,2024-12-25,KR,3453,28190,65,2.63,1
u_005357,test,2024-11-12,JP,7054,53916,84,3.88,1
u_010748,control,2024-11-08,KR,5150,36801,90,2.36,1
u_014649,test,2024-12-23,KR,6736,64305,113,5.05,1
u_009014,control,2024-12-01,KR,6230,43099,79,3.45,0
u_004200,test,2024-11-23,KR,3941,26184,57,0.75,1
u_010601,control,2024-12-24,KR,6647,44545,98,2.86,0
u_012148,test,2024-11-23,US,4459,35036,68,2.4,0
u_003735,control,2024-11-30,US,5072,31368,67,1.29,0
u_010535,control,2024-11-03,JP,7408,50721,102,4.28,0
u_002513,test,2024-12-11,JP,4241,25189,42,2.76,0
u_000261,control,2024-12-20,KR,1921,14708,30,1.07,0
u_010696,test,2024-12-24,US,5491,39517,59,2.31,1
u_009294,test,2024-11-30,US,6543,44159,79,1.85,1
u_012429,test,2024-12-20,JP,6609,56242,110,1.86,1
u_011760,test,2024-11-12,JP,3977,26561,55,1.13,0
u_001259,test,2024-11-27,US,6294,47859,92,2.54,1
u_004956,test,2024-11-12,KR,4205,38989,77,2.1,1
u_013444,control,2024-11-22,JP,5044,26456,66,2.57,0
u_001028,test,2024-12-27,KR,4622,42379,100,4.38,1
u_007126,control,2024-11-11,KR,4027,20334,41,1.8,0
u_001179,control,2024-12-14,KR,4692,33932,72,2.27,1
u_011796,test,2024-12-24,US,5401,30289,65,0.86,1
u_004736,test,2024-12-12,KR,6736,40857,80,2.62,1
u_002100,test,2024-12-28,US,7956,60321,104,6.33,0
u_005186,test,2024-11-29,US,3693,24876,46,2.02,1
u_005282,test,2024-12-27,KR,4076,29549,56,3.07,0
u_003913,test,2024-11-28,KR,7364,57909,88,1.8,1
u_011931,control,2024-11-02,JP,3909,30094,47,3.28,1
u_001795,test,2024-11-11,US,5157,48341,74,2.79,0
u_005724,test,2024-12-31,KR,4827,42880,71,2.86,1
u_010712,test,2024-11-13,KR,3667,26507,54,1.19,0
u_008803,test,2024-11-25,KR,5399,39395,74,3.91,0
u_005910,control,2024-12-22,KR,8760,44553,84,4.41,1
u_012039,control,2024-12-12,KR,4709,33017,49,1.14,0
u_003934,control,2024-12-13,KR,4612,25335,61,2.41,1
u_011773,test,2024-12-28,KR,6297,54245,85,2.7,1
u_001145,control,2024-11-30,JP,7096,63048,120,4.05,1
u_005439,control,2024-11-04,JP,4812,43503,83,2.24,1
u_008899,test,2024-11-09,KR,4520,37886,75,2.08,0
u_003699,test,2024-11-09,KR,5814,50192,76,1.44,0
u_005813,control,2024-12-07,JP,6311,43776,93,3.46,1
u_001485,control,2024-11-13,KR,3670,22410,40,0.8,0
u_000733,control,2024-11-02,KR,3581,32075,59,1.93,1
u_000894,test,2024-12-23,KR,3602,19956,42,1.35,1
u_013706,test,2024-12-11,KR,5339,46835,95,1.19,1
u_009299,control,2024-12-28,KR,5677,43721,78,2.73,0
u_005814,control,2024-12-28,JP,4600,28825,47,2.99,1
u_006112,test,2024-12-09,JP,4298,34742,85,3.17,1
u_011509,test,2024-12-07,JP,4964,37469,70,4.12,1
u_012328,test,2024-12-29,US,7771,55208,85,5.56,1
u_000939,test,2024-11-11,KR,4021,31344,75,0.81,0
u_003453,test,2024-12-31,KR,3973,40324,65,4.07,1
u_009036,test,2024-12-09,KR,6240,34235,61,2.6,1
u_009770,test,2024-12-05,KR,3703,27466,63,1.72,0
u_001495,control,2024-11-11,JP,6353,50488,82,3.7,0
u_004539,test,2024-11-20,JP,9057,59872,111,6.54,1
u_006644,control,2024-11-03,KR,6089,45790,83,2.43,1
u_004004,test,2024-12-31,KR,3879,28852,50,0.77,0
u_007761,test,2024-11-24,KR,2637,20965,45,1.27,1
u_011838,control,2024-12-24,KR,4219,30829,75,2.88,1
u_012088,control,2024-11-29,KR,6666,36024,64,3.42,1
u_014175,control,2024-11-05,KR,7529,37442,70,1.42,1
u_013225,control,2024-12-29,US,2491,15818,31,0.96,0
u_002450,control,2024-11-30,JP,4297,26369,51,1.61,0
u_005895,control,2024-11-27,KR,3437,20786,49,0.6,0
u_002876,control,2024-12-08,US,6970,52435,120,5.2,1
u_006940,control,2024-11-06,KR,5543,35662,64,2.05,0
u_003944,test,2024-12-12,US,7617,64340,113,5.25,0
u_008471,test,2024-12-12,JP,7032,54448,129,2.16,1
u_011240,control,2024-11-29,JP,3901,28723,61,2.9,1
u_010157,control,2024-12-11,KR,5493,41806,94,3.51,1
u_006530,test,2024-12-25,JP,4830,36185,68,1.75,1
u_006105,test,2024-11-18,KR,7742,49991,117,2.79,1
u_006772,test,2024-12-31,KR,5601,34854,71,2.89,0
u_006132,test,2024-12-12,US,3542,31145,56,2.12,1
u_001896,test,2024-11-04,KR,4923,30520,56,1.7,1
u_006209,control,2024-11-17,KR,6520,55796,133,1.59,1
u_014270,test,2024-12-17,KR,6290,46390,88,4.36,1
u_007466,test,2024-12-23,KR,6595,47676,115,3.52,1
u_010550,test,2024-12-22,KR,2999,23902,48,2.44,0
u_002793,control,2024-11-19,JP,6904,52359,99,5.22,0
u_014967,test,2024-11-16,KR,5046,28933,67,2.35,0
u_013320,test,2024-12-02,KR,5559,44761,67,4.17,0
u_012141,test,2024-12-08,KR,5649,46191,83,2.55,1
u_003750,control,2024-12-15,KR,6061,36454,80,1.53,0
u_004890,control,2024-12-12,KR,8453,78443,184,5.59,0
u_005609,control,2024-12-13,JP,5057,39546,61,3.27,0
u_007967,test,2024-11-18,US,8661,69674,134,7.59,1
u_009179,test,2024-11-04,JP,6879,68182,159,4.15,1
u_006929,test,2024-11-13,KR,7782,57619,138,2.62,1
u_007852,test,2024-12-18,US,6644,53678,100,1.56,1
u_011222,test,2024-12-09,KR,5916,53089,90,2.57,1
u_002555,control,2024-11-24,US,5370,41527,94,1.58,1
u_008324,control,2024-12-20,KR,5724,42808,80,2.56,1
u_009168,control,2024-12-13,US,6606,51549,100,2.77,1
u_010856,test,2024-12-18,KR,8147,77862,146,7.57,0
u_006116,test,2024-12-24,JP,4411,37343,64,1.26,1
u_000680,test,2024-11-22,KR,7737,52114,104,4.23,0
u_008201,control,2024-11-15,US,3739,28007,63,2.47,1
u_014866,control,2024-11-19,US,4335,30396,59,2.98,0
u_008116,test,2024-12-03,KR,3761,29549,54,2.18,1
u_012828,test,2024-11-16,JP,6641,43498,75,4.68,1
u_008699,test,2024-12-30,KR,2434,20654,40,1.42,0
u_004984,control,2024-11-29,JP,4874,35575,79,3.03,1
u_005222,control,2024-11-22,JP,1688,13012,27,1.29,0
u_007954,control,2024-12-11,US,5246,34558,75,0.98,1
u_007306,test,2024-11-30,KR,4197,32657,67,1.91,1
u_013513,control,2024-12-07,KR,5474,34273,71,2.18,1
u_001699,control,2024-11-07,JP,3953,20923,42,1.0,1
u_000255,control,2024-12-21,KR,6050,37256,59,1.54,1
u_012556,control,2024-11-12,KR,8085,62095,142,4.56,1
u_013515,test,2024-11-16,JP,4871,34721,59,2.35,1
u_008815,control,2024-12-03,KR,2690,17347,39,0.75,1
u_012404,test,2024-11-18,JP,6534,49171,95,1.27,1
u_009030,control,2024-12-25,JP,4972,36680,63,2.93,1
u_014453,control,2024-11-02,KR,4206,26532,63,0.96,1
u_011279,control,2024-11-19,KR,7078,48696,73,3.97,1
u_014768,test,2024-11-27,KR,6524,51622,84,3.23,1
u_014717,control,2024-11-07,US,3916,27365,47,1.7,1
u_009954,test,2024-12-18,KR,4059,30187,71,3.0,1
u_009045,control,2024-12-15,KR,4559,26912,57,0.68,1
u_012459,control,2024-11-02,KR,4054,27871,57,2.38,0
u_013672,control,2024-11-15,KR,3386,20052,40,1.08,1
u_013178,control,2024-11-09,KR,6147,44500,109,4.36,1
u_006702,control,2024-12-13,KR,6942,46239,109,5.04,1
u_009504,control,2024-11-23,US,5109,37037,75,1.41,1
u_005504,control,2024-11-18,JP,4491,34746,59,2.73,1
u_009878,test,2024-11-28,JP,8734,75914,116,5.98,1
u_008241,control,2024-11-05,KR,7472,41409,66,1.16,1
u_014546,test,2024-12-01,US,5324,38350,87,2.66,0
u_011277,test,2024-12-10,KR,5162,27302,65,1.54,0
u_006639,control,2024-12-27,KR,4267,30212,74,2.58,1
u_002946,control,2024-12-22,US,5337,40148,83,2.51,1
u_007837,test,2024-11-15,JP,7005,57942,96,4.5,1
u_008381,control,2024-11-06,KR,4362,25863,45,2.65,1
u_013221,test,2024-12-12,JP,4041,23698,45,2.31,0
u_013415,control,2024-11-02,JP,7074,53303,129,2.35,1
u_009604,control,2024-12-10,KR,7984,52003,78,2.45,1
u_008236,control,2024-12-15,KR,6093,42203,84,2.63,1
u_002898,test,2024-11-21,JP,4215,32028,52,2.56,1
u_007405,test,2024-12-03,KR,8446,59993,127,1.6,1
u_014221,control,2024-11-23,KR,8622,62134,95,3.76,0
u_012187,test,2024-12-13,JP,7391,56632,132,5.88,1
u_011828,test,2024-11-25,KR,3827,20964,35,1.91,1
u_005043,test,2024-11-10,KR,6794,57974,137,5.62,0
u_003435,test,2024-12-19,KR,5209,34730,67,2.13,0
u_012766,test,2024-11-19,JP,8288,75658,144,4.39,0
u_013995,test,2024-11-13,KR,4488,40926,90,3.35,0
u_003936,test,2024-11-09,KR,1799,12515,24,1.02,0
u_009521,test,2024-12-28,JP,5009,29519,45,1.8,0
u_008615,control,2024-12-28,KR,5694,40787,98,3.68,1
u_002548,control,2024-11-26,KR,3243,24601,59,2.35,0
u_003652,test,2024-11-20,KR,7364,63399,146,5.46,1
u_001723,control,2024-11-06,KR,8818,65617,142,3.51,0
u_007230,test,2024-11-19,JP,2938,22508,40,2.03,0
u_010075,test,2024-12-22,US,6953,67693,131,2.81,0
u_006544,control,2024-11-30,KR,6168,42653,95,2.16,1
u_012859,control,2024-12-06,KR,3904,24238,48,2.53,0
u_009200,test,2024-12-24,KR,6333,59798,141,2.52,1
u_002678,test,2024-11-04,JP,7659,46783,72,4.65,1
u_011548,test,2024-11-07,KR,7079,42555,77,2.71,0
u_009121,test,2024-11-14,KR,3856,27158,58,0.78,1
u_009591,test,2024-12-13,KR,7044,52859,88,4.03,1
u_013567,control,2024-12-18,KR,6069,43265,72,2.98,0
u_007604,control,2024-12-14,KR,3788,28271,61,1.39,1
u_000496,control,2024-12-17,US,5842,41456,77,2.95,1
u_007007,control,2024-11-20,JP,3286,28349,50,2.66,0
u_007959,test,2024-12-03,JP,5949,46530,79,4.25,1
u_002142,test,2024-12-15,KR,7408,51663,107,5.36,0
u_001115,control,2024-11-09,KR,8538,66334,118,2.37,1
u_009166,test,2024-12-10,KR,5100,39857,75,3.84,1
u_000463,test,2024-12-21,KR,6666,52196,89,2.44,1
u_012014,control,2024-11-06,US,6926,47540,91,2.52,1
u_014969,control,2024-12-15,JP,4375,24188,51,1.22,1
u_013945,test,2024-11-06,JP,5803,32849,61,2.28,1
u_013418,test,2024-12-20,KR,3463,28216,66,2.17,1
u_000871,control,2024-11-21,KR,5478,38908,72,1.43,1
u_002227,control,2024-12-20,KR,1731,10042,23,0.94,0
u_001461,test,2024-11-04,JP,5775,38102,73,2.05,0
u_010541,test,2024-11-01,US,5701,54506,122,3.32,1
u_014257,test,2024-12-28,KR,3889,30409,59,2.46,1
u_013145,test,2024-11-29,JP,4048,31702,50,1.12,0
u_000147,control,2024-12-24,JP,6219,46878,88,4.2,1
u_009540,control,2024-12-03,KR,5616,40409,96,3.18,1
u_000281,test,2024-12-12,US,4718,42638,101,4.24,1
u_007513,control,2024-11-30,KR,6292,49600,96,4.13,1
u_014067,control,2024-11-30,US,5737,43623,83,1.43,1
u_008594,control,2024-12-11,KR,4451,30879,65,2.38,0
u_009102,control,2024-12-27,KR,4171,24386,55,2.55,1
u_001181,test,2024-11-03,KR,3054,27022,58,2.85,0
u_013353,test,2024-12-20,KR,3657,24964,41,1.97,0
u_011241,test,2024-12-17,KR,3113,13338,23,1.2,1
u_007581,test,2024-11-08,KR,6530,52175,100,5.44,1
u_005240,control,2024-12-15,US,2454,12119,26,0.62,1
u_006425,control,2024-11-27,KR,3388,22501,55,1.74,1
u_002064,control,2024-11-21,KR,5678,42993,98,4.61,0
u_010006,control,2024-11-04,KR,8662,65186,153,6.69,1
u_004966,control,2024-11-13,KR,4716,31912,70,0.88,1
u_010604,control,2024-11-23,KR,5353,33103,60,3.33,0
u_011418,control,2024-12-16,KR,5536,37570,89,1.21,1
u_000591,test,2024-11-14,KR,6890,55050,95,5.36,0
u_000432,test,2024-12-18,KR,7204,45344,79,4.73,0
u_001563,control,2024-11-08,KR,4199,26558,48,1.76,1
u_007330,test,2024-12-01,KR,5989,58989,122,1.76,1
u_011046,test,2024-11-05,KR,4702,35991,69,2.08,0
u_006571,test,2024-12-22,KR,6849,46142,83,2.23,0
u_000068,test,2024-12-27,KR,5764,39384,69,2.22,1
u_012515,test,2024-12-02,JP,5697,55218,117,5.8,0
u_002929,control,2024-12-05,KR,7859,62911,138,5.23,0
u_008705,test,2024-12-21,KR,3715,31937,63,3.08,1
u_012806,test,2024-12-26,KR,4998,43428,78,3.36,1
u_010574,control,2024-11-17,KR,7608,48805,91,5.14,1
u_013989,test,2024-11-06,US,7561,49993,87,2.21,0
u_008077,test,2024-11-30,JP,5141,31882,61,1.47,0
u_005187,control,2024-11-29,JP,8737,68737,105,3.04,1
u_008806,test,2024-11-30,KR,8805,55369,113,3.27,0
u_005880,test,2024-11-30,JP,4380,33544,74,1.5,1
u_000646,control,2024-11-04,KR,4741,24262,55,2.14,0
u_002734,test,2024-12-23,KR,5025,47082,111,1.84,0
u_005384,control,2024-12-15,US,7708,68044,118,2.12,1
u_011324,control,2024-12-20,US,6737,57793,93,4.51,1
u_011719,test,2024-11-08,KR,6688,53343,132,5.51,1
u_010598,control,2024-12-16,KR,2400,13941,32,1.36,1
u_005420,control,2024-11-01,KR,8219,60357,148,2.94,1
u_005404,test,2024-11-27,KR,5175,30574,74,0.86,1
u_004071,control,2024-12-12,KR,9779,74524,177,3.28,1
u_006886,test,2024-12-20,KR,7219,54407,106,1.69,1
u_001704,control,2024-11-20,KR,4751,27787,42,1.16,1
u_002750,test,2024-11-04,JP,6671,60397,90,1.85,1
u_007147,control,2024-11-14,US,6123,39554,93,2.75,0
u_014317,control,2024-12-10,JP,6606,53906,95,5.49,1
u_002186,control,2024-11-14,US,5806,46823,74,4.97,1
u_008078,control,2024-11-29,KR,2546,15571,30,1.48,0
u_013316,control,2024-12-04,KR,6958,41695,102,3.45,1
u_009037,control,2024-12-09,KR,2946,21026,38,1.99,1
u_012949,test,2024-11-20,JP,6535,54166,87,5.49,1
u_001364,test,2024-11-24,KR,3778,30640,46,2.04,0
u_009236,control,2024-11-14,US,2360,17547,27,1.85,1
u_006370,control,2024-12-25,KR,7380,51981,124,3.56,1
u_006604,control,2024-11-11,KR,5096,38686,89,1.09,1
u_010627,test,2024-12-26,KR,6795,48979,107,2.63,1
u_003928,test,2024-11-16,KR,6199,32019,67,1.98,0
u_013344,control,2024-11-19,US,4973,43907,97,2.97,0
u_001889,control,2024-11-20,JP,3126,22191,42,1.58,1
u_002790,control,2024-12-08,US,5226,32780,52,2.69,0
u_006562,test,2024-11-17,US,3972,29469,63,1.97,1
u_009742,test,2024-12-07,KR,9146,73609,164,4.14,1
u_009033,control,2024-12-09,KR,2995,24322,58,1.18,0
u_013298,control,2024-12-13,KR,9684,59206,138,1.89,0
u_011596,control,2024-12-01,US,7728,47679,88,1.21,1
u_009125,test,2024-12-09,JP,4978,47173,108,3.02,1
u_004061,control,2024-12-04,US,5062,28150,58,3.05,0
u_007795,test,2024-12-02,KR,7359,60533,108,5.81,1
u_013084,test,2024-12-04,JP,5911,46817,83,1.68,1
u_013608,control,2024-11-19,KR,6493,53921,90,3.71,0
u_012625,control,2024-11-16,KR,5621,39893,79,2.48,0
u_014806,test,2024-12-10,JP,7152,62135,116,3.06,1
u_003809,control,2024-12-29,KR,5613,43617,90,2.12,1
u_012938,control,2024-12-11,KR,3974,22858,41,1.3,1
u_001793,control,2024-11-02,JP,2832,22495,47,2.33,0
u_000343,test,2024-11-06,KR,5678,46834,76,1.48,1
u_013279,test,2024-12-04,KR,8936,86027,204,5.12,0
u_012781,test,2024-12-01,US,4213,28943,60,2.28,0
u_009430,test,2024-12-28,KR,6436,50360,98,3.7,0
u_006932,test,2024-11-18,KR,6383,54664,115,1.81,0
u_014841,control,2024-12-15,KR,6690,51148,122,5.05,1
u_014013,test,2024-11-07,US,5351,32439,77,3.42,1
u_013317,test,2024-11-22,KR,8269,54825,91,4.12,1
u_006979,test,2024-12-02,KR,4363,32902,70,2.96,1
u_012330,test,2024-11-14,JP,4664,41132,97,1.9,1
u_004108,control,2024-11-14,JP,3629,30145,69,2.45,0
u_011291,test,2024-12-29,KR,8691,80534,186,7.23,1
u_010519,control,2024-11-29,KR,6109,40440,91,2.31,0
u_002101,control,2024-11-11,JP,7640,67810,158,6.17,0
u_008483,test,2024-11-06,JP,7103,51903,86,2.27,0
u_005876,test,2024-11-06,JP,4619,37563,64,3.1,0
u_013131,test,2024-12-29,KR,6609,42083,77,4.46,1
u_004096,control,2024-12-26,KR,7703,55776,84,3.79,1
u_007515,control,2024-12-18,KR,6900,45021,94,3.01,1
u_000704,control,2024-11-18,KR,2162,10518,25,0.79,0
u_006966,control,2024-11-04,JP,5114,37020,69,1.29,0
u_011849,control,2024-12-29,KR,7379,41802,101,2.28,0
u_005970,control,2024-12-21,KR,5702,48105,108,2.92,0
u_005417,test,2024-11-24,KR,6343,49934,106,4.31,0
u_001333,control,2024-11-28,US,5295,39773,92,2.55,1
u_000848,control,2024-11-09,KR,7461,36912,70,3.34,1
u_009796,test,2024-11-26,KR,5143,49747,98,3.91,0
u_009399,control,2024-11-15,US,5950,46835,90,4.48,1
u_010960,control,2024-11-04,KR,5059,41900,74,1.66,0
u_006191,test,2024-11-18,KR,4683,36681,88,2.29,1
u_008025,test,2024-11-06,KR,8507,57426,135,2.53,1
u_006707,control,2024-11-25,KR,4606,41127,89,3.09,1
u_012921,control,2024-11-01,KR,4179,30217,46,0.83,1
u_006196,test,2024-11-22,JP,3361,26171,52,1.42,0
u_013118,test,2024-12-02,JP,8057,68672,148,2.9,0
u_002547,control,2024-12-15,KR,2854,18747,40,1.67,1
u_010925,control,2024-11-02,KR,6822,52598,112,5.67,0
u_014311,test,2024-11-06,US,4499,32191,74,1.2,1
u_012409,test,2024-12-07,KR,8247,93462,202,4.88,1
u_011199,control,2024-12-23,KR,5320,35975,87,3.54,1
u_004247,control,2024-11-28,KR,3886,29390,65,0.92,0
u_004199,control,2024-12-05,JP,5181,43824,78,1.4,1
u_009534,control,2024-12-06,KR,1001,8286,17,0.75,0
u_004375,test,2024-11-21,KR,7293,64401,144,5.12,0
u_007629,test,2024-12-27,JP,5207,43473,73,4.31,1
u_000322,control,2024-12-04,KR,4043,32685,56,1.26,0
u_006271,test,2024-12-23,KR,5775,25071,45,0.96,1
u_007845,control,2024-12-16,KR,6752,45962,86,5.03,1
u_008462,control,2024-12-01,KR,4356,32123,60,2.92,1
u_002599,control,2024-11-15,US,8094,71842,136,7.73,1
u_009671,test,2024-12-01,KR,6635,45378,99,1.23,1
u_005488,test,2024-11-05,KR,7271,52758,122,4.6,0
u_000313,test,2024-12-25,KR,6011,48537,83,4.81,1
u_006785,test,2024-12-13,KR,4172,26101,47,1.32,1
u_014127,test,2024-11-06,KR,5494,36628,75,3.34,1
u_013057,control,2024-11-20,KR,4990,47156,113,4.45,1
u_007333,control,2024-11-14,JP,4797,23742,50,2.45,0
u_005106,control,2024-12-04,KR,7271,55584,84,2.75,1
u_013600,control,2024-12-15,KR,6397,40453,88,3.86,1
u_003186,test,2024-12-16,KR,6182,51764,87,3.59,1
u_004308,test,2024-12-27,KR,1828,14717,30,0.74,1
u_008057,test,2024-11-12,KR,6540,51832,124,1.68,1
u_012336,test,2024-11-30,KR,5046,33628,56,2.66,0
u_004316,control,2024-11-27,JP,7644,51210,87,4.55,0
u_002314,control,2024-11-20,KR,6548,55923,99,4.17,1
u_012801,test,2024-12-01,JP,7020,56461,95,3.07,1
u_014869,test,2024-11-09,KR,9896,78809,171,8.25,1
u_002918,control,2024-11-13,JP,7286,46779,113,2.27,0
u_008474,test,2024-11-15,KR,4365,32345,64,2.98,0
u_005375,control,2024-12-07,JP,2772,24131,54,1.33,1
u_014700,test,2024-11-11,KR,7398,50966,108,4.53,1
u_001517,test,2024-12-02,US,6400,44430,101,2.08,1
u_006794,control,2024-11-15,JP,5909,39644,97,1.47,1
u_007804,control,2024-11-15,KR,7045,43446,87,2.6,1
u_005638,control,2024-12-14,KR,4937,33398,73,1.96,0
u_013569,control,2024-12-15,US,5639,45804,77,4.84,1
u_004153,control,2024-11-22,KR,4281,38431,60,3.05,0
u_009138,control,2024-11-04,KR,6977,56078,114,3.12,1
u_011545,control,2024-12-31,US,7218,39703,61,1.87,1
u_009065,control,2024-11-18,KR,2268,14587,35,1.1,1
u_008017,test,2024-11-23,JP,5679,44923,90,1.92,1
u_006620,test,2024-11-19,KR,3363,34623,55,2.12,1
u_008772,control,2024-12-30,US,4484,34123,77,2.14,1
u_009189,control,2024-12-10,KR,3389,21924,41,1.55,0
u_001329,test,2024-12-13,US,2930,23407,51,0.94,0
u_004329,control,2024-12-15,US,6407,46647,85,5.11,1
u_007919,control,2024-12-25,KR,3316,14310,23,0.52,0
u_006329,control,2024-12-26,JP,5207,32290,48,2.2,0
u_012767,test,2024-12-18,KR,6149,52259,96,4.12,1
u_003284,control,2024-12-29,KR,100,2327,4,0.16,0
u_013835,test,2024-12-01,JP,6150,38129,65,1.52,1
u_000511,control,2024-11-13,US,2209,16500,36,0.5,0
u_008407,control,2024-12-01,KR,3883,21183,46,1.34,0
u_004942,test,2024-12-04,JP,5432,41971,95,1.86,1
u_002402,test,2024-12-22,US,4556,34527,61,3.18,1
u_000867,test,2024-12-19,JP,8535,63584,102,5.25,1
u_005312,test,2024-12-01,KR,7340,51827,104,5.65,1
u_003160,control,2024-11-22,KR,2771,18188,29,1.6,1
u_014943,control,2024-12-05,KR,6378,47566,95,2.87,0
u_007216,control,2024-12-25,KR,4478,36008,75,0.99,1
u_010203,control,2024-12-08,US,6933,46556,92,3.1,1
u_006290,test,2024-12-03,JP,5516,49509,94,3.23,0
u_011026,control,2024-11-06,JP,6560,52079,79,4.63,1
u_001186,test,2024-11-08,KR,4959,40083,60,4.25,1
u_009426,control,2024-12-15,KR,2972,24662,40,2.64,0
u_006880,control,2024-12-23,US,6700,51283,94,2.82,0
u_011840,test,2024-11-14,JP,2504,22472,43,1.36,1
u_004558,control,2024-11-04,KR,5017,27821,47,1.5,1
u_002784,test,2024-11-15,KR,7473,55544,116,2.59,1
u_001964,control,2024-12-02,KR,5613,34121,51,1.75,0
u_012019,test,2024-11-17,KR,5201,41755,80,3.05,0
u_003123,test,2024-12-13,US,7880,60466,123,4.8,1
u_008850,control,2024-12-06,KR,874,6877,12,0.61,0
u_008479,test,2024-12-19,JP,3551,25245,63,2.25,1
u_010436,control,2024-12-12,KR,2493,17460,35,1.46,1
u_002354,control,2024-12-17,US,7478,47922,73,3.36,1
u_010280,test,2024-12-23,KR,6310,63003,124,5.13,0
u_003775,test,2024-11-05,JP,7412,44701,70,4.85,0
u_002451,test,2024-11-09,JP,6323,33138,51,2.04,0
u_009552,control,2024-12-31,US,2494,14869,33,0.43,0
u_002201,control,2024-12-28,KR,3100,22530,35,1.5,0
u_011430,control,2024-12-02,KR,9512,60440,103,6.32,0
u_014639,control,2024-12-11,US,5025,29664,71,3.07,1
u_007994,control,2024-11-03,KR,3748,26343,57,1.68,1
u_014679,test,2024-11-11,KR,5997,48127,97,4.9,1
u_000660,test,2024-12-01,US,6917,45498,86,4.26,1
u_005227,test,2024-11-22,KR,4122,27808,61,2.49,1
u_000611,control,2024-12-02,JP,4170,26409,52,2.15,0
u_011915,control,2024-12-09,US,4607,30177,65,3.0,1
u_005834,control,2024-12-14,KR,5928,46902,75,3.85,1
u_010543,control,2024-12-20,KR,5636,46114,79,1.79,1
u_007518,test,2024-11-15,KR,8455,39740,61,1.21,0
u_007929,control,2024-11-22,KR,5432,27696,64,1.19,1
u_001792,test,2024-11-06,KR,7092,55195,106,3.81,1
u_006036,control,2024-11-13,KR,7431,62746,152,4.85,1
u_013980,control,2024-11-04,JP,4874,40432,94,3.36,1
u_000031,control,2024-11-15,KR,5311,28153,67,1.76,0
u_006761,test,2024-12-14,KR,6068,50132,92,2.61,1
u_005251,control,2024-11-14,US,5730,33840,63,3.08,1
u_014981,control,2024-11-18,JP,5776,39526,59,1.14,0
u_010817,control,2024-12-05,KR,5858,33491,72,2.17,1
u_007977,test,2024-12-21,KR,3957,27594,47,1.18,0
u_011047,test,2024-12-17,KR,5672,51905,111,3.26,1
u_013906,control,2024-11-20,JP,5985,44630,93,3.34,0
u_008641,test,2024-11-09,KR,4887,27805,54,1.24,1
u_000133,control,2024-12-30,JP,7371,65752,101,6.96,1
u_005915,control,2024-12-23,KR,5535,33285,64,1.54,1
u_001138,test,2024-12-23,JP,4343,32820,60,2.07,1
u_000449,control,2024-12-08,KR,7318,35919,66,3.3,1
u_001545,control,2024-11-18,KR,3239,21440,36,1.68,0
u_013436,test,2024-12-28,JP,8182,59079,135,5.45,1
u_010164,test,2024-11-03,JP,3599,21532,47,0.88,0
u_011268,test,2024-11-23,JP,837,5143,12,0.39,0
u_001568,test,2024-12-11,KR,6047,41190,83,3.14,1
u_005435,control,2024-11-22,KR,4109,26575,40,0.75,0
u_002559,test,2024-12-24,JP,3302,32204,69,0.97,0
u_012369,test,2024-11-09,KR,3783,32037,80,2.51,1
u_006397,test,2024-12-09,JP,7318,56222,91,2.29,0
u_013233,test,2024-12-22,JP,4919,33579,72,1.62,1
u_003868,control,2024-12-10,KR,3066,23863,48,2.06,1
u_010827,control,2024-12-08,KR,6891,52296,120,5.45,0
u_003838,test,2024-12-03,JP,8385,71697,144,4.3,1
u_001716,test,2024-11-05,JP,4368,34014,79,2.46,1
u_012351,test,2024-12-24,JP,3831,28434,58,1.17,1
u_004250,test,2024-11-26,JP,3543,27443,51,0.74,1
u_010453,test,2024-11-22,US,6727,46861,82,4.31,1
u_006032,test,2024-12-21,JP,5279,44768,69,4.89,1
u_013746,control,2024-11-20,US,6764,50686,105,3.26,1
u_000089,control,2024-11-25,KR,5339,28422,61,1.15,1
u_004442,test,2024-11-06,KR,3733,29038,70,2.21,1
u_005753,control,2024-11-01,JP,6998,42548,82,3.17,0
u_003528,test,2024-12-01,US,8797,68538,130,3.17,0
u_010204,test,2024-11-15,KR,6402,45338,84,1.81,0
u_006747,test,2024-11-18,KR,4790,36849,57,2.88,1
u_009022,control,2024-12-01,KR,5022,42355,94,2.79,0
u_011341,control,2024-11-02,KR,6239,31396,47,1.27,1
u_011687,test,2024-12-24,KR,6114,62245,104,1.97,0
u_009272,test,2024-12-27,KR,7506,57115,95,4.84,1
u_002290,test,2024-11-15,US,7519,67724,151,4.05,0
u_009708,test,2024-11-03,KR,3944,32145,54,3.23,1
u_001100,test,2024-11-27,KR,5122,38002,81,1.47,1
u_004849,test,2024-11-21,KR,8009,68309,135,1.88,1
u_002999,control,2024-11-09,JP,6911,45709,113,3.66,1
u_006964,control,2024-12-23,JP,7099,50629,100,4.35,1
u_007915,test,2024-11-24,KR,5662,39173,76,4.0,0
u_004513,control,2024-12-12,JP,7048,41276,80,3.39,1
u_008401,test,2024-11-28,KR,3962,32267,75,2.37,1
u_000696,test,2024-11-08,US,3470,16575,34,0.97,0
u_000552,control,2024-12-24,KR,5696,41599,88,1.94,1
u_000953,test,2024-12-25,US,6612,37123,78,2.05,1
u_010968,test,2024-11-22,KR,8477,48788,93,4.08,1
u_013525,test,2024-11-27,KR,6036,51662,91,3.44,1
u_011641,control,2024-11-10,US,4386,27593,49,2.76,1
u_003822,control,2024-11-02,US,5302,33853,80,1.33,1
u_000791,test,2024-12-20,KR,6879,60116,91,3.01,1
u_001926,control,2024-12-20,US,7483,57984,139,4.4,1
u_007846,control,2024-11-21,KR,4925,37747,66,3.8,1
u_004866,test,2024-11-09,KR,8371,60118,96,6.53,0
u_013103,test,2024-12-19,JP,2812,20591,31,1.04,0
u_013522,test,2024-12-01,KR,5243,45985,91,2.93,1
u_003235,control,2024-11-28,KR,2418,17357,39,1.32,0
u_000381,control,2024-11-24,KR,1295,10338,20,0.45,0
u_008880,test,2024-11-12,US,5968,43360,68,1.66,1
u_002396,control,2024-12-13,KR,3736,26064,39,2.56,0
u_004638,control,2024-12-28,KR,3295,21701,49,2.03,0
u_011174,test,2024-11-01,US,7609,52336,94,3.83,0
u_014080,control,2024-11-05,KR,5862,39003,89,4.19,0
u_013450,control,2024-12-04,US,3100,19607,31,2.01,1
u_005907,test,2024-12-09,KR,4387,33670,66,3.49,1
u_013622,test,2024-12-23,JP,4960,33269,55,1.32,1
u_010183,test,2024-12-10,KR,5689,48604,117,2.46,1
u_001446,test,2024-11-25,KR,7112,51340,125,2.79,1
u_009246,control,2024-11-23,KR,6697,36381,77,2.92,1
u_008829,control,2024-11-27,KR,7739,51526,82,5.53,1
u_000154,control,2024-11-28,KR,5187,29625,50,1.31,0
u_013838,test,2024-11-04,JP,5895,47582,77,3.74,1
u_013517,control,2024-11-18,KR,3771,24588,55,1.58,1
u_003269,test,2024-11-21,KR,7254,70000,159,4.74,1
u_012834,test,2024-11-05,KR,5934,44692,75,3.96,0
u_006275,test,2024-12-01,KR,4837,31683,49,2.72,0
u_005064,control,2024-12-08,KR,5086,31453,75,3.39,0
u_002680,test,2024-12-29,JP,8038,55696,128,5.73,1
u_013592,control,2024-11-05,JP,4185,20217,42,1.37,0
u_000602,control,2024-12-29,JP,4700,33682,79,3.26,0
u_007198,control,2024-12-23,KR,2968,26386,57,2.48,1
u_000410,test,2024-11-10,KR,5751,44023,95,4.0,1
u_009408,test,2024-11-16,JP,8272,75732,174,3.59,1
u_007381,test,2024-12-09,KR,4547,35270,63,2.01,1
u_001497,test,2024-12-20,KR,7979,80304,165,8.4,1
u_003673,test,2024-11-21,KR,3633,21576,44,2.26,1
u_007838,test,2024-12-05,KR,8112,46925,74,1.52,1
u_012645,control,2024-12-16,US,6164,53964,89,1.98,1
u_000221,control,2024-11-03,KR,8915,55401,119,5.66,1
u_000124,test,2024-12-07,KR,4981,46401,76,1.86,1
u_010446,test,2024-11-20,KR,5430,39000,85,2.13,0
u_001871,test,2024-11-01,US,5668,47591,108,4.17,1
u_009191,control,2024-11-05,KR,7137,55124,135,5.26,1
u_005678,control,2024-11-16,JP,5643,52863,109,2.75,1
u_007992,test,2024-11-29,US,5286,55415,87,2.88,1
u_000977,control,2024-11-07,KR,7334,45592,81,1.96,1
u_009286,control,2024-12-23,JP,5555,50451,121,5.46,1
u_006250,test,2024-12-09,KR,7922,57237,88,1.97,0
u_014325,control,2024-11-14,KR,2825,20249,31,1.34,0
u_005193,test,2024-11-20,JP,8870,52615,92,4.3,1
u_006444,test,2024-12-10,KR,493,2059,3,0.08,0
u_003575,test,2024-12-13,KR,5311,49472,74,5.03,1
u_007352,control,2024-12-13,KR,6870,41733,67,1.41,1
u_001397,test,2024-12-17,KR,5962,26463,45,1.93,0
u_011861,control,2024-12-12,JP,2603,19976,30,1.88,1
u_011087,control,2024-11-22,KR,5952,52839,97,4.76,1
u_008683,test,2024-11-01,KR,4753,36321,67,3.64,0
u_002078,control,2024-11-12,JP,5616,41845,84,2.83,1
u_003028,test,2024-11-23,US,8624,52103,127,3.12,1
u_009767,control,2024-12-22,KR,6185,31088,58,1.28,1
u_012287,control,2024-11-16,KR,3952,32687,78,1.17,1
u_007273,test,2024-12-06,KR,4228,30776,54,1.35,1
u_004188,control,2024-12-22,US,7659,48386,107,3.66,1
u_005690,control,2024-11-05,JP,3680,30542,51,3.13,0
u_002959,test,2024-11-13,KR,5853,50025,100,4.03,1
u_009069,control,2024-12-05,KR,7831,63054,98,4.86,0
u_009139,control,2024-11-24,US,4133,26371,52,1.19,1
u_000100,control,2024-11-16,KR,8703,62568,100,6.5,1
u_004177,test,2024-12-20,JP,8304,62280,107,2.05,1
u_009494,control,2024-11-14,KR,5456,40060,79,2.14,1
u_008359,test,2024-11-05,JP,4067,27977,57,2.67,1
u_011845,test,2024-11-26,KR,5805,45018,88,1.99,0
u_002995,test,2024-12-26,KR,2205,16619,33,1.06,0
u_005207,control,2024-12-17,US,4732,31315,50,1.39,1
u_010255,control,2024-11-21,US,11216,96416,195,4.22,1
u_001276,control,2024-11-25,US,2023,13495,26,0.54,0
u_013541,test,2024-11-09,KR,4146,32726,61,1.02,1
u_005424,control,2024-11-19,KR,7613,42438,67,3.65,0
u_011842,test,2024-11-13,KR,5238,48984,95,4.62,1
u_008207,test,2024-12-09,JP,6333,37228,59,1.79,0
u_007203,test,2024-11-05,JP,4965,45832,94,4.62,1
u_011219,control,2024-12-04,JP,5891,46366,81,2.55,0
u_013138,test,2024-12-05,KR,5798,48461,93,1.39,1
u_000877,control,2024-11-12,JP,2177,14863,26,1.08,0
u_009758,test,2024-11-06,JP,4031,28432,42,1.4,0
u_005756,test,2024-11-06,KR,8675,70174,151,1.91,1
u_003517,test,2024-11-18,JP,6144,46426,113,4.91,0
u_003270,control,2024-11-11,JP,5927,42409,89,3.24,1
u_012474,test,2024-12-14,JP,6465,50455,124,5.42,1
u_009566,test,2024-11-26,JP,8090,66721,150,3.47,1
u_012052,test,2024-12-19,US,5058,41711,96,1.09,1
u_000332,test,2024-12-08,US,7047,47172,90,1.4,1
u_010233,test,2024-12-02,KR,52,0,0,0.0,1
u_004817,control,2024-11-10,KR,7970,51784,93,5.53,1
u_003052,test,2024-12-19,KR,4686,35959,77,3.4,1
u_004825,test,2024-11-18,KR,5436,48835,87,2.85,1
u_005099,test,2024-12-13,US,7787,65238,120,2.15,1
u_012732,control,2024-11-19,JP,1668,11249,20,0.41,0
u_007359,test,2024-11-28,KR,2168,16197,30,1.19,0
u_000777,test,2024-12-13,KR,6199,55115,126,5.64,1
u_014484,test,2024-11-23,JP,5559,48961,92,2.04,0
u_012462,test,2024-11-07,US,4594,36654,64,2.6,0
u_003586,test,2024-11-11,KR,5524,41112,80,1.11,1
u_010910,control,2024-11-23,JP,6512,44920,83,3.37,1
u_007774,control,2024-12-26,KR,6125,57771,129,2.88,1
u_007756,control,2024-12-02,KR,5188,41391,85,4.25,1
u_009292,control,2024-11-10,KR,3720,23004,39,2.0,1
u_006184,test,2024-12-16,US,6619,41321,91,4.24,1
u_006053,control,2024-12-31,JP,5311,42277,81,2.74,1
u_001731,test,2024-11-27,US,2963,21909,48,0.63,0
u_008793,control,2024-11-14,JP,5582,36547,89,1.19,1
u_013423,test,2024-12-07,US,7441,37109,63,0.93,1
u_006430,control,2024-12-16,JP,4091,31523,65,1.21,0
u_007964,test,2024-12-27,US,5220,40545,71,3.48,1
u_002114,control,2024-12-05,KR,5523,42714,77,2.21,0
u_012201,test,2024-11-26,KR,6052,43468,107,1.72,1
u_004374,test,2024-12-03,JP,3498,31388,66,2.73,0
u_012546,control,2024-11-02,US,6225,43455,74,1.49,1
u_010778,test,2024-12-27,KR,8879,66000,143,6.2,1
u_007972,test,2024-11-26,KR,6925,55085,98,2.69,1
u_005565,test,2024-11-04,US,7172,57253,86,3.01,1
u_008538,test,2024-11-24,US,7592,61822,144,3.69,1
u_014296,control,2024-11-16,US,4954,39826,88,2.0,1
u_003103,test,2024-11-04,KR,1860,10688,17,0.38,0
u_004145,test,2024-11-24,US,6928,50006,91,1.61,1
u_005852,control,2024-11-01,KR,3613,26505,65,1.27,1
u_009451,test,2024-12-03,KR,6952,58733,139,4.4,0
u_002381,control,2024-12-24,KR,6109,52921,118,4.02,0
u_006176,test,2024-11-05,JP,7880,53055,120,5.82,1
u_002128,control,2024-11-08,KR,5752,45585,113,3.13,1
u_014054,control,2024-12-20,JP,5596,26462,62,1.98,0
u_009863,control,2024-11-12,KR,6088,35930,71,1.53,1
u_012199,test,2024-11-18,KR,6724,46459,108,3.26,1
u_000799,test,2024-11-25,KR,5515,44637,76,1.56,1
u_013806,control,2024-12-19,KR,7340,53636,85,3.66,0
u_008949,test,2024-11-17,KR,3125,20009,37,1.6,1
u_003501,test,2024-11-11,US,7011,48523,74,5.2,1
u_009035,test,2024-12-19,KR,6007,41820,88,3.75,0
u_013769,test,2024-11-06,KR,3848,34908,86,2.04,1
u_001684,control,2024-12-14,KR,8789,70505,149,5.95,0
u_014951,control,2024-12-15,KR,6016,41804,98,3.99,1
u_010895,control,2024-12-21,US,6398,50754,87,4.01,0
u_013607,control,2024-11-02,KR,7075,50862,120,5.24,1
u_012967,test,2024-12-12,KR,7242,54810,98,2.66,0
u_006037,control,2024-11-11,KR,4968,42811,83,3.62,1
u_006055,test,2024-11-27,US,7200,63518,144,5.22,1
u_002226,control,2024-11-30,KR,4893,39080,94,1.92,0
u_001253,test,2024-12-15,KR,4666,40829,76,4.02,1
u_009724,test,2024-11-30,US,7008,65324,124,4.23,1
u_014308,test,2024-11-28,JP,5873,46352,106,4.64,1
u_008431,control,2024-11-07,KR,7406,57309,128,5.73,1
u_007154,test,2024-11-24,KR,6624,40602,66,3.93,1
u_012136,control,2024-11-28,KR,6235,45741,93,1.4,1
u_000308,test,2024-11-21,KR,3313,23993,45,1.82,1
u_002514,test,2024-12-07,KR,3738,25940,58,2.3,0
u_000750,control,2024-12-28,JP,10878,92259,155,2.75,1
u_009024,test,2024-11-10,KR,8150,64695,153,7.11,1
u_009461,control,2024-12-11,KR,3461,28544,45,2.76,1
u_008485,control,2024-12-08,US,9327,68684,159,2.36,1
u_011050,control,2024-12-03,US,4458,37914,81,1.24,0
u_003073,test,2024-12-30,KR,6836,49591,114,1.95,1
u_012197,test,2024-11-10,KR,1508,11408,25,1.1,0
u_009712,test,2024-11-01,KR,1955,16475,33,0.52,0
u_010573,control,2024-11-04,JP,7266,64133,106,5.19,1
