user_id,signup_at,country,marketing_channel,device_os
u_000001,2024-11-04 08:05:49,JP,organic,Android
u_000002,2024-11-27 08:06:53,KR,paid_tiktok,iOS
u_000003,2024-12-28 01:24:34,KR,paid_google,Android
u_000004,2024-12-06 10:21:54,JP,referral,iOS
u_000005,2024-11-04 05:08:21,JP,paid_facebook,Android
u_000006,2024-12-06 10:44:15,KR,paid_facebook,Android
u_000007,2024-11-11 00:57:27,US,referral,Android
u_000008,2024-12-20 02:56:38,JP,referral,Android
u_000009,2024-11-25 02:00:20,KR,paid_google,Android
u_000010,2024-12-17 14:06:57,KR,referral,Android
u_000011,2024-11-03 02:42:09,KR,paid_tiktok,Android
u_000012,2024-11-09 00:18:58,JP,paid_tiktok,iOS
u_000013,2024-11-28 18:30:16,KR,paid_facebook,Android
u_000014,2024-12-01 01:49:19,KR,paid_google,Android
u_000015,2024-11-22 16:51:30,KR,organic,Android
u_000016,2024-11-14 19:40:33,JP,paid_google,Android
u_000017,2024-12-07 10:00:25,KR,organic,Android
u_000018,2024-12-28 20:32:27,KR,paid_tiktok,iOS
u_000019,2024-12-14 17:40:50,KR,organic,iOS
u_000020,2024-12-13 19:56:53,KR,cross_promo,Android
u_000021,2024-12-02 16:42:26,JP,cross_promo,iOS
u_000022,2024-11-24 16:02:54,US,paid_tiktok,Android
u_000023,2024-12-19 20:11:46,JP,organic,Android
u_000024,2024-12-23 02:58:31,JP,organic,iOS
u_000025,2024-12-13 08:10:21,JP,paid_facebook,Android
u_000026,2024-11-22 17:25:56,KR,paid_tiktok,Android
u_000027,2024-11-05 23:29:24,KR,paid_facebook,Android
u_000028,2024-12-07 10:01:12,KR,paid_facebook,iOS
u_000029,2024-12-08 02:53:40,KR,paid_google,iOS
u_000030,2024-11-24 00:57:22,JP,paid_google,Android
u_000031,2024-11-15 12:34:32,KR,cross_promo,iOS
u_000032,2024-12-17 01:40:18,KR,referral,Android
u_000033,2024-12-02 20:46:14,KR,cross_promo,iOS
u_000034,2024-12-05 15:11:09,KR,referral,iOS
u_000035,2024-12-05 14:24:48,KR,organic,Android
u_000036,2024-11-30 01:00:08,KR,paid_facebook,Android
u_000037,2024-11-30 06:01:16,KR,organic,Android
u_000038,2024-12-22 11:43:17,US,referral,Android
u_000039,2024-11-28 20:26:00,US,organic,iOS
u_000040,2024-11-07 19:04:32,KR,organic,iOS
u_000041,2024-11-23 22:05:05,JP,paid_facebook,Android
u_000042,2024-11-28 00:50:34,KR,organic,iOS
u_000043,2024-11-25 02:34:44,KR,organic,Android
u_000044,2024-12-11 12:01:20,KR,paid_facebook,Android
u_000045,2024-11-17 15:02:48,US,cross_promo,iOS
u_000046,2024-12-06 10:26:22,KR,paid_google,iOS
u_000047,2024-11-02 20:40:10,KR,paid_tiktok,Android
u_000048,2024-12-27 13:04:45,US,paid_google,iOS
u_000049,2024-12-26 21:09:23,KR,paid_tiktok,Android
u_000050,2024-12-13 07:47:05,JP,referral,Android
u_000051,2024-12-23 20:03:48,KR,paid_tiktok,Android
u_000052,2024-12-04 12:34:19,US,cross_promo,Android
u_000053,2024-11-10 20:49:58,JP,paid_tiktok,Android
u_000054,2024-11-19 12:23:08,KR,paid_google,Android
u_000055,2024-12-05 10:33:07,KR,referral,iOS
u_000056,2024-12-11 05:51:37,KR,paid_facebook,Android
u_000057,2024-11-25 13:03:47,KR,organic,iOS
u_000058,2024-11-09 14:42:01,JP,organic,iOS
u_000059,2024-11-23 14:55:47,US,organic,iOS
u_000060,2024-12-18 23:45:42,KR,referral,iOS
u_000061,2024-11-29 09:27:50,JP,organic,iOS
u_000062,2024-12-20 00:10:33,JP,paid_google,Android
u_000063,2024-11-21 16:32:35,JP,referral,iOS
u_000064,2024-11-09 10:32:06,JP,referral,Android
u_000065,2024-12-05 23:23:14,US,paid_facebook,iOS
u_000066,2024-12-28 18:21:05,KR,paid_facebook,Android
u_000067,2024-11-18 16:15:13,JP,cross_promo,iOS
u_000068,2024-12-27 10:16:25,KR,referral,iOS
u_000069,2024-11-03 16:05:12,KR,cross_promo,Android
u_000070,2024-12-03 06:48:57,JP,paid_google,Android
u_000071,2024-12-28 00:12:17,KR,organic,Android
u_000072,2024-12-07 07:05:38,US,paid_google,Android
u_000073,2024-11-21 02:21:35,JP,organic,iOS
u_000074,2024-12-05 04:59:56,JP,paid_tiktok,iOS
u_000075,2024-12-22 17:08:50,KR,referral,Android
u_000076,2024-12-28 15:31:46,JP,paid_google,iOS
u_000077,2024-11-26 00:16:45,JP,organic,Android
u_000078,2024-12-24 18:55:31,KR,paid_facebook,Android
u_000079,2024-11-22 12:58:14,KR,paid_facebook,Android
u_000080,2024-12-24 16:59:08,JP,referral,Android
u_000081,2024-12-10 20:00:57,KR,paid_tiktok,Android
u_000082,2024-12-21 19:38:31,JP,paid_google,Android
u_000083,2024-11-22 22:37:07,JP,paid_google,Android
u_000084,2024-12-15 01:23:55,KR,cross_promo,Android
u_000085,2024-11-30 11:42:54,US,paid_tiktok,iOS
u_000086,2024-11-27 10:22:13,US,paid_google,Android
u_000087,2024-12-20 14:21:51,KR,cross_promo,iOS
u_000088,2024-12-19 06:52:11,KR,organic,Android
u_000089,2024-11-25 01:53:26,KR,paid_google,iOS
u_000090,2024-11-25 16:16:53,KR,paid_google,Android
u_000091,2024-12-30 05:54:35,JP,paid_tiktok,Android
u_000092,2024-11-25 11:04:58,US,paid_google,Android
u_000093,2024-11-19 03:58:16,KR,cross_promo,Android
u_000094,2024-12-03 19:20:03,JP,cross_promo,Android
u_000095,2024-12-31 12:03:37,JP,organic,iOS
u_000096,2024-11-25 09:06:29,JP,paid_tiktok,Android
u_000097,2024-12-07 22:20:15,KR,referral,Android
u_000098,2024-12-12 14:17:53,KR,paid_google,iOS
u_000099,2024-11-29 18:36:22,KR,paid_facebook,Android
u_000100,2024-11-16 22:29:32,KR,referral,iOS
u_000101,2024-12-07 08:21:03,KR,referral,Android
u_000102,2024-11-12 03:01:27,JP,paid_google,Android
u_000103,2024-12-13 15:46:08,KR,paid_tiktok,Android
u_000104,2024-12-01 17:02:30,KR,referral,iOS
u_000105,2024-12-05 04:20:55,KR,paid_google,Android
u_000106,2024-11-24 07:38:55,JP,referral,Android
u_000107,2024-11-03 14:32:57,US,paid_google,Android
u_000108,2024-12-29 19:49:18,JP,paid_facebook,Android
u_000109,2024-12-16 18:57:00,US,paid_google,Android
u_000110,2024-11-21 23:24:14,KR,paid_tiktok,iOS
u_000111,2024-12-15 02:55:16,KR,paid_tiktok,Android
u_000112,2024-11-19 05:26:22,KR,referral,iOS
u_000113,2024-11-28 01:38:00,KR,paid_google,Android
u_000114,2024-12-02 21:10:12,US,cross_promo,iOS
u_000115,2024-11-03 08:33:10,KR,paid_facebook,Android
u_000116,2024-12-19 23:59:33,JP,referral,iOS
u_000117,2024-12-24 06:19:31,JP,organic,Android
u_000118,2024-12-26 14:14:18,KR,paid_google,iOS
u_000119,2024-12-04 02:06:28,KR,paid_tiktok,Android
u_000120,2024-12-10 17:35:17,US,organic,iOS
u_000121,2024-12-22 06:33:59,US,paid_google,Android
u_000122,2024-11-05 20:25:26,KR,paid_google,Android
u_000123,2024-12-22 14:07:03,KR,organic,iOS
u_000124,2024-12-07 13:48:41,KR,paid_facebook,Android
u_000125,2024-11-28 16:22:09,US,organic,Android
u_000126,2024-12-02 04:12:59,US,cross_promo,Android
u_000127,2024-11-14 07:02:15,KR,cross_promo,Android
u_000128,2024-12-29 06:04:25,JP,organic,Android
u_000129,2024-12-30 00:00:26,US,paid_google,Android
u_000130,2024-12-12 10:35:01,KR,paid_tiktok,iOS
u_000131,2024-11-03 07:46:56,JP,paid_facebook,Android
u_000132,2024-12-27 13:44:18,KR,paid_tiktok,Android
u_000133,2024-12-30 05:19:07,JP,paid_tiktok,Android
u_000134,2024-11-19 21:41:52,US,paid_tiktok,iOS
u_000135,2024-11-21 06:32:01,US,organic,Android
u_000136,2024-12-18 11:50:09,KR,paid_facebook,iOS
u_000137,2024-11-30 07:26:14,KR,paid_facebook,Android
u_000138,2024-12-03 21:58:27,KR,organic,Android
u_000139,2024-11-26 17:12:24,KR,paid_facebook,Android
u_000140,2024-11-05 15:55:02,KR,cross_promo,Android
u_000141,2024-11-19 04:30:46,KR,cross_promo,Android
u_000142,2024-12-17 03:08:07,KR,paid_google,Android
u_000143,2024-11-30 11:35:39,US,paid_google,Android
u_000144,2024-11-02 14:33:22,JP,paid_tiktok,Android
u_000145,2024-11-19 11:13:24,KR,paid_google,Android
u_000146,2024-12-30 01:06:32,JP,paid_facebook,Android
u_000147,2024-12-24 03:37:42,JP,cross_promo,Android
u_000148,2024-11-21 23:05:49,KR,paid_tiktok,Android
u_000149,2024-12-13 06:24:11,JP,referral,iOS
u_000150,2024-11-27 04:56:30,US,referral,iOS
u_000151,2024-11-09 00:10:50,KR,referral,iOS
u_000152,2024-12-21 02:21:02,JP,paid_tiktok,Android
u_000153,2024-11-07 04:14:29,KR,cross_promo,iOS
u_000154,2024-11-28 06:42:25,KR,referral,Android
u_000155,2024-11-04 01:09:07,JP,paid_facebook,Android
u_000156,2024-11-30 22:05:08,KR,cross_promo,Android
u_000157,2024-12-13 01:22:28,JP,paid_google,Android
u_000158,2024-12-22 06:52:15,US,paid_facebook,Android
u_000159,2024-11-16 13:21:42,JP,paid_facebook,Android
u_000160,2024-11-10 02:43:00,KR,referral,Android
u_000161,2024-11-19 10:42:25,KR,referral,Android
u_000162,2024-11-23 07:52:03,JP,cross_promo,Android
u_000163,2024-11-04 17:04:07,JP,paid_facebook,Android
u_000164,2024-12-30 07:18:15,KR,organic,Android
u_000165,2024-11-09 17:50:00,JP,organic,Android
u_000166,2024-12-21 19:57:49,US,referral,Android
u_000167,2024-12-12 17:16:58,KR,referral,iOS
u_000168,2024-11-27 17:23:23,US,organic,Android
u_000169,2024-12-11 04:54:26,JP,organic,Android
u_000170,2024-12-27 01:38:18,JP,referral,Android
u_000171,2024-11-23 10:44:53,JP,organic,iOS
u_000172,2024-11-01 11:32:48,KR,paid_google,Android
u_000173,2024-11-01 20:18:05,US,paid_google,Android
u_000174,2024-11-25 23:11:39,US,paid_tiktok,iOS
u_000175,2024-11-21 14:55:06,US,referral,iOS
u_000176,2024-12-17 19:47:34,KR,referral,iOS
u_000177,2024-11-13 12:40:43,KR,referral,Android
u_000178,2024-11-05 06:13:46,KR,organic,iOS
u_000179,2024-11-23 13:49:30,KR,paid_tiktok,iOS
u_000180,2024-11-19 20:56:35,KR,cross_promo,iOS
u_000181,2024-12-05 05:24:01,JP,cross_promo,Android
u_000182,2024-11-17 23:01:48,KR,referral,Android
u_000183,2024-12-29 20:43:10,KR,organic,Android
u_000184,2024-12-20 06:23:11,US,paid_tiktok,Android
u_000185,2024-11-07 04:45:38,KR,paid_tiktok,Android
u_000186,2024-11-07 08:07:57,US,referral,iOS
u_000187,2024-12-29 02:23:03,KR,paid_facebook,Android
u_000188,2024-12-29 08:23:08,JP,paid_tiktok,Android
u_000189,2024-11-17 13:05:39,US,referral,Android
u_000190,2024-11-17 16:50:35,JP,paid_facebook,Android
u_000191,2024-12-26 03:42:34,KR,cross_promo,iOS
u_000192,2024-11-08 10:18:51,JP,organic,Android
u_000193,2024-12-22 20:55:48,KR,paid_facebook,Android
u_000194,2024-12-13 09:28:15,JP,paid_google,Android
u_000195,2024-11-01 02:53:07,KR,organic,Android
u_000196,2024-12-10 03:59:49,JP,referral,Android
u_000197,2024-11-29 12:52:59,KR,paid_tiktok,Android
u_000198,2024-12-27 11:43:11,JP,cross_promo,Android
u_000199,2024-12-23 04:24:00,KR,paid_google,Android
u_000200,2024-11-27 06:15:58,KR,paid_facebook,Android
u_000201,2024-11-01 13:08:51,KR,paid_facebook,Android
u_000202,2024-12-25 02:11:34,KR,paid_google,Android
u_000203,2024-11-18 13:10:49,JP,paid_facebook,iOS
u_000204,2024-12-27 12:52:19,US,organic,iOS
u_000205,2024-11-05 00:07:50,JP,paid_facebook,Android
u_000206,2024-12-07 12:17:36,JP,paid_facebook,iOS
u_000207,2024-11-04 20:43:34,KR,paid_tiktok,Android
u_000208,2024-12-16 06:56:19,JP,cross_promo,iOS
u_000209,2024-11-20 19:35:50,JP,paid_google,Android
u_000210,2024-12-13 10:01:42,KR,referral,iOS
u_000211,2024-11-10 09:18:56,JP,paid_tiktok,Android
u_000212,2024-11-13 13:13:31,KR,referral,iOS
u_000213,2024-11-03 13:04:55,KR,paid_google,iOS
u_000214,2024-12-22 04:10:42,JP,referral,Android
u_000215,2024-11-04 17:14:57,KR,referral,Android
u_000216,2024-12-24 02:28:37,KR,cross_promo,iOS
u_000217,2024-11-13 12:36:45,KR,referral,iOS
u_000218,2024-12-23 13:45:34,KR,organic,Android
u_000219,2024-12-31 11:04:53,US,cross_promo,iOS
u_000220,2024-12-26 06:05:28,KR,cross_promo,Android
u_000221,2024-11-03 17:59:19,KR,paid_tiktok,Android
u_000222,2024-12-15 00:13:43,US,paid_facebook,Android
u_000223,2024-11-03 04:54:41,KR,paid_facebook,Android
u_000224,2024-12-04 03:45:03,US,paid_tiktok,iOS
u_000225,2024-12-24 13:51:46,US,organic,Android
u_000226,2024-12-27 15:39:24,KR,organic,Android
u_000227,2024-11-22 21:11:41,KR,paid_facebook,Android
u_000228,2024-12-13 12:27:42,KR,referral,Android
u_000229,2024-12-14 03:05:02,KR,paid_tiktok,Android
u_000230,2024-11-14 04:42:51,KR,referral,Android
u_000231,2024-12-12 04:50:45,KR,paid_facebook,Android
u_000232,2024-12-13 18:19:23,KR,paid_facebook,Android
u_000233,2024-12-03 13:45:16,KR,paid_google,Android
u_000234,2024-11-19 13:54:11,US,organic,iOS
u_000235,2024-12-05 16:54:42,US,paid_google,iOS
u_000236,2024-12-30 17:05:54,KR,paid_tiktok,iOS
u_000237,2024-12-30 00:56:37,KR,paid_facebook,iOS
u_000238,2024-12-09 22:09:33,US,cross_promo,Android
u_000239,2024-12-19 19:42:38,KR,paid_tiktok,Android
u_000240,2024-11-07 14:58:41,JP,organic,iOS
u_000241,2024-11-16 20:51:52,KR,paid_facebook,Android
u_000242,2024-12-06 15:01:23,KR,referral,iOS
u_000243,2024-11-19 14:23:41,US,organic,Android
u_000244,2024-12-18 09:53:34,KR,referral,iOS
u_000245,2024-12-19 18:37:41,KR,paid_facebook,Android
u_000246,2024-12-21 10:12:10,KR,paid_google,Android
u_000247,2024-11-03 11:03:37,US,organic,Android
u_000248,2024-11-07 15:51:23,KR,paid_facebook,iOS
u_000249,2024-12-19 13:42:11,JP,cross_promo,iOS
u_000250,2024-12-28 03:42:39,JP,organic,Android
u_000251,2024-11-05 07:36:24,KR,paid_google,Android
u_000252,2024-11-09 16:43:45,KR,paid_facebook,Android
u_000253,2024-11-07 15:59:33,JP,referral,Android
u_000254,2024-12-19 07:56:40,KR,cross_promo,iOS
u_000255,2024-12-21 16:31:21,KR,paid_google,Android
u_000256,2024-11-21 19:40:54,US,referral,iOS
u_000257,2024-11-27 20:17:21,JP,paid_facebook,Android
u_000258,2024-12-14 15:11:15,US,cross_promo,iOS
u_000259,2024-11-07 23:45:53,KR,paid_tiktok,Android
u_000260,2024-11-04 22:33:45,KR,organic,Android
u_000261,2024-12-20 04:23:59,KR,paid_tiktok,iOS
u_000262,2024-11-03 04:09:51,KR,paid_google,Android
u_000263,2024-12-12 05:43:43,US,cross_promo,Android
u_000264,2024-11-26 23:51:11,KR,referral,Android
u_000265,2024-12-20 17:56:15,KR,cross_promo,Android
u_000266,2024-12-03 20:11:49,KR,paid_google,Android
u_000267,2024-12-02 16:42:00,KR,paid_tiktok,iOS
u_000268,2024-12-01 04:17:22,KR,referral,iOS
u_000269,2024-12-14 16:40:28,KR,referral,Android
u_000270,2024-11-15 02:27:47,JP,paid_tiktok,iOS
u_000271,2024-12-25 15:25:20,KR,organic,Android
u_000272,2024-11-04 20:27:55,KR,paid_tiktok,iOS
u_000273,2024-11-27 22:05:20,KR,paid_tiktok,Android
u_000274,2024-11-29 14:00:07,KR,referral,Android
u_000275,2024-11-03 22:22:23,KR,paid_facebook,Android
u_000276,2024-11-21 07:44:35,KR,cross_promo,Android
u_000277,2024-12-15 21:58:35,JP,paid_facebook,iOS
u_000278,2024-12-01 23:49:52,KR,cross_promo,Android
u_000279,2024-12-08 22:21:42,JP,paid_google,Android
u_000280,2024-11-15 01:11:08,KR,paid_tiktok,Android
u_000281,2024-12-12 14:12:52,US,paid_google,iOS
u_000282,2024-12-14 15:27:40,KR,paid_facebook,iOS
u_000283,2024-12-24 00:22:41,KR,paid_facebook,iOS
u_000284,2024-12-30 04:17:59,JP,organic,Android
u_000285,2024-11-23 17:19:43,KR,paid_google,iOS
u_000286,2024-11-05 11:13:50,JP,organic,iOS
u_000287,2024-11-04 03:35:08,US,organic,iOS
u_000288,2024-12-04 00:38:31,US,paid_facebook,iOS
u_000289,2024-12-03 13:25:45,JP,paid_facebook,iOS
u_000290,2024-12-02 02:51:12,US,paid_google,Android
u_000291,2024-11-12 11:14:21,KR,paid_google,Android
u_000292,2024-12-15 13:47:31,US,paid_facebook,Android
u_000293,2024-11-08 12:04:22,KR,paid_google,iOS
u_000294,2024-12-03 12:06:12,US,organic,Android
u_000295,2024-11-17 02:44:07,KR,referral,Android
u_000296,2024-11-24 05:12:05,US,cross_promo,iOS
u_000297,2024-12-26 02:27:52,US,paid_google,iOS
u_000298,2024-12-12 20:58:28,US,referral,Android
u_000299,2024-12-30 23:27:28,KR,cross_promo,iOS
u_000300,2024-12-16 01:26:03,JP,paid_tiktok,Android
u_000301,2024-11-07 09:32:25,KR,paid_facebook,Android
u_000302,2024-11-25 23:21:23,JP,cross_promo,iOS
u_000303,2024-11-23 02:21:38,KR,paid_tiktok,Android
u_000304,2024-11-12 03:01:28,KR,paid_facebook,Android
u_000305,2024-11-26 16:20:02,KR,paid_tiktok,Android
u_000306,2024-12-23 06:51:18,US,cross_promo,iOS
u_000307,2024-11-21 22:18:09,KR,organic,iOS
u_000308,2024-11-21 19:30:23,KR,referral,iOS
u_000309,2024-11-15 17:48:55,JP,referral,iOS
u_000310,2024-11-03 19:30:53,KR,paid_tiktok,Android
u_000311,2024-11-10 06:21:15,JP,cross_promo,Android
u_000312,2024-12-15 15:35:14,JP,paid_tiktok,Android
u_000313,2024-12-25 09:58:49,KR,organic,Android
u_000314,2024-11-11 06:29:30,KR,cross_promo,iOS
u_000315,2024-12-21 10:30:40,KR,paid_facebook,iOS
u_000316,2024-11-29 14:51:58,US,paid_tiktok,Android
u_000317,2024-11-18 13:46:58,JP,paid_google,iOS
u_000318,2024-11-19 02:41:25,US,cross_promo,iOS
u_000319,2024-12-26 14:06:58,JP,paid_google,Android
u_000320,2024-12-26 19:54:20,KR,cross_promo,iOS
u_000321,2024-11-25 18:36:39,KR,paid_facebook,iOS
u_000322,2024-12-04 04:14:49,KR,paid_facebook,iOS
u_000323,2024-11-04 05:44:26,US,cross_promo,iOS
u_000324,2024-12-21 16:28:43,KR,paid_google,Android
u_000325,2024-12-10 08:38:15,KR,paid_google,iOS
u_000326,2024-12-20 09:11:58,KR,paid_facebook,Android
u_000327,2024-12-04 07:58:44,KR,referral,Android
u_000328,2024-11-27 23:05:37,US,paid_tiktok,Android
u_000329,2024-11-25 17:04:23,KR,paid_tiktok,iOS
u_000330,2024-11-30 22:40:59,US,paid_facebook,Android
u_000331,2024-11-09 05:22:44,JP,organic,iOS
u_000332,2024-12-08 04:08:51,US,referral,Android
u_000333,2024-11-20 13:09:10,JP,paid_google,Android
u_000334,2024-11-30 08:39:14,US,paid_tiktok,iOS
u_000335,2024-12-10 06:18:12,KR,paid_tiktok,Android
u_000336,2024-12-08 19:03:48,KR,paid_tiktok,iOS
u_000337,2024-12-26 09:59:59,KR,organic,Android
u_000338,2024-12-20 06:39:28,JP,paid_facebook,Android
u_000339,2024-11-02 05:10:49,KR,cross_promo,Android
u_000340,2024-11-22 19:42:51,KR,paid_tiktok,iOS
u_000341,2024-11-11 10:02:06,US,paid_tiktok,iOS
u_000342,2024-11-16 01:22:13,US,referral,Android
u_000343,2024-11-06 05:58:29,KR,paid_facebook,Android
u_000344,2024-11-28 05:06:35,JP,paid_tiktok,iOS
u_000345,2024-12-04 01:38:42,KR,organic,iOS
u_000346,2024-11-16 20:06:26,KR,cross_promo,Android
u_000347,2024-12-28 04:15:43,KR,paid_facebook,Android
u_000348,2024-11-20 05:28:48,KR,paid_google,Android
u_000349,2024-11-09 18:23:47,US,paid_tiktok,Android
u_000350,2024-11-26 00:39:31,US,paid_tiktok,iOS
u_000351,2024-11-20 13:27:46,JP,paid_facebook,iOS
u_000352,2024-12-09 05:58:36,US,cross_promo,iOS
u_000353,2024-11-10 06:14:19,KR,paid_facebook,Android
u_000354,2024-12-18 21:50:28,KR,paid_google,iOS
u_000355,2024-12-03 04:43:37,KR,paid_tiktok,iOS
u_000356,2024-12-15 06:10:33,KR,paid_facebook,Android
u_000357,2024-11-11 07:31:57,KR,paid_google,iOS
u_000358,2024-12-18 03:06:19,KR,cross_promo,Android
u_000359,2024-12-11 05:44:01,JP,paid_facebook,Android
u_000360,2024-12-02 23:49:40,KR,organic,Android
u_000361,2024-12-30 21:25:14,JP,organic,Android
u_000362,2024-12-06 20:51:14,KR,referral,iOS
u_000363,2024-12-21 19:27:58,JP,paid_google,Android
u_000364,2024-12-16 02:50:17,KR,paid_google,Android
u_000365,2024-11-17 17:19:17,KR,paid_tiktok,Android
u_000366,2024-11-16 04:39:13,JP,paid_tiktok,iOS
u_000367,2024-11-13 00:42:45,JP,organic,iOS
u_000368,2024-12-28 02:26:32,KR,cross_promo,Android
u_000369,2024-11-20 15:04:11,KR,organic,iOS
u_000370,2024-11-30 10:32:04,JP,organic,Android
u_000371,2024-11-28 17:19:06,US,cross_promo,iOS
u_000372,2024-12-19 14:40:01,JP,cross_promo,Android
u_000373,2024-11-10 08:21:08,KR,paid_google,Android
u_000374,2024-11-29 23:46:29,JP,cross_promo,Android
u_000375,2024-12-25 09:07:44,JP,organic,Android
u_000376,2024-12-02 15:22:23,KR,cross_promo,Android
u_000377,2024-12-25 03:14:22,US,organic,Android
u_000378,2024-12-30 22:16:17,KR,paid_tiktok,Android
u_000379,2024-12-07 16:05:06,JP,paid_google,Android
u_000380,2024-11-01 20:45:22,KR,organic,Android
u_000381,2024-11-24 14:28:24,KR,paid_google,Android
u_000382,2024-11-10 05:15:11,US,paid_tiktok,iOS
u_000383,2024-12-12 21:21:13,JP,paid_facebook,iOS
u_000384,2024-12-17 14:48:09,JP,organic,iOS
u_000385,2024-12-23 21:35:15,JP,paid_facebook,iOS
u_000386,2024-12-18 13:23:24,KR,paid_tiktok,Android
u_000387,2024-11-11 08:36:23,KR,cross_promo,iOS
u_000388,2024-12-24 12:34:44,US,paid_tiktok,iOS
u_000389,2024-11-28 21:41:00,JP,cross_promo,Android
u_000390,2024-12-16 07:30:14,KR,organic,Android
u_000391,2024-12-14 19:14:09,KR,paid_google,Android
u_000392,2024-12-09 11:28:51,KR,cross_promo,Android
u_000393,2024-12-16 19:20:45,US,paid_tiktok,iOS
u_000394,2024-11-01 20:29:21,KR,paid_facebook,iOS
u_000395,2024-11-30 21:03:15,KR,paid_tiktok,Android
u_000396,2024-11-02 08:08:51,KR,referral,Android
u_000397,2024-11-18 05:31:11,KR,paid_tiktok,Android
u_000398,2024-12-13 20:58:10,KR,paid_tiktok,Android
u_000399,2024-11-16 16:08:11,KR,cross_promo,Android
u_000400,2024-12-12 08:50:25,US,referral,Android
u_000401,2024-12-06 15:03:24,KR,paid_facebook,Android
u_000402,2024-12-07 13:16:50,KR,organic,Android
u_000403,2024-12-15 21:20:50,US,referral,Android
u_000404,2024-11-09 02:14:47,KR,paid_facebook,Android
u_000405,2024-12-20 14:41:19,US,cross_promo,Android
u_000406,2024-12-28 02:58:23,KR,cross_promo,Android
u_000407,2024-11-11 13:17:49,JP,organic,Android
u_000408,2024-11-30 17:47:30,KR,paid_tiktok,iOS
u_000409,2024-12-10 01:03:15,KR,paid_tiktok,Android
u_000410,2024-11-10 14:49:27,KR,referral,Android
u_000411,2024-11-15 03:33:31,KR,paid_tiktok,iOS
u_000412,2024-11-03 19:53:39,KR,paid_facebook,Android
u_000413,2024-12-29 11:54:08,US,paid_google,Android
u_000414,2024-12-31 06:14:01,JP,organic,iOS
u_000415,2024-12-15 02:04:32,KR,paid_facebook,Android
u_000416,2024-12-05 16:30:34,JP,cross_promo,Android
u_000417,2024-12-11 15:18:40,KR,paid_tiktok,Android
u_000418,2024-12-30 06:20:51,KR,paid_google,iOS
u_000419,2024-11-26 20:41:12,KR,cross_promo,Android
u_000420,2024-12-04 19:13:52,US,organic,Android
u_000421,2024-11-13 01:42:43,KR,organic,Android
u_000422,2024-12-04 06:40:55,KR,paid_google,Android
u_000423,2024-11-20 08:55:30,US,referral,iOS
u_000424,2024-11-19 04:34:52,US,cross_promo,Android
u_000425,2024-11-26 10:08:15,KR,cross_promo,Android
u_000426,2024-11-10 02:23:40,US,paid_google,iOS
u_000427,2024-11-15 11:06:39,US,paid_facebook,iOS
u_000428,2024-11-29 01:45:48,KR,paid_google,Android
u_000429,2024-11-02 11:39:48,JP,cross_promo,iOS
u_000430,2024-12-25 18:02:41,KR,paid_tiktok,Android
u_000431,2024-12-10 12:46:49,KR,cross_promo,Android
u_000432,2024-12-18 10:41:06,KR,organic,Android
u_000433,2024-11-11 20:12:52,KR,cross_promo,Android
u_000434,2024-12-20 09:41:26,KR,cross_promo,Android
u_000435,2024-11-16 14:37:40,KR,cross_promo,Android
u_000436,2024-11-20 06:37:21,KR,referral,Android
u_000437,2024-11-19 15:37:44,US,paid_facebook,Android
u_000438,2024-12-20 21:16:58,KR,paid_facebook,iOS
u_000439,2024-12-11 15:23:32,JP,cross_promo,Android
u_000440,2024-12-08 11:10:29,KR,referral,iOS
u_000441,2024-12-02 16:04:41,KR,paid_facebook,Android
u_000442,2024-11-09 04:40:27,KR,referral,Android
u_000443,2024-12-18 01:42:23,US,paid_google,Android
u_000444,2024-11-26 21:31:41,KR,cross_promo,iOS
u_000445,2024-11-14 06:21:01,KR,paid_facebook,iOS
u_000446,2024-11-14 20:14:10,US,paid_tiktok,Android
u_000447,2024-12-26 19:08:16,US,referral,Android
u_000448,2024-11-16 13:08:58,KR,referral,iOS
u_000449,2024-12-08 16:24:24,KR,paid_google,Android
u_000450,2024-12-18 06:58:00,KR,referral,Android
u_000451,2024-11-05 23:40:37,KR,referral,Android
u_000452,2024-12-16 19:57:14,US,organic,iOS
u_000453,2024-12-29 21:10:15,KR,referral,iOS
u_000454,2024-11-04 15:21:21,JP,referral,Android
u_000455,2024-11-14 21:25:25,US,paid_tiktok,Android
u_000456,2024-12-06 02:34:19,KR,referral,Android
u_000457,2024-12-12 12:44:11,KR,paid_tiktok,iOS
u_000458,2024-12-24 18:27:11,KR,cross_promo,Android
u_000459,2024-11-21 07:22:34,JP,paid_tiktok,iOS
u_000460,2024-12-17 18:37:43,US,cross_promo,Android
u_000461,2024-11-03 05:48:27,KR,organic,Android
u_000462,2024-12-11 10:49:29,KR,paid_facebook,iOS
u_000463,2024-12-21 22:07:01,KR,cross_promo,Android
u_000464,2024-12-02 00:39:59,US,paid_facebook,Android
u_000465,2024-12-15 01:25:04,JP,cross_promo,Android
u_000466,2024-11-11 22:06:08,KR,paid_google,Android
u_000467,2024-11-22 20:12:56,JP,paid_google,iOS
u_000468,2024-11-17 07:12:48,KR,organic,Android
u_000469,2024-11-16 14:01:02,KR,organic,iOS
u_000470,2024-11-05 16:13:30,JP,paid_google,Android
u_000471,2024-11-22 17:08:44,KR,paid_google,Android
u_000472,2024-11-11 23:31:47,JP,paid_facebook,Android
u_000473,2024-12-01 18:42:39,KR,organic,Android
u_000474,2024-11-16 03:27:06,KR,paid_google,Android
u_000475,2024-11-30 02:42:47,US,cross_promo,Android
u_000476,2024-11-23 21:56:04,KR,paid_facebook,Android
u_000477,2024-11-10 14:37:34,JP,paid_google,Android
u_000478,2024-11-15 17:08:15,KR,paid_tiktok,Android
u_000479,2024-11-15 07:10:05,JP,organic,iOS
u_000480,2024-12-26 08:49:39,KR,paid_tiktok,Android
u_000481,2024-11-20 03:15:15,KR,referral,Android
u_000482,2024-11-01 21:16:23,JP,paid_google,Android
u_000483,2024-12-29 11:56:07,JP,referral,Android
u_000484,2024-11-16 16:58:19,JP,paid_google,Android
u_000485,2024-11-01 02:44:47,KR,organic,Android
u_000486,2024-12-16 08:05:49,KR,paid_google,iOS
u_000487,2024-12-13 22:33:41,KR,referral,Android
u_000488,2024-12-21 16:25:15,KR,paid_facebook,iOS
u_000489,2024-11-24 10:58:29,US,paid_facebook,Android
u_000490,2024-12-26 19:13:35,KR,referral,Android
u_000491,2024-11-28 15:02:04,JP,paid_tiktok,iOS
u_000492,2024-12-21 01:53:06,US,paid_tiktok,iOS
u_000493,2024-11-07 15:25:12,US,paid_facebook,Android
u_000494,2024-12-04 22:33:45,KR,paid_facebook,Android
u_000495,2024-12-18 00:58:35,KR,paid_facebook,Android
u_000496,2024-12-17 21:13:22,US,paid_google,Android
u_000497,2024-12-17 04:08:44,US,paid_facebook,Android
u_000498,2024-12-25 18:10:39,US,paid_google,Android
u_000499,2024-12-26 18:41:44,KR,paid_tiktok,iOS
u_000500,2024-11-20 08:04:59,JP,paid_facebook,iOS
u_000501,2024-12-31 14:01:55,KR,paid_facebook,Android
u_000502,2024-11-06 08:54:32,KR,referral,Android
u_000503,2024-11-05 08:26:42,US,cross_promo,iOS
u_000504,2024-12-17 21:29:21,KR,paid_facebook,Android
u_000505,2024-11-08 04:29:42,US,paid_facebook,iOS
u_000506,2024-11-09 19:58:34,KR,paid_tiktok,Android
u_000507,2024-12-30 19:39:19,KR,paid_tiktok,iOS
u_000508,2024-12-05 23:35:57,KR,paid_tiktok,Android
u_000509,2024-11-21 15:40:41,US,paid_facebook,Android
u_000510,2024-12-26 18:18:10,KR,paid_tiktok,Android
u_000511,2024-11-13 07:50:41,US,referral,iOS
u_000512,2024-11-30 10:04:05,US,cross_promo,iOS
u_000513,2024-12-01 07:28:25,US,paid_tiktok,Android
u_000514,2024-11-16 22:24:19,KR,organic,iOS
u_000515,2024-11-21 17:48:58,KR,referral,Android
u_000516,2024-12-05 22:17:42,JP,paid_google,Android
u_000517,2024-12-27 17:37:35,KR,referral,Android
u_000518,2024-12-17 00:46:33,US,cross_promo,iOS
u_000519,2024-11-07 14:43:08,KR,referral,Android
u_000520,2024-11-09 15:56:27,KR,paid_google,Android
u_000521,2024-11-09 21:29:46,JP,organic,iOS
u_000522,2024-11-08 08:08:51,KR,paid_tiktok,Android
u_000523,2024-11-16 02:06:39,US,referral,Android
u_000524,2024-12-24 18:59:18,KR,paid_facebook,Android
u_000525,2024-11-22 04:20:59,KR,cross_promo,iOS
u_000526,2024-12-14 13:18:05,KR,referral,Android
u_000527,2024-11-16 18:47:03,KR,paid_facebook,Android
u_000528,2024-12-27 16:25:23,KR,referral,Android
u_000529,2024-11-28 20:02:16,JP,referral,iOS
u_000530,2024-12-26 07:18:29,KR,cross_promo,iOS
u_000531,2024-12-13 17:13:29,KR,paid_tiktok,iOS
u_000532,2024-11-05 06:13:55,US,paid_google,Android
u_000533,2024-12-14 05:32:55,JP,cross_promo,Android
u_000534,2024-12-14 09:08:20,KR,paid_facebook,Android
u_000535,2024-11-12 09:05:25,JP,referral,Android
u_000536,2024-11-23 07:26:46,KR,paid_tiktok,Android
u_000537,2024-12-23 14:48:10,KR,referral,Android
u_000538,2024-11-01 09:32:39,JP,paid_facebook,Android
u_000539,2024-11-01 22:14:28,JP,paid_google,Android
u_000540,2024-11-28 05:52:18,JP,paid_tiktok,Android
u_000541,2024-11-20 09:49:49,KR,cross_promo,iOS
u_000542,2024-11-04 23:57:15,KR,organic,Android
u_000543,2024-12-27 14:14:00,KR,paid_facebook,Android
u_000544,2024-12-25 01:23:18,JP,cross_promo,Android
u_000545,2024-12-24 04:56:27,KR,paid_google,iOS
u_000546,2024-12-28 23:42:53,JP,paid_facebook,Android
u_000547,2024-12-27 18:04:12,JP,organic,Android
u_000548,2024-12-19 14:53:10,KR,paid_facebook,Android
u_000549,2024-11-02 17:09:07,KR,referral,Android
u_000550,2024-11-10 05:50:35,US,paid_google,Android
u_000551,2024-12-25 17:58:34,JP,paid_google,iOS
u_000552,2024-12-24 16:00:03,KR,referral,iOS
u_000553,2024-12-27 02:15:29,KR,paid_google,Android
u_000554,2024-12-31 15:42:52,JP,paid_facebook,iOS
u_000555,2024-12-31 16:32:22,KR,cross_promo,Android
u_000556,2024-11-12 22:26:55,US,cross_promo,Android
u_000557,2024-12-02 03:01:54,KR,cross_promo,Android
u_000558,2024-12-15 19:16:13,KR,organic,Android
u_000559,2024-12-28 20:24:38,KR,paid_tiktok,Android
u_000560,2024-12-11 10:47:32,KR,organic,Android
u_000561,2024-12-07 00:34:11,JP,cross_promo,Android
u_000562,2024-11-12 06:57:18,KR,paid_facebook,Android
u_000563,2024-12-21 05:31:01,JP,referral,iOS
u_000564,2024-11-26 04:20:39,KR,cross_promo,Android
u_000565,2024-12-02 17:29:46,US,paid_google,iOS
u_000566,2024-11-19 04:51:07,KR,organic,Android
u_000567,2024-12-20 07:51:37,KR,paid_google,iOS
u_000568,2024-12-01 22:20:56,KR,paid_tiktok,Android
u_000569,2024-11-05 06:23:42,JP,organic,iOS
u_000570,2024-12-17 00:13:19,KR,cross_promo,Android
u_000571,2024-12-02 21:26:02,KR,paid_google,Android
u_000572,2024-12-19 22:52:57,KR,cross_promo,iOS
u_000573,2024-12-09 15:29:14,KR,paid_facebook,iOS
u_000574,2024-11-14 12:07:36,US,paid_facebook,Android
u_000575,2024-12-06 19:24:22,KR,paid_google,iOS
u_000576,2024-11-07 20:12:12,US,organic,Android
u_000577,2024-11-03 07:33:49,JP,referral,Android
u_000578,2024-12-24 20:54:51,US,paid_tiktok,iOS
u_000579,2024-12-20 16:59:47,US,paid_facebook,Android
u_000580,2024-11-13 05:16:26,US,paid_tiktok,Android
u_000581,2024-11-19 21:47:43,JP,paid_tiktok,iOS
u_000582,2024-11-12 18:06:00,US,organic,Android
u_000583,2024-11-20 17:16:27,JP,organic,iOS
u_000584,2024-12-13 02:00:20,JP,referral,Android
u_000585,2024-12-13 12:26:52,JP,paid_google,Android
u_000586,2024-12-27 20:36:54,JP,paid_tiktok,Android
u_000587,2024-11-23 18:19:29,KR,cross_promo,Android
u_000588,2024-12-20 15:24:09,KR,organic,Android
u_000589,2024-12-18 05:05:58,JP,paid_google,iOS
u_000590,2024-11-28 21:05:23,KR,referral,iOS
u_000591,2024-11-14 23:03:44,KR,referral,iOS
u_000592,2024-12-25 00:58:26,KR,referral,Android
u_000593,2024-11-12 19:41:59,KR,referral,iOS
u_000594,2024-12-30 03:14:19,KR,cross_promo,Android
u_000595,2024-12-13 11:37:48,KR,referral,iOS
u_000596,2024-11-18 18:10:19,KR,paid_facebook,Android
u_000597,2024-12-05 05:33:30,JP,paid_tiktok,Android
u_000598,2024-12-25 17:02:19,KR,organic,Android
u_000599,2024-11-19 09:24:01,KR,paid_tiktok,Android
u_000600,2024-12-12 02:34:03,KR,referral,Android
u_000601,2024-11-23 23:05:16,JP,paid_tiktok,Android
u_000602,2024-12-29 02:34:13,JP,paid_facebook,iOS
u_000603,2024-11-03 17:57:32,US,organic,iOS
u_000604,2024-12-15 19:29:33,US,referral,Android
u_000605,2024-11-03 04:18:16,KR,cross_promo,Android
u_000606,2024-12-27 10:34:26,JP,paid_google,Android
u_000607,2024-11-18 19:11:35,KR,paid_tiktok,Android
u_000608,2024-11-13 06:59:36,KR,organic,iOS
u_000609,2024-11-30 13:15:01,KR,paid_facebook,Android
u_000610,2024-11-11 08:26:39,KR,paid_facebook,iOS
u_000611,2024-12-02 01:21:18,JP,paid_google,Android
u_000612,2024-12-04 22:02:12,KR,paid_google,Android
u_000613,2024-12-01 04:57:40,KR,paid_google,Android
u_000614,2024-11-24 22:22:23,US,organic,iOS
u_000615,2024-11-21 17:23:55,KR,cross_promo,iOS
u_000616,2024-12-09 23:02:07,KR,paid_tiktok,Android
u_000617,2024-12-11 21:40:57,KR,paid_facebook,iOS
u_000618,2024-12-08 05:57:20,US,referral,iOS
u_000619,2024-11-17 06:32:44,US,paid_facebook,iOS
u_000620,2024-11-22 21:46:42,KR,paid_google,Android
u_000621,2024-11-16 15:18:45,US,paid_tiktok,Android
u_000622,2024-12-05 17:56:36,JP,referral,Android
u_000623,2024-11-15 10:43:31,KR,paid_tiktok,Android
u_000624,2024-12-19 19:22:55,US,paid_tiktok,Android
u_000625,2024-12-18 13:44:22,US,paid_tiktok,Android
u_000626,2024-12-19 15:31:54,KR,paid_google,Android
u_000627,2024-11-04 18:39:41,JP,referral,iOS
u_000628,2024-11-07 12:35:08,JP,cross_promo,Android
u_000629,2024-12-05 09:58:58,KR,paid_google,Android
u_000630,2024-12-02 02:17:18,KR,paid_facebook,Android
u_000631,2024-11-08 03:11:31,KR,paid_google,Android
u_000632,2024-11-23 04:43:40,KR,paid_google,Android
u_000633,2024-11-24 22:04:40,KR,paid_google,Android
u_000634,2024-12-21 21:54:13,US,organic,iOS
u_000635,2024-11-23 02:27:07,KR,paid_tiktok,Android
u_000636,2024-12-30 21:41:27,JP,paid_tiktok,Android
u_000637,2024-11-04 22:28:44,KR,organic,iOS
u_000638,2024-11-12 16:58:57,US,referral,iOS
u_000639,2024-11-16 01:13:33,JP,referral,iOS
u_000640,2024-11-11 05:02:41,KR,organic,Android
u_000641,2024-12-15 00:35:10,KR,paid_facebook,Android
u_000642,2024-12-20 03:15:21,US,paid_facebook,iOS
u_000643,2024-11-03 17:46:52,US,paid_facebook,Android
u_000644,2024-12-28 07:30:51,JP,paid_facebook,Android
u_000645,2024-11-25 11:11:20,KR,paid_google,iOS
u_000646,2024-11-04 04:27:59,KR,cross_promo,Android
u_000647,2024-11-16 16:07:52,US,organic,iOS
u_000648,2024-11-18 19:55:04,US,organic,Android
u_000649,2024-12-20 20:34:04,KR,referral,iOS
u_000650,2024-11-02 17:46:39,KR,organic,Android
u_000651,2024-11-06 11:09:43,KR,referral,Android
u_000652,2024-12-27 22:28:52,KR,paid_facebook,iOS
u_000653,2024-12-04 13:29:03,KR,cross_promo,Android
u_000654,2024-11-04 07:04:40,US,paid_tiktok,iOS
u_000655,2024-11-11 00:55:24,US,organic,Android
u_000656,2024-12-20 06:13:33,KR,paid_facebook,iOS
u_000657,2024-12-19 02:56:18,KR,paid_tiktok,Android
u_000658,2024-12-09 01:25:29,JP,paid_tiktok,Android
u_000659,2024-12-20 17:57:29,JP,paid_tiktok,iOS
u_000660,2024-12-01 09:05:08,US,paid_tiktok,iOS
u_000661,2024-11-27 15:47:15,KR,paid_tiktok,Android
u_000662,2024-11-08 19:58:27,US,paid_google,Android
u_000663,2024-11-23 16:12:24,KR,cross_promo,Android
u_000664,2024-11-21 11:08:22,JP,paid_tiktok,iOS
u_000665,2024-11-07 20:03:48,JP,paid_google,Android
u_000666,2024-12-20 12:47:05,US,paid_google,Android
u_000667,2024-11-30 16:17:34,JP,cross_promo,iOS
u_000668,2024-11-24 10:46:31,JP,paid_facebook,Android
u_000669,2024-12-23 18:59:04,KR,referral,Android
u_000670,2024-12-06 10:57:01,JP,cross_promo,Android
u_000671,2024-11-12 13:26:47,KR,cross_promo,iOS
u_000672,2024-12-17 12:46:28,KR,paid_facebook,iOS
u_000673,2024-12-04 09:19:48,US,paid_google,Android
u_000674,2024-12-20 11:58:52,KR,paid_google,iOS
u_000675,2024-12-03 15:56:14,KR,organic,iOS
u_000676,2024-12-07 15:21:42,KR,paid_facebook,Android
u_000677,2024-11-25 02:17:20,US,organic,Android
u_000678,2024-11-16 06:49:04,KR,paid_tiktok,Android
u_000679,2024-12-30 06:45:35,JP,paid_tiktok,Android
u_000680,2024-11-22 18:59:55,KR,paid_google,Android
u_000681,2024-12-15 13:46:02,US,paid_facebook,Android
u_000682,2024-12-01 05:28:59,KR,organic,Android
u_000683,2024-11-22 01:00:28,KR,paid_google,iOS
u_000684,2024-11-03 09:05:25,KR,paid_google,Android
u_000685,2024-12-04 04:20:11,KR,organic,iOS
u_000686,2024-12-28 08:40:59,US,cross_promo,Android
u_000687,2024-11-09 21:54:06,US,paid_google,Android
u_000688,2024-12-18 04:58:36,KR,cross_promo,Android
u_000689,2024-11-05 11:56:21,KR,paid_facebook,Android
u_000690,2024-12-04 06:39:39,KR,paid_facebook,Android
u_000691,2024-11-25 15:19:58,KR,cross_promo,Android
u_000692,2024-11-14 17:05:18,KR,organic,Android
u_000693,2024-12-25 08:08:48,KR,paid_tiktok,iOS
u_000694,2024-12-20 12:17:37,JP,paid_facebook,Android
u_000695,2024-12-23 21:03:06,KR,paid_google,Android
u_000696,2024-11-08 07:39:29,US,paid_facebook,Android
u_000697,2024-12-22 01:52:49,US,cross_promo,iOS
u_000698,2024-11-15 04:24:41,KR,paid_facebook,Android
u_000699,2024-12-30 20:39:04,JP,paid_tiktok,Android
u_000700,2024-12-29 10:27:07,US,paid_google,Android
u_000701,2024-11-19 01:00:59,US,cross_promo,iOS
u_000702,2024-12-14 17:12:11,KR,paid_tiktok,Android
u_000703,2024-11-22 21:58:35,JP,cross_promo,Android
u_000704,2024-11-18 23:23:22,KR,paid_facebook,Android
u_000705,2024-12-08 10:26:39,US,paid_facebook,Android
u_000706,2024-11-30 08:33:04,KR,paid_google,iOS
u_000707,2024-11-02 13:18:03,JP,referral,iOS
u_000708,2024-11-13 21:51:16,US,cross_promo,Android
u_000709,2024-11-27 05:21:21,KR,paid_google,Android
u_000710,2024-11-25 04:49:08,KR,paid_facebook,Android
u_000711,2024-11-11 19:21:19,JP,paid_google,Android
u_000712,2024-11-13 13:28:33,JP,referral,Android
u_000713,2024-11-17 17:34:53,JP,referral,Android
u_000714,2024-12-11 16:58:22,KR,organic,Android
u_000715,2024-11-17 11:48:56,US,referral,Android
u_000716,2024-12-17 16:15:03,JP,organic,Android
u_000717,2024-12-18 11:43:01,KR,paid_tiktok,iOS
u_000718,2024-11-12 14:02:09,JP,paid_google,iOS
u_000719,2024-12-12 00:04:52,KR,paid_tiktok,Android
u_000720,2024-11-09 06:14:45,KR,paid_tiktok,Android
u_000721,2024-11-30 05:06:51,JP,referral,Android
u_000722,2024-12-29 23:14:34,US,paid_tiktok,Android
u_000723,2024-12-27 16:02:00,US,paid_google,Android
u_000724,2024-12-09 16:51:08,KR,paid_tiktok,Android
u_000725,2024-11-11 21:07:25,JP,paid_tiktok,iOS
u_000726,2024-12-14 18:14:39,JP,referral,Android
u_000727,2024-11-13 15:11:53,KR,paid_tiktok,Android
u_000728,2024-11-03 02:30:40,US,paid_google,Android
u_000729,2024-11-24 07:45:44,KR,referral,iOS
u_000730,2024-11-06 21:36:48,KR,organic,Android
u_000731,2024-11-25 13:23:21,KR,paid_google,Android
u_000732,2024-12-10 01:03:44,JP,paid_google,iOS
u_000733,2024-11-02 20:56:32,KR,paid_google,iOS
u_000734,2024-12-29 08:36:34,KR,paid_google,Android
u_000735,2024-12-29 21:30:17,JP,paid_tiktok,Android
u_000736,2024-11-03 15:44:38,US,referral,iOS
u_000737,2024-12-21 17:20:43,JP,paid_google,Android
u_000738,2024-11-25 23:01:20,KR,paid_facebook,Android
u_000739,2024-11-24 07:28:16,KR,organic,iOS
u_000740,2024-12-06 11:54:08,KR,referral,iOS
u_000741,2024-11-02 13:45:01,JP,referral,iOS
u_000742,2024-11-12 14:00:30,JP,paid_google,Android
u_000743,2024-12-18 20:29:40,KR,paid_tiktok,iOS
u_000744,2024-12-03 05:26:40,JP,paid_google,Android
u_000745,2024-12-19 12:37:56,JP,referral,Android
u_000746,2024-12-13 11:45:39,KR,referral,iOS
u_000747,2024-12-23 15:34:23,US,referral,Android
u_000748,2024-12-21 10:23:45,US,paid_tiktok,Android
u_000749,2024-12-10 09:56:33,US,referral,Android
u_000750,2024-12-28 10:34:20,JP,paid_tiktok,Android
u_000751,2024-12-04 08:55:48,KR,organic,Android
u_000752,2024-12-13 12:48:12,KR,organic,Android
u_000753,2024-12-19 18:10:38,KR,organic,Android
u_000754,2024-12-10 00:47:11,JP,paid_google,Android
u_000755,2024-12-30 21:52:20,KR,cross_promo,Android
u_000756,2024-12-23 03:49:39,JP,paid_tiktok,Android
u_000757,2024-12-21 15:45:17,KR,referral,Android
u_000758,2024-12-25 02:19:20,JP,organic,iOS
u_000759,2024-12-20 18:06:16,JP,organic,Android
u_000760,2024-12-10 05:48:34,US,paid_google,Android
u_000761,2024-11-18 11:00:30,KR,organic,iOS
u_000762,2024-11-17 02:35:48,JP,referral,Android
u_000763,2024-11-23 04:55:26,JP,paid_google,Android
u_000764,2024-12-18 01:55:02,US,referral,Android
u_000765,2024-12-18 19:26:42,JP,paid_facebook,Android
u_000766,2024-11-06 16:39:17,KR,cross_promo,iOS
u_000767,2024-11-11 20:08:36,KR,cross_promo,Android
u_000768,2024-11-14 08:30:05,US,paid_google,Android
u_000769,2024-12-15 11:49:01,KR,paid_facebook,Android
u_000770,2024-12-26 00:30:39,JP,paid_tiktok,Android
u_000771,2024-11-21 15:40:07,US,paid_facebook,iOS
u_000772,2024-12-08 14:38:13,KR,referral,Android
u_000773,2024-12-12 10:59:15,KR,referral,iOS
u_000774,2024-11-22 02:40:59,US,cross_promo,iOS
u_000775,2024-11-19 19:47:27,US,organic,Android
u_000776,2024-11-27 23:14:16,KR,organic,iOS
u_000777,2024-12-13 05:06:23,KR,paid_facebook,iOS
u_000778,2024-12-03 08:17:38,KR,paid_tiktok,iOS
u_000779,2024-12-15 09:14:20,US,organic,iOS
u_000780,2024-11-06 04:30:44,US,paid_tiktok,Android
u_000781,2024-11-07 09:09:58,US,paid_google,Android
u_000782,2024-11-04 18:25:05,KR,cross_promo,Android
u_000783,2024-12-02 03:41:46,KR,paid_google,iOS
u_000784,2024-12-18 07:30:24,KR,cross_promo,Android
u_000785,2024-11-05 02:12:54,KR,organic,iOS
u_000786,2024-12-07 09:22:25,US,referral,Android
u_000787,2024-11-05 17:12:24,US,paid_tiktok,Android
u_000788,2024-12-19 14:31:56,US,paid_tiktok,Android
u_000789,2024-12-08 23:56:47,KR,referral,iOS
u_000790,2024-12-02 07:27:53,KR,cross_promo,iOS
u_000791,2024-12-20 23:23:27,KR,paid_google,Android
u_000792,2024-12-01 02:47:25,KR,paid_facebook,iOS
u_000793,2024-12-01 09:14:08,JP,paid_tiktok,Android
u_000794,2024-12-16 14:41:32,KR,paid_facebook,iOS
u_000795,2024-11-30 16:31:19,KR,cross_promo,Android
u_000796,2024-12-28 00:29:33,KR,referral,Android
u_000797,2024-12-09 16:18:31,KR,paid_tiktok,Android
u_000798,2024-12-22 18:07:21,KR,paid_google,Android
u_000799,2024-11-25 02:37:16,KR,cross_promo,iOS
u_000800,2024-11-03 01:01:43,KR,paid_google,Android
u_000801,2024-12-15 03:19:15,KR,paid_facebook,Android
u_000802,2024-11-13 17:54:06,JP,paid_tiktok,Android
u_000803,2024-11-10 19:58:32,KR,organic,Android
u_000804,2024-11-04 22:49:58,US,paid_tiktok,Android
u_000805,2024-12-19 06:46:29,US,cross_promo,Android
u_000806,2024-12-11 02:29:20,JP,paid_tiktok,Android
u_000807,2024-12-26 03:52:07,KR,cross_promo,Android
u_000808,2024-12-30 11:28:58,US,referral,Android
u_000809,2024-11-12 02:04:14,KR,organic,Android
u_000810,2024-12-28 23:02:47,JP,cross_promo,iOS
u_000811,2024-11-22 23:10:47,JP,cross_promo,Android
u_000812,2024-11-01 08:54:55,KR,organic,Android
u_000813,2024-11-08 06:20:04,KR,paid_google,Android
u_000814,2024-11-19 15:53:05,US,cross_promo,Android
u_000815,2024-11-07 06:42:38,KR,organic,Android
u_000816,2024-11-22 23:25:29,KR,organic,Android
u_000817,2024-12-10 13:59:12,KR,cross_promo,iOS
u_000818,2024-12-21 02:18:07,KR,organic,iOS
u_000819,2024-12-24 07:39:14,US,referral,Android
u_000820,2024-11-19 02:08:40,KR,paid_google,Android
u_000821,2024-12-26 01:27:24,KR,cross_promo,Android
u_000822,2024-12-15 13:52:59,KR,paid_google,Android
u_000823,2024-12-27 04:27:18,US,paid_tiktok,Android
u_000824,2024-11-24 12:38:21,US,referral,iOS
u_000825,2024-12-08 06:49:31,KR,paid_tiktok,Android
u_000826,2024-11-12 14:48:16,JP,referral,Android
u_000827,2024-11-25 10:21:03,KR,paid_google,Android
u_000828,2024-11-26 11:42:56,JP,cross_promo,Android
u_000829,2024-12-08 08:16:25,KR,referral,Android
u_000830,2024-12-21 16:58:10,US,organic,Android
u_000831,2024-11-16 03:54:24,KR,organic,iOS
u_000832,2024-12-26 01:08:34,US,paid_tiktok,Android
u_000833,2024-11-16 05:30:21,KR,referral,iOS
u_000834,2024-12-08 07:30:21,KR,referral,iOS
u_000835,2024-11-17 15:17:14,JP,paid_tiktok,Android
u_000836,2024-12-28 14:55:53,KR,paid_facebook,iOS
u_000837,2024-11-22 15:51:37,KR,paid_facebook,Android
u_000838,2024-12-19 20:50:06,KR,paid_facebook,iOS
u_000839,2024-11-18 19:53:52,US,referral,Android
u_000840,2024-11-08 21:36:55,KR,referral,Android
u_000841,2024-11-15 16:38:15,JP,referral,Android
u_000842,2024-11-04 18:48:11,KR,paid_tiktok,Android
u_000843,2024-12-30 07:14:46,JP,cross_promo,iOS
u_000844,2024-11-27 02:46:53,JP,paid_tiktok,Android
u_000845,2024-12-15 15:00:36,US,paid_tiktok,Android
u_000846,2024-12-22 17:34:28,JP,referral,Android
u_000847,2024-12-17 20:20:57,KR,referral,Android
u_000848,2024-11-09 21:46:16,KR,paid_facebook,Android
u_000849,2024-12-05 01:45:21,KR,paid_facebook,iOS
u_000850,2024-11-23 07:20:45,KR,paid_facebook,Android
u_000851,2024-11-01 13:16:40,KR,referral,Android
u_000852,2024-11-18 11:13:31,US,cross_promo,iOS
u_000853,2024-11-03 18:54:17,JP,cross_promo,Android
u_000854,2024-12-25 19:44:09,KR,cross_promo,iOS
u_000855,2024-11-10 08:07:07,US,referral,Android
u_000856,2024-11-28 15:44:54,KR,cross_promo,iOS
u_000857,2024-12-04 17:47:50,JP,cross_promo,Android
u_000858,2024-11-21 05:41:15,KR,organic,Android
u_000859,2024-12-07 07:40:57,JP,paid_google,iOS
u_000860,2024-12-16 15:38:48,US,paid_tiktok,Android
u_000861,2024-12-18 00:37:41,JP,referral,iOS
u_000862,2024-11-01 21:40:13,US,referral,Android
u_000863,2024-12-24 18:27:29,JP,paid_google,iOS
u_000864,2024-11-23 00:09:28,US,paid_facebook,Android
u_000865,2024-11-05 21:19:08,KR,paid_facebook,iOS
u_000866,2024-12-06 22:42:35,JP,paid_facebook,Android
u_000867,2024-12-19 10:26:45,JP,paid_tiktok,Android
u_000868,2024-12-20 07:26:51,KR,paid_tiktok,Android
u_000869,2024-12-14 04:15:17,US,paid_facebook,Android
u_000870,2024-12-11 03:52:00,JP,paid_google,iOS
u_000871,2024-11-21 16:04:03,KR,organic,Android
u_000872,2024-12-20 15:55:16,JP,paid_facebook,Android
u_000873,2024-12-09 00:46:04,KR,organic,Android
u_000874,2024-12-10 02:41:11,KR,referral,iOS
u_000875,2024-12-13 21:25:47,KR,organic,iOS
u_000876,2024-11-11 12:17:39,KR,paid_tiktok,Android
u_000877,2024-11-12 17:23:03,JP,paid_facebook,Android
u_000878,2024-11-21 22:34:18,KR,paid_facebook,iOS
u_000879,2024-12-21 00:51:54,KR,cross_promo,Android
u_000880,2024-12-12 04:23:53,JP,cross_promo,iOS
u_000881,2024-11-01 13:50:14,JP,paid_facebook,Android
u_000882,2024-12-26 09:08:04,JP,organic,iOS
u_000883,2024-12-24 12:22:13,KR,paid_tiktok,iOS
u_000884,2024-12-08 04:51:13,KR,organic,iOS
u_000885,2024-12-16 19:33:39,JP,paid_facebook,Android
u_000886,2024-12-22 12:46:49,JP,paid_google,iOS
u_000887,2024-12-06 01:46:36,US,cross_promo,iOS
u_000888,2024-12-20 10:45:50,KR,paid_facebook,Android
u_000889,2024-11-03 13:07:42,KR,cross_promo,Android
u_000890,2024-12-02 00:14:43,JP,organic,Android
u_000891,2024-12-29 12:46:41,JP,paid_facebook,Android
u_000892,2024-12-06 07:06:48,JP,paid_tiktok,iOS
u_000893,2024-11-18 14:17:49,KR,cross_promo,Android
u_000894,2024-12-23 05:50:37,KR,paid_tiktok,iOS
u_000895,2024-11-17 10:40:17,KR,paid_google,iOS
u_000896,2024-12-13 05:50:38,KR,paid_google,Android
u_000897,2024-11-17 07:48:01,KR,paid_facebook,iOS
u_000898,2024-12-26 23:29:06,US,paid_facebook,Android
u_000899,2024-12-29 22:58:13,KR,paid_tiktok,Android
u_000900,2024-12-01 03:01:40,KR,referral,iOS
u_000901,2024-12-31 09:33:21,US,cross_promo,Android
u_000902,2024-11-28 06:11:35,KR,paid_google,iOS
u_000903,2024-11-03 20:08:51,KR,paid_tiktok,iOS
u_000904,2024-11-15 15:46:51,KR,paid_facebook,iOS
u_000905,2024-11-11 00:32:56,US,organic,Android
u_000906,2024-12-12 22:08:13,KR,paid_google,Android
u_000907,2024-11-15 04:37:21,JP,paid_google,Android
u_000908,2024-11-16 07:39:57,US,referral,iOS
u_000909,2024-12-22 02:56:45,JP,referral,Android
u_000910,2024-12-31 16:41:18,US,paid_facebook,Android
u_000911,2024-11-04 01:13:30,KR,paid_facebook,iOS
u_000912,2024-12-15 23:46:07,JP,cross_promo,Android
u_000913,2024-12-09 09:01:48,JP,referral,Android
u_000914,2024-11-10 08:10:52,KR,organic,Android
u_000915,2024-11-15 14:26:30,US,cross_promo,iOS
u_000916,2024-11-14 17:43:06,JP,referral,Android
u_000917,2024-11-02 15:44:23,US,organic,Android
u_000918,2024-12-20 18:24:06,JP,organic,iOS
u_000919,2024-12-22 01:16:50,KR,paid_tiktok,Android
u_000920,2024-12-16 16:54:50,KR,cross_promo,iOS
u_000921,2024-12-03 22:55:00,KR,paid_google,Android
u_000922,2024-12-28 13:48:11,KR,paid_tiktok,Android
u_000923,2024-12-27 07:15:37,KR,paid_facebook,iOS
u_000924,2024-11-10 03:32:09,KR,organic,Android
u_000925,2024-12-21 13:37:45,KR,paid_google,Android
u_000926,2024-11-19 11:04:07,KR,paid_facebook,Android
u_000927,2024-12-07 10:29:06,KR,organic,iOS
u_000928,2024-11-14 09:20:50,KR,paid_facebook,iOS
u_000929,2024-12-22 05:08:37,US,referral,Android
u_000930,2024-12-31 03:50:36,KR,referral,Android
u_000931,2024-12-13 09:59:28,KR,cross_promo,iOS
u_000932,2024-12-18 06:27:33,KR,cross_promo,Android
u_000933,2024-11-02 02:28:08,KR,paid_google,Android
u_000934,2024-12-17 04:34:25,KR,organic,iOS
u_000935,2024-12-01 02:29:01,KR,paid_facebook,Android
u_000936,2024-11-29 01:14:07,KR,organic,iOS
u_000937,2024-11-26 01:35:46,US,paid_google,Android
u_000938,2024-11-17 02:15:32,KR,referral,iOS
u_000939,2024-11-11 04:45:37,KR,referral,Android
u_000940,2024-12-17 15:08:36,KR,organic,Android
u_000941,2024-12-16 16:39:41,JP,cross_promo,Android
u_000942,2024-11-27 06:08:14,JP,referral,Android
u_000943,2024-11-21 21:15:26,JP,referral,Android
u_000944,2024-12-03 09:37:36,KR,cross_promo,Android
u_000945,2024-12-17 04:01:11,KR,paid_tiktok,iOS
u_000946,2024-11-07 06:13:09,US,paid_facebook,Android
u_000947,2024-11-06 02:03:28,KR,paid_facebook,Android
u_000948,2024-12-11 05:32:06,JP,paid_facebook,iOS
u_000949,2024-11-27 06:39:31,JP,paid_google,Android
u_000950,2024-11-13 17:26:46,KR,paid_google,iOS
u_000951,2024-12-29 22:03:03,KR,paid_facebook,iOS
u_000952,2024-11-02 02:23:22,KR,cross_promo,iOS
u_000953,2024-12-25 23:31:08,US,paid_google,Android
u_000954,2024-11-11 23:50:47,KR,organic,Android
u_000955,2024-12-24 05:24:03,US,paid_facebook,Android
u_000956,2024-12-05 10:12:35,KR,cross_promo,Android
u_000957,2024-11-10 14:25:58,KR,paid_tiktok,Android
u_000958,2024-12-30 11:48:48,KR,cross_promo,Android
u_000959,2024-11-24 23:38:55,KR,paid_google,Android
u_000960,2024-11-01 03:33:32,JP,organic,Android
u_000961,2024-12-03 17:34:52,KR,paid_google,Android
u_000962,2024-11-16 12:19:51,JP,paid_tiktok,Android
u_000963,2024-11-20 04:25:21,KR,paid_google,Android
u_000964,2024-12-26 01:44:13,KR,paid_tiktok,Android
u_000965,2024-11-20 20:19:19,KR,organic,Android
u_000966,2024-11-21 20:35:30,KR,referral,iOS
u_000967,2024-11-01 21:02:02,KR,referral,Android
u_000968,2024-12-07 01:53:41,KR,organic,Android
u_000969,2024-11-07 22:24:33,KR,paid_facebook,Android
u_000970,2024-11-24 02:37:08,KR,paid_tiktok,Android
u_000971,2024-12-04 02:09:21,KR,paid_google,Android
u_000972,2024-12-29 11:03:18,JP,organic,iOS
u_000973,2024-11-14 15:47:14,KR,organic,Android
u_000974,2024-12-08 09:28:00,KR,paid_facebook,iOS
u_000975,2024-12-14 14:30:31,JP,paid_google,Android
u_000976,2024-11-14 02:09:25,KR,paid_tiktok,Android
u_000977,2024-11-07 19:36:51,KR,paid_facebook,Android
u_000978,2024-11-10 21:53:17,KR,paid_google,iOS
u_000979,2024-11-23 02:33:59,KR,paid_google,iOS
u_000980,2024-12-25 21:56:26,US,cross_promo,Android
u_000981,2024-11-18 13:07:38,KR,paid_facebook,iOS
u_000982,2024-12-19 08:56:32,KR,paid_facebook,Android
u_000983,2024-11-26 05:09:30,KR,paid_google,Android
u_000984,2024-11-28 16:53:43,KR,cross_promo,Android
u_000985,2024-11-06 01:19:26,JP,paid_tiktok,Android
u_000986,2024-12-26 12:31:24,KR,paid_google,Android
u_000987,2024-12-30 19:20:48,KR,organic,iOS
u_000988,2024-11-30 10:52:25,KR,referral,Android
u_000989,2024-11-11 16:14:53,US,referral,Android
u_000990,2024-12-11 06:01:03,KR,paid_tiktok,Android
u_000991,2024-11-04 10:12:03,KR,paid_facebook,iOS
u_000992,2024-12-29 12:30:22,KR,paid_google,Android
u_000993,2024-11-27 11:17:25,KR,cross_promo,Android
u_000994,2024-12-18 16:34:19,KR,paid_tiktok,Android
u_000995,2024-11-01 19:15:58,JP,referral,Android
u_000996,2024-11-10 19:10:08,KR,paid_facebook,Android
u_000997,2024-12-07 14:35:51,JP,paid_facebook,Android
u_000998,2024-12-25 00:02:09,KR,organic,iOS
u_000999,2024-12-24 09:34:25,KR,organic,Android
u_001000,2024-12-12 09:05:00,KR,organic,Android
u_001001,2024-12-16 07:52:35,KR,organic,iOS
u_001002,2024-12-03 19:47:23,KR,referral,Android
u_001003,2024-11-29 03:50:53,KR,organic,iOS
u_001004,2024-12-05 19:26:59,JP,organic,Android
u_001005,2024-11-27 08:32:40,KR,paid_tiktok,Android
u_001006,2024-12-04 02:02:40,KR,cross_promo,Android
u_001007,2024-11-24 22:12:31,KR,paid_facebook,Android
u_001008,2024-11-04 16:43:23,KR,referral,iOS
u_001009,2024-11-02 08:04:26,JP,cross_promo,iOS
u_001010,2024-11-09 02:59:49,KR,referral,Android
u_001011,2024-12-27 13:21:06,JP,organic,Android
u_001012,2024-11-09 14:49:56,KR,paid_google,Android
u_001013,2024-12-30 08:42:28,KR,organic,Android
u_001014,2024-11-01 09:29:19,US,paid_facebook,iOS
u_001015,2024-12-02 18:43:04,KR,referral,Android
u_001016,2024-12-27 00:43:46,US,referral,Android
u_001017,2024-12-16 16:56:43,JP,paid_facebook,Android
u_001018,2024-11-11 21:40:06,KR,paid_facebook,Android
u_001019,2024-11-02 07:23:05,KR,organic,iOS
u_001020,2024-11-20 12:14:13,KR,paid_google,iOS
u_001021,2024-12-31 12:06:07,JP,paid_google,Android
u_001022,2024-11-29 10:07:27,US,organic,iOS
u_001023,2024-12-30 06:28:41,JP,paid_tiktok,iOS
u_001024,2024-12-15 06:10:55,KR,paid_google,Android
u_001025,2024-12-03 05:09:38,KR,paid_facebook,iOS
u_001026,2024-11-07 12:01:49,US,organic,Android
u_001027,2024-12-28 17:44:49,KR,paid_facebook,iOS
u_001028,2024-12-27 07:51:05,KR,referral,Android
u_001029,2024-12-20 22:16:59,KR,referral,Android
u_001030,2024-11-03 03:08:40,US,referral,Android
u_001031,2024-12-26 09:42:58,KR,organic,iOS
u_001032,2024-11-14 07:58:19,KR,paid_facebook,iOS
u_001033,2024-12-05 09:34:58,KR,cross_promo,Android
u_001034,2024-12-29 09:00:42,KR,paid_facebook,Android
u_001035,2024-12-28 05:59:32,KR,organic,iOS
u_001036,2024-12-06 21:23:56,JP,paid_facebook,Android
u_001037,2024-12-26 07:38:13,JP,organic,Android
u_001038,2024-11-18 13:02:29,KR,paid_tiktok,iOS
u_001039,2024-12-05 09:43:35,US,paid_google,iOS
u_001040,2024-11-05 21:44:01,KR,paid_facebook,Android
u_001041,2024-12-08 10:16:58,KR,referral,iOS
u_001042,2024-12-29 12:44:44,KR,paid_google,iOS
u_001043,2024-11-02 02:07:42,JP,cross_promo,Android
u_001044,2024-11-19 13:45:05,KR,paid_facebook,Android
u_001045,2024-12-25 05:43:24,JP,paid_tiktok,iOS
u_001046,2024-11-12 19:01:56,KR,organic,Android
u_001047,2024-11-02 01:31:07,US,paid_tiktok,iOS
u_001048,2024-11-18 08:01:59,US,paid_google,Android
u_001049,2024-11-30 00:52:30,KR,paid_facebook,iOS
u_001050,2024-11-29 20:59:25,KR,referral,Android
u_001051,2024-12-21 12:00:27,JP,paid_google,Android
u_001052,2024-12-13 06:45:05,KR,referral,Android
u_001053,2024-12-24 13:18:53,US,paid_facebook,iOS
u_001054,2024-11-10 16:20:20,KR,paid_google,Android
u_001055,2024-12-17 07:20:21,JP,paid_google,Android
u_001056,2024-11-20 04:25:51,KR,organic,Android
u_001057,2024-12-15 10:54:08,KR,paid_google,Android
u_001058,2024-11-03 02:01:26,KR,paid_google,Android
u_001059,2024-12-17 07:36:38,KR,paid_facebook,Android
u_001060,2024-11-01 17:44:06,KR,organic,iOS
u_001061,2024-11-26 00:26:55,KR,paid_tiktok,iOS
u_001062,2024-11-11 17:56:24,US,referral,Android
u_001063,2024-11-04 15:07:45,JP,paid_tiktok,Android
u_001064,2024-12-18 07:47:46,JP,paid_tiktok,Android
u_001065,2024-11-02 03:24:00,KR,cross_promo,Android
u_001066,2024-11-15 07:16:25,KR,paid_tiktok,Android
u_001067,2024-12-12 08:21:29,US,cross_promo,iOS
u_001068,2024-12-16 17:44:43,JP,cross_promo,Android
u_001069,2024-12-20 07:33:25,JP,cross_promo,Android
u_001070,2024-12-15 13:26:24,KR,organic,Android
u_001071,2024-11-30 21:38:55,KR,paid_facebook,Android
u_001072,2024-12-10 19:28:00,KR,referral,Android
u_001073,2024-11-11 12:11:42,KR,cross_promo,iOS
u_001074,2024-11-02 08:29:50,US,paid_google,Android
u_001075,2024-11-07 18:16:44,KR,cross_promo,iOS
u_001076,2024-11-18 18:37:53,US,cross_promo,iOS
u_001077,2024-11-02 01:43:13,JP,cross_promo,Android
u_001078,2024-11-08 20:14:40,KR,organic,iOS
u_001079,2024-11-07 10:22:12,US,paid_google,iOS
u_001080,2024-11-16 15:16:53,US,referral,Android
u_001081,2024-12-21 02:31:52,KR,referral,Android
u_001082,2024-12-23 07:26:49,KR,paid_tiktok,Android
u_001083,2024-12-07 03:50:58,JP,paid_facebook,iOS
u_001084,2024-12-02 05:15:11,KR,paid_tiktok,Android
u_001085,2024-11-03 07:55:59,JP,referral,Android
u_001086,2024-12-26 21:41:12,KR,paid_facebook,Android
u_001087,2024-11-27 19:51:26,KR,cross_promo,Android
u_001088,2024-12-09 18:42:29,US,cross_promo,Android
u_001089,2024-12-13 02:12:38,KR,paid_google,iOS
u_001090,2024-12-07 12:35:17,JP,referral,iOS
u_001091,2024-12-02 01:23:34,KR,cross_promo,iOS
u_001092,2024-12-02 20:10:18,KR,paid_facebook,iOS
u_001093,2024-11-30 10:09:08,KR,paid_tiktok,Android
u_001094,2024-12-08 00:30:56,KR,paid_facebook,Android
u_001095,2024-11-19 14:51:54,KR,paid_facebook,Android
u_001096,2024-11-18 09:29:29,KR,referral,iOS
u_001097,2024-11-03 01:14:34,JP,cross_promo,Android
u_001098,2024-11-05 06:48:17,KR,organic,Android
u_001099,2024-12-27 05:45:23,KR,referral,iOS
u_001100,2024-11-27 21:18:09,KR,paid_facebook,Android
u_001101,2024-12-05 00:20:45,KR,organic,iOS
u_001102,2024-12-18 09:33:23,JP,organic,iOS
u_001103,2024-12-28 23:53:09,KR,paid_facebook,Android
u_001104,2024-12-21 01:21:26,KR,referral,iOS
u_001105,2024-11-20 23:29:56,KR,paid_tiktok,Android
u_001106,2024-11-18 15:59:06,KR,referral,Android
u_001107,2024-11-12 21:17:56,KR,paid_google,iOS
u_001108,2024-12-14 04:08:50,KR,paid_facebook,Android
u_001109,2024-11-05 11:42:17,JP,organic,Android
u_001110,2024-11-22 05:11:02,JP,cross_promo,iOS
u_001111,2024-11-25 13:20:05,JP,referral,Android
u_001112,2024-11-14 06:38:12,US,paid_facebook,Android
u_001113,2024-12-24 11:18:09,KR,paid_google,iOS
u_001114,2024-11-14 02:32:06,KR,cross_promo,iOS
u_001115,2024-11-09 05:24:05,KR,organic,Android
u_001116,2024-12-13 15:44:10,US,paid_google,Android
u_001117,2024-12-28 22:45:28,JP,referral,iOS
u_001118,2024-11-06 18:49:49,JP,organic,Android
u_001119,2024-11-28 09:03:44,KR,referral,iOS
u_001120,2024-12-09 14:02:35,KR,organic,Android
u_001121,2024-12-02 06:48:18,JP,referral,Android
u_001122,2024-12-30 08:16:46,KR,paid_google,Android
u_001123,2024-12-08 17:12:30,KR,cross_promo,Android
u_001124,2024-11-20 02:10:57,JP,cross_promo,iOS
u_001125,2024-11-30 06:38:42,JP,cross_promo,Android
u_001126,2024-11-29 11:09:59,JP,organic,iOS
u_001127,2024-11-21 12:17:46,KR,paid_tiktok,Android
u_001128,2024-12-13 11:11:34,KR,paid_facebook,iOS
u_001129,2024-11-20 13:04:29,KR,paid_google,iOS
u_001130,2024-11-19 03:50:41,KR,referral,Android
u_001131,2024-11-19 10:04:11,KR,cross_promo,Android
u_001132,2024-11-20 01:18:26,KR,paid_facebook,Android
u_001133,2024-12-12 21:15:43,KR,paid_tiktok,iOS
u_001134,2024-12-08 18:20:49,JP,paid_tiktok,Android
u_001135,2024-12-04 22:50:07,JP,cross_promo,iOS
u_001136,2024-11-10 16:14:11,KR,paid_google,Android
u_001137,2024-12-15 02:07:46,US,paid_tiktok,Android
u_001138,2024-12-23 12:47:39,JP,cross_promo,Android
u_001139,2024-12-12 06:26:10,US,paid_google,iOS
u_001140,2024-11-08 01:27:11,US,paid_google,Android
u_001141,2024-12-09 05:21:56,JP,referral,iOS
u_001142,2024-12-27 23:07:24,US,cross_promo,Android
u_001143,2024-11-30 03:25:41,US,paid_google,Android
u_001144,2024-11-05 13:18:38,KR,cross_promo,Android
u_001145,2024-11-30 09:16:47,JP,paid_google,Android
u_001146,2024-12-02 06:30:57,US,referral,Android
u_001147,2024-11-23 00:34:02,KR,paid_tiktok,iOS
u_001148,2024-12-05 23:58:35,JP,referral,Android
u_001149,2024-12-15 03:19:01,KR,organic,Android
u_001150,2024-11-02 18:34:40,US,organic,iOS
u_001151,2024-11-12 07:18:36,JP,paid_tiktok,Android
u_001152,2024-12-10 17:22:39,KR,paid_tiktok,Android
u_001153,2024-12-08 14:02:36,KR,referral,iOS
u_001154,2024-12-12 18:17:44,US,paid_google,iOS
u_001155,2024-12-23 15:27:00,KR,referral,Android
u_001156,2024-12-03 14:45:55,US,referral,Android
u_001157,2024-11-19 06:50:37,KR,referral,iOS
u_001158,2024-11-29 02:35:00,US,paid_tiktok,Android
u_001159,2024-11-30 15:21:03,KR,referral,iOS
u_001160,2024-11-13 19:04:12,US,paid_facebook,Android
u_001161,2024-12-02 00:02:21,JP,organic,iOS
u_001162,2024-11-21 11:29:35,US,cross_promo,iOS
u_001163,2024-12-22 22:17:14,KR,cross_promo,iOS
u_001164,2024-12-17 19:46:16,JP,referral,Android
u_001165,2024-12-20 06:24:37,KR,paid_facebook,iOS
u_001166,2024-12-19 14:43:43,KR,cross_promo,Android
u_001167,2024-11-06 06:09:32,KR,paid_google,Android
u_001168,2024-12-21 10:47:24,KR,paid_google,iOS
u_001169,2024-12-18 02:38:24,KR,paid_facebook,Android
u_001170,2024-12-19 21:37:21,KR,paid_facebook,Android
u_001171,2024-11-18 07:52:11,KR,cross_promo,iOS
u_001172,2024-12-17 09:58:24,KR,paid_google,Android
u_001173,2024-12-18 16:11:30,JP,paid_facebook,Android
u_001174,2024-11-04 23:52:23,KR,cross_promo,Android
u_001175,2024-12-27 19:33:30,KR,paid_tiktok,iOS
u_001176,2024-11-30 00:45:44,KR,referral,Android
u_001177,2024-12-09 13:03:00,JP,paid_google,iOS
u_001178,2024-12-02 13:04:58,US,paid_tiktok,iOS
u_001179,2024-12-14 07:01:18,KR,cross_promo,Android
u_001180,2024-11-08 06:51:26,KR,cross_promo,Android
u_001181,2024-11-03 01:05:13,KR,organic,Android
u_001182,2024-11-21 21:04:33,KR,paid_facebook,iOS
u_001183,2024-11-04 15:42:36,KR,paid_tiktok,Android
u_001184,2024-12-12 09:13:52,KR,cross_promo,Android
u_001185,2024-11-22 14:33:24,KR,organic,Android
u_001186,2024-11-08 17:49:41,KR,paid_tiktok,iOS
u_001187,2024-11-16 11:54:42,KR,cross_promo,Android
u_001188,2024-12-14 18:50:43,KR,cross_promo,Android
u_001189,2024-12-07 16:59:00,US,paid_tiktok,iOS
u_001190,2024-12-19 00:41:49,KR,referral,Android
u_001191,2024-12-20 05:28:13,JP,cross_promo,iOS
u_001192,2024-11-12 17:10:39,JP,organic,iOS
u_001193,2024-11-05 11:00:36,KR,paid_tiktok,Android
u_001194,2024-11-18 06:00:09,US,organic,Android
u_001195,2024-11-19 00:50:45,KR,cross_promo,Android
u_001196,2024-12-02 08:03:13,JP,cross_promo,Android
u_001197,2024-12-06 00:28:21,KR,organic,iOS
u_001198,2024-12-11 02:06:52,US,referral,Android
u_001199,2024-12-24 13:00:51,US,paid_facebook,Android
u_001200,2024-12-12 15:52:34,KR,paid_google,iOS
u_001201,2024-11-18 21:04:07,US,paid_facebook,Android
u_001202,2024-11-13 03:21:59,KR,organic,iOS
u_001203,2024-12-05 09:46:53,US,paid_google,Android
u_001204,2024-12-08 06:41:44,JP,paid_google,iOS
u_001205,2024-12-06 07:13:13,JP,paid_google,iOS
u_001206,2024-11-19 03:58:06,KR,organic,Android
u_001207,2024-11-15 17:43:12,JP,paid_google,iOS
u_001208,2024-12-05 15:27:56,KR,paid_facebook,Android
u_001209,2024-12-07 03:02:38,US,paid_google,iOS
u_001210,2024-12-03 06:34:00,US,paid_facebook,Android
u_001211,2024-11-11 14:57:46,KR,paid_google,iOS
u_001212,2024-12-04 00:59:45,US,paid_google,Android
u_001213,2024-11-25 07:28:42,KR,organic,Android
u_001214,2024-11-05 03:45:31,KR,paid_google,Android
u_001215,2024-11-29 18:34:11,US,organic,Android
u_001216,2024-11-09 12:22:22,JP,cross_promo,Android
u_001217,2024-12-12 00:18:47,KR,cross_promo,Android
u_001218,2024-11-22 08:06:39,KR,organic,Android
u_001219,2024-12-19 17:07:31,US,paid_facebook,Android
u_001220,2024-12-02 03:41:45,JP,paid_facebook,iOS
u_001221,2024-12-17 15:39:35,US,referral,iOS
u_001222,2024-11-01 02:21:17,KR,referral,Android
u_001223,2024-11-23 15:27:31,KR,paid_tiktok,Android
u_001224,2024-12-26 06:57:57,KR,referral,Android
u_001225,2024-11-12 10:54:10,KR,referral,Android
u_001226,2024-11-29 03:10:18,KR,paid_tiktok,iOS
u_001227,2024-11-16 05:15:39,JP,organic,Android
u_001228,2024-11-29 06:26:19,JP,paid_google,Android
u_001229,2024-11-08 08:13:16,US,paid_google,Android
u_001230,2024-11-17 14:34:10,US,cross_promo,Android
u_001231,2024-12-13 01:36:28,JP,cross_promo,iOS
u_001232,2024-12-21 05:19:48,KR,referral,iOS
u_001233,2024-12-26 16:21:56,JP,paid_facebook,Android
u_001234,2024-12-21 08:42:44,US,paid_google,iOS
u_001235,2024-12-20 13:09:08,US,organic,Android
u_001236,2024-11-30 23:27:10,US,referral,Android
u_001237,2024-11-20 20:35:23,KR,paid_google,iOS
u_001238,2024-12-18 00:24:47,JP,paid_google,iOS
u_001239,2024-12-02 23:37:36,KR,cross_promo,Android
u_001240,2024-11-06 17:16:02,KR,paid_tiktok,iOS
u_001241,2024-11-19 23:11:28,US,paid_google,iOS
u_001242,2024-11-10 21:03:08,JP,referral,iOS
u_001243,2024-11-22 03:08:57,KR,paid_tiktok,Android
u_001244,2024-12-09 08:09:30,KR,referral,iOS
u_001245,2024-12-27 04:47:07,KR,paid_tiktok,Android
u_001246,2024-12-14 11:39:34,KR,paid_google,Android
u_001247,2024-12-31 14:33:51,US,organic,Android
u_001248,2024-12-09 21:31:20,JP,paid_tiktok,Android
u_001249,2024-11-06 01:58:00,KR,paid_tiktok,iOS
u_001250,2024-12-24 11:48:11,KR,cross_promo,iOS
u_001251,2024-12-02 23:28:38,KR,paid_google,Android
u_001252,2024-12-10 14:01:06,KR,organic,iOS
u_001253,2024-12-15 12:15:31,KR,paid_facebook,Android
u_001254,2024-11-21 13:32:54,KR,paid_google,iOS
u_001255,2024-12-08 00:27:44,KR,paid_facebook,Android
u_001256,2024-12-16 23:31:39,JP,paid_tiktok,Android
u_001257,2024-11-20 16:20:45,KR,cross_promo,Android
u_001258,2024-12-29 21:29:50,KR,paid_google,Android
u_001259,2024-11-27 02:35:20,US,referral,iOS
u_001260,2024-11-20 20:53:38,KR,paid_google,Android
u_001261,2024-12-22 19:28:11,JP,cross_promo,Android
u_001262,2024-12-04 04:57:51,JP,organic,iOS
u_001263,2024-11-07 16:34:18,KR,paid_google,Android
u_001264,2024-11-18 11:58:47,JP,paid_tiktok,iOS
u_001265,2024-12-09 10:55:26,KR,organic,iOS
u_001266,2024-12-15 02:58:30,KR,paid_google,Android
u_001267,2024-12-06 11:01:31,US,paid_facebook,iOS
u_001268,2024-11-12 09:28:24,KR,referral,iOS
u_001269,2024-11-07 19:54:28,KR,referral,Android
u_001270,2024-11-05 11:43:02,US,referral,Android
u_001271,2024-11-13 17:28:25,JP,paid_facebook,Android
u_001272,2024-11-27 12:01:34,JP,paid_google,iOS
u_001273,2024-12-23 16:59:54,KR,organic,Android
u_001274,2024-11-09 03:49:09,KR,referral,Android
u_001275,2024-12-19 05:59:38,JP,paid_google,iOS
u_001276,2024-11-25 14:30:28,US,organic,Android
u_001277,2024-12-16 15:26:30,JP,paid_facebook,Android
u_001278,2024-12-05 20:06:03,US,paid_facebook,iOS
u_001279,2024-11-19 17:55:58,US,paid_google,Android
u_001280,2024-12-05 07:15:59,US,organic,Android
u_001281,2024-11-14 10:28:40,KR,organic,iOS
u_001282,2024-11-25 08:34:18,KR,referral,Android
u_001283,2024-12-12 14:51:00,KR,paid_google,Android
u_001284,2024-12-15 22:48:23,KR,cross_promo,Android
u_001285,2024-12-14 14:05:02,KR,paid_tiktok,iOS
u_001286,2024-11-20 12:32:51,KR,paid_google,Android
u_001287,2024-12-13 12:27:02,US,organic,Android
u_001288,2024-11-15 18:53:20,KR,organic,Android
u_001289,2024-12-26 01:24:58,KR,organic,Android
u_001290,2024-12-26 18:47:52,KR,paid_google,Android
u_001291,2024-12-21 18:21:34,US,referral,iOS
u_001292,2024-11-27 19:53:16,US,paid_tiktok,iOS
u_001293,2024-11-15 20:57:18,US,paid_tiktok,iOS
u_001294,2024-11-11 05:35:01,KR,cross_promo,Android
u_001295,2024-11-09 09:04:46,KR,paid_tiktok,Android
u_001296,2024-11-13 04:01:25,KR,paid_facebook,Android
u_001297,2024-11-18 19:44:08,US,paid_facebook,iOS
u_001298,2024-11-18 07:06:09,KR,paid_facebook,Android
u_001299,2024-12-26 12:27:45,KR,organic,Android
u_001300,2024-11-16 02:46:50,JP,cross_promo,iOS
u_001301,2024-11-10 08:33:36,KR,paid_facebook,Android
u_001302,2024-11-17 18:41:58,JP,paid_tiktok,iOS
u_001303,2024-11-06 22:00:38,JP,cross_promo,Android
u_001304,2024-12-27 13:37:17,KR,paid_facebook,iOS
u_001305,2024-12-27 13:40:04,KR,paid_google,Android
u_001306,2024-11-04 04:58:05,JP,paid_google,iOS
u_001307,2024-12-29 03:43:15,JP,paid_google,Android
u_001308,2024-12-12 23:37:38,US,organic,iOS
u_001309,2024-12-10 15:58:46,KR,paid_facebook,Android
u_001310,2024-12-30 09:59:36,KR,cross_promo,iOS
u_001311,2024-11-16 04:49:16,KR,referral,iOS
u_001312,2024-11-06 04:55:11,KR,paid_google,iOS
u_001313,2024-12-16 01:11:46,KR,cross_promo,iOS
u_001314,2024-12-30 11:57:54,KR,paid_facebook,iOS
u_001315,2024-11-06 03:48:06,US,paid_google,iOS
u_001316,2024-12-23 16:59:48,US,referral,Android
u_001317,2024-12-24 04:47:23,JP,paid_google,iOS
u_001318,2024-12-29 05:34:53,KR,paid_facebook,Android
u_001319,2024-12-28 20:51:10,KR,paid_facebook,Android
u_001320,2024-11-23 00:40:35,US,organic,iOS
u_001321,2024-11-25 20:21:54,KR,paid_google,Android
u_001322,2024-12-09 13:58:08,JP,cross_promo,Android
u_001323,2024-11-14 03:38:14,KR,organic,Android
u_001324,2024-11-29 22:09:27,KR,paid_google,iOS
u_001325,2024-12-23 11:39:06,JP,cross_promo,iOS
u_001326,2024-11-29 14:06:56,KR,paid_tiktok,Android
u_001327,2024-12-13 06:12:09,KR,paid_google,Android
u_001328,2024-11-03 12:55:35,KR,paid_google,Android
u_001329,2024-12-13 13:56:15,US,paid_facebook,iOS
u_001330,2024-12-26 13:24:54,KR,referral,Android
u_001331,2024-12-24 22:15:24,KR,cross_promo,iOS
u_001332,2024-11-30 12:51:59,US,paid_tiktok,iOS
u_001333,2024-11-28 22:15:09,US,referral,Android
u_001334,2024-11-13 06:23:49,KR,cross_promo,Android
u_001335,2024-11-01 03:41:22,US,paid_facebook,iOS
u_001336,2024-11-05 00:55:27,KR,cross_promo,Android
u_001337,2024-11-24 05:14:29,KR,referral,Android
u_001338,2024-12-15 13:50:35,KR,paid_google,iOS
u_001339,2024-11-14 17:32:35,JP,referral,iOS
u_001340,2024-12-03 19:06:29,US,referral,Android
u_001341,2024-12-01 08:41:06,JP,paid_facebook,Android
u_001342,2024-11-01 11:54:16,KR,paid_tiktok,iOS
u_001343,2024-12-16 08:36:52,JP,cross_promo,Android
u_001344,2024-11-15 04:38:01,JP,paid_tiktok,Android
u_001345,2024-11-20 11:19:06,KR,paid_google,Android
u_001346,2024-12-04 00:14:23,US,organic,Android
u_001347,2024-11-28 22:37:56,US,cross_promo,iOS
u_001348,2024-12-05 10:20:49,KR,cross_promo,Android
u_001349,2024-11-06 16:52:35,KR,paid_tiktok,Android
u_001350,2024-12-24 14:58:26,JP,cross_promo,Android
u_001351,2024-12-18 10:34:42,US,referral,iOS
u_001352,2024-12-23 01:52:44,JP,paid_tiktok,Android
u_001353,2024-12-21 06:06:32,JP,organic,iOS
u_001354,2024-12-07 07:09:52,JP,paid_google,Android
u_001355,2024-11-08 02:04:19,US,cross_promo,Android
u_001356,2024-11-25 19:46:44,US,cross_promo,iOS
u_001357,2024-11-28 00:18:40,KR,paid_facebook,Android
u_001358,2024-12-21 08:23:51,KR,paid_tiktok,Android
u_001359,2024-12-12 18:06:12,KR,organic,iOS
u_001360,2024-11-26 06:11:23,KR,paid_tiktok,Android
u_001361,2024-11-28 17:30:28,KR,paid_facebook,Android
u_001362,2024-12-03 10:32:51,US,paid_google,iOS
u_001363,2024-12-01 12:28:55,US,referral,Android
u_001364,2024-11-24 20:25:45,KR,paid_facebook,Android
u_001365,2024-12-24 13:59:18,KR,paid_facebook,Android
u_001366,2024-12-04 10:59:23,US,referral,Android
u_001367,2024-11-19 16:13:29,JP,paid_google,iOS
u_001368,2024-11-09 00:08:13,KR,referral,Android
u_001369,2024-12-01 07:34:43,KR,paid_tiktok,Android
u_001370,2024-11-24 20:16:08,KR,paid_google,Android
u_001371,2024-12-25 13:57:42,US,paid_facebook,Android
u_001372,2024-11-07 10:06:28,KR,paid_google,Android
u_001373,2024-12-31 21:45:35,US,paid_facebook,Android
u_001374,2024-11-19 12:19:48,US,organic,Android
u_001375,2024-11-28 01:49:18,JP,organic,Android
u_001376,2024-12-09 15:13:08,KR,organic,iOS
u_001377,2024-12-31 08:49:44,JP,paid_google,Android
u_001378,2024-12-18 06:42:37,KR,paid_google,iOS
u_001379,2024-11-22 10:30:50,US,cross_promo,Android
u_001380,2024-11-23 10:54:08,JP,paid_facebook,Android
u_001381,2024-12-07 03:05:46,US,paid_facebook,iOS
u_001382,2024-11-14 01:59:48,KR,cross_promo,iOS
u_001383,2024-12-16 18:06:12,KR,cross_promo,Android
u_001384,2024-11-04 21:06:18,KR,paid_google,Android
u_001385,2024-12-01 01:04:44,KR,paid_tiktok,Android
u_001386,2024-12-21 00:15:46,JP,paid_tiktok,iOS
u_001387,2024-11-24 04:28:40,JP,cross_promo,Android
u_001388,2024-12-21 04:25:44,KR,paid_google,Android
u_001389,2024-12-21 02:56:02,KR,paid_facebook,Android
u_001390,2024-12-18 02:00:35,JP,organic,Android
u_001391,2024-11-29 10:49:18,KR,referral,iOS
u_001392,2024-12-28 18:06:20,US,cross_promo,Android
u_001393,2024-11-20 23:21:21,US,paid_google,iOS
u_001394,2024-12-26 17:55:42,KR,paid_tiktok,Android
u_001395,2024-12-02 22:42:10,US,referral,Android
u_001396,2024-12-22 09:43:30,JP,paid_facebook,iOS
u_001397,2024-12-17 23:40:58,KR,paid_google,Android
u_001398,2024-12-14 21:05:52,US,paid_tiktok,Android
u_001399,2024-12-18 00:43:34,US,referral,Android
u_001400,2024-12-19 08:35:56,US,paid_tiktok,Android
u_001401,2024-11-20 15:03:11,US,paid_google,Android
u_001402,2024-12-17 21:51:00,US,paid_google,Android
u_001403,2024-11-17 03:35:24,KR,referral,iOS
u_001404,2024-11-08 17:45:53,US,organic,Android
u_001405,2024-11-25 06:34:14,KR,paid_tiktok,Android
u_001406,2024-12-29 04:38:33,US,paid_tiktok,iOS
u_001407,2024-12-16 09:29:06,KR,referral,iOS
u_001408,2024-11-12 18:39:27,US,paid_tiktok,Android
u_001409,2024-11-03 12:34:30,KR,cross_promo,Android
u_001410,2024-12-25 12:46:18,JP,referral,Android
u_001411,2024-12-08 18:28:47,US,organic,Android
u_001412,2024-12-26 14:38:00,KR,referral,Android
u_001413,2024-12-04 18:18:08,US,organic,iOS
u_001414,2024-11-02 22:49:51,US,paid_facebook,Android
u_001415,2024-12-14 20:44:04,JP,paid_google,iOS
u_001416,2024-12-16 22:14:32,JP,paid_tiktok,Android
u_001417,2024-12-24 13:58:15,KR,paid_tiktok,Android
u_001418,2024-12-25 08:27:52,KR,referral,Android
u_001419,2024-11-15 01:10:15,KR,paid_facebook,Android
u_001420,2024-11-30 18:16:25,KR,paid_facebook,Android
u_001421,2024-11-30 08:50:29,JP,organic,Android
u_001422,2024-11-25 01:13:33,JP,paid_google,Android
u_001423,2024-11-23 08:52:40,KR,paid_facebook,Android
u_001424,2024-12-07 18:40:39,US,cross_promo,Android
u_001425,2024-12-29 12:55:11,JP,cross_promo,Android
u_001426,2024-11-14 22:18:12,KR,paid_google,Android
u_001427,2024-11-05 17:38:01,US,paid_google,Android
u_001428,2024-11-29 10:03:11,US,referral,Android
u_001429,2024-12-28 19:53:43,KR,paid_facebook,Android
u_001430,2024-11-04 00:47:08,KR,organic,Android
u_001431,2024-12-21 07:34:29,KR,paid_google,iOS
u_001432,2024-11-21 08:51:17,US,organic,Android
u_001433,2024-12-29 12:45:11,KR,referral,Android
u_001434,2024-12-31 22:20:03,KR,referral,iOS
u_001435,2024-12-28 05:55:06,KR,paid_tiktok,Android
u_001436,2024-11-10 14:11:33,US,referral,Android
u_001437,2024-11-01 13:26:49,KR,organic,Android
u_001438,2024-11-22 23:52:18,US,referral,Android
u_001439,2024-12-25 04:35:00,KR,organic,Android
u_001440,2024-11-01 01:23:11,US,paid_google,iOS
u_001441,2024-11-22 13:13:32,JP,organic,Android
u_001442,2024-11-30 02:27:19,KR,organic,Android
u_001443,2024-11-05 13:44:10,KR,organic,Android
u_001444,2024-12-04 11:55:55,KR,paid_google,Android
u_001445,2024-12-26 21:10:02,KR,cross_promo,Android
u_001446,2024-11-25 16:43:25,KR,referral,iOS
u_001447,2024-12-19 02:04:14,JP,referral,iOS
u_001448,2024-11-29 14:00:19,JP,paid_google,Android
u_001449,2024-12-16 06:39:44,JP,referral,Android
u_001450,2024-12-26 10:23:21,US,cross_promo,Android
u_001451,2024-12-21 17:28:54,KR,paid_facebook,Android
u_001452,2024-11-12 06:24:16,KR,paid_tiktok,Android
u_001453,2024-12-24 07:29:08,JP,paid_tiktok,iOS
u_001454,2024-11-23 00:36:55,KR,paid_facebook,Android
u_001455,2024-11-20 06:41:38,JP,organic,Android
u_001456,2024-12-06 05:47:17,US,referral,Android
u_001457,2024-12-04 09:50:06,JP,organic,iOS
u_001458,2024-12-25 11:57:21,US,referral,iOS
u_001459,2024-11-12 12:46:06,KR,cross_promo,iOS
u_001460,2024-12-20 05:15:22,JP,organic,iOS
u_001461,2024-11-04 16:34:18,JP,referral,Android
u_001462,2024-11-05 09:07:17,KR,referral,Android
u_001463,2024-11-07 12:40:20,KR,cross_promo,Android
u_001464,2024-11-15 20:03:03,KR,paid_facebook,iOS
u_001465,2024-11-20 03:50:53,KR,organic,Android
u_001466,2024-11-07 07:31:55,JP,organic,Android
u_001467,2024-12-03 15:13:31,KR,paid_facebook,iOS
u_001468,2024-11-18 14:43:47,KR,cross_promo,Android
u_001469,2024-11-17 00:58:56,KR,paid_tiktok,Android
u_001470,2024-11-12 02:45:47,US,paid_facebook,Android
u_001471,2024-11-11 02:21:55,KR,referral,Android
u_001472,2024-12-02 10:22:34,US,paid_facebook,Android
u_001473,2024-12-21 00:02:26,KR,paid_tiktok,iOS
u_001474,2024-11-15 08:26:56,KR,referral,Android
u_001475,2024-12-10 00:12:37,KR,referral,Android
u_001476,2024-11-01 08:57:13,KR,paid_google,Android
u_001477,2024-12-13 04:43:50,KR,organic,Android
u_001478,2024-11-08 05:01:24,US,referral,Android
u_001479,2024-11-17 11:15:57,JP,paid_tiktok,Android
u_001480,2024-12-07 06:21:31,KR,organic,Android
u_001481,2024-12-06 03:00:25,KR,cross_promo,Android
u_001482,2024-11-01 11:35:45,KR,referral,iOS
u_001483,2024-11-24 04:48:15,JP,organic,Android
u_001484,2024-12-29 22:19:43,JP,cross_promo,Android
u_001485,2024-11-13 21:43:40,KR,paid_google,iOS
u_001486,2024-11-23 17:11:43,KR,paid_facebook,Android
u_001487,2024-11-16 01:25:00,KR,organic,Android
u_001488,2024-12-01 21:17:35,JP,cross_promo,Android
u_001489,2024-12-12 15:07:31,US,cross_promo,Android
u_001490,2024-11-26 18:14:51,KR,cross_promo,Android
u_001491,2024-11-13 02:37:28,JP,referral,Android
u_001492,2024-12-22 03:06:05,KR,organic,Android
u_001493,2024-11-18 10:21:16,KR,paid_google,iOS
u_001494,2024-12-10 01:31:05,KR,paid_google,Android
u_001495,2024-11-11 04:05:03,JP,paid_google,Android
u_001496,2024-12-10 10:57:25,JP,paid_tiktok,iOS
u_001497,2024-12-20 14:47:20,KR,cross_promo,Android
u_001498,2024-11-06 21:37:26,KR,cross_promo,iOS
u_001499,2024-12-20 11:22:17,US,paid_google,Android
u_001500,2024-12-29 04:58:44,KR,referral,iOS
u_001501,2024-11-01 21:13:49,KR,cross_promo,Android
u_001502,2024-12-01 17:18:52,KR,cross_promo,iOS
u_001503,2024-11-17 08:56:25,US,paid_facebook,iOS
u_001504,2024-11-16 13:04:02,JP,paid_facebook,Android
u_001505,2024-12-24 11:58:45,KR,referral,Android
u_001506,2024-12-11 00:14:19,KR,paid_facebook,iOS
u_001507,2024-12-02 02:39:40,KR,paid_tiktok,Android
u_001508,2024-12-09 04:50:21,KR,paid_google,Android
u_001509,2024-11-11 22:06:01,US,referral,Android
u_001510,2024-12-27 22:09:35,JP,organic,Android
u_001511,2024-12-17 00:04:45,KR,cross_promo,iOS
u_001512,2024-11-19 00:25:13,KR,cross_promo,Android
u_001513,2024-11-26 07:11:07,KR,paid_tiktok,Android
u_001514,2024-12-22 08:53:55,JP,cross_promo,Android
u_001515,2024-12-27 16:59:02,KR,paid_tiktok,Android
u_001516,2024-11-11 09:07:50,KR,paid_facebook,iOS
u_001517,2024-12-02 00:15:33,US,paid_facebook,Android
u_001518,2024-12-19 04:02:04,US,referral,iOS
u_001519,2024-12-10 02:53:41,US,referral,iOS
u_001520,2024-12-25 12:18:48,JP,organic,iOS
u_001521,2024-12-12 09:12:29,KR,referral,iOS
u_001522,2024-12-08 18:21:09,KR,paid_facebook,Android
u_001523,2024-11-10 23:57:23,US,paid_facebook,iOS
u_001524,2024-11-21 21:43:45,KR,paid_google,Android
u_001525,2024-12-14 05:32:15,JP,paid_facebook,Android
u_001526,2024-11-15 20:49:08,US,paid_facebook,iOS
u_001527,2024-11-30 04:22:04,KR,cross_promo,Android
u_001528,2024-11-22 00:46:48,US,organic,Android
u_001529,2024-11-17 20:31:01,US,paid_google,iOS
u_001530,2024-11-25 08:54:11,KR,paid_facebook,iOS
u_001531,2024-11-14 02:25:22,KR,cross_promo,iOS
u_001532,2024-12-21 06:39:47,US,cross_promo,Android
u_001533,2024-12-12 21:23:40,KR,organic,Android
u_001534,2024-12-26 04:36:23,KR,paid_google,Android
u_001535,2024-12-31 04:20:19,JP,referral,Android
u_001536,2024-12-30 20:11:48,KR,cross_promo,Android
u_001537,2024-12-06 19:15:48,JP,referral,iOS
u_001538,2024-11-20 21:40:51,JP,referral,Android
u_001539,2024-12-17 12:23:30,JP,paid_google,iOS
u_001540,2024-11-19 04:55:28,KR,organic,iOS
u_001541,2024-11-22 12:59:10,US,referral,iOS
u_001542,2024-11-03 02:45:18,US,cross_promo,Android
u_001543,2024-12-28 08:35:52,KR,cross_promo,Android
u_001544,2024-12-09 05:52:34,US,cross_promo,iOS
u_001545,2024-11-18 20:48:34,KR,organic,Android
u_001546,2024-12-31 14:51:49,KR,referral,iOS
u_001547,2024-12-15 00:13:45,JP,paid_facebook,Android
u_001548,2024-12-27 23:30:08,KR,paid_facebook,iOS
u_001549,2024-12-28 01:49:28,KR,paid_google,Android
u_001550,2024-12-24 10:42:43,KR,referral,Android
u_001551,2024-12-29 10:24:07,KR,paid_tiktok,Android
u_001552,2024-12-08 12:46:12,KR,cross_promo,iOS
u_001553,2024-11-27 03:22:04,JP,referral,Android
u_001554,2024-12-13 20:46:09,KR,referral,iOS
u_001555,2024-12-03 07:40:06,KR,paid_facebook,iOS
u_001556,2024-12-04 01:31:49,JP,cross_promo,iOS
u_001557,2024-11-19 06:45:21,KR,paid_tiktok,Android
u_001558,2024-11-19 11:20:21,US,paid_google,iOS
u_001559,2024-12-19 22:22:29,KR,cross_promo,iOS
u_001560,2024-11-10 12:29:16,KR,paid_google,iOS
u_001561,2024-11-29 21:31:14,JP,paid_facebook,iOS
u_001562,2024-12-02 22:30:37,KR,organic,iOS
u_001563,2024-11-08 12:53:19,KR,paid_facebook,Android
u_001564,2024-11-08 18:02:02,KR,organic,Android
u_001565,2024-12-28 01:25:19,KR,cross_promo,iOS
u_001566,2024-11-23 19:49:30,JP,paid_facebook,iOS
u_001567,2024-12-24 07:29:34,JP,referral,Android
u_001568,2024-12-11 05:54:42,KR,paid_google,iOS
u_001569,2024-12-02 00:45:38,KR,referral,Android
u_001570,2024-11-13 05:22:35,JP,referral,iOS
u_001571,2024-12-17 14:10:43,JP,cross_promo,Android
u_001572,2024-11-30 08:12:46,JP,paid_tiktok,Android
u_001573,2024-12-26 14:52:24,KR,referral,Android
u_001574,2024-12-21 14:27:54,US,referral,Android
u_001575,2024-11-10 06:18:16,KR,paid_tiktok,Android
u_001576,2024-11-15 11:31:44,KR,paid_facebook,Android
u_001577,2024-12-27 04:09:38,JP,paid_tiktok,iOS
u_001578,2024-12-17 18:59:21,US,paid_tiktok,Android
u_001579,2024-11-24 16:28:43,JP,referral,Android
u_001580,2024-12-07 07:24:19,JP,organic,Android
u_001581,2024-12-25 17:43:16,KR,paid_tiktok,Android
u_001582,2024-12-24 19:33:17,KR,paid_google,iOS
u_001583,2024-12-11 22:30:13,KR,paid_facebook,iOS
u_001584,2024-12-07 07:47:33,JP,paid_google,Android
u_001585,2024-11-01 23:19:41,US,cross_promo,iOS
u_001586,2024-12-05 22:59:44,JP,paid_google,iOS
u_001587,2024-11-03 09:53:04,KR,paid_facebook,iOS
u_001588,2024-12-05 01:10:43,JP,paid_tiktok,Android
u_001589,2024-12-09 01:12:55,KR,organic,Android
u_001590,2024-11-06 21:51:41,KR,referral,Android
u_001591,2024-12-29 05:37:55,US,paid_tiktok,Android
u_001592,2024-11-20 12:02:24,JP,organic,iOS
u_001593,2024-12-07 15:43:46,JP,paid_tiktok,iOS
u_001594,2024-11-06 23:34:36,US,organic,Android
u_001595,2024-12-22 13:12:11,KR,cross_promo,Android
u_001596,2024-12-30 14:29:27,JP,cross_promo,iOS
u_001597,2024-12-21 07:31:37,KR,cross_promo,Android
u_001598,2024-12-04 11:48:26,KR,cross_promo,iOS
u_001599,2024-12-22 08:16:44,KR,referral,Android
u_001600,2024-12-17 02:56:20,JP,paid_facebook,Android
u_001601,2024-12-11 01:29:35,KR,organic,iOS
u_001602,2024-12-23 06:47:02,KR,referral,iOS
u_001603,2024-11-22 15:05:10,KR,paid_facebook,iOS
u_001604,2024-11-04 04:06:36,JP,cross_promo,Android
u_001605,2024-11-21 01:59:05,US,paid_facebook,Android
u_001606,2024-11-01 14:17:27,US,referral,Android
u_001607,2024-12-23 12:07:53,KR,cross_promo,iOS
u_001608,2024-11-03 03:40:21,US,organic,Android
u_001609,2024-11-11 18:09:04,US,referral,iOS
u_001610,2024-12-24 09:56:48,KR,paid_facebook,Android
u_001611,2024-12-21 06:34:39,KR,paid_google,Android
u_001612,2024-11-18 14:31:48,KR,paid_facebook,Android
u_001613,2024-11-24 04:06:24,KR,paid_tiktok,Android
u_001614,2024-12-25 11:47:24,KR,organic,Android
u_001615,2024-12-29 14:53:07,KR,referral,Android
u_001616,2024-11-10 05:07:50,KR,paid_tiktok,Android
u_001617,2024-11-13 14:43:26,JP,paid_google,Android
u_001618,2024-11-17 01:45:40,KR,paid_facebook,Android
u_001619,2024-11-20 12:34:30,JP,paid_tiktok,iOS
u_001620,2024-11-23 23:17:41,JP,cross_promo,iOS
u_001621,2024-11-17 16:25:40,KR,paid_facebook,Android
u_001622,2024-12-16 07:33:03,KR,referral,Android
u_001623,2024-11-16 06:10:29,JP,paid_tiktok,iOS
u_001624,2024-11-30 20:53:13,US,cross_promo,iOS
u_001625,2024-12-08 08:48:29,KR,referral,iOS
u_001626,2024-12-15 09:54:32,JP,paid_facebook,Android
u_001627,2024-12-04 06:50:08,JP,referral,Android
u_001628,2024-11-16 17:47:20,KR,referral,Android
u_001629,2024-12-08 11:06:38,KR,referral,Android
u_001630,2024-12-22 06:42:39,JP,referral,Android
u_001631,2024-12-28 22:52:23,US,organic,Android
u_001632,2024-12-30 00:34:00,US,referral,iOS
u_001633,2024-12-29 08:42:38,KR,paid_google,Android
u_001634,2024-11-09 18:32:59,JP,paid_google,iOS
u_001635,2024-11-02 04:02:44,KR,paid_facebook,Android
u_001636,2024-11-04 17:06:58,KR,referral,iOS
u_001637,2024-12-01 14:26:49,JP,referral,iOS
u_001638,2024-11-22 19:37:45,KR,paid_tiktok,iOS
u_001639,2024-12-09 15:19:57,KR,cross_promo,Android
u_001640,2024-12-15 01:53:28,US,paid_google,Android
u_001641,2024-12-11 11:12:40,KR,paid_facebook,iOS
u_001642,2024-12-07 17:53:36,KR,cross_promo,Android
u_001643,2024-11-02 18:17:13,US,paid_tiktok,iOS
u_001644,2024-12-17 18:28:20,KR,organic,iOS
u_001645,2024-12-28 20:17:44,JP,paid_google,Android
u_001646,2024-12-17 04:32:07,US,paid_google,Android
u_001647,2024-11-12 21:23:54,JP,paid_google,iOS
u_001648,2024-12-05 02:51:28,US,cross_promo,iOS
u_001649,2024-12-30 00:29:59,KR,paid_facebook,iOS
u_001650,2024-12-18 14:00:51,JP,paid_google,iOS
u_001651,2024-11-11 12:06:50,KR,paid_facebook,iOS
u_001652,2024-11-24 05:45:44,JP,paid_facebook,iOS
u_001653,2024-11-19 14:17:43,JP,referral,Android
u_001654,2024-12-06 03:21:24,KR,referral,Android
u_001655,2024-12-20 00:52:43,JP,paid_tiktok,Android
u_001656,2024-11-27 23:42:41,US,paid_facebook,Android
u_001657,2024-12-01 17:46:29,US,paid_facebook,Android
u_001658,2024-12-22 10:09:45,KR,paid_facebook,iOS
u_001659,2024-11-28 23:46:45,KR,referral,Android
u_001660,2024-12-24 18:19:50,KR,paid_google,iOS
u_001661,2024-11-06 14:13:44,US,organic,Android
u_001662,2024-12-05 09:39:13,KR,paid_tiktok,iOS
u_001663,2024-11-09 05:17:25,US,paid_facebook,Android
u_001664,2024-11-01 21:32:27,KR,paid_google,iOS
u_001665,2024-11-22 23:37:57,US,paid_google,iOS
u_001666,2024-12-28 20:05:03,KR,referral,Android
u_001667,2024-12-07 06:35:53,US,cross_promo,Android
u_001668,2024-12-21 10:15:56,KR,organic,iOS
u_001669,2024-12-29 13:04:36,JP,organic,iOS
u_001670,2024-11-23 05:52:30,US,organic,Android
u_001671,2024-12-22 12:54:24,US,referral,iOS
u_001672,2024-11-13 11:40:31,JP,paid_google,iOS
u_001673,2024-11-19 11:37:30,JP,cross_promo,Android
u_001674,2024-12-23 20:52:53,JP,paid_google,iOS
u_001675,2024-11-10 03:55:51,KR,organic,Android
u_001676,2024-11-10 02:59:06,KR,referral,Android
u_001677,2024-12-31 22:08:15,KR,paid_facebook,Android
u_001678,2024-11-02 19:24:02,KR,referral,Android
u_001679,2024-11-20 07:42:50,KR,paid_tiktok,Android
u_001680,2024-11-08 16:59:06,KR,paid_facebook,Android
u_001681,2024-11-11 02:48:04,JP,cross_promo,iOS
u_001682,2024-11-24 16:27:16,KR,paid_facebook,iOS
u_001683,2024-11-18 04:41:20,KR,paid_facebook,iOS
u_001684,2024-12-14 10:53:38,KR,referral,iOS
u_001685,2024-11-08 22:20:00,KR,referral,iOS
u_001686,2024-11-20 11:55:35,KR,referral,Android
u_001687,2024-12-22 03:11:12,KR,referral,iOS
u_001688,2024-12-12 15:56:37,US,referral,iOS
u_001689,2024-12-21 15:27:44,KR,paid_facebook,Android
u_001690,2024-11-08 19:09:11,US,paid_facebook,Android
u_001691,2024-12-19 00:22:52,KR,organic,iOS
u_001692,2024-12-19 16:49:36,US,cross_promo,Android
u_001693,2024-12-16 04:06:33,KR,paid_facebook,iOS
u_001694,2024-11-04 04:12:17,KR,organic,Android
u_001695,2024-11-06 15:14:31,JP,paid_facebook,iOS
u_001696,2024-12-09 20:01:49,US,paid_google,iOS
u_001697,2024-12-14 16:38:16,KR,referral,Android
u_001698,2024-11-01 09:29:24,US,paid_facebook,Android
u_001699,2024-11-07 05:53:22,JP,paid_facebook,iOS
u_001700,2024-12-06 15:00:50,JP,referral,iOS
u_001701,2024-11-04 06:48:14,US,organic,Android
u_001702,2024-11-28 05:55:10,KR,organic,Android
u_001703,2024-12-09 12:49:03,KR,referral,Android
u_001704,2024-11-20 15:37:08,KR,organic,Android
u_001705,2024-12-23 00:03:17,JP,paid_tiktok,Android
u_001706,2024-12-18 19:49:43,KR,paid_facebook,Android
u_001707,2024-11-03 15:34:57,JP,paid_google,iOS
u_001708,2024-11-19 15:21:20,KR,organic,Android
u_001709,2024-11-01 10:43:10,KR,paid_google,Android
u_001710,2024-12-10 19:38:10,KR,paid_google,Android
u_001711,2024-12-18 17:43:18,JP,paid_google,Android
u_001712,2024-12-27 19:10:29,US,paid_google,iOS
u_001713,2024-11-10 09:57:18,JP,organic,Android
u_001714,2024-12-18 02:14:53,KR,referral,Android
u_001715,2024-11-16 13:57:02,KR,cross_promo,Android
u_001716,2024-11-05 19:29:54,JP,paid_google,Android
u_001717,2024-11-20 15:09:14,KR,organic,Android
u_001718,2024-12-20 06:20:42,KR,organic,iOS
u_001719,2024-12-06 23:48:29,KR,paid_facebook,Android
u_001720,2024-12-08 04:12:43,KR,organic,iOS
u_001721,2024-12-01 06:13:28,US,cross_promo,iOS
u_001722,2024-12-19 20:25:14,KR,paid_facebook,iOS
u_001723,2024-11-06 11:56:06,KR,referral,Android
u_001724,2024-12-08 05:50:45,JP,paid_facebook,iOS
u_001725,2024-12-09 19:36:37,KR,paid_facebook,iOS
u_001726,2024-11-02 11:35:11,KR,paid_tiktok,Android
u_001727,2024-12-31 18:20:22,JP,paid_facebook,iOS
u_001728,2024-11-30 07:10:48,US,paid_google,iOS
u_001729,2024-12-19 18:17:00,KR,paid_google,Android
u_001730,2024-12-11 09:04:42,US,paid_tiktok,Android
u_001731,2024-11-27 15:03:26,US,paid_facebook,Android
u_001732,2024-12-31 05:24:59,KR,paid_google,Android
u_001733,2024-12-26 21:43:38,US,cross_promo,Android
u_001734,2024-11-07 05:25:52,US,organic,Android
u_001735,2024-11-13 22:51:22,KR,paid_tiktok,Android
u_001736,2024-12-21 05:35:14,KR,paid_tiktok,iOS
u_001737,2024-11-19 12:38:59,KR,paid_tiktok,Android
u_001738,2024-11-03 06:32:05,US,paid_tiktok,Android
u_001739,2024-11-30 10:09:45,KR,cross_promo,Android
u_001740,2024-11-05 06:15:13,JP,paid_tiktok,iOS
u_001741,2024-12-06 01:19:42,KR,paid_tiktok,Android
u_001742,2024-11-30 04:23:01,JP,paid_google,iOS
u_001743,2024-11-26 22:59:20,US,referral,Android
u_001744,2024-12-22 13:43:57,US,referral,Android
u_001745,2024-11-28 02:10:36,JP,paid_facebook,iOS
u_001746,2024-11-28 15:07:17,US,organic,Android
u_001747,2024-12-03 22:43:20,US,paid_facebook,Android
u_001748,2024-12-18 03:29:31,KR,referral,Android
u_001749,2024-12-07 15:33:31,JP,cross_promo,Android
u_001750,2024-12-24 19:52:58,KR,cross_promo,iOS
u_001751,2024-11-21 22:40:27,JP,paid_google,Android
u_001752,2024-11-12 16:37:17,US,cross_promo,Android
u_001753,2024-12-12 18:43:23,KR,organic,iOS
u_001754,2024-11-14 22:08:24,US,organic,Android
u_001755,2024-11-28 03:25:48,KR,referral,iOS
u_001756,2024-12-22 19:43:47,US,paid_tiktok,Android
u_001757,2024-11-14 17:20:29,US,organic,iOS
u_001758,2024-12-29 15:47:04,KR,cross_promo,iOS
u_001759,2024-12-02 02:13:51,JP,referral,Android
u_001760,2024-11-12 00:19:29,US,paid_google,Android
u_001761,2024-11-11 12:37:12,KR,referral,iOS
u_001762,2024-12-25 21:38:38,KR,organic,iOS
u_001763,2024-12-14 23:12:42,KR,referral,Android
u_001764,2024-11-12 04:08:36,JP,organic,Android
u_001765,2024-11-05 11:11:41,KR,paid_tiktok,Android
u_001766,2024-12-06 14:41:31,KR,paid_facebook,Android
u_001767,2024-11-10 21:47:07,KR,paid_tiktok,Android
u_001768,2024-11-23 07:35:05,KR,cross_promo,Android
u_001769,2024-12-27 20:58:22,KR,referral,iOS
u_001770,2024-12-09 03:38:24,KR,cross_promo,Android
u_001771,2024-11-04 21:24:34,KR,paid_facebook,iOS
u_001772,2024-12-05 13:21:57,KR,referral,Android
u_001773,2024-11-06 00:30:54,US,cross_promo,iOS
u_001774,2024-11-24 22:45:51,KR,organic,Android
u_001775,2024-12-31 15:30:47,KR,cross_promo,iOS
u_001776,2024-11-28 22:06:00,KR,paid_tiktok,iOS
u_001777,2024-11-11 08:01:00,US,paid_facebook,iOS
u_001778,2024-11-22 23:39:53,JP,paid_facebook,Android
u_001779,2024-12-25 21:14:53,KR,organic,Android
u_001780,2024-12-02 16:35:53,KR,cross_promo,Android
u_001781,2024-12-08 12:59:31,KR,paid_facebook,Android
u_001782,2024-12-24 00:45:16,US,referral,Android
u_001783,2024-12-26 01:19:24,KR,referral,Android
u_001784,2024-12-20 09:32:07,KR,paid_google,iOS
u_001785,2024-11-03 18:37:32,KR,paid_facebook,iOS
u_001786,2024-11-26 09:19:30,JP,paid_tiktok,Android
u_001787,2024-12-14 11:30:39,KR,paid_google,Android
u_001788,2024-12-31 22:19:27,KR,paid_facebook,Android
u_001789,2024-11-04 16:50:31,KR,paid_tiktok,iOS
u_001790,2024-12-01 08:36:59,JP,paid_facebook,Android
u_001791,2024-11-24 03:19:32,KR,paid_google,Android
u_001792,2024-11-06 15:33:47,KR,paid_tiktok,Android
u_001793,2024-11-02 19:13:15,JP,organic,iOS
u_001794,2024-12-26 06:18:54,US,referral,Android
u_001795,2024-11-11 07:49:39,US,referral,Android
u_001796,2024-12-25 01:49:41,KR,paid_facebook,iOS
u_001797,2024-12-25 11:58:28,KR,paid_google,iOS
u_001798,2024-11-27 23:39:45,JP,cross_promo,Android
u_001799,2024-11-18 16:40:33,JP,paid_tiktok,iOS
u_001800,2024-12-26 22:19:04,US,paid_facebook,Android
u_001801,2024-12-01 20:08:11,KR,paid_facebook,Android
u_001802,2024-12-17 16:55:02,US,paid_google,Android
u_001803,2024-11-15 11:21:51,KR,paid_facebook,Android
u_001804,2024-12-03 23:02:33,JP,organic,Android
u_001805,2024-12-22 16:36:41,US,paid_facebook,iOS
u_001806,2024-11-07 00:58:52,KR,cross_promo,Android
u_001807,2024-12-09 16:18:06,JP,paid_facebook,iOS
u_001808,2024-11-04 00:48:51,JP,cross_promo,iOS
u_001809,2024-12-13 16:39:12,KR,cross_promo,Android
u_001810,2024-11-08 11:17:40,US,cross_promo,Android
u_001811,2024-11-15 20:47:04,KR,organic,Android
u_001812,2024-11-18 10:51:02,KR,paid_facebook,Android
u_001813,2024-12-25 11:19:52,KR,paid_facebook,Android
u_001814,2024-11-12 22:08:09,KR,paid_tiktok,Android
u_001815,2024-12-15 12:51:11,KR,paid_google,Android
u_001816,2024-12-31 11:02:54,JP,organic,iOS
u_001817,2024-12-04 01:52:00,KR,paid_google,iOS
u_001818,2024-12-14 18:27:07,KR,cross_promo,Android
u_001819,2024-11-26 11:54:03,KR,cross_promo,Android
u_001820,2024-11-23 15:08:00,JP,referral,Android
u_001821,2024-12-19 20:18:03,JP,cross_promo,iOS
u_001822,2024-12-17 20:34:26,KR,referral,Android
u_001823,2024-11-26 15:59:13,KR,paid_tiktok,Android
u_001824,2024-11-22 15:43:45,JP,cross_promo,Android
u_001825,2024-12-27 06:41:37,JP,paid_google,iOS
u_001826,2024-11-24 20:00:06,KR,paid_tiktok,Android
u_001827,2024-12-18 05:41:25,US,cross_promo,iOS
u_001828,2024-12-22 20:36:05,US,paid_google,iOS
u_001829,2024-12-24 04:00:03,JP,paid_tiktok,iOS
u_001830,2024-11-15 20:48:15,US,organic,Android
u_001831,2024-11-11 12:11:16,KR,paid_facebook,Android
u_001832,2024-12-29 01:40:07,KR,paid_facebook,iOS
u_001833,2024-11-04 08:55:35,US,paid_google,iOS
u_001834,2024-11-18 02:49:45,KR,paid_tiktok,Android
u_001835,2024-12-29 04:15:42,JP,paid_tiktok,Android
u_001836,2024-11-02 01:42:02,US,referral,Android
u_001837,2024-12-21 17:35:51,JP,organic,iOS
u_001838,2024-12-31 21:07:31,US,referral,iOS
u_001839,2024-11-22 17:33:19,JP,paid_tiktok,Android
u_001840,2024-11-02 00:48:08,US,referral,Android
u_001841,2024-12-18 02:45:30,KR,paid_facebook,Android
u_001842,2024-12-07 16:38:48,US,organic,iOS
u_001843,2024-11-17 01:33:29,KR,organic,iOS
u_001844,2024-12-28 16:13:50,US,paid_facebook,Android
u_001845,2024-11-09 12:22:33,KR,paid_google,Android
u_001846,2024-11-17 22:44:18,JP,paid_facebook,Android
u_001847,2024-12-07 04:41:40,JP,paid_google,iOS
u_001848,2024-12-29 16:50:22,JP,paid_google,iOS
u_001849,2024-12-08 22:08:15,KR,cross_promo,Android
u_001850,2024-11-18 20:53:24,US,paid_google,Android
u_001851,2024-11-20 08:28:07,KR,organic,iOS
u_001852,2024-12-13 16:44:44,JP,cross_promo,Android
u_001853,2024-12-22 17:53:44,KR,paid_tiktok,iOS
u_001854,2024-12-30 17:32:35,JP,paid_google,Android
u_001855,2024-12-04 04:36:25,KR,paid_facebook,iOS
u_001856,2024-12-30 12:30:32,KR,paid_tiktok,Android
u_001857,2024-12-11 06:37:42,JP,paid_tiktok,iOS
u_001858,2024-11-11 19:29:39,US,referral,Android
u_001859,2024-11-20 00:30:40,KR,paid_google,Android
u_001860,2024-12-22 11:41:43,US,organic,Android
u_001861,2024-12-09 08:29:57,KR,paid_google,iOS
u_001862,2024-11-19 10:32:51,JP,paid_google,iOS
u_001863,2024-11-10 14:00:59,JP,referral,iOS
u_001864,2024-11-08 18:07:38,US,cross_promo,iOS
u_001865,2024-11-13 22:30:08,JP,paid_facebook,Android
u_001866,2024-12-21 09:59:53,US,paid_tiktok,Android
u_001867,2024-12-23 00:53:03,KR,cross_promo,Android
u_001868,2024-11-24 03:09:44,JP,paid_facebook,iOS
u_001869,2024-12-04 05:47:27,KR,paid_google,Android
u_001870,2024-11-17 05:20:59,JP,cross_promo,Android
u_001871,2024-11-01 05:07:11,US,paid_facebook,Android
u_001872,2024-12-22 11:22:41,KR,referral,iOS
u_001873,2024-12-07 03:54:31,JP,cross_promo,iOS
u_001874,2024-12-17 19:54:15,KR,organic,Android
u_001875,2024-12-02 15:05:16,KR,paid_facebook,Android
u_001876,2024-11-11 22:22:47,US,paid_facebook,Android
u_001877,2024-12-17 00:30:06,US,organic,Android
u_001878,2024-11-22 22:09:00,KR,paid_facebook,Android
u_001879,2024-11-17 11:31:50,KR,organic,iOS
u_001880,2024-12-13 05:34:40,KR,paid_facebook,iOS
u_001881,2024-12-18 10:48:32,KR,paid_facebook,Android
u_001882,2024-12-27 15:36:39,KR,organic,Android
u_001883,2024-11-12 07:45:40,US,paid_google,Android
u_001884,2024-12-11 09:13:17,KR,paid_facebook,iOS
u_001885,2024-11-16 03:06:08,KR,paid_google,iOS
u_001886,2024-12-03 08:54:48,KR,paid_facebook,iOS
u_001887,2024-12-02 03:36:59,JP,paid_tiktok,Android
u_001888,2024-11-19 02:45:52,KR,cross_promo,Android
u_001889,2024-11-20 02:28:31,JP,paid_tiktok,Android
u_001890,2024-11-22 08:13:00,KR,paid_tiktok,Android
u_001891,2024-12-23 03:58:49,KR,paid_facebook,Android
u_001892,2024-12-24 13:47:35,US,cross_promo,Android
u_001893,2024-11-24 19:44:57,KR,referral,iOS
u_001894,2024-11-11 14:16:20,US,paid_facebook,iOS
u_001895,2024-12-01 00:43:06,US,cross_promo,iOS
u_001896,2024-11-04 22:33:07,KR,paid_google,Android
u_001897,2024-12-19 08:05:38,KR,paid_facebook,iOS
u_001898,2024-12-30 14:54:43,JP,paid_tiktok,Android
u_001899,2024-12-01 20:19:00,KR,referral,iOS
u_001900,2024-11-14 00:14:53,KR,paid_google,iOS
u_001901,2024-11-28 02:30:50,KR,paid_facebook,Android
u_001902,2024-11-14 12:51:15,JP,paid_tiktok,Android
u_001903,2024-12-26 21:16:46,KR,paid_tiktok,Android
u_001904,2024-12-23 08:41:27,KR,paid_tiktok,Android
u_001905,2024-11-02 03:21:04,JP,paid_tiktok,iOS
u_001906,2024-11-06 12:28:10,KR,cross_promo,iOS
u_001907,2024-11-12 04:35:17,KR,cross_promo,iOS
u_001908,2024-11-13 18:32:05,US,referral,iOS
u_001909,2024-11-24 03:10:11,US,referral,Android
u_001910,2024-11-10 23:11:23,KR,paid_google,Android
u_001911,2024-11-28 19:41:33,US,organic,Android
u_001912,2024-12-21 19:41:32,JP,referral,iOS
u_001913,2024-11-25 19:57:22,US,paid_tiktok,Android
u_001914,2024-12-09 01:39:37,KR,paid_tiktok,Android
u_001915,2024-11-13 07:00:37,KR,organic,iOS
u_001916,2024-12-04 15:57:01,KR,paid_google,Android
u_001917,2024-12-29 13:34:49,KR,paid_google,iOS
u_001918,2024-11-03 12:52:23,KR,paid_tiktok,Android
u_001919,2024-11-10 08:43:24,KR,cross_promo,iOS
u_001920,2024-11-23 09:39:11,JP,paid_facebook,iOS
u_001921,2024-12-25 22:15:20,JP,paid_google,Android
u_001922,2024-11-29 04:56:45,JP,paid_tiktok,Android
u_001923,2024-12-23 07:51:44,JP,paid_facebook,Android
u_001924,2024-11-12 05:01:39,US,paid_google,Android
u_001925,2024-11-16 06:09:01,KR,cross_promo,Android
u_001926,2024-12-20 21:39:49,US,paid_tiktok,Android
u_001927,2024-11-06 20:57:41,US,paid_facebook,iOS
u_001928,2024-12-01 18:30:50,KR,cross_promo,Android
u_001929,2024-11-02 02:58:48,KR,referral,Android
u_001930,2024-11-15 23:53:16,JP,organic,Android
u_001931,2024-11-14 01:34:08,JP,paid_tiktok,Android
u_001932,2024-11-03 04:10:09,US,cross_promo,iOS
u_001933,2024-11-27 13:49:50,JP,paid_google,iOS
u_001934,2024-12-21 06:55:40,JP,paid_tiktok,iOS
u_001935,2024-12-31 13:29:07,US,paid_google,Android
u_001936,2024-11-08 01:43:40,US,paid_tiktok,Android
u_001937,2024-11-13 18:48:56,US,paid_facebook,iOS
u_001938,2024-12-17 22:12:24,KR,cross_promo,Android
u_001939,2024-12-25 04:38:01,JP,cross_promo,Android
u_001940,2024-12-04 18:58:31,US,paid_facebook,iOS
u_001941,2024-12-20 04:45:45,KR,paid_google,Android
u_001942,2024-12-19 09:56:36,KR,paid_tiktok,iOS
u_001943,2024-12-17 18:13:21,JP,paid_tiktok,Android
u_001944,2024-12-22 22:44:23,JP,paid_facebook,iOS
u_001945,2024-12-25 11:21:11,JP,paid_tiktok,Android
u_001946,2024-12-30 03:27:26,KR,organic,iOS
u_001947,2024-11-04 20:36:49,KR,cross_promo,Android
u_001948,2024-11-11 15:00:59,KR,paid_tiktok,Android
u_001949,2024-11-02 00:50:55,JP,referral,iOS
u_001950,2024-12-28 02:48:48,JP,organic,iOS
u_001951,2024-12-02 21:07:04,JP,paid_tiktok,iOS
u_001952,2024-12-23 10:25:25,KR,paid_google,Android
u_001953,2024-12-10 23:20:15,KR,referral,Android
u_001954,2024-11-10 09:08:46,KR,paid_facebook,Android
u_001955,2024-11-15 09:25:50,JP,paid_google,Android
u_001956,2024-12-18 02:09:44,JP,cross_promo,Android
u_001957,2024-11-22 23:45:06,JP,organic,Android
u_001958,2024-12-03 08:16:05,JP,cross_promo,Android
u_001959,2024-11-22 00:37:39,KR,organic,Android
u_001960,2024-11-24 12:47:09,KR,paid_google,Android
u_001961,2024-11-24 01:25:06,KR,organic,iOS
u_001962,2024-11-11 23:42:01,KR,paid_facebook,Android
u_001963,2024-12-25 22:36:21,JP,cross_promo,Android
u_001964,2024-12-02 00:04:40,KR,paid_tiktok,Android
u_001965,2024-12-14 15:21:34,KR,paid_facebook,iOS
u_001966,2024-11-04 07:38:37,KR,paid_tiktok,Android
u_001967,2024-11-14 23:07:17,KR,organic,iOS
u_001968,2024-11-14 08:43:40,KR,organic,iOS
u_001969,2024-12-12 10:25:27,US,paid_google,iOS
u_001970,2024-12-19 19:40:30,US,paid_tiktok,Android
u_001971,2024-12-04 11:44:31,KR,referral,Android
u_001972,2024-11-11 15:37:43,KR,paid_google,iOS
u_001973,2024-11-08 19:22:22,JP,referral,Android
u_001974,2024-12-12 20:15:42,KR,paid_tiktok,Android
u_001975,2024-12-28 17:06:44,US,paid_google,Android
u_001976,2024-11-24 09:21:24,JP,referral,Android
u_001977,2024-12-08 23:30:32,KR,referral,iOS
u_001978,2024-11-21 00:21:53,KR,paid_tiktok,Android
u_001979,2024-11-30 16:52:30,KR,paid_tiktok,Android
u_001980,2024-11-02 04:59:45,KR,paid_google,Android
u_001981,2024-11-01 22:15:27,KR,cross_promo,Android
u_001982,2024-11-16 19:33:43,JP,paid_google,Android
u_001983,2024-12-11 06:56:04,KR,cross_promo,iOS
u_001984,2024-11-28 22:33:18,KR,paid_google,iOS
u_001985,2024-11-08 00:54:57,US,paid_google,iOS
u_001986,2024-11-10 06:03:17,KR,paid_facebook,Android
u_001987,2024-11-21 20:44:50,KR,paid_google,iOS
u_001988,2024-12-30 12:26:19,KR,organic,Android
u_001989,2024-12-06 00:30:57,KR,cross_promo,Android
u_001990,2024-11-18 12:26:48,KR,paid_tiktok,Android
u_001991,2024-11-25 06:03:03,JP,cross_promo,Android
u_001992,2024-12-30 03:23:44,JP,cross_promo,Android
u_001993,2024-11-03 15:44:15,US,referral,Android
u_001994,2024-12-11 08:17:34,JP,organic,Android
u_001995,2024-11-16 14:00:23,JP,paid_tiktok,Android
u_001996,2024-11-26 00:40:23,KR,paid_tiktok,Android
u_001997,2024-12-13 20:30:13,JP,referral,iOS
u_001998,2024-12-27 21:34:32,KR,organic,iOS
u_001999,2024-11-24 08:29:12,JP,cross_promo,Android
u_002000,2024-12-10 09:21:33,KR,referral,Android
u_002001,2024-12-07 18:33:19,KR,organic,Android
u_002002,2024-11-16 14:12:15,KR,paid_google,iOS
u_002003,2024-12-19 19:30:46,KR,referral,iOS
u_002004,2024-11-14 05:05:54,US,paid_tiktok,Android
u_002005,2024-11-20 13:55:58,JP,paid_google,iOS
u_002006,2024-11-16 21:00:00,JP,organic,iOS
u_002007,2024-11-05 10:54:31,JP,paid_tiktok,Android
u_002008,2024-12-09 04:09:33,KR,organic,Android
u_002009,2024-12-28 23:37:48,KR,paid_facebook,Android
u_002010,2024-11-22 11:44:05,KR,referral,Android
u_002011,2024-12-11 03:31:56,KR,referral,Android
u_002012,2024-11-25 22:40:24,KR,paid_google,Android
u_002013,2024-12-12 12:04:30,JP,cross_promo,Android
u_002014,2024-12-07 01:56:48,JP,paid_google,Android
u_002015,2024-11-27 10:47:11,JP,paid_google,iOS
u_002016,2024-12-15 02:15:28,KR,cross_promo,Android
u_002017,2024-11-03 19:57:02,JP,paid_facebook,Android
u_002018,2024-12-02 16:31:03,KR,paid_facebook,iOS
u_002019,2024-12-26 14:22:37,US,referral,iOS
u_002020,2024-11-22 00:29:57,US,referral,Android
u_002021,2024-11-16 16:09:26,US,paid_facebook,Android
u_002022,2024-11-06 03:38:47,KR,paid_facebook,Android
u_002023,2024-12-14 06:43:41,KR,cross_promo,iOS
u_002024,2024-11-10 08:42:21,KR,paid_facebook,Android
u_002025,2024-12-19 01:15:09,US,paid_facebook,Android
u_002026,2024-11-05 10:53:02,JP,paid_tiktok,Android
u_002027,2024-12-05 06:28:38,KR,referral,iOS
u_002028,2024-12-21 16:50:52,KR,referral,Android
u_002029,2024-12-21 01:08:31,KR,cross_promo,Android
u_002030,2024-11-17 15:19:30,JP,paid_tiktok,iOS
u_002031,2024-11-19 23:51:27,JP,referral,Android
u_002032,2024-12-01 08:38:56,KR,cross_promo,Android
u_002033,2024-12-08 23:44:00,JP,cross_promo,Android
u_002034,2024-11-15 09:09:39,KR,paid_tiktok,iOS
u_002035,2024-11-08 17:35:14,KR,paid_facebook,Android
u_002036,2024-11-16 06:26:53,US,cross_promo,Android
u_002037,2024-11-04 03:59:14,KR,paid_facebook,iOS
u_002038,2024-12-02 12:27:47,KR,cross_promo,Android
u_002039,2024-12-04 13:16:07,US,paid_google,Android
u_002040,2024-11-14 19:41:58,JP,cross_promo,iOS
u_002041,2024-11-05 17:01:44,KR,referral,iOS
u_002042,2024-12-05 12:24:04,US,paid_tiktok,iOS
u_002043,2024-11-17 05:32:59,KR,paid_facebook,iOS
u_002044,2024-12-14 17:47:22,KR,paid_google,Android
u_002045,2024-11-09 04:59:44,JP,cross_promo,Android
u_002046,2024-11-23 17:38:37,JP,paid_tiktok,Android
u_002047,2024-11-11 22:39:58,KR,paid_tiktok,Android
u_002048,2024-11-20 09:28:40,KR,paid_facebook,iOS
u_002049,2024-11-15 20:25:17,KR,paid_facebook,Android
u_002050,2024-12-25 16:15:57,KR,paid_tiktok,Android
u_002051,2024-11-20 05:59:45,US,cross_promo,Android
u_002052,2024-12-02 11:46:36,JP,referral,iOS
u_002053,2024-12-08 02:31:10,US,paid_google,iOS
u_002054,2024-11-03 23:26:07,KR,paid_google,iOS
u_002055,2024-12-30 01:18:03,KR,organic,Android
u_002056,2024-11-10 06:20:02,KR,paid_tiktok,Android
u_002057,2024-11-13 17:58:41,JP,paid_tiktok,Android
u_002058,2024-12-26 02:59:59,KR,paid_facebook,iOS
u_002059,2024-11-27 07:49:04,JP,paid_facebook,Android
u_002060,2024-12-22 03:50:06,JP,paid_google,Android
u_002061,2024-12-14 15:44:14,KR,paid_tiktok,Android
u_002062,2024-12-13 13:41:07,JP,paid_google,Android
u_002063,2024-12-26 21:54:09,KR,paid_facebook,Android
u_002064,2024-11-21 12:48:20,KR,paid_tiktok,Android
u_002065,2024-12-20 21:54:08,KR,paid_tiktok,Android
u_002066,2024-12-04 19:45:23,US,paid_tiktok,iOS
u_002067,2024-11-17 11:14:29,JP,paid_tiktok,Android
u_002068,2024-12-01 12:54:04,JP,paid_tiktok,iOS
u_002069,2024-11-04 22:14:45,KR,paid_facebook,Android
u_002070,2024-12-24 10:48:59,KR,organic,Android
u_002071,2024-12-11 06:07:42,US,referral,iOS
u_002072,2024-11-03 19:14:57,KR,cross_promo,Android
u_002073,2024-11-10 19:20:59,US,paid_facebook,Android
u_002074,2024-11-13 21:07:37,KR,paid_tiktok,Android
u_002075,2024-12-07 04:19:00,JP,organic,Android
u_002076,2024-12-22 06:41:33,KR,cross_promo,Android
u_002077,2024-11-09 05:43:37,US,paid_tiktok,iOS
u_002078,2024-11-12 10:01:45,JP,referral,Android
u_002079,2024-12-25 12:49:40,US,paid_facebook,Android
u_002080,2024-11-01 12:25:55,KR,paid_tiktok,Android
u_002081,2024-12-12 09:59:45,KR,paid_tiktok,Android
u_002082,2024-11-15 07:54:06,KR,cross_promo,iOS
u_002083,2024-11-05 20:31:20,KR,paid_facebook,Android
u_002084,2024-11-09 11:13:52,US,referral,Android
u_002085,2024-12-03 01:27:30,JP,paid_google,Android
u_002086,2024-11-02 23:23:15,JP,paid_tiktok,Android
u_002087,2024-11-05 00:51:44,KR,paid_tiktok,iOS
u_002088,2024-11-06 17:15:52,KR,cross_promo,Android
u_002089,2024-11-17 17:13:56,KR,paid_facebook,Android
u_002090,2024-12-03 11:08:00,KR,paid_facebook,iOS
u_002091,2024-12-07 04:08:29,US,paid_google,iOS
u_002092,2024-11-29 03:52:04,US,organic,Android
u_002093,2024-12-29 11:41:00,KR,organic,Android
u_002094,2024-11-01 09:41:01,KR,paid_tiktok,Android
u_002095,2024-12-10 17:42:38,KR,paid_tiktok,Android
u_002096,2024-11-17 07:41:36,KR,organic,iOS
u_002097,2024-11-01 11:21:18,US,paid_google,Android
u_002098,2024-11-15 20:41:32,KR,paid_google,Android
u_002099,2024-12-21 13:32:33,JP,organic,Android
u_002100,2024-12-28 06:42:16,US,paid_tiktok,Android
u_002101,2024-11-11 04:07:17,JP,referral,iOS
u_002102,2024-11-30 04:28:29,KR,cross_promo,iOS
u_002103,2024-12-23 06:51:14,JP,referral,Android
u_002104,2024-12-16 14:48:36,KR,paid_tiktok,Android
u_002105,2024-12-11 18:57:42,US,organic,Android
u_002106,2024-12-25 18:37:17,KR,organic,iOS
u_002107,2024-12-20 18:03:49,KR,paid_facebook,iOS
u_002108,2024-11-11 07:10:55,KR,cross_promo,Android
u_002109,2024-11-03 23:42:44,KR,paid_facebook,Android
u_002110,2024-12-06 21:58:48,KR,paid_facebook,Android
u_002111,2024-12-17 07:54:14,KR,paid_google,Android
u_002112,2024-12-31 16:42:19,KR,cross_promo,iOS
u_002113,2024-11-10 14:18:23,US,referral,iOS
u_002114,2024-12-05 13:48:49,KR,paid_google,Android
u_002115,2024-12-26 00:41:42,KR,paid_facebook,Android
u_002116,2024-12-25 00:18:24,US,organic,Android
u_002117,2024-12-25 14:13:50,JP,organic,Android
u_002118,2024-12-07 09:23:37,KR,paid_tiktok,Android
u_002119,2024-11-18 18:11:17,JP,paid_facebook,Android
u_002120,2024-12-23 22:00:47,US,paid_tiktok,iOS
u_002121,2024-12-22 14:13:07,KR,paid_google,iOS
u_002122,2024-11-07 18:06:33,KR,paid_facebook,Android
u_002123,2024-12-25 17:57:59,JP,referral,Android
u_002124,2024-11-10 22:10:11,KR,paid_facebook,iOS
u_002125,2024-11-02 05:04:23,KR,paid_google,Android
u_002126,2024-11-15 07:52:17,KR,paid_facebook,Android
u_002127,2024-11-29 06:30:55,US,paid_facebook,iOS
u_002128,2024-11-08 21:46:52,KR,cross_promo,Android
u_002129,2024-12-06 05:00:55,KR,cross_promo,Android
u_002130,2024-12-02 10:34:49,KR,cross_promo,Android
u_002131,2024-11-04 09:50:34,KR,paid_google,iOS
u_002132,2024-11-15 05:23:38,US,cross_promo,Android
u_002133,2024-12-08 16:29:21,KR,cross_promo,Android
u_002134,2024-11-11 20:09:19,JP,referral,iOS
u_002135,2024-11-14 08:52:17,US,paid_tiktok,Android
u_002136,2024-12-29 12:29:04,KR,cross_promo,iOS
u_002137,2024-12-05 22:31:46,JP,organic,Android
u_002138,2024-12-09 14:06:37,KR,cross_promo,Android
u_002139,2024-12-08 02:12:52,KR,paid_facebook,Android
u_002140,2024-12-08 16:34:34,US,referral,Android
u_002141,2024-12-20 17:44:19,JP,cross_promo,iOS
u_002142,2024-12-15 16:52:53,KR,referral,Android
u_002143,2024-12-07 04:54:06,KR,paid_facebook,Android
u_002144,2024-12-01 22:55:55,US,paid_tiktok,iOS
u_002145,2024-12-21 16:17:36,JP,paid_google,Android
u_002146,2024-12-22 18:31:05,US,organic,Android
u_002147,2024-11-16 18:42:00,KR,cross_promo,Android
u_002148,2024-11-20 07:32:11,KR,organic,Android
u_002149,2024-11-05 00:47:56,US,paid_google,Android
u_002150,2024-12-26 13:19:22,KR,paid_tiktok,iOS
u_002151,2024-12-14 00:05:43,KR,cross_promo,iOS
u_002152,2024-12-29 00:33:59,KR,organic,Android
u_002153,2024-12-07 08:27:54,KR,paid_tiktok,Android
u_002154,2024-12-15 08:30:46,KR,referral,Android
u_002155,2024-11-22 17:52:04,JP,referral,iOS
u_002156,2024-11-21 08:14:18,JP,cross_promo,Android
u_002157,2024-11-27 02:49:28,JP,referral,iOS
u_002158,2024-11-02 23:36:09,JP,paid_tiktok,iOS
u_002159,2024-11-14 12:40:57,KR,referral,Android
u_002160,2024-12-09 01:30:23,KR,cross_promo,Android
u_002161,2024-12-07 22:00:25,KR,referral,Android
u_002162,2024-12-17 13:25:36,US,paid_google,Android
u_002163,2024-11-20 10:09:52,KR,paid_tiktok,Android
u_002164,2024-11-01 00:38:17,JP,organic,Android
u_002165,2024-12-13 01:55:43,KR,cross_promo,Android
u_002166,2024-12-19 23:30:29,KR,organic,iOS
u_002167,2024-12-18 23:19:20,KR,organic,iOS
u_002168,2024-11-23 15:33:42,KR,cross_promo,iOS
u_002169,2024-11-05 15:50:29,KR,paid_google,iOS
u_002170,2024-11-18 16:38:20,KR,cross_promo,Android
u_002171,2024-11-16 10:13:19,JP,cross_promo,iOS
u_002172,2024-11-03 20:27:39,KR,paid_facebook,Android
u_002173,2024-12-07 05:20:34,US,paid_tiktok,Android
u_002174,2024-12-18 18:37:05,JP,paid_facebook,Android
u_002175,2024-12-03 01:30:50,US,referral,iOS
u_002176,2024-12-23 09:49:01,US,cross_promo,Android
u_002177,2024-11-19 23:20:22,JP,paid_google,iOS
u_002178,2024-12-29 08:32:48,KR,referral,Android
u_002179,2024-12-25 03:31:45,KR,paid_tiktok,Android
u_002180,2024-12-31 16:13:38,US,paid_tiktok,Android
u_002181,2024-12-05 09:39:56,JP,cross_promo,Android
u_002182,2024-11-11 18:12:37,KR,referral,iOS
u_002183,2024-11-09 07:46:16,KR,paid_google,Android
u_002184,2024-12-17 06:26:32,KR,organic,Android
u_002185,2024-12-07 07:39:05,JP,referral,Android
u_002186,2024-11-14 10:20:13,US,paid_tiktok,Android
u_002187,2024-12-22 16:51:49,JP,referral,iOS
u_002188,2024-11-18 12:36:07,KR,paid_facebook,Android
u_002189,2024-11-28 07:21:56,KR,organic,iOS
u_002190,2024-12-27 14:14:50,US,paid_facebook,iOS
u_002191,2024-12-31 08:52:01,KR,organic,Android
u_002192,2024-11-14 16:49:10,KR,referral,Android
u_002193,2024-12-29 10:56:56,US,cross_promo,iOS
u_002194,2024-11-01 22:31:08,JP,cross_promo,Android
u_002195,2024-12-08 12:38:53,KR,paid_tiktok,Android
u_002196,2024-12-13 07:38:41,KR,referral,Android
u_002197,2024-11-10 06:17:13,JP,paid_tiktok,Android
u_002198,2024-11-29 22:21:10,KR,organic,Android
u_002199,2024-12-30 18:35:22,JP,cross_promo,Android
u_002200,2024-11-30 14:29:02,KR,cross_promo,iOS
u_002201,2024-12-28 18:17:59,KR,organic,Android
u_002202,2024-12-26 07:26:07,US,referral,Android
u_002203,2024-12-08 08:35:13,KR,paid_facebook,Android
u_002204,2024-12-02 09:26:52,KR,referral,Android
u_002205,2024-11-27 01:35:18,KR,paid_facebook,Android
u_002206,2024-11-04 02:16:46,KR,paid_tiktok,Android
u_002207,2024-12-15 11:09:59,KR,cross_promo,iOS
u_002208,2024-12-31 00:32:22,JP,paid_tiktok,iOS
u_002209,2024-12-06 13:51:04,KR,paid_facebook,Android
u_002210,2024-11-09 10:00:40,JP,paid_tiktok,iOS
u_002211,2024-11-01 23:39:41,KR,organic,Android
u_002212,2024-12-11 16:08:46,KR,referral,Android
u_002213,2024-11-01 20:14:32,US,referral,iOS
u_002214,2024-12-20 11:54:45,US,paid_tiktok,iOS
u_002215,2024-12-10 23:36:38,US,paid_google,iOS
u_002216,2024-12-01 03:49:39,KR,referral,Android
u_002217,2024-12-21 10:00:16,KR,organic,iOS
u_002218,2024-12-21 22:11:07,KR,paid_google,iOS
u_002219,2024-12-19 09:45:56,US,paid_google,Android
u_002220,2024-11-13 20:24:13,KR,referral,iOS
u_002221,2024-12-31 22:49:24,KR,paid_tiktok,Android
u_002222,2024-12-14 20:57:38,KR,paid_tiktok,Android
u_002223,2024-12-21 22:59:21,KR,organic,iOS
u_002224,2024-11-11 22:09:57,KR,paid_google,Android
u_002225,2024-11-10 06:47:02,KR,organic,Android
u_002226,2024-11-30 23:51:20,KR,organic,iOS
u_002227,2024-12-20 15:50:23,KR,referral,Android
u_002228,2024-12-01 12:01:13,KR,paid_google,Android
u_002229,2024-12-02 23:06:16,KR,paid_google,Android
u_002230,2024-11-19 19:10:17,KR,paid_tiktok,Android
u_002231,2024-11-22 19:20:25,US,paid_tiktok,Android
u_002232,2024-12-23 12:31:17,US,paid_facebook,Android
u_002233,2024-12-10 02:30:11,KR,organic,Android
u_002234,2024-11-03 19:28:51,KR,organic,iOS
u_002235,2024-12-27 11:44:28,KR,paid_google,Android
u_002236,2024-12-25 14:41:57,JP,organic,iOS
u_002237,2024-11-09 02:52:23,US,paid_facebook,iOS
u_002238,2024-12-11 13:07:45,KR,referral,Android
u_002239,2024-12-01 10:41:20,KR,paid_facebook,Android
u_002240,2024-11-12 04:35:22,KR,organic,iOS
u_002241,2024-12-15 09:34:07,KR,organic,Android
u_002242,2024-11-06 01:08:14,US,paid_facebook,Android
u_002243,2024-11-22 11:35:31,KR,paid_google,Android
u_002244,2024-12-31 02:50:58,KR,referral,iOS
u_002245,2024-11-14 22:20:37,KR,paid_google,Android
u_002246,2024-12-11 06:05:53,KR,cross_promo,Android
u_002247,2024-12-03 02:36:08,KR,paid_google,Android
u_002248,2024-12-24 01:01:40,US,cross_promo,Android
u_002249,2024-11-01 05:00:20,US,organic,Android
u_002250,2024-11-28 23:54:54,KR,organic,Android
u_002251,2024-12-19 17:12:25,KR,organic,Android
u_002252,2024-11-20 18:37:07,KR,paid_google,iOS
u_002253,2024-12-23 01:36:25,US,paid_facebook,Android
u_002254,2024-12-26 15:21:05,JP,paid_google,iOS
u_002255,2024-11-06 14:43:20,KR,organic,Android
u_002256,2024-12-25 06:21:47,JP,referral,Android
u_002257,2024-11-15 07:58:49,KR,paid_facebook,Android
u_002258,2024-12-01 01:40:43,KR,paid_tiktok,Android
u_002259,2024-11-11 11:20:12,KR,organic,Android
u_002260,2024-12-28 20:57:18,KR,paid_facebook,Android
u_002261,2024-12-13 10:43:00,KR,cross_promo,iOS
u_002262,2024-11-03 02:28:54,KR,paid_google,iOS
u_002263,2024-11-05 22:50:35,JP,paid_facebook,Android
u_002264,2024-11-17 03:41:28,JP,paid_tiktok,Android
u_002265,2024-11-04 12:12:49,KR,organic,Android
u_002266,2024-11-06 19:06:55,US,paid_facebook,Android
u_002267,2024-12-25 07:52:32,KR,organic,iOS
u_002268,2024-11-27 21:32:30,KR,cross_promo,iOS
u_002269,2024-12-29 15:35:07,US,organic,iOS
u_002270,2024-11-07 22:34:44,KR,paid_facebook,Android
u_002271,2024-11-15 16:07:24,KR,paid_google,Android
u_002272,2024-11-19 00:24:27,KR,paid_tiktok,Android
u_002273,2024-12-07 11:35:14,KR,organic,Android
u_002274,2024-11-12 20:39:33,KR,paid_tiktok,Android
u_002275,2024-11-25 02:28:45,KR,referral,Android
u_002276,2024-12-05 15:03:53,KR,referral,Android
u_002277,2024-12-25 07:15:18,KR,referral,Android
u_002278,2024-12-27 02:04:43,JP,paid_tiktok,Android
u_002279,2024-12-20 23:50:19,KR,organic,Android
u_002280,2024-11-30 10:07:32,US,paid_google,Android
u_002281,2024-11-03 12:21:03,KR,paid_facebook,Android
u_002282,2024-12-07 21:42:50,KR,paid_facebook,Android
u_002283,2024-12-29 17:38:55,KR,organic,iOS
u_002284,2024-11-26 19:11:59,KR,paid_facebook,iOS
u_002285,2024-12-10 17:25:41,US,cross_promo,iOS
u_002286,2024-11-19 05:36:36,US,paid_tiktok,Android
u_002287,2024-11-05 05:55:15,JP,paid_tiktok,Android
u_002288,2024-12-22 13:49:27,US,paid_facebook,iOS
u_002289,2024-12-22 01:45:40,JP,referral,Android
u_002290,2024-11-15 11:34:20,US,paid_tiktok,Android
u_002291,2024-11-27 17:37:52,KR,referral,Android
u_002292,2024-12-05 20:46:40,KR,referral,iOS
u_002293,2024-11-29 02:59:47,JP,organic,iOS
u_002294,2024-11-12 09:42:44,KR,paid_facebook,Android
u_002295,2024-11-02 18:43:10,KR,paid_google,Android
u_002296,2024-12-18 12:41:02,US,paid_facebook,Android
u_002297,2024-12-20 20:41:39,US,cross_promo,iOS
u_002298,2024-12-27 22:58:05,KR,cross_promo,Android
u_002299,2024-11-22 12:43:36,KR,paid_facebook,Android
u_002300,2024-12-09 10:45:51,KR,paid_facebook,Android
u_002301,2024-12-15 14:54:16,KR,organic,iOS
u_002302,2024-12-27 22:47:31,JP,paid_tiktok,Android
u_002303,2024-11-01 08:04:17,US,cross_promo,iOS
u_002304,2024-11-24 14:53:39,KR,paid_facebook,Android
u_002305,2024-11-01 03:14:05,JP,paid_google,Android
u_002306,2024-11-10 17:16:19,KR,paid_google,iOS
u_002307,2024-11-09 15:52:03,KR,paid_google,Android
u_002308,2024-12-18 12:24:27,KR,cross_promo,Android
u_002309,2024-12-01 23:29:08,JP,organic,iOS
u_002310,2024-11-26 01:32:59,KR,cross_promo,Android
u_002311,2024-11-09 01:47:09,KR,cross_promo,Android
u_002312,2024-12-18 02:08:41,US,paid_facebook,iOS
u_002313,2024-11-12 18:24:09,US,paid_google,Android
u_002314,2024-11-20 23:07:39,KR,paid_facebook,iOS
u_002315,2024-12-25 18:47:39,KR,paid_tiktok,Android
u_002316,2024-12-18 02:19:16,JP,paid_tiktok,Android
u_002317,2024-12-10 06:02:55,JP,cross_promo,Android
u_002318,2024-11-21 09:56:58,JP,organic,iOS
u_002319,2024-12-17 05:56:55,US,organic,Android
u_002320,2024-11-17 10:58:06,KR,paid_tiktok,Android
u_002321,2024-11-12 03:05:46,KR,organic,iOS
u_002322,2024-12-28 19:53:45,KR,paid_google,Android
u_002323,2024-12-28 12:39:11,US,paid_facebook,iOS
u_002324,2024-11-23 18:16:26,JP,referral,Android
u_002325,2024-12-02 14:46:25,KR,cross_promo,Android
u_002326,2024-11-04 15:54:22,JP,paid_facebook,Android
u_002327,2024-11-26 20:02:02,JP,organic,Android
u_002328,2024-12-27 22:57:10,KR,paid_tiktok,Android
u_002329,2024-12-18 06:55:42,KR,paid_tiktok,iOS
u_002330,2024-11-12 13:50:52,US,paid_google,iOS
u_002331,2024-12-08 02:11:42,KR,paid_tiktok,Android
u_002332,2024-11-20 21:58:19,KR,referral,iOS
u_002333,2024-12-14 14:40:39,KR,paid_tiktok,Android
u_002334,2024-11-07 14:58:39,JP,paid_tiktok,iOS
u_002335,2024-12-27 10:37:25,KR,cross_promo,Android
u_002336,2024-11-30 08:42:06,KR,paid_google,iOS
u_002337,2024-11-01 00:15:57,US,referral,Android
u_002338,2024-11-03 17:09:54,KR,paid_facebook,iOS
u_002339,2024-12-22 02:44:43,KR,organic,Android
u_002340,2024-11-13 18:43:16,JP,paid_google,iOS
u_002341,2024-12-01 21:47:55,KR,organic,iOS
u_002342,2024-11-19 12:40:12,JP,paid_tiktok,Android
u_002343,2024-12-20 22:12:14,JP,paid_tiktok,iOS
u_002344,2024-12-31 13:01:29,JP,organic,Android
u_002345,2024-12-16 19:37:55,US,organic,iOS
u_002346,2024-12-22 14:49:49,KR,paid_tiktok,Android
u_002347,2024-11-24 11:25:56,KR,paid_tiktok,iOS
u_002348,2024-12-24 23:52:08,KR,referral,Android
u_002349,2024-11-30 16:46:24,US,paid_facebook,iOS
u_002350,2024-12-15 12:19:09,KR,paid_google,iOS
u_002351,2024-12-08 12:56:08,JP,organic,Android
u_002352,2024-12-16 10:49:59,US,paid_tiktok,Android
u_002353,2024-11-29 10:52:24,JP,referral,iOS
u_002354,2024-12-17 18:49:00,US,paid_google,Android
u_002355,2024-11-19 01:55:11,KR,paid_facebook,Android
u_002356,2024-11-10 19:25:59,JP,referral,Android
u_002357,2024-12-26 12:47:38,JP,cross_promo,iOS
u_002358,2024-12-25 16:54:42,KR,cross_promo,iOS
u_002359,2024-11-11 18:55:04,JP,cross_promo,iOS
u_002360,2024-12-07 00:45:07,KR,referral,iOS
u_002361,2024-11-28 00:25:05,KR,cross_promo,Android
u_002362,2024-11-10 18:37:25,KR,paid_tiktok,Android
u_002363,2024-11-25 20:01:45,KR,referral,iOS
u_002364,2024-11-14 00:33:33,US,cross_promo,iOS
u_002365,2024-11-05 23:05:04,KR,cross_promo,Android
u_002366,2024-12-25 04:39:50,KR,organic,Android
u_002367,2024-12-04 02:42:45,KR,paid_facebook,Android
u_002368,2024-12-23 20:22:53,KR,referral,iOS
u_002369,2024-11-30 11:32:59,JP,referral,Android
u_002370,2024-12-31 23:03:10,JP,organic,iOS
u_002371,2024-12-09 16:04:24,KR,paid_facebook,iOS
u_002372,2024-12-14 04:21:41,KR,cross_promo,iOS
u_002373,2024-12-15 10:24:07,KR,cross_promo,Android
u_002374,2024-11-17 03:16:44,KR,paid_tiktok,iOS
u_002375,2024-11-02 21:18:35,JP,referral,iOS
u_002376,2024-11-30 06:06:58,KR,paid_google,Android
u_002377,2024-11-30 21:19:43,US,organic,iOS
u_002378,2024-12-24 16:25:49,KR,organic,Android
u_002379,2024-12-22 16:17:43,JP,organic,iOS
u_002380,2024-12-18 20:28:20,KR,paid_tiktok,Android
u_002381,2024-12-24 10:00:44,KR,paid_tiktok,Android
u_002382,2024-12-30 11:20:52,JP,organic,Android
u_002383,2024-12-26 07:01:17,JP,referral,Android
u_002384,2024-11-06 22:44:48,US,organic,Android
u_002385,2024-11-23 11:29:04,KR,paid_google,Android
u_002386,2024-12-05 16:44:14,KR,organic,Android
u_002387,2024-12-23 02:41:40,JP,referral,iOS
u_002388,2024-12-11 22:08:43,JP,cross_promo,Android
u_002389,2024-12-29 14:03:47,JP,paid_tiktok,Android
u_002390,2024-12-21 18:17:48,KR,organic,iOS
u_002391,2024-12-04 17:09:15,KR,cross_promo,Android
u_002392,2024-12-26 06:51:21,JP,paid_facebook,Android
u_002393,2024-11-23 10:03:35,KR,paid_facebook,Android
u_002394,2024-12-10 10:59:50,KR,paid_google,iOS
u_002395,2024-11-27 02:02:19,JP,paid_google,Android
u_002396,2024-12-13 07:32:43,KR,paid_facebook,iOS
u_002397,2024-12-17 07:03:16,KR,paid_tiktok,Android
u_002398,2024-12-06 14:42:04,KR,organic,Android
u_002399,2024-11-08 03:18:29,KR,paid_facebook,Android
u_002400,2024-12-17 14:06:42,JP,paid_tiktok,Android
u_002401,2024-11-04 17:44:31,JP,referral,Android
u_002402,2024-12-22 23:56:04,US,paid_facebook,Android
u_002403,2024-12-11 10:00:38,KR,organic,Android
u_002404,2024-11-17 15:57:12,KR,cross_promo,Android
u_002405,2024-11-04 18:50:58,KR,paid_facebook,iOS
u_002406,2024-12-24 03:16:08,KR,cross_promo,Android
u_002407,2024-11-20 09:24:40,US,organic,iOS
u_002408,2024-12-12 17:06:00,KR,cross_promo,Android
u_002409,2024-12-12 13:06:51,US,organic,Android
u_002410,2024-12-29 08:17:08,KR,paid_tiktok,iOS
u_002411,2024-12-09 06:36:27,US,paid_tiktok,iOS
u_002412,2024-11-23 06:23:00,KR,paid_google,Android
u_002413,2024-11-08 23:30:33,KR,paid_tiktok,iOS
u_002414,2024-11-19 00:35:08,JP,paid_google,iOS
u_002415,2024-11-05 05:22:19,KR,cross_promo,Android
u_002416,2024-12-13 08:58:48,KR,organic,Android
u_002417,2024-12-29 13:58:12,KR,paid_facebook,iOS
u_002418,2024-12-02 10:07:38,KR,referral,Android
u_002419,2024-12-14 19:59:17,KR,organic,Android
u_002420,2024-12-26 23:13:36,JP,cross_promo,Android
u_002421,2024-11-06 02:06:23,US,referral,Android
u_002422,2024-12-10 15:59:33,KR,cross_promo,Android
u_002423,2024-11-26 21:41:32,KR,paid_facebook,Android
u_002424,2024-11-17 08:20:25,KR,paid_facebook,Android
u_002425,2024-11-29 07:16:00,KR,referral,Android
u_002426,2024-11-02 07:35:47,JP,referral,Android
u_002427,2024-12-05 15:41:50,KR,cross_promo,Android
u_002428,2024-12-12 14:20:44,KR,referral,Android
u_002429,2024-12-17 16:08:54,KR,cross_promo,iOS
u_002430,2024-12-24 20:00:07,US,paid_facebook,iOS
u_002431,2024-12-13 09:49:08,JP,cross_promo,Android
u_002432,2024-12-10 17:19:39,KR,cross_promo,iOS
u_002433,2024-12-07 13:06:59,JP,paid_google,Android
u_002434,2024-11-25 15:54:25,KR,paid_tiktok,Android
u_002435,2024-12-04 15:17:44,US,paid_facebook,Android
u_002436,2024-11-24 13:08:43,KR,paid_tiktok,Android
u_002437,2024-12-02 14:18:44,US,paid_tiktok,Android
u_002438,2024-12-10 09:47:36,JP,paid_facebook,Android
u_002439,2024-11-11 22:13:26,US,paid_facebook,iOS
u_002440,2024-12-03 16:49:01,KR,referral,Android
u_002441,2024-11-01 15:21:44,US,organic,Android
u_002442,2024-12-08 18:05:51,JP,referral,iOS
u_002443,2024-11-24 18:07:32,KR,cross_promo,iOS
u_002444,2024-12-13 10:55:42,KR,paid_google,iOS
u_002445,2024-12-26 12:41:40,JP,paid_google,iOS
u_002446,2024-12-07 00:12:40,KR,paid_google,Android
u_002447,2024-12-25 21:03:00,JP,paid_google,iOS
u_002448,2024-11-23 22:18:16,JP,paid_facebook,Android
u_002449,2024-12-30 14:10:12,KR,cross_promo,iOS
u_002450,2024-11-30 05:40:55,JP,organic,iOS
u_002451,2024-11-09 00:57:00,JP,organic,iOS
u_002452,2024-11-16 02:13:11,KR,cross_promo,Android
u_002453,2024-12-16 19:12:36,JP,referral,Android
u_002454,2024-11-18 06:00:00,KR,paid_facebook,Android
u_002455,2024-11-24 03:30:39,US,paid_tiktok,iOS
u_002456,2024-11-23 02:15:44,KR,paid_google,iOS
u_002457,2024-12-22 17:40:35,KR,paid_tiktok,iOS
u_002458,2024-12-16 16:38:18,JP,paid_google,Android
u_002459,2024-11-17 21:28:52,US,paid_tiktok,iOS
u_002460,2024-12-08 23:30:53,KR,referral,Android
u_002461,2024-12-22 20:36:48,JP,paid_tiktok,Android
u_002462,2024-11-05 10:26:48,JP,referral,iOS
u_002463,2024-12-18 18:17:33,KR,paid_facebook,Android
u_002464,2024-12-16 20:37:03,JP,cross_promo,iOS
u_002465,2024-11-27 20:55:16,KR,paid_tiktok,iOS
u_002466,2024-12-19 01:19:05,KR,paid_google,Android
u_002467,2024-11-09 03:15:00,KR,paid_facebook,iOS
u_002468,2024-12-25 08:30:45,JP,cross_promo,Android
u_002469,2024-11-29 01:28:01,JP,paid_google,Android
u_002470,2024-12-27 14:17:41,JP,paid_google,Android
u_002471,2024-12-03 04:04:20,JP,paid_tiktok,Android
u_002472,2024-11-30 18:20:15,US,organic,Android
u_002473,2024-11-29 01:09:51,KR,paid_tiktok,Android
u_002474,2024-11-30 21:14:55,KR,referral,Android
u_002475,2024-11-29 08:20:22,US,paid_google,Android
u_002476,2024-12-30 19:35:44,KR,paid_facebook,Android
u_002477,2024-11-29 15:25:18,KR,organic,Android
u_002478,2024-12-27 04:25:56,US,paid_facebook,iOS
u_002479,2024-11-27 14:36:22,KR,referral,Android
u_002480,2024-11-06 08:09:09,KR,paid_tiktok,Android
u_002481,2024-11-04 19:33:36,KR,cross_promo,Android
u_002482,2024-12-04 18:37:06,JP,paid_tiktok,Android
u_002483,2024-11-17 00:20:33,KR,cross_promo,Android
u_002484,2024-11-18 15:31:37,US,cross_promo,Android
u_002485,2024-11-03 06:00:20,JP,paid_tiktok,iOS
u_002486,2024-12-07 22:34:44,US,paid_google,Android
u_002487,2024-12-28 18:08:35,KR,cross_promo,Android
u_002488,2024-12-27 21:58:21,US,paid_google,iOS
u_002489,2024-12-25 19:10:10,KR,paid_facebook,Android
u_002490,2024-11-15 20:56:42,KR,paid_tiktok,Android
u_002491,2024-12-25 13:29:46,JP,organic,iOS
u_002492,2024-12-25 00:21:01,KR,paid_google,Android
u_002493,2024-12-31 21:38:43,KR,referral,iOS
u_002494,2024-12-25 11:25:15,KR,referral,Android
u_002495,2024-12-25 14:20:50,KR,paid_tiktok,Android
u_002496,2024-12-12 00:29:27,US,paid_tiktok,Android
u_002497,2024-11-20 00:17:31,US,cross_promo,Android
u_002498,2024-11-19 16:59:46,JP,referral,iOS
u_002499,2024-11-24 15:00:06,KR,referral,Android
u_002500,2024-12-20 21:40:37,US,paid_google,Android
u_002501,2024-11-05 08:06:16,KR,referral,Android
u_002502,2024-11-27 21:44:15,JP,cross_promo,Android
u_002503,2024-12-26 07:44:49,KR,paid_tiktok,iOS
u_002504,2024-12-27 03:55:22,JP,paid_google,Android
u_002505,2024-12-09 18:00:36,US,organic,Android
u_002506,2024-12-17 06:59:00,KR,referral,iOS
u_002507,2024-11-07 00:36:40,JP,organic,Android
u_002508,2024-12-04 13:00:08,US,paid_tiktok,Android
u_002509,2024-11-26 18:56:15,US,cross_promo,iOS
u_002510,2024-12-02 23:40:46,KR,paid_google,iOS
u_002511,2024-11-03 03:26:45,KR,cross_promo,iOS
u_002512,2024-12-10 15:31:41,US,cross_promo,Android
u_002513,2024-12-11 14:35:11,JP,paid_tiktok,Android
u_002514,2024-12-07 01:03:18,KR,paid_tiktok,iOS
u_002515,2024-11-20 20:33:41,KR,organic,Android
u_002516,2024-11-27 12:16:09,KR,paid_facebook,Android
u_002517,2024-12-25 22:31:54,KR,organic,Android
u_002518,2024-11-23 03:22:16,JP,organic,Android
u_002519,2024-11-07 08:15:36,JP,paid_tiktok,Android
u_002520,2024-12-28 07:47:36,JP,cross_promo,Android
u_002521,2024-12-08 05:18:16,US,referral,iOS
u_002522,2024-12-31 18:48:29,KR,paid_tiktok,Android
u_002523,2024-11-03 06:51:48,KR,paid_tiktok,Android
u_002524,2024-12-10 06:18:22,KR,paid_tiktok,Android
u_002525,2024-12-26 06:34:38,JP,paid_facebook,Android
u_002526,2024-12-18 21:54:02,JP,paid_google,Android
u_002527,2024-11-27 02:10:53,KR,organic,iOS
u_002528,2024-12-03 06:33:43,US,paid_tiktok,iOS
u_002529,2024-11-25 19:52:13,KR,organic,Android
u_002530,2024-12-27 18:41:27,US,cross_promo,iOS
u_002531,2024-11-05 05:57:56,JP,organic,iOS
u_002532,2024-11-05 20:23:33,US,organic,iOS
u_002533,2024-12-18 15:21:50,JP,referral,Android
u_002534,2024-12-14 21:32:31,KR,paid_facebook,iOS
u_002535,2024-12-25 11:46:28,JP,paid_tiktok,iOS
u_002536,2024-12-24 21:24:48,KR,paid_facebook,iOS
u_002537,2024-12-29 03:54:37,KR,paid_google,Android
u_002538,2024-12-16 06:25:51,KR,paid_facebook,Android
u_002539,2024-12-28 16:56:05,KR,paid_google,iOS
u_002540,2024-11-11 04:18:20,KR,cross_promo,Android
u_002541,2024-12-10 00:32:57,US,paid_tiktok,Android
u_002542,2024-12-30 04:43:17,JP,paid_facebook,iOS
u_002543,2024-12-13 01:46:08,KR,organic,iOS
u_002544,2024-11-21 01:06:49,JP,referral,Android
u_002545,2024-12-04 05:56:33,KR,organic,Android
u_002546,2024-12-04 16:53:35,US,paid_facebook,Android
u_002547,2024-12-15 09:03:13,KR,paid_google,Android
u_002548,2024-11-26 15:19:22,KR,organic,Android
u_002549,2024-11-01 07:05:12,KR,paid_facebook,iOS
u_002550,2024-11-20 11:00:07,US,paid_tiktok,iOS
u_002551,2024-12-18 04:02:54,KR,paid_tiktok,Android
u_002552,2024-11-16 09:14:01,US,organic,Android
u_002553,2024-12-05 22:27:28,KR,referral,Android
u_002554,2024-11-15 07:53:44,KR,referral,iOS
u_002555,2024-11-24 17:47:46,US,cross_promo,iOS
u_002556,2024-11-17 18:04:35,JP,paid_tiktok,Android
u_002557,2024-11-25 10:54:05,KR,paid_tiktok,Android
u_002558,2024-12-04 11:17:01,KR,paid_google,iOS
u_002559,2024-12-24 02:23:27,JP,paid_facebook,iOS
u_002560,2024-12-09 20:38:36,KR,referral,Android
u_002561,2024-12-09 08:27:42,JP,paid_google,Android
u_002562,2024-11-17 19:23:15,JP,paid_facebook,Android
u_002563,2024-11-11 01:17:40,JP,cross_promo,Android
u_002564,2024-11-04 18:40:00,KR,paid_facebook,iOS
u_002565,2024-12-14 05:00:09,KR,organic,Android
u_002566,2024-12-01 05:16:11,JP,cross_promo,Android
u_002567,2024-11-05 07:17:55,JP,paid_facebook,iOS
u_002568,2024-11-15 04:31:51,JP,paid_google,iOS
u_002569,2024-12-21 02:05:48,JP,paid_facebook,Android
u_002570,2024-11-21 07:26:07,JP,paid_google,Android
u_002571,2024-12-05 23:33:15,KR,organic,Android
u_002572,2024-11-28 20:25:15,KR,paid_facebook,Android
u_002573,2024-11-23 04:11:50,JP,paid_tiktok,Android
u_002574,2024-12-29 13:30:42,KR,referral,Android
u_002575,2024-12-27 10:33:45,KR,cross_promo,Android
u_002576,2024-12-09 12:23:12,KR,organic,Android
u_002577,2024-11-17 01:54:36,KR,paid_tiktok,Android
u_002578,2024-12-15 18:34:32,KR,paid_tiktok,iOS
u_002579,2024-11-25 03:07:36,US,paid_tiktok,Android
u_002580,2024-11-21 20:37:01,JP,referral,iOS
u_002581,2024-11-11 21:45:11,KR,paid_tiktok,iOS
u_002582,2024-12-31 04:21:16,KR,organic,Android
u_002583,2024-11-05 22:25:11,US,cross_promo,iOS
u_002584,2024-11-20 20:23:01,KR,paid_facebook,Android
u_002585,2024-11-09 06:33:51,JP,referral,Android
u_002586,2024-11-30 16:58:02,KR,paid_tiktok,iOS
u_002587,2024-11-29 12:48:04,US,paid_facebook,Android
u_002588,2024-12-22 22:16:54,KR,referral,Android
u_002589,2024-12-05 21:53:36,KR,referral,iOS
u_002590,2024-12-28 22:19:22,KR,organic,Android
u_002591,2024-12-07 02:38:37,JP,paid_tiktok,iOS
u_002592,2024-11-05 08:37:16,KR,paid_google,Android
u_002593,2024-12-14 05:35:07,US,referral,Android
u_002594,2024-11-15 00:10:20,KR,paid_google,Android
u_002595,2024-11-26 03:19:22,KR,paid_google,Android
u_002596,2024-12-15 14:03:46,KR,referral,Android
u_002597,2024-11-28 08:43:37,JP,organic,Android
u_002598,2024-12-17 12:44:12,JP,organic,iOS
u_002599,2024-11-15 17:35:41,US,organic,Android
u_002600,2024-11-17 12:50:24,KR,cross_promo,Android
u_002601,2024-12-12 19:45:55,KR,paid_google,Android
u_002602,2024-12-12 15:47:49,KR,organic,Android
u_002603,2024-12-22 15:19:52,KR,cross_promo,iOS
u_002604,2024-11-16 07:47:26,KR,paid_tiktok,Android
u_002605,2024-12-30 23:34:35,KR,organic,Android
u_002606,2024-11-16 09:52:08,KR,organic,Android
u_002607,2024-12-12 10:04:36,JP,paid_facebook,Android
u_002608,2024-11-28 15:18:02,JP,cross_promo,Android
u_002609,2024-12-13 09:27:18,KR,paid_facebook,Android
u_002610,2024-11-26 18:50:42,KR,paid_google,Android
u_002611,2024-12-31 03:31:48,JP,paid_google,iOS
u_002612,2024-12-27 01:02:56,US,cross_promo,Android
u_002613,2024-12-18 18:24:46,KR,paid_facebook,Android
u_002614,2024-11-21 03:22:15,KR,paid_facebook,Android
u_002615,2024-11-18 03:46:26,JP,cross_promo,Android
u_002616,2024-11-11 11:31:26,KR,paid_tiktok,iOS
u_002617,2024-12-11 13:51:39,US,paid_facebook,Android
u_002618,2024-12-04 03:55:59,KR,organic,Android
u_002619,2024-12-15 19:42:31,US,cross_promo,iOS
u_002620,2024-12-01 20:35:06,KR,organic,iOS
u_002621,2024-12-22 18:09:30,JP,cross_promo,Android
u_002622,2024-12-19 14:54:27,KR,organic,iOS
u_002623,2024-12-16 15:50:03,JP,paid_tiktok,Android
u_002624,2024-12-02 10:53:21,JP,organic,iOS
u_002625,2024-12-15 07:34:22,KR,paid_facebook,Android
u_002626,2024-11-15 17:28:18,JP,paid_google,iOS
u_002627,2024-11-19 23:08:35,US,paid_tiktok,Android
u_002628,2024-12-01 16:15:15,JP,organic,Android
u_002629,2024-11-20 20:42:08,US,cross_promo,Android
u_002630,2024-12-09 10:12:14,JP,referral,iOS
u_002631,2024-12-25 05:23:00,KR,cross_promo,iOS
u_002632,2024-12-26 14:33:56,JP,organic,Android
u_002633,2024-11-06 06:57:26,KR,paid_google,iOS
u_002634,2024-11-30 05:29:14,KR,paid_google,Android
u_002635,2024-11-17 08:26:10,US,organic,Android
u_002636,2024-11-04 12:26:28,JP,referral,Android
u_002637,2024-12-03 10:41:53,KR,paid_tiktok,Android
u_002638,2024-11-02 19:56:13,JP,paid_tiktok,iOS
u_002639,2024-11-13 03:07:06,KR,organic,iOS
u_002640,2024-11-29 08:07:49,KR,paid_facebook,Android
u_002641,2024-11-10 20:17:31,JP,paid_google,Android
u_002642,2024-11-22 23:22:33,KR,referral,Android
u_002643,2024-11-20 15:29:41,US,paid_facebook,Android
u_002644,2024-12-04 09:50:26,JP,paid_facebook,Android
u_002645,2024-12-31 00:35:44,JP,paid_google,iOS
u_002646,2024-12-27 14:49:45,KR,paid_google,Android
u_002647,2024-12-23 05:37:41,JP,referral,iOS
u_002648,2024-12-13 06:01:35,KR,cross_promo,Android
u_002649,2024-11-10 00:40:53,JP,paid_facebook,Android
u_002650,2024-11-28 00:59:34,KR,organic,iOS
u_002651,2024-12-24 07:25:04,US,organic,iOS
u_002652,2024-11-11 02:20:46,JP,cross_promo,Android
u_002653,2024-12-24 07:13:40,KR,paid_tiktok,Android
u_002654,2024-12-04 12:01:56,KR,paid_google,Android
u_002655,2024-12-23 17:59:23,KR,paid_facebook,iOS
u_002656,2024-12-31 15:28:12,KR,organic,Android
u_002657,2024-11-28 01:33:19,JP,paid_facebook,iOS
u_002658,2024-12-14 09:00:21,KR,referral,Android
u_002659,2024-12-07 01:32:57,JP,referral,iOS
u_002660,2024-12-01 03:33:49,US,referral,Android
u_002661,2024-12-06 03:36:36,KR,paid_facebook,iOS
u_002662,2024-11-13 04:16:09,KR,paid_tiktok,Android
u_002663,2024-12-06 03:29:18,JP,organic,Android
u_002664,2024-11-29 09:04:42,US,organic,Android
u_002665,2024-11-26 09:59:12,KR,paid_facebook,Android
u_002666,2024-11-28 22:33:20,KR,paid_google,iOS
u_002667,2024-12-31 19:34:43,US,organic,Android
u_002668,2024-12-30 20:50:37,KR,organic,iOS
u_002669,2024-12-19 12:05:39,KR,referral,iOS
u_002670,2024-12-21 07:51:34,US,referral,iOS
u_002671,2024-11-21 09:56:43,US,organic,iOS
u_002672,2024-12-08 17:07:41,JP,paid_google,iOS
u_002673,2024-11-29 01:00:12,US,paid_facebook,Android
u_002674,2024-12-24 23:56:53,US,paid_google,iOS
u_002675,2024-12-11 17:48:21,KR,cross_promo,Android
u_002676,2024-12-03 03:42:59,KR,paid_tiktok,Android
u_002677,2024-12-11 22:00:10,JP,paid_tiktok,Android
u_002678,2024-11-04 20:44:52,JP,referral,Android
u_002679,2024-12-19 04:38:51,KR,cross_promo,iOS
u_002680,2024-12-29 16:07:38,JP,paid_facebook,Android
u_002681,2024-12-05 23:23:36,KR,paid_google,Android
u_002682,2024-11-07 20:21:15,KR,organic,Android
u_002683,2024-11-18 15:16:07,KR,cross_promo,Android
u_002684,2024-12-10 06:04:44,JP,paid_google,iOS
u_002685,2024-12-24 19:31:00,KR,paid_facebook,Android
u_002686,2024-12-13 10:41:56,KR,organic,Android
u_002687,2024-12-12 19:55:31,KR,referral,iOS
u_002688,2024-12-08 03:20:46,JP,cross_promo,iOS
u_002689,2024-11-23 17:02:36,JP,organic,Android
u_002690,2024-12-18 01:41:48,JP,cross_promo,Android
u_002691,2024-11-08 11:12:17,JP,referral,iOS
u_002692,2024-12-19 21:04:32,KR,organic,Android
u_002693,2024-11-19 13:50:06,US,paid_tiktok,Android
u_002694,2024-11-10 00:50:54,US,paid_google,Android
u_002695,2024-12-14 21:39:42,KR,referral,Android
u_002696,2024-12-29 01:58:00,KR,cross_promo,iOS
u_002697,2024-12-16 10:14:10,US,paid_google,Android
u_002698,2024-12-16 14:04:40,JP,paid_google,iOS
u_002699,2024-11-01 19:50:06,KR,referral,Android
u_002700,2024-11-15 01:02:40,KR,cross_promo,iOS
u_002701,2024-11-30 20:34:42,KR,paid_tiktok,Android
u_002702,2024-11-12 13:16:44,JP,paid_google,iOS
u_002703,2024-12-20 20:44:21,KR,referral,Android
u_002704,2024-11-28 02:21:51,KR,organic,Android
u_002705,2024-11-26 10:48:25,KR,organic,iOS
u_002706,2024-12-13 02:06:23,JP,referral,Android
u_002707,2024-12-27 05:43:36,KR,paid_tiktok,Android
u_002708,2024-11-23 12:46:42,KR,paid_tiktok,Android
u_002709,2024-12-31 15:49:42,JP,paid_tiktok,Android
u_002710,2024-11-14 15:24:38,JP,referral,Android
u_002711,2024-11-25 10:41:05,US,paid_facebook,Android
u_002712,2024-12-24 02:54:13,KR,cross_promo,Android
u_002713,2024-12-05 18:45:15,KR,paid_google,Android
u_002714,2024-12-28 23:30:36,KR,paid_facebook,iOS
u_002715,2024-12-10 21:46:58,JP,organic,Android
u_002716,2024-12-07 10:22:09,US,organic,iOS
u_002717,2024-12-20 07:46:23,JP,paid_tiktok,Android
u_002718,2024-12-11 00:02:56,JP,paid_facebook,iOS
u_002719,2024-11-04 15:48:33,JP,paid_google,Android
u_002720,2024-12-20 03:00:52,KR,paid_tiktok,iOS
u_002721,2024-12-29 02:51:50,KR,referral,Android
u_002722,2024-12-10 08:42:33,KR,paid_tiktok,iOS
u_002723,2024-11-15 03:50:07,JP,cross_promo,Android
u_002724,2024-12-20 13:54:55,JP,paid_google,Android
u_002725,2024-11-06 13:10:09,KR,paid_facebook,Android
u_002726,2024-11-25 05:36:08,KR,paid_facebook,iOS
u_002727,2024-11-25 23:27:18,US,paid_google,Android
u_002728,2024-12-18 12:47:11,KR,paid_google,Android
u_002729,2024-11-22 12:23:34,JP,paid_facebook,Android
u_002730,2024-11-18 05:54:58,JP,paid_google,iOS
u_002731,2024-12-05 10:37:12,KR,referral,iOS
u_002732,2024-12-03 21:35:42,KR,paid_google,iOS
u_002733,2024-12-01 11:34:48,KR,organic,Android
u_002734,2024-12-23 20:35:14,KR,paid_facebook,iOS
u_002735,2024-11-10 20:54:40,KR,paid_tiktok,Android
u_002736,2024-12-28 18:01:27,JP,paid_tiktok,Android
u_002737,2024-12-09 17:14:43,US,organic,iOS
u_002738,2024-11-03 02:12:22,KR,organic,Android
u_002739,2024-11-27 14:30:20,KR,cross_promo,Android
u_002740,2024-11-09 19:37:12,KR,paid_tiktok,Android
u_002741,2024-12-16 23:44:13,US,paid_facebook,Android
u_002742,2024-11-05 06:36:09,KR,paid_tiktok,Android
u_002743,2024-12-01 01:41:18,JP,organic,Android
u_002744,2024-12-05 21:45:56,JP,cross_promo,Android
u_002745,2024-11-24 14:31:49,JP,paid_facebook,Android
u_002746,2024-11-20 07:21:06,US,organic,iOS
u_002747,2024-11-06 15:37:13,JP,paid_tiktok,Android
u_002748,2024-11-06 13:14:57,US,cross_promo,Android
u_002749,2024-12-08 03:23:28,US,organic,Android
u_002750,2024-11-04 19:53:15,JP,paid_tiktok,Android
u_002751,2024-12-28 00:48:31,US,organic,iOS
u_002752,2024-11-15 19:59:53,JP,referral,iOS
u_002753,2024-12-03 23:55:02,KR,cross_promo,iOS
u_002754,2024-11-01 21:18:38,KR,referral,iOS
u_002755,2024-11-21 20:16:27,JP,cross_promo,Android
u_002756,2024-11-03 07:43:27,KR,paid_google,Android
u_002757,2024-12-20 16:50:25,KR,organic,Android
u_002758,2024-11-09 01:20:44,US,cross_promo,Android
u_002759,2024-11-01 07:00:41,US,organic,Android
u_002760,2024-11-26 15:12:40,KR,cross_promo,Android
u_002761,2024-11-09 10:31:14,US,paid_tiktok,Android
u_002762,2024-12-13 01:56:50,KR,cross_promo,iOS
u_002763,2024-11-05 06:09:20,KR,cross_promo,iOS
u_002764,2024-12-13 02:12:48,JP,paid_google,Android
u_002765,2024-12-23 10:18:31,KR,cross_promo,Android
u_002766,2024-11-22 14:57:57,KR,paid_google,iOS
u_002767,2024-12-29 21:52:01,US,cross_promo,iOS
u_002768,2024-11-29 00:56:16,US,paid_facebook,Android
u_002769,2024-12-07 22:41:44,KR,organic,Android
u_002770,2024-11-08 09:06:31,JP,paid_tiktok,Android
u_002771,2024-11-10 08:17:26,US,organic,Android
u_002772,2024-12-04 20:50:52,US,organic,Android
u_002773,2024-12-24 04:47:33,KR,paid_tiktok,iOS
u_002774,2024-12-16 13:28:04,US,paid_tiktok,iOS
u_002775,2024-12-05 03:02:19,JP,referral,iOS
u_002776,2024-12-02 19:27:43,JP,paid_facebook,iOS
u_002777,2024-12-19 01:10:50,KR,organic,Android
u_002778,2024-12-14 08:50:19,KR,paid_google,Android
u_002779,2024-11-20 13:12:20,KR,paid_google,iOS
u_002780,2024-12-28 16:19:04,JP,paid_facebook,iOS
u_002781,2024-11-14 03:54:58,JP,organic,Android
u_002782,2024-12-01 01:36:52,US,referral,Android
u_002783,2024-12-31 09:28:26,JP,cross_promo,Android
u_002784,2024-11-15 16:19:30,KR,paid_google,Android
u_002785,2024-12-19 14:20:55,US,paid_google,iOS
u_002786,2024-12-02 09:55:34,JP,organic,Android
u_002787,2024-11-23 00:49:13,KR,referral,iOS
u_002788,2024-12-24 19:44:05,JP,paid_google,Android
u_002789,2024-12-20 06:43:40,KR,cross_promo,Android
u_002790,2024-12-08 09:15:35,US,organic,Android
u_002791,2024-12-03 10:44:11,KR,paid_tiktok,Android
u_002792,2024-11-16 20:02:27,KR,paid_facebook,Android
u_002793,2024-11-19 14:31:16,JP,referral,iOS
u_002794,2024-12-27 15:57:29,KR,cross_promo,Android
u_002795,2024-11-25 22:51:44,JP,paid_tiktok,Android
u_002796,2024-11-30 08:12:41,KR,referral,iOS
u_002797,2024-12-19 08:37:14,JP,paid_google,iOS
u_002798,2024-12-20 10:00:35,KR,organic,Android
u_002799,2024-11-19 22:59:18,JP,referral,Android
u_002800,2024-12-07 05:03:39,KR,paid_google,Android
u_002801,2024-12-10 07:42:39,KR,paid_google,Android
u_002802,2024-12-16 20:40:30,US,paid_facebook,iOS
u_002803,2024-11-14 11:11:45,KR,paid_tiktok,Android
u_002804,2024-11-05 15:18:13,JP,referral,Android
u_002805,2024-11-12 08:28:20,KR,cross_promo,Android
u_002806,2024-11-28 15:10:35,JP,paid_google,Android
u_002807,2024-11-08 20:07:36,KR,organic,Android
u_002808,2024-12-19 16:24:14,JP,cross_promo,Android
u_002809,2024-11-08 16:46:12,JP,paid_google,iOS
u_002810,2024-11-13 21:00:46,KR,organic,iOS
u_002811,2024-11-15 17:24:55,KR,paid_tiktok,Android
u_002812,2024-11-18 05:15:49,KR,cross_promo,Android
u_002813,2024-11-22 17:38:25,JP,cross_promo,Android
u_002814,2024-11-26 11:16:30,US,referral,iOS
u_002815,2024-12-27 14:50:38,JP,organic,iOS
u_002816,2024-12-09 16:34:10,KR,paid_google,Android
u_002817,2024-12-16 16:25:36,KR,paid_facebook,Android
u_002818,2024-12-30 20:02:57,KR,paid_tiktok,Android
u_002819,2024-11-29 13:50:02,KR,paid_tiktok,iOS
u_002820,2024-12-14 18:23:51,KR,cross_promo,Android
u_002821,2024-11-23 11:12:24,US,referral,Android
u_002822,2024-12-07 07:45:02,KR,referral,Android
u_002823,2024-11-02 06:01:39,US,paid_tiktok,Android
u_002824,2024-12-20 03:52:24,KR,referral,iOS
u_002825,2024-12-24 17:43:13,KR,organic,Android
u_002826,2024-12-29 22:11:28,JP,cross_promo,Android
u_002827,2024-11-30 23:03:55,JP,cross_promo,iOS
u_002828,2024-11-06 00:07:57,KR,paid_facebook,iOS
u_002829,2024-11-22 20:03:02,JP,paid_google,iOS
u_002830,2024-12-26 17:17:52,KR,paid_facebook,Android
u_002831,2024-11-19 14:56:40,KR,paid_tiktok,iOS
u_002832,2024-12-23 02:37:09,KR,paid_tiktok,iOS
u_002833,2024-12-19 08:46:48,JP,cross_promo,iOS
u_002834,2024-12-28 12:10:29,KR,organic,Android
u_002835,2024-11-03 10:29:40,JP,cross_promo,iOS
u_002836,2024-12-18 17:46:02,KR,cross_promo,iOS
u_002837,2024-12-19 14:48:33,US,paid_facebook,Android
u_002838,2024-12-09 09:57:14,US,paid_google,Android
u_002839,2024-12-25 06:36:19,JP,paid_tiktok,Android
u_002840,2024-11-13 22:29:37,US,paid_google,Android
u_002841,2024-12-10 01:04:53,KR,organic,Android
u_002842,2024-11-17 16:15:00,KR,organic,iOS
u_002843,2024-11-30 14:56:51,KR,paid_tiktok,iOS
u_002844,2024-11-21 03:47:45,KR,referral,iOS
u_002845,2024-12-18 20:30:02,JP,referral,iOS
u_002846,2024-11-18 19:31:10,JP,cross_promo,Android
u_002847,2024-11-22 18:40:49,KR,paid_facebook,Android
u_002848,2024-12-19 18:50:40,JP,organic,Android
u_002849,2024-12-04 16:47:13,JP,organic,Android
u_002850,2024-11-23 05:26:09,KR,cross_promo,Android
u_002851,2024-11-27 23:23:48,KR,referral,iOS
u_002852,2024-11-07 05:27:26,KR,paid_google,iOS
u_002853,2024-12-11 08:06:52,KR,paid_tiktok,iOS
u_002854,2024-12-28 20:49:18,KR,referral,Android
u_002855,2024-11-10 12:02:38,US,referral,Android
u_002856,2024-12-26 20:19:52,JP,referral,Android
u_002857,2024-11-02 22:45:59,KR,paid_tiktok,Android
u_002858,2024-11-12 12:28:50,KR,organic,iOS
u_002859,2024-12-31 23:29:55,US,paid_google,Android
u_002860,2024-12-19 11:15:29,KR,referral,Android
u_002861,2024-11-01 01:50:35,US,organic,iOS
u_002862,2024-12-24 09:18:26,KR,paid_google,iOS
u_002863,2024-11-08 23:54:17,KR,paid_google,Android
u_002864,2024-11-13 22:09:05,KR,paid_google,Android
u_002865,2024-12-28 20:16:23,KR,cross_promo,Android
u_002866,2024-12-02 11:11:15,KR,referral,Android
u_002867,2024-11-23 08:11:51,US,cross_promo,Android
u_002868,2024-12-12 08:54:04,KR,referral,Android
u_002869,2024-11-21 17:33:44,KR,paid_tiktok,Android
u_002870,2024-11-15 03:34:33,JP,organic,iOS
u_002871,2024-11-19 10:57:21,KR,paid_tiktok,Android
u_002872,2024-11-30 10:52:35,KR,referral,Android
u_002873,2024-11-28 21:06:25,KR,paid_tiktok,Android
u_002874,2024-12-04 15:00:01,KR,referral,Android
u_002875,2024-12-10 20:29:43,JP,paid_tiktok,Android
u_002876,2024-12-08 09:40:46,US,paid_google,iOS
u_002877,2024-12-03 15:33:57,KR,referral,Android
u_002878,2024-12-30 19:25:10,KR,organic,iOS
u_002879,2024-11-27 02:39:41,KR,paid_facebook,iOS
u_002880,2024-12-08 06:53:13,KR,cross_promo,Android
u_002881,2024-12-07 09:06:19,US,paid_tiktok,iOS
u_002882,2024-12-11 13:00:16,KR,organic,Android
u_002883,2024-11-28 09:40:42,US,paid_facebook,iOS
u_002884,2024-12-02 18:21:41,JP,paid_tiktok,Android
u_002885,2024-12-13 23:38:52,US,paid_tiktok,iOS
u_002886,2024-11-13 09:46:28,US,referral,Android
u_002887,2024-11-16 04:18:37,KR,paid_facebook,iOS
u_002888,2024-11-14 09:50:03,KR,cross_promo,Android
u_002889,2024-12-21 06:14:47,JP,paid_tiktok,Android
u_002890,2024-12-31 08:05:42,KR,paid_tiktok,iOS
u_002891,2024-11-03 19:56:31,JP,paid_tiktok,iOS
u_002892,2024-12-27 15:50:40,JP,referral,Android
u_002893,2024-11-17 23:53:46,KR,referral,Android
u_002894,2024-11-13 10:02:08,JP,organic,Android
u_002895,2024-11-29 19:52:19,KR,cross_promo,iOS
u_002896,2024-11-26 09:17:38,US,paid_tiktok,Android
u_002897,2024-11-07 08:15:39,JP,organic,Android
u_002898,2024-11-21 05:28:23,JP,organic,iOS
u_002899,2024-11-08 12:01:20,KR,organic,Android
u_002900,2024-11-29 23:51:37,KR,referral,Android
u_002901,2024-12-04 00:19:58,KR,paid_google,iOS
u_002902,2024-12-23 09:22:22,KR,paid_facebook,Android
u_002903,2024-11-17 22:50:18,KR,organic,iOS
u_002904,2024-11-07 18:07:12,KR,organic,Android
u_002905,2024-12-10 13:00:43,US,referral,Android
u_002906,2024-11-25 01:51:01,KR,paid_facebook,Android
u_002907,2024-11-25 05:12:47,JP,organic,Android
u_002908,2024-11-26 09:47:45,JP,paid_facebook,Android
u_002909,2024-11-11 16:58:47,JP,paid_tiktok,Android
u_002910,2024-11-22 12:13:04,KR,paid_tiktok,iOS
u_002911,2024-11-15 11:46:25,JP,referral,iOS
u_002912,2024-12-29 14:44:13,JP,paid_google,iOS
u_002913,2024-12-06 16:09:53,KR,referral,iOS
u_002914,2024-12-01 01:30:34,KR,referral,iOS
u_002915,2024-12-06 12:02:18,KR,referral,Android
u_002916,2024-11-12 22:04:16,US,organic,iOS
u_002917,2024-12-15 23:04:12,JP,paid_facebook,Android
u_002918,2024-11-13 05:33:38,JP,paid_google,iOS
u_002919,2024-11-06 01:30:45,JP,paid_tiktok,Android
u_002920,2024-11-24 02:24:45,JP,organic,Android
u_002921,2024-11-18 14:10:39,KR,referral,Android
u_002922,2024-12-01 16:17:40,US,organic,Android
u_002923,2024-12-01 15:29:28,KR,paid_tiktok,iOS
u_002924,2024-11-18 16:41:42,US,paid_google,iOS
u_002925,2024-11-30 21:47:25,KR,paid_google,Android
u_002926,2024-12-07 02:42:08,KR,organic,Android
u_002927,2024-12-09 16:13:59,KR,paid_facebook,Android
u_002928,2024-11-29 18:50:34,KR,cross_promo,iOS
u_002929,2024-12-05 16:50:29,KR,paid_google,Android
u_002930,2024-12-08 01:03:48,US,paid_google,Android
u_002931,2024-12-28 03:05:01,KR,paid_facebook,Android
u_002932,2024-12-16 00:47:35,JP,cross_promo,iOS
u_002933,2024-12-21 12:33:13,US,organic,Android
u_002934,2024-11-26 21:27:37,KR,paid_facebook,Android
u_002935,2024-11-16 23:37:49,US,paid_google,Android
u_002936,2024-12-20 05:05:55,KR,paid_google,iOS
u_002937,2024-12-23 14:13:52,KR,paid_facebook,Android
u_002938,2024-12-02 03:09:54,KR,paid_google,iOS
u_002939,2024-11-08 03:11:14,KR,paid_tiktok,Android
u_002940,2024-12-05 21:11:58,JP,organic,Android
u_002941,2024-12-20 14:46:27,JP,paid_facebook,Android
u_002942,2024-12-29 19:52:13,JP,cross_promo,Android
u_002943,2024-12-13 15:03:28,KR,cross_promo,Android
u_002944,2024-11-02 12:55:03,US,paid_google,Android
u_002945,2024-12-12 14:20:20,KR,paid_google,Android
u_002946,2024-12-22 00:41:03,US,paid_tiktok,iOS
u_002947,2024-11-22 16:57:48,US,organic,iOS
u_002948,2024-12-05 19:20:46,JP,paid_facebook,Android
u_002949,2024-12-09 03:19:46,JP,paid_tiktok,Android
u_002950,2024-11-19 03:11:01,KR,referral,iOS
u_002951,2024-12-03 13:13:39,JP,paid_google,iOS
u_002952,2024-12-04 10:10:56,US,cross_promo,Android
u_002953,2024-12-03 22:32:41,KR,cross_promo,Android
u_002954,2024-11-08 21:07:25,KR,organic,iOS
u_002955,2024-11-30 00:38:46,KR,referral,Android
u_002956,2024-12-28 13:20:46,US,cross_promo,Android
u_002957,2024-12-11 21:47:52,KR,cross_promo,Android
u_002958,2024-11-14 20:17:56,US,referral,Android
u_002959,2024-11-13 05:58:51,KR,organic,iOS
u_002960,2024-11-20 20:57:13,JP,paid_google,Android
u_002961,2024-11-14 17:07:10,KR,organic,Android
u_002962,2024-12-05 13:10:09,US,cross_promo,Android
u_002963,2024-12-10 23:25:34,KR,paid_google,iOS
u_002964,2024-12-05 21:33:50,KR,cross_promo,Android
u_002965,2024-12-29 15:56:43,KR,paid_google,Android
u_002966,2024-11-17 19:28:55,US,paid_facebook,iOS
u_002967,2024-11-03 12:06:38,KR,cross_promo,Android
u_002968,2024-12-23 04:17:05,US,referral,iOS
u_002969,2024-11-17 12:40:28,US,organic,Android
u_002970,2024-11-02 08:15:33,KR,paid_google,Android
u_002971,2024-11-03 02:43:31,KR,paid_tiktok,Android
u_002972,2024-12-18 06:02:38,US,paid_tiktok,iOS
u_002973,2024-12-27 12:45:06,JP,paid_google,Android
u_002974,2024-12-09 03:37:47,KR,cross_promo,Android
u_002975,2024-12-01 22:43:48,JP,paid_facebook,iOS
u_002976,2024-12-05 17:28:16,KR,organic,Android
u_002977,2024-12-22 09:04:43,KR,cross_promo,iOS
u_002978,2024-12-13 06:21:27,JP,organic,Android
u_002979,2024-12-25 14:25:07,KR,paid_facebook,Android
u_002980,2024-11-02 09:45:22,JP,referral,Android
u_002981,2024-11-02 17:53:20,US,referral,Android
u_002982,2024-12-26 08:12:30,JP,paid_facebook,iOS
u_002983,2024-12-03 02:41:26,JP,organic,Android
u_002984,2024-11-25 12:09:03,JP,paid_tiktok,Android
u_002985,2024-11-30 14:51:55,JP,referral,Android
u_002986,2024-12-27 04:40:52,JP,cross_promo,Android
u_002987,2024-12-17 19:06:13,KR,organic,iOS
u_002988,2024-12-01 11:18:21,KR,referral,Android
u_002989,2024-11-08 23:41:23,KR,paid_facebook,Android
u_002990,2024-11-25 12:47:19,KR,cross_promo,Android
u_002991,2024-12-18 02:27:51,KR,referral,Android
u_002992,2024-12-19 02:38:44,KR,cross_promo,Android
u_002993,2024-11-30 14:28:43,KR,paid_tiktok,iOS
u_002994,2024-11-29 03:43:40,KR,cross_promo,iOS
u_002995,2024-12-26 04:46:44,KR,cross_promo,Android
u_002996,2024-12-04 16:08:53,JP,organic,Android
u_002997,2024-11-08 21:56:00,JP,paid_facebook,Android
u_002998,2024-12-13 01:56:00,KR,paid_google,Android
u_002999,2024-11-09 14:02:41,JP,paid_google,Android
u_003000,2024-12-24 13:13:46,KR,paid_facebook,Android
u_003001,2024-12-15 13:29:15,US,paid_google,iOS
u_003002,2024-11-19 09:39:35,JP,organic,iOS
u_003003,2024-11-23 16:39:38,KR,paid_tiktok,Android
u_003004,2024-11-08 18:47:56,US,referral,Android
u_003005,2024-11-08 02:54:40,KR,referral,Android
u_003006,2024-12-17 09:48:02,US,cross_promo,Android
u_003007,2024-12-22 17:28:30,US,paid_google,Android
u_003008,2024-12-06 16:24:00,KR,paid_google,iOS
u_003009,2024-12-23 13:13:30,KR,referral,iOS
u_003010,2024-12-06 23:47:46,US,referral,iOS
u_003011,2024-11-05 13:05:07,JP,cross_promo,Android
u_003012,2024-11-03 00:34:44,KR,cross_promo,iOS
u_003013,2024-11-03 10:49:55,KR,organic,iOS
u_003014,2024-11-09 07:11:33,JP,paid_tiktok,Android
u_003015,2024-11-05 15:23:21,KR,paid_tiktok,Android
u_003016,2024-12-26 16:49:07,KR,paid_google,Android
u_003017,2024-12-13 23:51:49,US,paid_google,Android
u_003018,2024-11-23 17:19:10,KR,referral,Android
u_003019,2024-11-13 01:59:57,KR,paid_tiktok,Android
u_003020,2024-12-11 07:34:52,JP,paid_google,Android
u_003021,2024-12-25 20:08:01,KR,paid_facebook,iOS
u_003022,2024-11-23 11:00:21,KR,paid_tiktok,iOS
u_003023,2024-11-26 20:23:34,US,paid_facebook,Android
u_003024,2024-12-11 19:06:10,US,referral,Android
u_003025,2024-11-24 19:42:10,KR,organic,Android
u_003026,2024-11-17 17:19:53,US,cross_promo,Android
u_003027,2024-11-04 23:30:54,KR,organic,iOS
u_003028,2024-11-23 15:54:54,US,paid_facebook,Android
u_003029,2024-12-24 21:05:19,JP,paid_google,Android
u_003030,2024-12-31 11:53:32,US,paid_facebook,iOS
u_003031,2024-12-09 04:14:41,KR,cross_promo,iOS
u_003032,2024-11-26 21:59:25,KR,referral,iOS
u_003033,2024-12-09 10:19:07,KR,paid_google,iOS
u_003034,2024-11-29 14:16:44,US,referral,Android
u_003035,2024-12-27 02:58:51,US,paid_facebook,iOS
u_003036,2024-11-18 22:05:03,JP,paid_tiktok,Android
u_003037,2024-12-12 16:52:08,KR,cross_promo,Android
u_003038,2024-12-23 04:55:21,KR,referral,iOS
u_003039,2024-12-10 18:20:32,KR,paid_facebook,Android
u_003040,2024-12-27 09:16:16,KR,referral,iOS
u_003041,2024-12-30 07:25:53,KR,cross_promo,iOS
u_003042,2024-12-20 10:30:13,US,paid_google,Android
u_003043,2024-11-08 03:44:13,KR,paid_facebook,Android
u_003044,2024-12-28 17:03:18,KR,referral,iOS
u_003045,2024-12-30 15:18:04,KR,paid_tiktok,Android
u_003046,2024-12-27 11:39:06,KR,paid_google,Android
u_003047,2024-11-02 07:57:19,KR,cross_promo,Android
u_003048,2024-12-28 10:06:10,KR,paid_facebook,iOS
u_003049,2024-11-15 22:51:25,KR,paid_tiktok,Android
u_003050,2024-11-26 18:10:10,US,organic,Android
u_003051,2024-12-08 01:09:08,KR,cross_promo,Android
u_003052,2024-12-19 19:34:56,KR,cross_promo,Android
u_003053,2024-12-22 00:56:17,KR,paid_facebook,Android
u_003054,2024-11-13 23:23:51,KR,paid_google,Android
u_003055,2024-12-14 18:50:11,JP,organic,iOS
u_003056,2024-11-04 15:39:31,US,referral,Android
u_003057,2024-12-16 16:01:25,US,referral,Android
u_003058,2024-12-04 00:32:07,KR,paid_google,Android
u_003059,2024-11-29 19:45:15,KR,referral,iOS
u_003060,2024-12-12 05:37:45,JP,cross_promo,Android
u_003061,2024-11-10 17:28:41,KR,organic,Android
u_003062,2024-11-19 17:34:58,KR,referral,Android
u_003063,2024-11-23 17:26:41,US,referral,Android
u_003064,2024-12-05 08:38:14,KR,cross_promo,Android
u_003065,2024-11-02 15:32:29,KR,referral,Android
u_003066,2024-11-06 01:11:04,JP,referral,Android
u_003067,2024-12-28 05:24:55,US,cross_promo,Android
u_003068,2024-12-26 18:47:17,US,paid_google,Android
u_003069,2024-11-06 17:58:17,KR,paid_tiktok,iOS
u_003070,2024-12-17 05:01:10,KR,cross_promo,Android
u_003071,2024-12-16 03:19:01,KR,paid_tiktok,Android
u_003072,2024-12-18 14:36:16,US,paid_tiktok,iOS
u_003073,2024-12-30 11:43:12,KR,paid_tiktok,Android
u_003074,2024-11-12 03:42:01,US,referral,Android
u_003075,2024-12-22 06:14:51,JP,cross_promo,Android
u_003076,2024-11-02 11:39:31,KR,paid_tiktok,Android
u_003077,2024-11-01 09:59:50,US,referral,iOS
u_003078,2024-12-07 02:19:23,JP,organic,Android
u_003079,2024-12-31 02:56:01,KR,cross_promo,iOS
u_003080,2024-11-27 08:39:40,KR,paid_google,Android
u_003081,2024-11-23 21:14:11,US,paid_facebook,Android
u_003082,2024-12-30 23:57:24,JP,cross_promo,iOS
u_003083,2024-11-15 11:03:51,KR,paid_google,Android
u_003084,2024-11-26 08:56:52,JP,cross_promo,Android
u_003085,2024-12-27 02:26:16,KR,paid_google,Android
u_003086,2024-12-22 18:22:09,KR,referral,iOS
u_003087,2024-12-12 01:43:58,US,cross_promo,Android
u_003088,2024-12-31 20:59:37,KR,referral,Android
u_003089,2024-12-31 03:11:59,JP,referral,iOS
u_003090,2024-12-24 02:24:04,JP,paid_facebook,Android
u_003091,2024-11-27 23:31:15,KR,organic,Android
u_003092,2024-12-28 22:48:54,KR,cross_promo,Android
u_003093,2024-11-24 22:02:56,US,paid_google,Android
u_003094,2024-11-20 00:27:47,JP,organic,Android
u_003095,2024-11-06 19:12:41,JP,cross_promo,Android
u_003096,2024-12-29 13:36:36,US,referral,iOS
u_003097,2024-12-02 08:15:17,JP,paid_facebook,iOS
u_003098,2024-11-25 17:01:41,US,cross_promo,Android
u_003099,2024-12-06 13:03:00,US,paid_tiktok,Android
u_003100,2024-12-25 12:51:00,JP,organic,Android
u_003101,2024-11-29 06:02:12,JP,organic,Android
u_003102,2024-11-23 22:05:15,KR,organic,iOS
u_003103,2024-11-04 04:46:27,KR,paid_tiktok,iOS
u_003104,2024-11-19 17:56:52,JP,paid_facebook,Android
u_003105,2024-12-03 05:13:28,KR,paid_facebook,Android
u_003106,2024-12-03 09:06:01,KR,paid_google,Android
u_003107,2024-12-30 18:27:19,KR,cross_promo,Android
u_003108,2024-11-04 02:46:40,JP,paid_tiktok,iOS
u_003109,2024-11-15 21:04:30,KR,paid_facebook,Android
u_003110,2024-11-03 04:47:49,KR,paid_google,Android
u_003111,2024-12-01 05:30:20,US,cross_promo,iOS
u_003112,2024-12-22 12:15:03,US,organic,Android
u_003113,2024-11-22 01:40:18,JP,paid_google,Android
u_003114,2024-11-02 04:13:44,US,paid_facebook,Android
u_003115,2024-11-16 21:36:48,JP,paid_google,Android
u_003116,2024-12-14 16:32:47,KR,cross_promo,Android
u_003117,2024-12-10 05:52:45,KR,paid_facebook,Android
u_003118,2024-12-30 14:20:08,KR,referral,iOS
u_003119,2024-11-05 01:26:53,JP,paid_tiktok,Android
u_003120,2024-12-02 19:14:21,KR,paid_facebook,Android
u_003121,2024-11-21 11:26:43,KR,paid_facebook,iOS
u_003122,2024-11-26 10:44:48,KR,paid_google,Android
u_003123,2024-12-13 22:59:54,US,paid_google,Android
u_003124,2024-12-02 12:22:37,KR,paid_google,iOS
u_003125,2024-11-18 01:49:08,KR,paid_tiktok,iOS
u_003126,2024-12-27 16:07:44,KR,referral,iOS
u_003127,2024-11-09 02:43:43,KR,organic,Android
u_003128,2024-12-12 02:29:40,KR,paid_google,iOS
u_003129,2024-12-05 22:05:26,KR,paid_facebook,Android
u_003130,2024-11-25 20:07:47,KR,paid_tiktok,iOS
u_003131,2024-12-21 18:31:38,KR,referral,Android
u_003132,2024-12-20 03:44:10,JP,organic,Android
u_003133,2024-12-23 12:29:43,US,paid_facebook,Android
u_003134,2024-12-17 10:04:21,JP,cross_promo,Android
u_003135,2024-12-17 02:17:53,KR,paid_google,Android
u_003136,2024-11-24 22:44:34,KR,paid_google,iOS
u_003137,2024-12-26 00:41:13,KR,paid_tiktok,Android
u_003138,2024-11-06 15:35:24,KR,organic,Android
u_003139,2024-11-28 00:11:49,KR,paid_facebook,Android
u_003140,2024-12-14 14:39:20,US,paid_google,Android
u_003141,2024-11-25 17:19:05,KR,cross_promo,Android
u_003142,2024-12-20 22:30:21,KR,organic,iOS
u_003143,2024-12-05 21:23:26,JP,paid_google,Android
u_003144,2024-12-17 12:59:08,US,cross_promo,Android
u_003145,2024-12-24 22:18:01,KR,organic,iOS
u_003146,2024-11-18 18:14:34,US,paid_google,Android
u_003147,2024-11-06 09:16:01,JP,paid_tiktok,Android
u_003148,2024-12-27 00:57:41,KR,organic,Android
u_003149,2024-11-15 10:01:52,KR,paid_facebook,iOS
u_003150,2024-12-22 20:43:25,US,organic,Android
u_003151,2024-11-24 00:32:26,KR,paid_facebook,Android
u_003152,2024-11-17 12:47:27,US,referral,iOS
u_003153,2024-12-14 19:52:03,KR,paid_tiktok,Android
u_003154,2024-12-14 09:44:13,JP,cross_promo,iOS
u_003155,2024-12-27 16:01:30,KR,paid_tiktok,Android
u_003156,2024-12-02 04:28:57,JP,paid_tiktok,Android
u_003157,2024-12-03 02:52:56,KR,paid_tiktok,Android
u_003158,2024-11-20 05:02:59,US,paid_google,Android
u_003159,2024-12-18 07:32:29,US,organic,Android
u_003160,2024-11-22 22:02:21,KR,paid_google,Android
u_003161,2024-11-26 23:35:29,KR,referral,Android
u_003162,2024-11-24 06:07:36,KR,cross_promo,Android
u_003163,2024-11-07 08:59:25,JP,paid_google,Android
u_003164,2024-11-06 14:39:51,KR,paid_facebook,Android
u_003165,2024-11-29 18:33:00,KR,paid_tiktok,Android
u_003166,2024-11-12 10:29:56,US,paid_google,iOS
u_003167,2024-11-24 17:34:34,JP,paid_google,Android
u_003168,2024-12-13 01:35:45,US,paid_facebook,iOS
u_003169,2024-11-07 05:49:06,KR,cross_promo,Android
u_003170,2024-12-10 13:23:52,KR,referral,iOS
u_003171,2024-12-26 14:32:56,US,paid_tiktok,Android
u_003172,2024-11-15 13:22:46,KR,paid_google,Android
u_003173,2024-11-09 09:35:06,JP,paid_tiktok,Android
u_003174,2024-11-26 17:58:35,KR,cross_promo,iOS
u_003175,2024-12-28 13:51:14,KR,paid_tiktok,iOS
u_003176,2024-11-08 12:47:24,KR,referral,Android
u_003177,2024-12-08 03:52:17,KR,cross_promo,Android
u_003178,2024-11-17 01:52:46,JP,cross_promo,iOS
u_003179,2024-11-16 21:19:24,US,cross_promo,Android
u_003180,2024-11-09 19:16:39,KR,paid_tiktok,Android
u_003181,2024-11-21 07:42:35,JP,organic,Android
u_003182,2024-12-31 21:16:19,KR,paid_facebook,Android
u_003183,2024-12-23 13:32:07,KR,cross_promo,Android
u_003184,2024-12-06 13:30:23,KR,paid_google,Android
u_003185,2024-12-28 14:39:01,KR,paid_facebook,iOS
u_003186,2024-12-16 06:14:33,KR,paid_facebook,Android
u_003187,2024-11-06 11:14:10,JP,organic,Android
u_003188,2024-11-28 01:58:30,JP,paid_tiktok,Android
u_003189,2024-12-11 12:06:46,KR,paid_facebook,Android
u_003190,2024-12-29 02:10:05,JP,cross_promo,iOS
u_003191,2024-11-24 14:38:12,JP,paid_google,iOS
u_003192,2024-12-02 01:31:59,KR,organic,Android
u_003193,2024-12-04 21:58:02,KR,paid_facebook,iOS
u_003194,2024-12-03 12:07:15,JP,paid_google,iOS
u_003195,2024-12-23 08:06:09,KR,organic,iOS
u_003196,2024-11-01 19:37:00,JP,paid_tiktok,Android
u_003197,2024-11-28 01:13:25,US,paid_tiktok,iOS
u_003198,2024-11-25 02:58:07,US,referral,Android
u_003199,2024-12-11 04:49:20,JP,paid_facebook,Android
u_003200,2024-12-17 15:11:22,US,referral,iOS
u_003201,2024-12-01 13:31:36,KR,cross_promo,iOS
u_003202,2024-11-06 18:02:28,JP,organic,Android
u_003203,2024-11-24 12:45:01,KR,paid_facebook,Android
u_003204,2024-12-08 13:21:05,KR,organic,Android
u_003205,2024-11-02 14:56:52,KR,cross_promo,Android
u_003206,2024-12-09 15:58:18,KR,organic,iOS
u_003207,2024-12-13 05:43:37,JP,referral,iOS
u_003208,2024-11-30 16:41:17,KR,paid_facebook,Android
u_003209,2024-11-12 14:32:35,KR,cross_promo,iOS
u_003210,2024-12-27 15:12:49,KR,paid_google,Android
u_003211,2024-12-28 03:40:53,KR,paid_tiktok,Android
u_003212,2024-12-05 01:48:13,KR,paid_google,iOS
u_003213,2024-11-26 01:10:38,JP,organic,iOS
u_003214,2024-12-09 18:49:01,JP,organic,Android
u_003215,2024-12-16 20:43:21,KR,cross_promo,Android
u_003216,2024-12-23 21:34:23,KR,organic,Android
u_003217,2024-12-29 08:33:02,JP,organic,Android
u_003218,2024-12-25 01:47:19,KR,cross_promo,Android
u_003219,2024-12-26 00:34:44,JP,cross_promo,Android
u_003220,2024-12-28 11:00:09,KR,cross_promo,Android
u_003221,2024-11-18 22:11:25,KR,organic,Android
u_003222,2024-12-13 02:23:17,JP,paid_google,Android
u_003223,2024-11-26 03:04:51,JP,organic,Android
u_003224,2024-12-07 19:25:41,KR,paid_facebook,Android
u_003225,2024-11-05 11:12:11,KR,paid_google,Android
u_003226,2024-12-07 01:41:11,KR,organic,iOS
u_003227,2024-11-20 08:49:22,KR,organic,iOS
u_003228,2024-11-22 22:35:27,KR,organic,iOS
u_003229,2024-11-07 22:17:34,US,paid_tiktok,iOS
u_003230,2024-11-05 19:29:39,KR,cross_promo,Android
u_003231,2024-12-04 08:34:53,JP,paid_tiktok,Android
u_003232,2024-11-23 12:16:51,US,paid_google,Android
u_003233,2024-12-26 00:58:58,KR,paid_google,Android
u_003234,2024-11-23 14:15:31,JP,referral,Android
u_003235,2024-11-28 13:35:06,KR,organic,Android
u_003236,2024-11-06 12:48:27,JP,cross_promo,Android
u_003237,2024-11-01 21:53:47,KR,paid_google,Android
u_003238,2024-12-08 18:52:37,US,paid_google,Android
u_003239,2024-12-01 11:08:27,KR,cross_promo,Android
u_003240,2024-12-01 12:34:07,KR,paid_facebook,Android
u_003241,2024-11-22 05:27:26,US,cross_promo,Android
u_003242,2024-11-27 06:01:07,KR,referral,iOS
u_003243,2024-11-02 21:59:22,KR,organic,Android
u_003244,2024-11-29 04:11:04,KR,referral,iOS
u_003245,2024-11-19 14:45:22,KR,organic,Android
u_003246,2024-11-22 03:54:50,JP,paid_facebook,Android
u_003247,2024-12-03 08:40:37,JP,cross_promo,Android
u_003248,2024-11-03 21:06:49,KR,paid_tiktok,Android
u_003249,2024-12-04 23:43:03,US,paid_facebook,Android
u_003250,2024-12-13 06:40:29,KR,paid_google,iOS
u_003251,2024-12-24 07:37:30,KR,cross_promo,Android
u_003252,2024-12-28 08:20:46,KR,paid_tiktok,Android
u_003253,2024-11-09 12:20:32,JP,referral,Android
u_003254,2024-12-31 21:03:20,KR,paid_google,iOS
u_003255,2024-12-04 21:20:21,JP,organic,Android
u_003256,2024-12-12 19:36:38,KR,referral,iOS
u_003257,2024-11-23 10:16:54,US,paid_google,iOS
u_003258,2024-11-19 15:09:08,US,cross_promo,iOS
u_003259,2024-12-28 23:58:32,KR,paid_tiktok,iOS
u_003260,2024-12-30 15:20:23,US,paid_google,Android
u_003261,2024-12-02 08:05:08,KR,referral,Android
u_003262,2024-11-12 01:24:27,KR,paid_google,iOS
u_003263,2024-12-17 03:18:17,JP,paid_google,Android
u_003264,2024-12-16 02:43:45,JP,organic,Android
u_003265,2024-12-13 13:53:08,US,cross_promo,Android
u_003266,2024-12-26 23:30:02,KR,paid_tiktok,Android
u_003267,2024-11-02 08:07:54,JP,paid_tiktok,Android
u_003268,2024-12-19 10:27:17,JP,paid_tiktok,iOS
u_003269,2024-11-21 12:37:09,KR,paid_tiktok,iOS
u_003270,2024-11-11 18:02:47,JP,paid_facebook,Android
u_003271,2024-11-21 09:07:46,KR,referral,Android
u_003272,2024-12-01 19:39:39,KR,cross_promo,Android
u_003273,2024-12-30 10:32:11,KR,referral,Android
u_003274,2024-12-27 17:39:38,KR,referral,iOS
u_003275,2024-12-04 01:34:00,KR,paid_tiktok,Android
u_003276,2024-12-13 07:34:16,JP,paid_google,iOS
u_003277,2024-12-24 01:45:50,KR,paid_google,Android
u_003278,2024-12-08 06:45:03,KR,paid_facebook,Android
u_003279,2024-12-29 11:13:19,JP,organic,iOS
u_003280,2024-11-25 16:35:14,KR,organic,Android
u_003281,2024-11-25 19:33:33,US,paid_google,iOS
u_003282,2024-11-17 07:29:15,JP,referral,iOS
u_003283,2024-11-05 12:31:03,US,paid_google,iOS
u_003284,2024-12-29 07:16:06,KR,paid_google,Android
u_003285,2024-11-09 14:10:04,KR,paid_facebook,Android
u_003286,2024-11-29 06:32:06,JP,paid_google,Android
u_003287,2024-11-25 06:35:30,JP,organic,Android
u_003288,2024-12-18 20:40:58,KR,cross_promo,Android
u_003289,2024-11-25 21:34:27,KR,organic,Android
u_003290,2024-12-18 14:43:39,US,cross_promo,Android
u_003291,2024-11-12 23:18:09,JP,paid_tiktok,Android
u_003292,2024-12-23 16:27:21,US,paid_tiktok,Android
u_003293,2024-11-07 13:49:11,KR,paid_facebook,Android
u_003294,2024-12-09 18:16:11,KR,referral,Android
u_003295,2024-11-11 07:58:51,JP,paid_tiktok,Android
u_003296,2024-11-10 05:06:02,JP,organic,iOS
u_003297,2024-11-25 11:12:06,KR,paid_google,Android
u_003298,2024-11-19 17:18:25,KR,paid_google,iOS
u_003299,2024-12-25 17:55:53,US,paid_tiktok,iOS
u_003300,2024-11-18 03:43:41,KR,paid_tiktok,Android
u_003301,2024-12-18 23:36:24,KR,cross_promo,iOS
u_003302,2024-11-30 18:09:26,US,paid_tiktok,Android
u_003303,2024-11-29 23:44:58,KR,paid_tiktok,iOS
u_003304,2024-11-12 23:48:03,KR,organic,Android
u_003305,2024-11-28 18:46:01,JP,paid_tiktok,Android
u_003306,2024-12-24 17:26:52,KR,organic,Android
u_003307,2024-12-08 20:17:30,US,paid_tiktok,Android
u_003308,2024-12-18 12:55:24,US,paid_google,Android
u_003309,2024-11-01 07:15:45,KR,referral,Android
u_003310,2024-12-29 18:00:07,KR,cross_promo,Android
u_003311,2024-12-13 09:15:04,KR,organic,Android
u_003312,2024-12-24 01:59:17,US,cross_promo,iOS
u_003313,2024-12-20 02:59:23,US,referral,Android
u_003314,2024-11-06 18:16:03,KR,paid_facebook,Android
u_003315,2024-11-27 01:50:41,US,paid_google,Android
u_003316,2024-12-23 00:16:06,KR,referral,iOS
u_003317,2024-11-09 14:44:51,US,paid_google,Android
u_003318,2024-11-22 05:46:50,US,referral,Android
u_003319,2024-12-09 14:57:01,KR,paid_facebook,iOS
u_003320,2024-12-09 20:43:52,KR,cross_promo,Android
u_003321,2024-12-02 03:00:46,US,paid_google,Android
u_003322,2024-11-05 23:58:20,US,paid_tiktok,Android
u_003323,2024-11-20 01:09:37,US,cross_promo,Android
u_003324,2024-11-21 09:51:05,US,paid_google,iOS
u_003325,2024-12-19 06:30:35,US,paid_facebook,Android
u_003326,2024-12-16 19:54:54,KR,referral,Android
u_003327,2024-12-19 03:42:21,JP,organic,Android
u_003328,2024-11-07 16:49:43,KR,paid_google,Android
u_003329,2024-12-20 13:39:21,KR,paid_google,Android
u_003330,2024-11-23 10:14:15,KR,paid_facebook,iOS
u_003331,2024-11-09 07:35:20,US,paid_google,iOS
u_003332,2024-11-24 04:00:40,KR,paid_google,Android
u_003333,2024-11-10 16:14:35,US,paid_facebook,Android
u_003334,2024-12-28 01:55:11,KR,paid_facebook,Android
u_003335,2024-11-29 01:26:35,JP,paid_tiktok,Android
u_003336,2024-12-29 11:04:07,KR,organic,Android
u_003337,2024-12-13 11:44:47,KR,paid_facebook,Android
u_003338,2024-11-02 19:43:09,KR,paid_tiktok,Android
u_003339,2024-12-17 16:52:29,US,organic,Android
u_003340,2024-11-18 22:17:11,JP,referral,iOS
u_003341,2024-11-24 15:16:24,US,referral,Android
u_003342,2024-12-07 07:22:28,JP,cross_promo,Android
u_003343,2024-12-19 09:05:05,US,organic,Android
u_003344,2024-11-28 04:05:37,KR,cross_promo,iOS
u_003345,2024-11-19 03:30:20,KR,paid_google,Android
u_003346,2024-11-14 12:28:18,KR,cross_promo,Android
u_003347,2024-12-08 14:55:08,US,paid_google,Android
u_003348,2024-11-05 15:56:12,KR,organic,Android
u_003349,2024-11-25 15:00:19,JP,referral,iOS
u_003350,2024-11-08 08:41:33,KR,organic,Android
u_003351,2024-12-10 22:55:03,US,paid_google,iOS
u_003352,2024-12-06 09:32:17,JP,paid_facebook,Android
u_003353,2024-11-15 09:22:46,KR,referral,iOS
u_003354,2024-12-30 15:22:07,KR,referral,iOS
u_003355,2024-11-28 13:13:14,JP,paid_google,iOS
u_003356,2024-11-15 18:01:11,KR,paid_google,Android
u_003357,2024-12-22 00:50:23,JP,paid_google,iOS
u_003358,2024-12-19 12:17:06,JP,referral,Android
u_003359,2024-12-21 10:32:28,US,paid_facebook,Android
u_003360,2024-11-12 22:39:29,US,paid_google,Android
u_003361,2024-11-05 12:06:34,KR,paid_facebook,Android
u_003362,2024-12-08 07:31:12,JP,referral,Android
u_003363,2024-12-14 07:11:40,JP,organic,Android
u_003364,2024-11-30 01:21:29,KR,paid_google,Android
u_003365,2024-11-08 03:36:00,US,paid_facebook,Android
u_003366,2024-11-26 03:25:00,US,referral,iOS
u_003367,2024-11-21 12:36:02,KR,cross_promo,Android
u_003368,2024-11-03 19:30:59,US,paid_tiktok,Android
u_003369,2024-11-23 02:15:38,JP,paid_google,Android
u_003370,2024-12-18 07:05:29,JP,referral,Android
u_003371,2024-12-08 18:31:55,JP,paid_tiktok,Android
u_003372,2024-12-11 03:37:47,KR,organic,iOS
u_003373,2024-11-17 22:09:16,KR,paid_facebook,iOS
u_003374,2024-11-23 00:03:36,JP,organic,Android
u_003375,2024-12-18 13:14:44,KR,paid_facebook,iOS
u_003376,2024-12-01 09:47:43,KR,organic,iOS
u_003377,2024-11-27 02:32:02,KR,paid_facebook,Android
u_003378,2024-11-14 21:11:32,US,referral,Android
u_003379,2024-11-20 02:32:59,JP,paid_facebook,Android
u_003380,2024-11-23 07:39:58,US,paid_facebook,iOS
u_003381,2024-11-24 04:59:54,JP,referral,Android
u_003382,2024-11-05 02:05:23,KR,cross_promo,Android
u_003383,2024-12-06 11:31:23,KR,paid_google,Android
u_003384,2024-11-19 02:30:52,US,organic,Android
u_003385,2024-12-04 11:03:54,KR,cross_promo,Android
u_003386,2024-11-30 10:45:40,US,organic,Android
u_003387,2024-11-02 19:37:01,KR,paid_facebook,Android
u_003388,2024-12-11 12:07:12,KR,paid_google,Android
u_003389,2024-12-02 08:25:51,JP,paid_facebook,iOS
u_003390,2024-11-23 15:08:23,US,referral,iOS
u_003391,2024-12-12 05:45:28,JP,paid_facebook,Android
u_003392,2024-12-23 20:09:32,US,paid_tiktok,iOS
u_003393,2024-11-09 23:20:31,KR,paid_facebook,Android
u_003394,2024-12-31 15:30:12,KR,paid_facebook,Android
u_003395,2024-11-29 12:13:38,KR,paid_tiktok,iOS
u_003396,2024-12-02 07:59:46,US,referral,iOS
u_003397,2024-11-12 01:22:12,JP,organic,Android
u_003398,2024-12-19 12:00:00,US,paid_google,Android
u_003399,2024-12-19 01:48:44,KR,paid_tiktok,Android
u_003400,2024-12-03 15:28:21,KR,organic,iOS
u_003401,2024-12-30 06:00:24,JP,cross_promo,Android
u_003402,2024-11-25 02:44:06,US,paid_google,Android
u_003403,2024-12-07 07:07:25,US,paid_tiktok,Android
u_003404,2024-11-05 14:48:31,KR,organic,iOS
u_003405,2024-11-03 16:11:59,KR,referral,Android
u_003406,2024-12-09 16:08:23,KR,referral,iOS
u_003407,2024-11-25 03:45:54,JP,referral,Android
u_003408,2024-11-23 02:32:17,KR,cross_promo,Android
u_003409,2024-12-18 08:24:54,US,cross_promo,iOS
u_003410,2024-12-31 05:58:06,KR,paid_google,iOS
u_003411,2024-12-30 01:01:29,KR,paid_facebook,iOS
u_003412,2024-12-04 00:37:55,US,referral,Android
u_003413,2024-11-05 09:08:07,KR,organic,Android
u_003414,2024-11-02 14:27:23,KR,paid_google,Android
u_003415,2024-11-13 19:47:41,KR,referral,iOS
u_003416,2024-12-23 23:39:21,KR,organic,iOS
u_003417,2024-11-21 15:48:30,KR,paid_facebook,Android
u_003418,2024-11-10 11:08:54,KR,paid_tiktok,Android
u_003419,2024-11-10 23:45:46,KR,paid_facebook,Android
u_003420,2024-12-15 11:37:39,KR,paid_tiktok,iOS
u_003421,2024-12-25 22:49:17,US,organic,Android
u_003422,2024-12-25 04:26:47,KR,cross_promo,Android
u_003423,2024-12-12 04:33:10,KR,paid_google,iOS
u_003424,2024-12-05 17:31:59,KR,referral,iOS
u_003425,2024-12-27 11:48:42,JP,organic,iOS
u_003426,2024-11-01 14:55:25,KR,paid_facebook,Android
u_003427,2024-12-21 22:19:29,JP,referral,Android
u_003428,2024-12-19 17:06:59,US,paid_google,iOS
u_003429,2024-11-15 08:25:08,KR,paid_google,Android
u_003430,2024-11-24 08:36:25,JP,paid_facebook,Android
u_003431,2024-11-27 18:15:21,KR,cross_promo,Android
u_003432,2024-11-06 19:44:26,KR,paid_google,iOS
u_003433,2024-12-11 21:15:02,KR,paid_google,Android
u_003434,2024-12-28 07:53:15,KR,organic,iOS
u_003435,2024-12-19 03:35:13,KR,referral,Android
u_003436,2024-12-07 13:42:56,KR,paid_tiktok,Android
u_003437,2024-11-21 02:49:06,JP,organic,Android
u_003438,2024-12-05 21:26:24,KR,referral,iOS
u_003439,2024-11-26 06:29:45,KR,paid_google,Android
u_003440,2024-12-27 16:09:19,KR,paid_google,Android
u_003441,2024-11-01 07:08:24,JP,paid_google,Android
u_003442,2024-12-06 23:37:42,JP,paid_google,iOS
u_003443,2024-11-25 13:10:48,US,cross_promo,Android
u_003444,2024-11-09 01:33:01,KR,referral,Android
u_003445,2024-12-17 14:17:13,JP,paid_tiktok,Android
u_003446,2024-11-24 12:17:45,KR,cross_promo,Android
u_003447,2024-11-17 12:56:21,KR,organic,iOS
u_003448,2024-12-21 12:58:14,KR,paid_facebook,iOS
u_003449,2024-12-27 00:59:37,KR,cross_promo,Android
u_003450,2024-11-22 01:54:56,KR,referral,iOS
u_003451,2024-11-13 07:36:43,JP,organic,iOS
u_003452,2024-12-15 22:56:39,KR,paid_google,Android
u_003453,2024-12-31 18:48:42,KR,referral,iOS
u_003454,2024-11-06 14:01:01,KR,organic,Android
u_003455,2024-12-08 07:56:24,JP,paid_google,Android
u_003456,2024-12-14 01:20:08,KR,organic,Android
u_003457,2024-12-15 19:48:00,US,referral,iOS
u_003458,2024-12-22 03:58:43,JP,paid_facebook,Android
u_003459,2024-12-31 06:59:29,JP,paid_tiktok,iOS
u_003460,2024-11-05 12:52:24,US,referral,Android
u_003461,2024-12-30 18:56:07,US,referral,Android
u_003462,2024-11-10 21:53:14,KR,paid_facebook,Android
u_003463,2024-12-17 19:57:13,JP,paid_google,Android
u_003464,2024-12-01 07:02:59,KR,referral,Android
u_003465,2024-12-29 05:28:39,JP,paid_tiktok,Android
u_003466,2024-12-07 05:21:44,US,cross_promo,Android
u_003467,2024-12-17 12:04:08,US,paid_tiktok,iOS
u_003468,2024-11-26 04:50:36,KR,referral,Android
u_003469,2024-12-01 17:41:52,KR,referral,iOS
u_003470,2024-11-07 11:08:46,US,organic,Android
u_003471,2024-11-05 15:21:04,KR,paid_facebook,iOS
u_003472,2024-12-21 07:12:15,KR,organic,Android
u_003473,2024-11-09 09:15:54,JP,paid_google,Android
u_003474,2024-12-24 14:22:41,US,paid_tiktok,iOS
u_003475,2024-12-05 00:57:31,JP,organic,iOS
u_003476,2024-12-03 20:56:20,JP,paid_google,Android
u_003477,2024-11-09 00:32:08,KR,paid_tiktok,iOS
u_003478,2024-12-17 14:23:22,JP,referral,iOS
u_003479,2024-12-26 10:59:47,US,paid_google,Android
u_003480,2024-11-19 04:35:40,KR,paid_tiktok,Android
u_003481,2024-11-27 20:02:17,KR,paid_google,iOS
u_003482,2024-11-15 02:11:53,JP,paid_facebook,Android
u_003483,2024-12-28 17:04:05,JP,referral,Android
u_003484,2024-12-08 23:16:12,JP,paid_google,Android
u_003485,2024-12-21 01:29:19,KR,cross_promo,Android
u_003486,2024-12-17 05:04:00,KR,paid_google,Android
u_003487,2024-11-12 14:47:43,KR,cross_promo,iOS
u_003488,2024-12-14 04:06:00,JP,paid_google,iOS
u_003489,2024-11-18 17:01:19,JP,paid_google,Android
u_003490,2024-12-29 01:35:57,KR,organic,iOS
u_003491,2024-11-23 15:24:20,KR,paid_tiktok,iOS
u_003492,2024-12-18 04:49:37,KR,paid_google,Android
u_003493,2024-11-10 07:39:15,KR,organic,iOS
u_003494,2024-11-15 13:21:24,KR,paid_google,Android
u_003495,2024-11-04 18:19:51,KR,organic,iOS
u_003496,2024-11-23 04:54:07,JP,organic,Android
u_003497,2024-11-15 01:52:51,JP,referral,Android
u_003498,2024-11-12 15:54:02,JP,organic,iOS
u_003499,2024-12-02 07:55:11,KR,organic,Android
u_003500,2024-12-19 20:23:24,US,paid_google,Android
u_003501,2024-11-11 09:04:58,US,referral,Android
u_003502,2024-12-30 16:01:50,KR,paid_tiktok,Android
u_003503,2024-11-21 10:49:44,KR,paid_facebook,Android
u_003504,2024-12-14 13:15:15,KR,organic,iOS
u_003505,2024-12-27 22:51:02,US,cross_promo,iOS
u_003506,2024-11-01 04:47:21,JP,paid_facebook,Android
u_003507,2024-11-11 07:45:37,KR,organic,iOS
u_003508,2024-12-17 18:59:16,JP,paid_google,iOS
u_003509,2024-12-31 20:32:12,KR,cross_promo,Android
u_003510,2024-12-06 23:54:04,KR,paid_tiktok,Android
u_003511,2024-12-16 19:20:44,JP,organic,Android
u_003512,2024-12-06 17:35:21,JP,cross_promo,Android
u_003513,2024-11-24 14:51:23,US,paid_facebook,Android
u_003514,2024-11-01 02:08:32,US,organic,Android
u_003515,2024-11-03 13:51:27,KR,referral,iOS
u_003516,2024-11-01 16:35:19,KR,organic,iOS
u_003517,2024-11-18 18:51:08,JP,paid_google,Android
u_003518,2024-11-08 02:34:05,KR,cross_promo,iOS
u_003519,2024-12-30 00:43:26,JP,cross_promo,Android
u_003520,2024-12-25 20:37:23,KR,paid_tiktok,iOS
u_003521,2024-12-08 03:31:57,KR,paid_facebook,Android
u_003522,2024-11-02 09:22:40,KR,organic,Android
u_003523,2024-12-12 01:40:15,KR,paid_facebook,Android
u_003524,2024-12-05 02:14:56,KR,paid_google,Android
u_003525,2024-11-19 23:54:39,US,organic,Android
u_003526,2024-11-22 10:15:11,KR,referral,iOS
u_003527,2024-12-17 03:49:09,JP,referral,Android
u_003528,2024-12-01 05:57:30,US,referral,iOS
u_003529,2024-12-09 10:57:08,KR,cross_promo,iOS
u_003530,2024-12-29 16:51:17,JP,paid_google,Android
u_003531,2024-12-01 00:02:04,KR,paid_google,Android
u_003532,2024-11-28 21:18:38,KR,paid_tiktok,Android
u_003533,2024-11-10 06:31:35,JP,organic,Android
u_003534,2024-11-11 12:38:20,KR,paid_tiktok,Android
u_003535,2024-11-16 15:30:26,KR,paid_tiktok,Android
u_003536,2024-11-10 01:15:39,JP,organic,Android
u_003537,2024-12-08 10:54:45,KR,paid_google,Android
u_003538,2024-12-21 02:11:49,KR,cross_promo,iOS
u_003539,2024-11-15 08:02:45,JP,paid_facebook,iOS
u_003540,2024-11-16 14:38:33,KR,paid_tiktok,Android
u_003541,2024-12-18 14:26:49,JP,organic,Android
u_003542,2024-12-07 11:24:18,KR,cross_promo,Android
u_003543,2024-11-04 02:22:04,US,referral,Android
u_003544,2024-11-05 17:17:10,JP,organic,iOS
u_003545,2024-11-13 07:00:44,KR,organic,Android
u_003546,2024-12-04 15:01:55,KR,paid_google,Android
u_003547,2024-12-03 18:00:52,JP,referral,Android
u_003548,2024-12-21 00:43:42,KR,cross_promo,iOS
u_003549,2024-11-04 22:18:02,KR,organic,iOS
u_003550,2024-12-01 14:35:30,JP,paid_google,iOS
u_003551,2024-12-10 07:44:27,JP,referral,Android
u_003552,2024-12-21 10:27:14,KR,paid_tiktok,iOS
u_003553,2024-12-13 21:37:40,JP,cross_promo,iOS
u_003554,2024-12-15 06:56:49,JP,paid_tiktok,Android
u_003555,2024-11-08 05:34:29,US,paid_google,Android
u_003556,2024-11-11 05:24:26,KR,paid_google,iOS
u_003557,2024-12-15 15:54:52,KR,paid_tiktok,iOS
u_003558,2024-11-06 12:47:57,KR,organic,Android
u_003559,2024-11-04 03:50:28,JP,paid_facebook,Android
u_003560,2024-11-05 14:32:29,KR,organic,Android
u_003561,2024-11-06 07:23:18,KR,paid_google,Android
u_003562,2024-11-10 01:31:59,KR,paid_facebook,Android
u_003563,2024-11-24 17:51:07,KR,paid_google,Android
u_003564,2024-11-28 02:52:53,KR,referral,Android
u_003565,2024-11-15 06:01:42,JP,paid_facebook,iOS
u_003566,2024-12-04 16:34:34,KR,cross_promo,iOS
u_003567,2024-12-21 16:22:36,JP,paid_google,Android
u_003568,2024-12-27 22:58:07,KR,cross_promo,iOS
u_003569,2024-12-01 09:29:03,KR,referral,iOS
u_003570,2024-11-06 04:44:00,JP,paid_facebook,Android
u_003571,2024-11-09 13:52:32,KR,organic,iOS
u_003572,2024-11-20 23:40:44,KR,referral,Android
u_003573,2024-11-07 04:02:52,KR,paid_facebook,iOS
u_003574,2024-12-14 15:34:57,JP,paid_google,Android
u_003575,2024-12-13 21:48:15,KR,paid_google,Android
u_003576,2024-12-19 10:08:33,KR,paid_tiktok,Android
u_003577,2024-12-13 02:37:07,JP,organic,Android
u_003578,2024-12-30 04:25:38,JP,paid_tiktok,iOS
u_003579,2024-11-20 20:24:03,KR,cross_promo,Android
u_003580,2024-12-28 18:22:31,KR,paid_tiktok,iOS
u_003581,2024-11-08 19:20:00,KR,paid_tiktok,Android
u_003582,2024-11-27 05:31:38,KR,paid_facebook,iOS
u_003583,2024-11-11 15:12:24,US,cross_promo,Android
u_003584,2024-12-04 12:00:20,JP,referral,Android
u_003585,2024-11-17 12:59:46,KR,cross_promo,iOS
u_003586,2024-11-11 22:32:17,KR,paid_facebook,iOS
u_003587,2024-11-29 05:01:49,KR,paid_tiktok,iOS
u_003588,2024-11-10 22:44:19,KR,paid_facebook,Android
u_003589,2024-11-23 21:44:34,JP,referral,Android
u_003590,2024-11-22 09:40:14,JP,organic,Android
u_003591,2024-11-22 04:38:06,JP,referral,Android
u_003592,2024-12-27 13:20:22,KR,cross_promo,Android
u_003593,2024-12-22 13:41:58,JP,organic,iOS
u_003594,2024-12-05 02:04:10,JP,cross_promo,iOS
u_003595,2024-11-17 11:07:53,US,organic,Android
u_003596,2024-12-14 20:50:49,KR,paid_tiktok,Android
u_003597,2024-12-28 14:11:41,KR,paid_facebook,Android
u_003598,2024-11-25 05:21:39,US,paid_tiktok,Android
u_003599,2024-11-30 00:27:49,JP,paid_tiktok,iOS
u_003600,2024-12-22 21:33:01,KR,paid_facebook,iOS
u_003601,2024-11-07 23:47:06,KR,referral,Android
u_003602,2024-12-10 04:07:22,KR,paid_google,Android
u_003603,2024-12-19 12:40:52,JP,cross_promo,Android
u_003604,2024-12-22 18:25:50,KR,paid_tiktok,Android
u_003605,2024-11-28 16:48:27,US,referral,iOS
u_003606,2024-12-14 13:22:39,JP,paid_google,Android
u_003607,2024-12-19 12:30:48,KR,referral,Android
u_003608,2024-12-06 18:42:10,KR,cross_promo,Android
u_003609,2024-11-14 11:12:19,JP,paid_google,iOS
u_003610,2024-12-17 03:19:17,US,paid_google,Android
u_003611,2024-11-28 03:55:30,US,cross_promo,iOS
u_003612,2024-12-27 14:17:24,US,paid_tiktok,Android
u_003613,2024-11-12 12:00:19,JP,paid_tiktok,Android
u_003614,2024-11-03 14:10:47,JP,organic,Android
u_003615,2024-12-15 01:28:05,JP,cross_promo,iOS
u_003616,2024-12-16 01:31:42,KR,paid_google,Android
u_003617,2024-12-01 04:11:39,KR,paid_google,Android
u_003618,2024-12-05 22:42:31,KR,paid_facebook,Android
u_003619,2024-12-01 13:17:03,JP,cross_promo,Android
u_003620,2024-11-10 12:25:51,KR,paid_google,Android
u_003621,2024-11-01 03:08:58,JP,referral,Android
u_003622,2024-11-27 03:28:29,KR,paid_tiktok,Android
u_003623,2024-11-13 19:30:19,KR,cross_promo,iOS
u_003624,2024-12-10 21:09:12,US,referral,iOS
u_003625,2024-12-07 07:58:50,KR,paid_tiktok,Android
u_003626,2024-12-14 01:38:45,JP,referral,Android
u_003627,2024-12-02 06:02:59,JP,paid_facebook,Android
u_003628,2024-12-25 08:15:08,KR,referral,Android
u_003629,2024-11-29 13:19:33,KR,referral,Android
u_003630,2024-12-13 16:20:02,KR,paid_google,Android
u_003631,2024-11-02 07:46:26,KR,cross_promo,Android
u_003632,2024-11-07 20:44:36,KR,paid_google,Android
u_003633,2024-12-15 08:51:24,KR,referral,iOS
u_003634,2024-12-06 10:43:17,JP,organic,Android
u_003635,2024-11-17 20:16:38,KR,cross_promo,iOS
u_003636,2024-11-15 06:38:06,KR,paid_facebook,Android
u_003637,2024-11-12 01:47:15,JP,cross_promo,Android
u_003638,2024-12-24 08:29:57,JP,paid_facebook,Android
u_003639,2024-11-03 18:27:43,US,paid_tiktok,Android
u_003640,2024-11-23 16:25:07,US,paid_facebook,Android
u_003641,2024-12-01 19:19:54,KR,referral,iOS
u_003642,2024-12-21 06:29:21,US,organic,iOS
u_003643,2024-12-31 01:13:10,KR,cross_promo,Android
u_003644,2024-11-13 09:56:55,JP,organic,Android
u_003645,2024-11-24 10:31:34,KR,referral,Android
u_003646,2024-12-11 11:49:15,KR,cross_promo,iOS
u_003647,2024-11-08 06:51:24,KR,cross_promo,Android
u_003648,2024-11-25 07:30:21,KR,paid_facebook,iOS
u_003649,2024-11-07 17:12:30,US,paid_tiktok,Android
u_003650,2024-12-09 13:57:00,US,paid_google,Android
u_003651,2024-12-12 23:26:16,JP,paid_facebook,Android
u_003652,2024-11-20 06:21:31,KR,paid_tiktok,iOS
u_003653,2024-12-18 21:57:48,US,cross_promo,Android
u_003654,2024-11-25 19:33:17,KR,paid_facebook,iOS
u_003655,2024-12-27 23:25:00,KR,cross_promo,iOS
u_003656,2024-11-18 00:50:12,JP,cross_promo,iOS
u_003657,2024-11-21 04:22:10,JP,referral,Android
u_003658,2024-11-19 21:09:48,US,paid_tiktok,Android
u_003659,2024-11-04 14:35:00,KR,paid_facebook,iOS
u_003660,2024-11-22 15:19:26,KR,paid_facebook,Android
u_003661,2024-12-25 04:30:46,KR,paid_tiktok,Android
u_003662,2024-11-06 14:24:42,KR,paid_google,iOS
u_003663,2024-11-24 14:15:10,KR,paid_tiktok,Android
u_003664,2024-11-18 07:13:12,KR,paid_tiktok,Android
u_003665,2024-12-30 11:21:10,US,referral,iOS
u_003666,2024-11-22 19:50:34,KR,cross_promo,iOS
u_003667,2024-11-07 22:50:47,JP,paid_facebook,iOS
u_003668,2024-11-01 04:09:54,KR,organic,Android
u_003669,2024-12-25 12:05:25,US,referral,iOS
u_003670,2024-12-23 15:58:11,US,referral,Android
u_003671,2024-11-07 15:37:47,KR,paid_google,iOS
u_003672,2024-11-10 06:45:58,KR,paid_google,Android
u_003673,2024-11-21 18:58:29,KR,paid_google,Android
u_003674,2024-11-17 21:45:14,KR,paid_tiktok,iOS
u_003675,2024-12-26 20:35:56,KR,cross_promo,iOS
u_003676,2024-11-17 12:34:11,JP,paid_google,iOS
u_003677,2024-11-17 22:20:33,KR,referral,Android
u_003678,2024-11-24 13:54:06,KR,paid_google,iOS
u_003679,2024-11-07 18:26:23,US,paid_facebook,iOS
u_003680,2024-12-12 00:48:14,KR,paid_facebook,iOS
u_003681,2024-12-09 02:25:28,JP,organic,Android
u_003682,2024-12-03 17:43:25,KR,cross_promo,Android
u_003683,2024-11-04 15:16:48,KR,organic,iOS
u_003684,2024-11-16 06:12:51,KR,paid_facebook,Android
u_003685,2024-12-25 11:26:53,KR,paid_google,Android
u_003686,2024-11-11 18:04:55,KR,referral,Android
u_003687,2024-12-12 07:09:28,KR,paid_facebook,Android
u_003688,2024-12-02 22:04:22,US,paid_tiktok,Android
u_003689,2024-12-16 14:51:42,KR,paid_google,iOS
u_003690,2024-12-30 17:05:16,US,paid_tiktok,Android
u_003691,2024-11-01 14:15:37,KR,cross_promo,Android
u_003692,2024-12-01 03:46:15,KR,paid_tiktok,Android
u_003693,2024-12-25 01:00:08,KR,paid_facebook,iOS
u_003694,2024-11-19 02:17:59,US,cross_promo,Android
u_003695,2024-11-12 13:36:57,KR,paid_tiktok,Android
u_003696,2024-11-14 03:06:55,KR,paid_tiktok,Android
u_003697,2024-12-29 21:19:21,KR,cross_promo,Android
u_003698,2024-12-04 09:34:10,JP,referral,Android
u_003699,2024-11-09 21:53:00,KR,paid_tiktok,Android
u_003700,2024-12-17 08:15:39,JP,organic,iOS
u_003701,2024-12-13 14:20:19,KR,paid_google,iOS
u_003702,2024-12-03 10:58:38,KR,organic,Android
u_003703,2024-12-21 01:27:50,KR,organic,Android
u_003704,2024-11-01 19:58:46,JP,organic,iOS
u_003705,2024-11-30 08:51:24,JP,paid_tiktok,Android
u_003706,2024-11-28 06:44:01,US,paid_tiktok,iOS
u_003707,2024-11-14 02:09:31,JP,paid_google,Android
u_003708,2024-11-17 22:36:56,US,organic,iOS
u_003709,2024-11-07 03:11:05,US,referral,iOS
u_003710,2024-11-26 12:21:38,US,referral,iOS
u_003711,2024-12-31 10:13:45,KR,paid_facebook,Android
u_003712,2024-11-25 20:57:10,US,paid_facebook,Android
u_003713,2024-12-15 08:26:56,KR,cross_promo,Android
u_003714,2024-11-21 15:05:42,KR,cross_promo,Android
u_003715,2024-12-10 12:40:49,US,paid_google,Android
u_003716,2024-12-05 22:38:54,US,paid_facebook,iOS
u_003717,2024-12-15 13:25:18,KR,referral,Android
u_003718,2024-12-02 23:58:24,JP,paid_google,iOS
u_003719,2024-12-18 04:20:08,KR,cross_promo,iOS
u_003720,2024-12-24 07:36:48,KR,referral,Android
u_003721,2024-12-24 17:12:16,KR,paid_facebook,iOS
u_003722,2024-11-03 04:32:51,KR,paid_tiktok,Android
u_003723,2024-12-09 06:51:34,US,cross_promo,Android
u_003724,2024-12-09 17:54:16,US,referral,iOS
u_003725,2024-12-21 15:23:29,KR,cross_promo,iOS
u_003726,2024-11-04 18:03:51,KR,referral,iOS
u_003727,2024-12-21 16:39:01,KR,paid_facebook,Android
u_003728,2024-12-24 11:42:17,KR,paid_google,iOS
u_003729,2024-12-22 13:41:44,KR,organic,iOS
u_003730,2024-12-09 23:36:45,KR,cross_promo,iOS
u_003731,2024-11-07 20:15:25,JP,organic,Android
u_003732,2024-11-29 21:24:15,KR,referral,Android
u_003733,2024-12-31 14:31:26,KR,paid_facebook,Android
u_003734,2024-11-12 17:07:03,JP,paid_facebook,iOS
u_003735,2024-11-30 09:28:18,US,paid_google,Android
u_003736,2024-12-15 06:18:10,KR,paid_google,Android
u_003737,2024-12-04 08:55:32,JP,organic,iOS
u_003738,2024-12-13 22:50:03,KR,paid_tiktok,Android
u_003739,2024-11-10 04:49:01,US,paid_facebook,Android
u_003740,2024-12-10 01:23:26,KR,organic,Android
u_003741,2024-11-23 20:05:45,JP,cross_promo,Android
u_003742,2024-11-05 02:29:22,KR,referral,iOS
u_003743,2024-12-26 08:16:53,KR,paid_tiktok,Android
u_003744,2024-11-06 20:43:27,KR,paid_google,iOS
u_003745,2024-11-23 09:35:49,JP,paid_google,Android
u_003746,2024-12-22 13:06:28,US,referral,iOS
u_003747,2024-12-03 03:16:48,US,paid_facebook,iOS
u_003748,2024-12-23 03:44:10,KR,paid_google,Android
u_003749,2024-12-16 07:25:18,JP,paid_facebook,Android
u_003750,2024-12-15 22:48:16,KR,paid_tiktok,Android
u_003751,2024-11-13 23:20:27,KR,paid_tiktok,Android
u_003752,2024-12-28 18:15:39,JP,cross_promo,Android
u_003753,2024-12-15 11:26:10,KR,paid_facebook,iOS
u_003754,2024-11-20 07:56:21,KR,organic,Android
u_003755,2024-12-07 11:32:35,US,cross_promo,Android
u_003756,2024-11-08 16:08:14,KR,paid_google,iOS
u_003757,2024-11-01 05:59:59,KR,organic,Android
u_003758,2024-12-28 10:53:09,KR,paid_facebook,Android
u_003759,2024-12-25 14:03:34,US,cross_promo,iOS
u_003760,2024-12-29 20:25:00,US,paid_facebook,Android
u_003761,2024-11-23 17:45:18,JP,paid_facebook,iOS
u_003762,2024-11-23 16:22:02,KR,paid_facebook,iOS
u_003763,2024-12-17 08:30:08,JP,paid_tiktok,Android
u_003764,2024-12-10 04:04:23,KR,cross_promo,Android
u_003765,2024-12-09 15:52:22,KR,referral,Android
u_003766,2024-11-01 07:29:31,JP,cross_promo,Android
u_003767,2024-12-30 18:54:57,JP,cross_promo,iOS
u_003768,2024-12-06 23:57:56,KR,paid_google,iOS
u_003769,2024-11-20 01:43:06,KR,cross_promo,iOS
u_003770,2024-11-29 06:05:22,US,paid_tiktok,Android
u_003771,2024-11-30 02:37:14,KR,paid_tiktok,Android
u_003772,2024-11-16 05:12:13,US,organic,Android
u_003773,2024-11-02 10:17:24,JP,cross_promo,Android
u_003774,2024-12-13 12:56:23,KR,paid_facebook,iOS
u_003775,2024-11-05 06:45:30,JP,referral,Android
u_003776,2024-12-19 03:01:57,JP,paid_facebook,Android
u_003777,2024-11-06 00:23:36,KR,referral,iOS
u_003778,2024-12-16 08:50:59,JP,paid_google,iOS
u_003779,2024-11-17 09:22:34,KR,paid_facebook,Android
u_003780,2024-12-20 12:17:07,JP,paid_google,iOS
u_003781,2024-12-07 21:26:54,KR,paid_facebook,iOS
u_003782,2024-11-22 05:58:30,JP,paid_facebook,Android
u_003783,2024-12-20 19:28:23,US,paid_google,Android
u_003784,2024-11-21 18:02:23,KR,paid_facebook,Android
u_003785,2024-11-22 05:28:24,US,referral,Android
u_003786,2024-12-04 13:05:35,JP,cross_promo,iOS
u_003787,2024-11-10 05:03:15,KR,paid_facebook,iOS
u_003788,2024-12-27 06:09:10,KR,paid_tiktok,Android
u_003789,2024-11-12 04:13:43,JP,referral,Android
u_003790,2024-12-04 01:31:52,JP,paid_tiktok,iOS
u_003791,2024-11-07 06:08:00,JP,paid_google,iOS
u_003792,2024-12-15 10:00:16,KR,paid_google,Android
u_003793,2024-12-21 20:29:31,KR,referral,Android
u_003794,2024-12-12 03:23:21,KR,paid_facebook,Android
u_003795,2024-11-06 04:02:23,KR,paid_facebook,iOS
u_003796,2024-12-15 08:13:54,KR,organic,iOS
u_003797,2024-11-12 18:10:22,KR,referral,Android
u_003798,2024-11-30 14:05:11,JP,cross_promo,iOS
u_003799,2024-12-16 15:31:02,KR,paid_tiktok,iOS
u_003800,2024-12-09 06:05:32,JP,organic,Android
u_003801,2024-11-05 21:33:47,JP,paid_tiktok,iOS
u_003802,2024-11-06 07:26:56,US,paid_tiktok,Android
u_003803,2024-12-10 04:01:48,KR,paid_facebook,Android
u_003804,2024-12-05 06:10:10,JP,paid_tiktok,iOS
u_003805,2024-11-22 20:20:55,US,paid_tiktok,iOS
u_003806,2024-12-31 13:57:25,KR,referral,Android
u_003807,2024-11-11 02:10:51,KR,paid_tiktok,iOS
u_003808,2024-11-02 10:58:46,KR,referral,iOS
u_003809,2024-12-29 01:29:06,KR,paid_facebook,iOS
u_003810,2024-12-06 07:00:47,JP,referral,Android
u_003811,2024-11-15 05:40:56,US,paid_google,iOS
u_003812,2024-11-16 07:38:05,JP,organic,iOS
u_003813,2024-11-01 04:18:30,JP,organic,Android
u_003814,2024-11-07 04:25:17,KR,paid_google,Android
u_003815,2024-11-24 05:28:41,KR,cross_promo,Android
u_003816,2024-12-18 05:30:07,KR,paid_tiktok,Android
u_003817,2024-12-11 02:10:39,KR,paid_facebook,iOS
u_003818,2024-12-15 01:10:35,JP,paid_google,Android
u_003819,2024-12-23 00:44:50,JP,organic,Android
u_003820,2024-11-14 11:42:16,US,paid_tiktok,iOS
u_003821,2024-11-24 15:49:51,US,paid_tiktok,Android
u_003822,2024-11-02 05:18:58,US,organic,iOS
u_003823,2024-12-23 20:02:31,KR,paid_facebook,Android
u_003824,2024-12-05 21:52:22,JP,cross_promo,Android
u_003825,2024-12-13 23:14:53,KR,paid_google,Android
u_003826,2024-12-14 16:11:22,JP,organic,Android
u_003827,2024-11-11 19:16:02,JP,cross_promo,Android
u_003828,2024-11-21 19:01:57,US,paid_tiktok,Android
u_003829,2024-12-30 18:54:32,KR,cross_promo,Android
u_003830,2024-11-11 20:46:59,KR,paid_tiktok,iOS
u_003831,2024-11-04 11:28:50,JP,referral,Android
u_003832,2024-11-08 16:43:02,KR,paid_facebook,Android
u_003833,2024-12-13 01:55:35,KR,organic,Android
u_003834,2024-12-14 12:33:54,JP,referral,iOS
u_003835,2024-11-02 06:59:21,US,paid_facebook,Android
u_003836,2024-12-03 08:24:50,KR,paid_google,Android
u_003837,2024-12-20 18:58:39,JP,paid_google,Android
u_003838,2024-12-03 16:17:58,JP,cross_promo,Android
u_003839,2024-12-15 05:24:00,US,paid_google,Android
u_003840,2024-11-11 15:29:27,KR,referral,iOS
u_003841,2024-12-08 16:12:03,KR,paid_google,iOS
u_003842,2024-12-07 11:20:06,JP,paid_facebook,Android
u_003843,2024-12-16 20:51:42,KR,paid_tiktok,Android
u_003844,2024-12-29 05:59:38,US,cross_promo,Android
u_003845,2024-12-05 03:37:09,KR,paid_facebook,Android
u_003846,2024-12-26 16:41:17,JP,paid_facebook,Android
u_003847,2024-11-06 05:24:14,KR,paid_tiktok,Android
u_003848,2024-12-26 23:34:22,US,paid_facebook,iOS
u_003849,2024-11-16 18:17:19,US,referral,Android
u_003850,2024-11-26 05:00:47,KR,organic,Android
u_003851,2024-12-27 13:15:33,US,paid_google,iOS
u_003852,2024-11-15 11:06:19,JP,paid_facebook,Android
u_003853,2024-11-29 19:20:12,KR,organic,Android
u_003854,2024-11-15 10:46:28,US,organic,iOS
u_003855,2024-11-05 12:16:34,KR,paid_tiktok,Android
u_003856,2024-11-26 14:43:25,JP,referral,iOS
u_003857,2024-12-07 05:30:15,KR,referral,Android
u_003858,2024-11-03 15:33:57,US,cross_promo,Android
u_003859,2024-12-31 20:54:44,KR,paid_google,iOS
u_003860,2024-12-05 04:51:47,KR,paid_tiktok,Android
u_003861,2024-11-15 10:03:50,US,cross_promo,Android
u_003862,2024-11-04 07:17:18,US,organic,Android
u_003863,2024-11-26 09:40:12,KR,referral,Android
u_003864,2024-11-20 08:47:29,JP,paid_facebook,iOS
u_003865,2024-11-26 00:39:25,KR,paid_facebook,Android
u_003866,2024-12-13 22:54:19,KR,paid_google,Android
u_003867,2024-11-02 15:30:53,US,paid_facebook,Android
u_003868,2024-12-10 20:34:51,KR,paid_facebook,Android
u_003869,2024-11-21 10:58:22,KR,paid_google,iOS
u_003870,2024-11-01 06:18:30,KR,paid_google,Android
u_003871,2024-11-28 01:20:29,KR,paid_facebook,Android
u_003872,2024-12-05 13:55:41,KR,paid_tiktok,Android
u_003873,2024-11-29 22:50:25,US,paid_facebook,Android
u_003874,2024-12-23 12:11:49,KR,paid_facebook,Android
u_003875,2024-11-29 07:22:00,JP,paid_google,iOS
u_003876,2024-12-17 08:28:06,KR,paid_tiktok,Android
u_003877,2024-11-14 12:33:25,JP,paid_facebook,Android
u_003878,2024-11-29 08:31:37,US,paid_facebook,Android
u_003879,2024-11-25 13:28:35,US,organic,Android
u_003880,2024-11-11 15:32:35,US,referral,iOS
u_003881,2024-12-18 21:22:46,KR,paid_google,Android
u_003882,2024-11-26 01:23:07,US,cross_promo,Android
u_003883,2024-11-12 03:15:28,US,referral,Android
u_003884,2024-12-27 11:09:39,KR,cross_promo,iOS
u_003885,2024-12-08 16:09:20,JP,paid_tiktok,Android
u_003886,2024-12-14 15:54:49,KR,paid_google,Android
u_003887,2024-12-06 14:59:01,KR,referral,iOS
u_003888,2024-12-11 16:50:22,US,paid_google,Android
u_003889,2024-12-06 09:56:06,KR,cross_promo,iOS
u_003890,2024-11-06 06:43:04,KR,cross_promo,iOS
u_003891,2024-11-22 05:21:34,KR,referral,Android
u_003892,2024-12-16 22:40:10,KR,paid_google,Android
u_003893,2024-11-12 10:15:13,US,paid_tiktok,Android
u_003894,2024-11-02 15:26:58,KR,paid_google,Android
u_003895,2024-11-03 00:53:28,JP,paid_facebook,Android
u_003896,2024-12-30 08:34:33,JP,paid_facebook,iOS
u_003897,2024-11-14 12:53:02,KR,paid_google,iOS
u_003898,2024-12-12 18:29:22,KR,paid_tiktok,iOS
u_003899,2024-11-06 00:43:30,KR,referral,Android
u_003900,2024-12-15 09:59:39,KR,paid_facebook,iOS
u_003901,2024-11-02 10:44:11,KR,referral,Android
u_003902,2024-12-16 06:59:43,KR,referral,iOS
u_003903,2024-12-14 17:30:58,JP,referral,Android
u_003904,2024-11-24 13:31:02,KR,organic,Android
u_003905,2024-11-04 10:36:49,KR,referral,Android
u_003906,2024-12-30 19:12:26,KR,organic,iOS
u_003907,2024-12-30 17:14:03,KR,paid_tiktok,iOS
u_003908,2024-12-04 12:26:55,US,cross_promo,Android
u_003909,2024-11-28 07:00:40,US,paid_google,Android
u_003910,2024-11-15 18:24:24,KR,organic,iOS
u_003911,2024-11-27 07:07:09,JP,cross_promo,Android
u_003912,2024-12-28 07:59:51,KR,organic,Android
u_003913,2024-11-28 10:11:03,KR,paid_google,Android
u_003914,2024-12-18 04:17:09,JP,paid_tiktok,Android
u_003915,2024-11-04 17:29:22,JP,paid_tiktok,Android
u_003916,2024-11-01 21:18:22,KR,cross_promo,iOS
u_003917,2024-11-03 17:18:22,JP,paid_facebook,Android
u_003918,2024-11-12 18:40:52,JP,organic,Android
u_003919,2024-11-08 16:52:34,KR,organic,iOS
u_003920,2024-11-02 06:23:24,KR,cross_promo,Android
u_003921,2024-11-06 11:45:04,KR,organic,iOS
u_003922,2024-12-09 15:27:50,KR,paid_facebook,Android
u_003923,2024-12-21 22:15:48,JP,referral,iOS
u_003924,2024-12-09 07:33:56,KR,paid_tiktok,iOS
u_003925,2024-12-07 13:20:40,JP,paid_facebook,Android
u_003926,2024-12-04 02:13:36,KR,referral,iOS
u_003927,2024-11-20 21:40:57,JP,cross_promo,Android
u_003928,2024-11-16 06:14:29,KR,paid_google,Android
u_003929,2024-11-27 16:40:15,JP,cross_promo,Android
u_003930,2024-12-12 19:59:22,US,paid_google,Android
u_003931,2024-12-02 18:51:08,KR,paid_tiktok,iOS
u_003932,2024-12-10 16:48:49,KR,referral,Android
u_003933,2024-11-01 05:31:41,KR,paid_facebook,Android
u_003934,2024-12-13 17:51:33,KR,paid_google,iOS
u_003935,2024-11-09 09:34:38,JP,referral,Android
u_003936,2024-11-09 15:14:15,KR,paid_facebook,Android
u_003937,2024-12-03 21:55:44,KR,cross_promo,Android
u_003938,2024-12-02 19:33:21,JP,cross_promo,Android
u_003939,2024-12-31 05:22:02,KR,paid_tiktok,Android
u_003940,2024-11-29 21:49:37,KR,organic,Android
u_003941,2024-12-15 18:17:49,KR,paid_tiktok,Android
u_003942,2024-11-10 17:18:46,KR,cross_promo,iOS
u_003943,2024-11-04 08:42:10,KR,referral,Android
u_003944,2024-12-12 23:00:08,US,organic,iOS
u_003945,2024-12-04 22:47:55,JP,paid_tiktok,iOS
u_003946,2024-11-14 12:06:40,KR,organic,Android
u_003947,2024-11-15 02:30:53,KR,referral,Android
u_003948,2024-12-29 07:20:04,KR,cross_promo,Android
u_003949,2024-11-27 05:37:46,JP,cross_promo,iOS
u_003950,2024-12-22 11:02:33,KR,cross_promo,Android
u_003951,2024-12-09 08:16:02,KR,paid_tiktok,iOS
u_003952,2024-12-12 01:50:32,KR,paid_google,iOS
u_003953,2024-11-09 20:54:26,KR,cross_promo,Android
u_003954,2024-12-29 02:16:27,KR,referral,Android
u_003955,2024-12-24 07:18:50,KR,paid_facebook,iOS
u_003956,2024-11-01 11:33:10,US,organic,Android
u_003957,2024-11-23 19:23:51,US,organic,iOS
u_003958,2024-12-22 19:05:10,JP,referral,iOS
u_003959,2024-11-30 23:01:49,JP,cross_promo,Android
u_003960,2024-11-07 07:40:38,KR,paid_google,Android
u_003961,2024-12-28 23:00:43,KR,referral,iOS
u_003962,2024-11-22 09:18:55,US,referral,Android
u_003963,2024-11-02 05:52:09,KR,organic,Android
u_003964,2024-12-20 11:12:05,KR,organic,iOS
u_003965,2024-11-11 19:28:27,US,paid_google,Android
u_003966,2024-12-25 09:00:14,KR,paid_google,Android
u_003967,2024-11-26 12:25:31,KR,paid_facebook,Android
u_003968,2024-11-23 02:20:23,KR,paid_google,Android
u_003969,2024-12-20 13:46:43,KR,paid_google,Android
u_003970,2024-11-01 07:26:06,KR,organic,Android
u_003971,2024-11-08 01:43:56,KR,cross_promo,Android
u_003972,2024-12-27 13:30:59,KR,paid_facebook,Android
u_003973,2024-12-25 19:55:26,KR,paid_tiktok,iOS
u_003974,2024-11-17 01:35:14,JP,cross_promo,iOS
u_003975,2024-11-22 22:44:02,KR,referral,Android
u_003976,2024-11-05 16:23:23,JP,organic,iOS
u_003977,2024-12-25 19:12:23,KR,referral,Android
u_003978,2024-11-05 07:03:43,KR,paid_google,Android
u_003979,2024-11-24 15:47:04,JP,paid_tiktok,Android
u_003980,2024-12-28 12:01:23,KR,organic,Android
u_003981,2024-11-17 14:12:52,KR,paid_facebook,iOS
u_003982,2024-11-30 08:50:29,JP,cross_promo,Android
u_003983,2024-11-23 01:29:29,US,cross_promo,iOS
u_003984,2024-11-30 14:58:21,KR,paid_google,iOS
u_003985,2024-12-30 22:15:13,US,paid_tiktok,iOS
u_003986,2024-12-23 01:26:13,KR,paid_google,iOS
u_003987,2024-11-26 03:54:37,JP,paid_facebook,iOS
u_003988,2024-11-02 11:40:09,KR,referral,Android
u_003989,2024-12-05 05:28:38,KR,paid_facebook,Android
u_003990,2024-12-01 21:19:44,JP,paid_facebook,iOS
u_003991,2024-11-10 20:08:28,KR,paid_tiktok,iOS
u_003992,2024-12-02 08:47:48,JP,cross_promo,Android
u_003993,2024-12-29 22:46:29,JP,paid_tiktok,Android
u_003994,2024-12-28 04:58:02,JP,referral,Android
u_003995,2024-12-20 13:37:04,KR,paid_tiktok,Android
u_003996,2024-11-18 17:55:59,JP,paid_tiktok,Android
u_003997,2024-11-26 16:23:09,KR,referral,iOS
u_003998,2024-12-24 00:11:19,JP,paid_tiktok,Android
u_003999,2024-11-15 12:31:22,JP,paid_tiktok,iOS
u_004000,2024-12-07 09:44:04,JP,cross_promo,iOS
u_004001,2024-11-25 09:18:01,KR,organic,Android
u_004002,2024-12-31 06:10:59,US,paid_facebook,iOS
u_004003,2024-12-25 06:10:00,JP,referral,Android
u_004004,2024-12-31 14:07:47,KR,paid_facebook,Android
u_004005,2024-11-08 07:33:18,US,paid_google,iOS
u_004006,2024-12-29 18:19:23,KR,cross_promo,iOS
u_004007,2024-11-13 21:18:30,KR,paid_tiktok,Android
u_004008,2024-11-25 10:42:00,JP,paid_facebook,Android
u_004009,2024-12-27 17:10:10,KR,paid_facebook,Android
u_004010,2024-12-08 04:08:09,KR,paid_tiktok,Android
u_004011,2024-12-02 22:01:42,JP,organic,Android
u_004012,2024-12-05 15:56:46,KR,cross_promo,iOS
u_004013,2024-11-22 07:49:07,KR,paid_google,iOS
u_004014,2024-11-22 15:55:57,KR,paid_google,iOS
u_004015,2024-11-26 18:53:11,US,organic,iOS
u_004016,2024-11-01 20:10:24,JP,paid_google,iOS
u_004017,2024-12-09 08:50:32,KR,referral,iOS
u_004018,2024-11-12 21:21:28,KR,paid_google,Android
u_004019,2024-12-22 05:45:39,KR,paid_facebook,iOS
u_004020,2024-12-05 16:45:36,KR,paid_tiktok,iOS
u_004021,2024-12-31 14:05:17,JP,paid_tiktok,iOS
u_004022,2024-11-23 18:46:44,KR,paid_facebook,Android
u_004023,2024-11-06 21:22:41,US,organic,Android
u_004024,2024-11-20 07:07:34,US,referral,Android
u_004025,2024-12-18 08:54:00,KR,paid_google,Android
u_004026,2024-11-09 08:04:39,JP,paid_tiktok,Android
u_004027,2024-11-24 15:41:03,JP,referral,Android
u_004028,2024-11-23 21:20:49,KR,cross_promo,iOS
u_004029,2024-12-30 00:12:00,JP,cross_promo,Android
u_004030,2024-12-24 03:03:29,US,cross_promo,Android
u_004031,2024-11-23 09:26:24,JP,cross_promo,Android
u_004032,2024-11-28 21:19:10,JP,referral,Android
u_004033,2024-12-19 00:59:26,KR,organic,iOS
u_004034,2024-11-25 05:36:24,KR,organic,iOS
u_004035,2024-11-12 01:47:01,KR,paid_google,Android
u_004036,2024-12-07 07:35:10,KR,paid_google,iOS
u_004037,2024-12-25 00:44:24,US,cross_promo,iOS
u_004038,2024-12-18 20:46:20,KR,cross_promo,Android
u_004039,2024-12-23 14:36:59,KR,referral,Android
u_004040,2024-12-29 13:50:49,KR,organic,iOS
u_004041,2024-12-10 22:58:07,JP,referral,iOS
u_004042,2024-11-12 08:46:15,KR,cross_promo,Android
u_004043,2024-11-20 18:07:51,US,referral,Android
u_004044,2024-12-01 15:23:35,US,referral,iOS
u_004045,2024-12-18 10:43:38,KR,cross_promo,iOS
u_004046,2024-12-30 05:45:32,KR,referral,Android
u_004047,2024-12-20 15:10:19,US,paid_facebook,Android
u_004048,2024-12-10 18:51:21,KR,paid_google,Android
u_004049,2024-11-04 13:02:13,KR,paid_tiktok,Android
u_004050,2024-12-24 01:19:47,JP,paid_google,Android
u_004051,2024-11-17 15:14:58,JP,referral,Android
u_004052,2024-11-16 04:34:07,US,cross_promo,Android
u_004053,2024-11-02 20:31:49,KR,organic,iOS
u_004054,2024-12-17 14:02:28,KR,paid_tiktok,iOS
u_004055,2024-12-31 10:33:04,US,paid_facebook,Android
u_004056,2024-11-07 17:17:08,JP,referral,iOS
u_004057,2024-12-29 03:36:47,KR,cross_promo,Android
u_004058,2024-11-17 10:28:11,KR,paid_tiktok,Android
u_004059,2024-11-28 05:06:15,US,referral,Android
u_004060,2024-12-23 16:36:07,KR,paid_google,iOS
u_004061,2024-12-04 06:19:22,US,cross_promo,Android
u_004062,2024-12-07 15:48:32,US,paid_tiktok,iOS
u_004063,2024-11-04 04:51:06,US,paid_tiktok,Android
u_004064,2024-12-21 11:37:22,JP,paid_facebook,Android
u_004065,2024-11-13 09:35:52,KR,referral,Android
u_004066,2024-11-25 01:38:46,US,paid_tiktok,Android
u_004067,2024-11-15 20:11:08,JP,cross_promo,iOS
u_004068,2024-11-30 09:02:23,US,organic,Android
u_004069,2024-12-03 22:41:47,KR,paid_google,Android
u_004070,2024-11-22 04:14:09,US,paid_google,Android
u_004071,2024-12-12 02:23:59,KR,organic,iOS
u_004072,2024-11-29 00:29:48,KR,paid_facebook,iOS
u_004073,2024-12-31 11:58:55,KR,referral,Android
u_004074,2024-11-28 08:08:26,KR,paid_facebook,Android
u_004075,2024-11-18 09:40:53,KR,paid_facebook,Android
u_004076,2024-12-02 15:08:05,KR,organic,Android
u_004077,2024-11-20 05:11:44,JP,referral,iOS
u_004078,2024-12-03 09:43:49,KR,organic,Android
u_004079,2024-11-12 16:23:18,US,referral,iOS
u_004080,2024-11-06 15:49:09,KR,organic,iOS
u_004081,2024-11-06 04:23:15,KR,referral,iOS
u_004082,2024-12-03 15:04:55,US,paid_facebook,Android
u_004083,2024-12-03 00:29:50,JP,cross_promo,Android
u_004084,2024-12-27 17:59:37,KR,paid_google,Android
u_004085,2024-11-25 23:37:05,US,paid_tiktok,Android
u_004086,2024-11-26 18:57:42,KR,paid_facebook,Android
u_004087,2024-12-25 05:27:10,KR,referral,Android
u_004088,2024-12-11 19:57:46,KR,cross_promo,Android
u_004089,2024-11-29 01:59:17,JP,paid_google,Android
u_004090,2024-12-15 19:00:33,JP,paid_tiktok,Android
u_004091,2024-11-23 01:53:16,JP,paid_tiktok,Android
u_004092,2024-11-29 07:44:09,KR,paid_google,Android
u_004093,2024-11-11 14:12:50,JP,cross_promo,Android
u_004094,2024-12-30 02:31:46,KR,cross_promo,Android
u_004095,2024-12-25 09:36:18,KR,referral,Android
u_004096,2024-12-26 14:38:23,KR,paid_google,iOS
u_004097,2024-12-01 09:42:40,KR,cross_promo,Android
u_004098,2024-12-26 03:55:49,JP,paid_google,Android
u_004099,2024-11-11 07:00:56,KR,paid_facebook,iOS
u_004100,2024-11-20 18:37:57,KR,paid_google,iOS
u_004101,2024-11-14 06:21:16,JP,paid_google,Android
u_004102,2024-11-05 13:52:11,KR,paid_google,Android
u_004103,2024-11-10 07:01:33,KR,referral,Android
u_004104,2024-11-26 17:16:17,JP,paid_google,Android
u_004105,2024-11-27 22:00:11,KR,cross_promo,Android
u_004106,2024-11-22 10:07:42,KR,paid_tiktok,Android
u_004107,2024-12-09 08:02:25,KR,referral,Android
u_004108,2024-11-14 01:13:05,JP,cross_promo,Android
u_004109,2024-12-20 17:34:55,US,organic,Android
u_004110,2024-11-25 10:56:15,KR,cross_promo,Android
u_004111,2024-11-25 17:40:48,US,paid_google,Android
u_004112,2024-12-02 20:33:53,JP,paid_facebook,Android
u_004113,2024-11-16 01:40:21,KR,paid_tiktok,iOS
u_004114,2024-11-11 15:10:58,US,paid_google,iOS
u_004115,2024-11-24 18:28:22,KR,referral,iOS
u_004116,2024-11-03 05:08:08,US,organic,Android
u_004117,2024-11-18 22:34:21,KR,paid_tiktok,Android
u_004118,2024-12-08 07:22:50,KR,paid_google,Android
u_004119,2024-12-17 06:17:48,KR,paid_google,Android
u_004120,2024-12-01 03:03:54,KR,referral,Android
u_004121,2024-12-20 03:47:59,US,paid_facebook,Android
u_004122,2024-12-22 20:23:13,KR,paid_tiktok,Android
u_004123,2024-11-23 00:34:18,US,paid_google,Android
u_004124,2024-12-11 03:38:11,KR,paid_google,Android
u_004125,2024-11-18 15:06:41,JP,referral,Android
u_004126,2024-12-28 14:22:58,US,paid_google,Android
u_004127,2024-12-26 07:38:25,JP,paid_tiktok,iOS
u_004128,2024-11-15 16:09:27,JP,referral,iOS
u_004129,2024-12-29 12:57:29,JP,paid_facebook,Android
u_004130,2024-11-29 14:31:28,KR,cross_promo,Android
u_004131,2024-12-24 03:16:32,KR,paid_facebook,iOS
u_004132,2024-11-15 15:54:21,KR,paid_google,Android
u_004133,2024-11-23 08:01:40,JP,paid_facebook,Android
u_004134,2024-12-07 19:02:08,US,paid_google,Android
u_004135,2024-12-12 15:47:57,JP,organic,Android
u_004136,2024-11-02 18:03:52,US,paid_google,Android
u_004137,2024-11-28 09:07:35,US,referral,iOS
u_004138,2024-11-09 10:26:49,KR,cross_promo,Android
u_004139,2024-11-02 08:54:42,KR,organic,Android
u_004140,2024-12-01 03:11:59,US,cross_promo,Android
u_004141,2024-11-03 12:40:47,JP,organic,Android
u_004142,2024-12-27 10:35:26,JP,organic,Android
u_004143,2024-12-14 05:10:21,JP,paid_facebook,Android
u_004144,2024-11-16 16:20:01,JP,paid_tiktok,iOS
u_004145,2024-11-24 07:28:10,US,paid_tiktok,Android
u_004146,2024-12-06 17:24:02,US,referral,Android
u_004147,2024-12-17 23:15:38,JP,paid_facebook,iOS
u_004148,2024-12-22 18:47:11,JP,paid_facebook,Android
u_004149,2024-11-23 05:28:09,KR,organic,Android
u_004150,2024-11-02 01:31:06,US,referral,iOS
u_004151,2024-11-20 18:27:31,US,cross_promo,Android
u_004152,2024-11-06 08:09:41,KR,paid_google,iOS
u_004153,2024-11-22 05:29:50,KR,referral,iOS
u_004154,2024-11-01 13:56:38,KR,paid_google,Android
u_004155,2024-12-26 00:33:25,KR,paid_google,iOS
u_004156,2024-12-20 14:25:51,KR,organic,Android
u_004157,2024-11-14 16:18:06,KR,paid_google,Android
u_004158,2024-12-06 09:24:30,KR,paid_tiktok,Android
u_004159,2024-11-21 08:48:17,JP,cross_promo,Android
u_004160,2024-12-31 00:26:25,JP,paid_google,iOS
u_004161,2024-12-17 18:08:51,JP,paid_facebook,Android
u_004162,2024-12-02 22:10:05,JP,paid_tiktok,iOS
u_004163,2024-11-12 22:50:10,KR,paid_google,Android
u_004164,2024-11-28 22:17:59,KR,organic,Android
u_004165,2024-11-26 21:04:40,US,referral,Android
u_004166,2024-11-10 01:10:04,US,paid_tiktok,iOS
u_004167,2024-11-17 12:23:36,US,paid_tiktok,Android
u_004168,2024-12-15 07:01:12,JP,paid_google,Android
u_004169,2024-12-08 06:30:58,JP,cross_promo,iOS
u_004170,2024-11-06 12:37:06,JP,organic,iOS
u_004171,2024-11-07 09:03:38,KR,cross_promo,iOS
u_004172,2024-11-09 03:00:29,US,cross_promo,Android
u_004173,2024-12-19 12:15:35,JP,cross_promo,Android
u_004174,2024-12-27 14:15:46,KR,organic,iOS
u_004175,2024-11-16 10:29:03,JP,paid_facebook,Android
u_004176,2024-12-19 04:39:33,KR,organic,Android
u_004177,2024-12-20 19:20:21,JP,paid_facebook,iOS
u_004178,2024-11-01 08:03:31,KR,paid_tiktok,Android
u_004179,2024-11-15 10:01:48,JP,cross_promo,Android
u_004180,2024-11-13 05:57:35,JP,paid_tiktok,Android
u_004181,2024-11-02 08:51:43,KR,paid_facebook,iOS
u_004182,2024-12-03 14:05:09,KR,organic,iOS
u_004183,2024-11-10 02:48:55,US,paid_facebook,Android
u_004184,2024-11-24 17:12:52,JP,paid_facebook,Android
u_004185,2024-11-08 22:54:44,KR,referral,iOS
u_004186,2024-11-15 10:42:40,KR,paid_tiktok,Android
u_004187,2024-11-26 15:47:00,KR,paid_tiktok,Android
u_004188,2024-12-22 15:45:42,US,paid_google,iOS
u_004189,2024-11-19 11:16:14,JP,organic,Android
u_004190,2024-11-20 14:35:07,US,paid_tiktok,iOS
u_004191,2024-11-14 10:02:53,JP,cross_promo,Android
u_004192,2024-12-29 03:04:29,KR,cross_promo,iOS
u_004193,2024-11-30 11:10:35,KR,organic,iOS
u_004194,2024-11-25 22:09:45,KR,paid_facebook,Android
u_004195,2024-11-04 05:08:25,JP,paid_google,Android
u_004196,2024-11-13 13:00:07,KR,paid_tiktok,Android
u_004197,2024-11-19 14:19:25,KR,paid_tiktok,Android
u_004198,2024-11-08 03:22:07,KR,cross_promo,Android
u_004199,2024-12-05 02:00:13,JP,organic,Android
u_004200,2024-11-23 01:40:41,KR,organic,iOS
u_004201,2024-12-06 08:23:35,KR,paid_tiktok,Android
u_004202,2024-12-30 16:36:40,KR,organic,Android
u_004203,2024-12-18 19:21:15,US,cross_promo,Android
u_004204,2024-12-10 11:20:32,JP,referral,iOS
u_004205,2024-12-23 02:42:56,JP,organic,Android
u_004206,2024-11-28 22:46:22,KR,paid_facebook,Android
u_004207,2024-12-02 23:53:09,JP,organic,iOS
u_004208,2024-11-13 05:28:44,KR,paid_google,Android
u_004209,2024-11-07 23:07:28,KR,organic,Android
u_004210,2024-12-28 15:20:13,KR,paid_facebook,Android
u_004211,2024-12-30 10:31:10,KR,paid_google,Android
u_004212,2024-12-26 19:13:16,KR,organic,iOS
u_004213,2024-11-20 11:24:13,KR,paid_google,Android
u_004214,2024-12-08 07:07:36,KR,paid_google,Android
u_004215,2024-12-25 06:55:47,JP,organic,iOS
u_004216,2024-11-24 21:15:37,JP,paid_tiktok,iOS
u_004217,2024-12-31 18:11:39,KR,paid_facebook,Android
u_004218,2024-11-08 16:19:45,KR,referral,Android
u_004219,2024-11-06 22:09:03,KR,referral,Android
u_004220,2024-12-07 09:51:49,KR,referral,Android
u_004221,2024-12-12 19:00:53,KR,referral,Android
u_004222,2024-12-09 10:31:20,KR,paid_google,iOS
u_004223,2024-12-29 04:36:41,KR,paid_tiktok,Android
u_004224,2024-11-03 01:43:55,JP,paid_tiktok,Android
u_004225,2024-11-29 04:28:49,KR,referral,Android
u_004226,2024-11-17 23:37:57,US,cross_promo,Android
u_004227,2024-11-11 22:54:53,KR,paid_google,Android
u_004228,2024-12-21 23:03:30,JP,paid_tiktok,Android
u_004229,2024-11-15 12:37:17,JP,paid_facebook,Android
u_004230,2024-11-30 03:13:05,JP,cross_promo,Android
u_004231,2024-11-29 19:20:09,US,paid_google,Android
u_004232,2024-11-09 18:19:44,JP,paid_facebook,iOS
u_004233,2024-12-30 23:50:00,US,paid_facebook,iOS
u_004234,2024-11-10 11:34:51,KR,cross_promo,iOS
u_004235,2024-12-24 09:03:04,US,referral,Android
u_004236,2024-12-28 09:38:47,JP,paid_tiktok,iOS
u_004237,2024-11-22 11:17:03,KR,organic,Android
u_004238,2024-12-19 06:34:00,KR,cross_promo,iOS
u_004239,2024-11-19 11:24:59,KR,referral,iOS
u_004240,2024-12-18 00:21:37,US,paid_facebook,Android
u_004241,2024-12-03 19:48:18,US,paid_facebook,Android
u_004242,2024-12-28 13:30:57,JP,paid_google,Android
u_004243,2024-11-10 16:32:56,KR,referral,Android
u_004244,2024-11-04 12:32:43,JP,cross_promo,Android
u_004245,2024-12-17 18:17:22,JP,organic,iOS
u_004246,2024-12-08 06:58:48,US,paid_facebook,iOS
u_004247,2024-11-28 19:46:31,KR,paid_facebook,Android
u_004248,2024-11-11 00:56:05,KR,paid_google,Android
u_004249,2024-11-08 19:30:29,KR,referral,Android
u_004250,2024-11-26 14:42:39,JP,paid_facebook,Android
u_004251,2024-11-28 06:01:10,JP,referral,Android
u_004252,2024-11-21 04:19:40,KR,paid_google,Android
u_004253,2024-12-19 20:52:02,KR,paid_facebook,Android
u_004254,2024-12-18 18:47:18,KR,cross_promo,Android
u_004255,2024-11-14 01:40:34,KR,organic,Android
u_004256,2024-11-06 01:04:03,KR,paid_tiktok,Android
u_004257,2024-12-18 06:54:20,JP,referral,Android
u_004258,2024-11-15 07:29:30,US,organic,Android
u_004259,2024-11-06 09:01:23,KR,cross_promo,Android
u_004260,2024-12-08 11:35:54,JP,referral,Android
u_004261,2024-12-22 18:28:01,KR,organic,iOS
u_004262,2024-12-27 11:27:32,KR,organic,Android
u_004263,2024-12-08 08:41:29,JP,paid_tiktok,Android
u_004264,2024-12-08 23:51:15,KR,paid_tiktok,Android
u_004265,2024-12-22 13:54:33,US,paid_facebook,Android
u_004266,2024-11-17 18:36:47,US,paid_tiktok,iOS
u_004267,2024-11-20 23:31:55,JP,paid_tiktok,iOS
u_004268,2024-11-06 05:00:56,US,paid_tiktok,Android
u_004269,2024-12-17 15:23:24,KR,cross_promo,Android
u_004270,2024-11-25 12:57:59,KR,paid_facebook,iOS
u_004271,2024-12-12 14:24:25,US,organic,iOS
u_004272,2024-12-25 04:35:12,JP,cross_promo,Android
u_004273,2024-11-28 11:06:44,KR,paid_google,Android
u_004274,2024-12-29 19:47:15,KR,referral,iOS
u_004275,2024-11-11 04:59:31,KR,paid_facebook,iOS
u_004276,2024-11-28 23:18:59,KR,organic,Android
u_004277,2024-12-27 15:55:31,JP,paid_google,Android
u_004278,2024-11-08 01:31:28,KR,paid_google,Android
u_004279,2024-12-20 05:28:46,JP,organic,Android
u_004280,2024-12-08 09:48:23,KR,paid_tiktok,Android
u_004281,2024-12-15 06:03:43,JP,referral,Android
u_004282,2024-11-27 02:00:33,US,cross_promo,iOS
u_004283,2024-12-17 13:25:25,KR,paid_google,iOS
u_004284,2024-12-07 23:38:23,KR,referral,iOS
u_004285,2024-11-07 19:12:44,KR,paid_tiktok,Android
u_004286,2024-11-30 19:39:00,KR,organic,Android
u_004287,2024-11-18 14:18:48,US,paid_google,iOS
u_004288,2024-12-05 05:20:19,JP,referral,iOS
u_004289,2024-12-08 06:07:46,JP,paid_tiktok,Android
u_004290,2024-11-30 01:11:25,KR,paid_facebook,Android
u_004291,2024-11-09 06:34:38,KR,organic,Android
u_004292,2024-12-30 15:09:27,KR,paid_google,Android
u_004293,2024-11-03 07:04:06,KR,organic,Android
u_004294,2024-12-21 01:10:50,KR,organic,iOS
u_004295,2024-12-16 04:57:50,JP,organic,Android
u_004296,2024-11-01 16:41:13,JP,referral,Android
u_004297,2024-12-02 12:25:52,KR,paid_tiktok,iOS
u_004298,2024-12-07 04:51:49,JP,referral,iOS
u_004299,2024-12-30 19:17:17,JP,paid_facebook,iOS
u_004300,2024-12-21 22:56:31,KR,cross_promo,Android
u_004301,2024-12-11 13:42:33,KR,paid_google,iOS
u_004302,2024-12-29 00:08:11,JP,paid_google,Android
u_004303,2024-12-26 05:14:56,KR,organic,Android
u_004304,2024-12-29 23:48:05,KR,paid_google,Android
u_004305,2024-11-15 13:07:41,KR,paid_tiktok,Android
u_004306,2024-11-02 23:07:02,KR,organic,Android
u_004307,2024-12-21 02:05:51,KR,organic,Android
u_004308,2024-12-27 04:58:00,KR,paid_google,iOS
u_004309,2024-11-24 05:26:14,JP,organic,Android
u_004310,2024-12-26 04:04:02,KR,cross_promo,Android
u_004311,2024-11-23 13:33:10,US,organic,Android
u_004312,2024-12-01 16:53:55,US,referral,iOS
u_004313,2024-11-19 21:55:41,US,paid_facebook,iOS
u_004314,2024-12-01 09:27:30,KR,cross_promo,Android
u_004315,2024-11-19 19:51:48,US,cross_promo,iOS
u_004316,2024-11-27 01:22:30,JP,paid_google,iOS
u_004317,2024-11-16 08:33:57,KR,organic,Android
u_004318,2024-12-04 22:19:01,KR,paid_google,Android
u_004319,2024-11-05 02:41:07,US,paid_facebook,Android
u_004320,2024-11-18 08:53:24,KR,paid_tiktok,iOS
u_004321,2024-12-04 09:00:08,JP,cross_promo,Android
u_004322,2024-12-12 20:11:02,KR,paid_facebook,iOS
u_004323,2024-11-03 14:59:14,JP,referral,iOS
u_004324,2024-11-27 11:39:23,JP,cross_promo,iOS
u_004325,2024-11-24 11:30:15,US,paid_tiktok,Android
u_004326,2024-12-25 15:44:05,KR,paid_facebook,Android
u_004327,2024-12-22 17:12:02,KR,paid_facebook,Android
u_004328,2024-12-02 04:48:02,JP,paid_tiktok,Android
u_004329,2024-12-15 08:33:48,US,paid_google,Android
u_004330,2024-11-15 18:51:03,KR,paid_tiktok,Android
u_004331,2024-12-14 15:16:11,KR,cross_promo,Android
u_004332,2024-11-18 01:12:01,KR,cross_promo,iOS
u_004333,2024-12-23 16:49:25,JP,paid_facebook,Android
u_004334,2024-11-14 05:59:17,US,paid_tiktok,iOS
u_004335,2024-11-19 07:53:43,KR,cross_promo,iOS
u_004336,2024-11-15 07:20:44,US,paid_google,iOS
u_004337,2024-12-15 14:27:31,KR,cross_promo,Android
u_004338,2024-12-30 12:27:50,KR,referral,Android
u_004339,2024-11-23 08:13:07,JP,paid_tiktok,Android
u_004340,2024-12-17 08:24:14,KR,paid_google,Android
u_004341,2024-12-19 07:00:34,JP,paid_google,iOS
u_004342,2024-12-25 12:48:34,KR,paid_google,Android
u_004343,2024-12-12 19:22:10,KR,cross_promo,Android
u_004344,2024-11-07 15:31:08,KR,cross_promo,Android
u_004345,2024-11-13 03:11:03,US,paid_google,iOS
u_004346,2024-11-18 18:37:48,JP,organic,Android
u_004347,2024-12-12 04:14:41,KR,paid_facebook,iOS
u_004348,2024-11-08 21:56:06,KR,paid_google,Android
u_004349,2024-12-04 01:57:35,KR,paid_facebook,Android
u_004350,2024-12-08 22:30:23,KR,organic,iOS
u_004351,2024-11-24 03:38:36,JP,paid_tiktok,Android
u_004352,2024-12-30 15:22:35,US,paid_facebook,Android
u_004353,2024-12-04 05:51:33,KR,organic,Android
u_004354,2024-11-01 10:26:23,JP,cross_promo,Android
u_004355,2024-11-11 09:55:07,JP,organic,iOS
u_004356,2024-11-27 18:11:28,KR,cross_promo,Android
u_004357,2024-11-24 21:28:32,JP,paid_tiktok,iOS
u_004358,2024-12-13 04:17:01,KR,paid_tiktok,iOS
u_004359,2024-11-23 14:07:03,JP,paid_facebook,Android
u_004360,2024-11-20 21:22:44,KR,paid_facebook,Android
u_004361,2024-11-10 13:36:01,KR,organic,Android
u_004362,2024-12-30 08:17:05,KR,paid_facebook,Android
u_004363,2024-12-21 15:16:45,US,organic,iOS
u_004364,2024-11-05 09:36:04,JP,cross_promo,Android
u_004365,2024-11-14 11:20:56,KR,paid_facebook,Android
u_004366,2024-11-14 19:19:52,KR,paid_facebook,iOS
u_004367,2024-11-13 17:34:31,KR,cross_promo,Android
u_004368,2024-12-16 15:58:32,US,organic,Android
u_004369,2024-12-09 08:10:01,KR,paid_facebook,Android
u_004370,2024-12-25 02:14:33,KR,paid_tiktok,Android
u_004371,2024-11-25 08:45:55,JP,paid_facebook,iOS
u_004372,2024-11-13 18:03:25,KR,paid_google,Android
u_004373,2024-12-24 16:08:44,KR,organic,iOS
u_004374,2024-12-03 16:14:18,JP,cross_promo,iOS
u_004375,2024-11-21 23:15:48,KR,paid_google,iOS
u_004376,2024-11-21 08:50:04,KR,paid_google,Android
u_004377,2024-12-27 11:27:57,KR,referral,Android
u_004378,2024-12-03 08:46:45,KR,organic,Android
u_004379,2024-11-06 17:38:58,KR,organic,Android
u_004380,2024-12-12 15:23:13,JP,organic,Android
u_004381,2024-12-19 13:22:03,KR,cross_promo,Android
u_004382,2024-11-15 04:57:58,KR,paid_facebook,Android
u_004383,2024-11-30 12:49:19,JP,paid_tiktok,Android
u_004384,2024-12-10 06:37:25,KR,paid_tiktok,Android
u_004385,2024-11-25 21:47:13,JP,paid_facebook,Android
u_004386,2024-11-16 04:45:14,KR,paid_google,Android
u_004387,2024-12-15 17:10:43,JP,paid_facebook,iOS
u_004388,2024-11-04 21:13:44,JP,cross_promo,Android
u_004389,2024-11-18 02:02:58,KR,cross_promo,Android
u_004390,2024-11-23 17:16:14,KR,paid_google,iOS
u_004391,2024-12-04 06:16:30,KR,cross_promo,iOS
u_004392,2024-12-15 19:55:55,KR,paid_tiktok,iOS
u_004393,2024-12-09 15:06:24,JP,referral,Android
u_004394,2024-12-16 11:14:04,KR,organic,Android
u_004395,2024-12-15 07:36:53,JP,cross_promo,Android
u_004396,2024-12-04 18:03:02,KR,cross_promo,Android
u_004397,2024-12-22 20:42:47,KR,referral,Android
u_004398,2024-12-05 12:47:14,KR,cross_promo,iOS
u_004399,2024-11-16 13:34:36,KR,cross_promo,iOS
u_004400,2024-12-21 00:17:47,US,paid_facebook,Android
u_004401,2024-11-01 01:06:55,JP,referral,Android
u_004402,2024-11-26 05:37:52,KR,paid_google,Android
u_004403,2024-12-02 02:18:24,US,organic,Android
u_004404,2024-11-02 15:06:26,KR,cross_promo,Android
u_004405,2024-12-02 17:21:33,US,referral,iOS
u_004406,2024-11-04 02:17:03,US,referral,Android
u_004407,2024-11-12 09:43:43,KR,referral,iOS
u_004408,2024-12-29 22:57:22,KR,paid_tiktok,Android
u_004409,2024-12-16 04:14:35,US,referral,iOS
u_004410,2024-12-18 22:22:10,KR,paid_facebook,iOS
u_004411,2024-12-13 16:50:56,KR,referral,iOS
u_004412,2024-12-03 11:33:42,KR,organic,iOS
u_004413,2024-11-23 22:17:48,JP,paid_google,iOS
u_004414,2024-11-28 11:16:48,KR,paid_tiktok,Android
u_004415,2024-11-08 12:28:35,US,paid_google,Android
u_004416,2024-12-06 00:13:01,KR,organic,Android
u_004417,2024-11-10 18:19:37,KR,cross_promo,iOS
u_004418,2024-12-29 08:24:24,JP,paid_tiktok,Android
u_004419,2024-12-05 15:07:21,KR,cross_promo,Android
u_004420,2024-11-14 09:40:10,KR,referral,Android
u_004421,2024-11-23 03:38:33,KR,paid_facebook,Android
u_004422,2024-12-18 11:49:42,JP,organic,iOS
u_004423,2024-12-27 02:51:02,KR,organic,Android
u_004424,2024-11-15 13:44:43,US,paid_facebook,Android
u_004425,2024-12-19 07:49:17,KR,cross_promo,Android
u_004426,2024-11-09 10:19:46,US,referral,Android
u_004427,2024-11-29 22:36:48,KR,paid_facebook,iOS
u_004428,2024-11-02 11:52:22,US,referral,Android
u_004429,2024-12-25 00:10:47,JP,referral,Android
u_004430,2024-11-01 21:16:24,KR,paid_google,iOS
u_004431,2024-11-17 21:20:29,KR,paid_google,Android
u_004432,2024-12-28 04:49:41,KR,paid_tiktok,Android
u_004433,2024-12-13 17:36:47,KR,referral,Android
u_004434,2024-12-11 14:07:55,JP,organic,Android
u_004435,2024-11-27 23:45:38,JP,paid_tiktok,iOS
u_004436,2024-11-21 01:12:47,KR,referral,Android
u_004437,2024-12-05 14:50:18,KR,paid_tiktok,Android
u_004438,2024-11-22 13:59:14,JP,paid_tiktok,Android
u_004439,2024-11-13 23:01:25,KR,paid_facebook,Android
u_004440,2024-11-13 22:19:31,JP,paid_tiktok,Android
u_004441,2024-11-05 03:26:33,JP,paid_tiktok,iOS
u_004442,2024-11-06 19:14:29,KR,paid_google,iOS
u_004443,2024-11-02 13:09:22,US,cross_promo,Android
u_004444,2024-12-13 18:58:04,JP,paid_tiktok,Android
u_004445,2024-11-27 14:07:50,KR,paid_tiktok,Android
u_004446,2024-12-27 02:00:55,JP,referral,Android
u_004447,2024-11-05 10:05:31,KR,organic,iOS
u_004448,2024-12-17 08:17:06,KR,paid_facebook,Android
u_004449,2024-11-02 08:12:24,KR,paid_google,Android
u_004450,2024-11-11 23:19:40,KR,paid_tiktok,Android
u_004451,2024-11-08 13:30:20,KR,paid_facebook,Android
u_004452,2024-11-11 08:16:41,KR,referral,Android
u_004453,2024-12-31 21:41:42,JP,referral,iOS
u_004454,2024-11-07 09:45:35,US,paid_tiktok,iOS
u_004455,2024-11-14 17:45:15,US,paid_google,Android
u_004456,2024-11-09 04:36:56,KR,paid_google,Android
u_004457,2024-11-14 13:11:43,KR,paid_facebook,Android
u_004458,2024-11-07 20:00:54,JP,paid_google,iOS
u_004459,2024-12-28 15:25:43,KR,organic,Android
u_004460,2024-11-07 05:21:09,KR,organic,Android
u_004461,2024-12-08 10:42:21,KR,cross_promo,iOS
u_004462,2024-11-07 05:14:42,JP,paid_facebook,Android
u_004463,2024-11-04 07:05:09,KR,paid_tiktok,Android
u_004464,2024-11-19 07:55:48,KR,paid_facebook,Android
u_004465,2024-12-29 13:09:31,US,paid_google,iOS
u_004466,2024-12-03 16:44:05,US,paid_tiktok,Android
u_004467,2024-11-23 15:32:09,JP,referral,Android
u_004468,2024-11-01 01:32:17,KR,paid_tiktok,iOS
u_004469,2024-11-13 20:19:17,US,referral,iOS
u_004470,2024-11-23 00:33:08,KR,cross_promo,iOS
u_004471,2024-12-18 13:42:42,KR,paid_facebook,Android
u_004472,2024-12-25 06:22:48,JP,paid_google,Android
u_004473,2024-11-08 22:52:07,KR,referral,iOS
u_004474,2024-11-21 02:05:12,KR,organic,Android
u_004475,2024-11-14 13:44:55,KR,referral,Android
u_004476,2024-12-13 04:03:03,US,paid_facebook,Android
u_004477,2024-11-23 05:13:24,KR,paid_tiktok,Android
u_004478,2024-12-25 20:22:05,KR,organic,iOS
u_004479,2024-11-11 18:14:21,KR,paid_tiktok,Android
u_004480,2024-11-01 01:33:40,KR,cross_promo,Android
u_004481,2024-11-27 04:23:13,KR,paid_tiktok,Android
u_004482,2024-12-25 01:47:51,KR,paid_google,Android
u_004483,2024-12-24 22:00:33,JP,cross_promo,iOS
u_004484,2024-12-15 03:07:17,JP,organic,Android
u_004485,2024-12-28 02:36:35,KR,paid_google,Android
u_004486,2024-12-12 05:21:42,KR,referral,Android
u_004487,2024-12-17 10:11:18,JP,organic,Android
u_004488,2024-11-30 15:06:31,US,paid_google,Android
u_004489,2024-12-17 06:51:41,KR,cross_promo,Android
u_004490,2024-12-04 08:04:59,US,paid_facebook,iOS
u_004491,2024-12-22 10:29:12,US,paid_facebook,iOS
u_004492,2024-12-03 05:40:06,KR,cross_promo,iOS
u_004493,2024-11-17 16:10:00,KR,paid_google,iOS
u_004494,2024-11-13 09:54:20,JP,paid_tiktok,iOS
u_004495,2024-12-20 21:37:11,JP,paid_tiktok,Android
u_004496,2024-12-14 22:16:36,KR,paid_google,Android
u_004497,2024-12-27 13:56:34,US,paid_google,Android
u_004498,2024-12-26 12:40:27,KR,paid_facebook,Android
u_004499,2024-11-10 04:26:29,KR,organic,Android
u_004500,2024-11-04 17:10:27,KR,paid_google,Android
u_004501,2024-12-18 19:15:32,JP,paid_google,Android
u_004502,2024-11-27 23:59:58,KR,paid_tiktok,iOS
u_004503,2024-12-15 06:22:16,KR,referral,Android
u_004504,2024-11-20 00:51:04,US,paid_google,Android
u_004505,2024-12-23 14:24:09,KR,paid_tiktok,Android
u_004506,2024-12-17 01:14:08,JP,paid_facebook,Android
u_004507,2024-12-12 17:22:31,KR,paid_tiktok,iOS
u_004508,2024-11-18 10:33:25,KR,paid_google,Android
u_004509,2024-12-08 13:04:24,JP,cross_promo,iOS
u_004510,2024-12-27 13:23:04,KR,paid_google,Android
u_004511,2024-12-08 17:35:37,JP,organic,iOS
u_004512,2024-12-15 14:59:16,KR,referral,Android
u_004513,2024-12-12 08:03:01,JP,organic,Android
u_004514,2024-12-15 09:47:56,KR,paid_tiktok,Android
u_004515,2024-12-28 09:44:36,KR,paid_tiktok,Android
u_004516,2024-12-17 09:32:23,US,organic,iOS
u_004517,2024-12-07 13:13:33,KR,paid_google,iOS
u_004518,2024-11-16 05:15:01,KR,cross_promo,Android
u_004519,2024-12-06 17:03:43,KR,paid_facebook,Android
u_004520,2024-12-08 16:16:31,KR,paid_facebook,Android
u_004521,2024-11-12 15:52:58,KR,cross_promo,Android
u_004522,2024-12-19 23:00:47,KR,cross_promo,iOS
u_004523,2024-12-28 13:15:06,KR,referral,Android
u_004524,2024-11-12 02:10:13,JP,cross_promo,Android
u_004525,2024-12-09 15:55:29,KR,paid_tiktok,Android
u_004526,2024-12-30 11:06:44,KR,cross_promo,Android
u_004527,2024-11-16 01:53:40,KR,organic,Android
u_004528,2024-11-13 19:09:48,US,referral,Android
u_004529,2024-11-08 08:13:32,US,referral,iOS
u_004530,2024-11-30 07:09:21,US,referral,Android
u_004531,2024-11-04 17:14:23,US,cross_promo,iOS
u_004532,2024-11-17 05:43:13,KR,paid_google,iOS
u_004533,2024-12-28 20:24:48,US,paid_facebook,Android
u_004534,2024-12-27 16:29:07,KR,paid_facebook,iOS
u_004535,2024-12-21 01:24:34,US,paid_facebook,Android
u_004536,2024-11-24 21:45:06,US,referral,Android
u_004537,2024-11-28 21:56:25,JP,paid_google,Android
u_004538,2024-11-01 19:09:48,US,cross_promo,Android
u_004539,2024-11-20 02:54:27,JP,paid_tiktok,Android
u_004540,2024-12-06 00:20:49,KR,referral,Android
u_004541,2024-11-17 01:49:14,US,paid_facebook,Android
u_004542,2024-12-07 00:26:04,KR,referral,Android
u_004543,2024-12-30 06:07:59,KR,paid_google,Android
u_004544,2024-11-25 15:58:55,KR,paid_tiktok,iOS
u_004545,2024-12-31 06:39:17,JP,organic,Android
u_004546,2024-11-26 05:59:23,KR,organic,Android
u_004547,2024-12-27 04:52:54,JP,paid_tiktok,Android
u_004548,2024-11-05 03:42:28,KR,paid_facebook,Android
u_004549,2024-11-07 06:39:19,KR,organic,iOS
u_004550,2024-12-06 18:47:48,JP,paid_google,iOS
u_004551,2024-12-20 15:44:13,US,referral,Android
u_004552,2024-12-04 19:05:29,KR,paid_google,Android
u_004553,2024-12-19 13:59:56,US,paid_tiktok,Android
u_004554,2024-11-08 23:24:36,US,cross_promo,Android
u_004555,2024-11-01 15:01:00,KR,paid_google,Android
u_004556,2024-12-05 09:44:04,KR,referral,iOS
u_004557,2024-11-23 17:14:07,KR,paid_google,Android
u_004558,2024-11-04 15:26:51,KR,paid_google,Android
u_004559,2024-12-07 14:18:52,KR,paid_tiktok,Android
u_004560,2024-12-30 19:36:26,KR,paid_tiktok,Android
u_004561,2024-11-25 23:54:08,KR,paid_tiktok,Android
u_004562,2024-12-06 05:43:18,JP,paid_google,Android
u_004563,2024-11-26 12:16:12,JP,cross_promo,iOS
u_004564,2024-11-11 13:55:10,JP,organic,Android
u_004565,2024-12-17 06:07:24,KR,paid_google,Android
u_004566,2024-11-04 21:12:50,KR,paid_facebook,iOS
u_004567,2024-12-10 12:11:52,KR,organic,Android
u_004568,2024-11-08 23:22:49,JP,paid_facebook,iOS
u_004569,2024-12-10 14:34:41,JP,paid_google,Android
u_004570,2024-11-22 09:49:13,JP,organic,iOS
u_004571,2024-11-28 10:08:52,KR,paid_google,Android
u_004572,2024-12-10 16:06:48,US,paid_tiktok,iOS
u_004573,2024-11-05 04:59:26,JP,paid_facebook,Android
u_004574,2024-11-17 16:23:01,KR,paid_tiktok,Android
u_004575,2024-12-13 20:21:46,KR,cross_promo,Android
u_004576,2024-12-12 07:20:10,JP,paid_google,Android
u_004577,2024-12-20 18:32:58,US,organic,Android
u_004578,2024-12-18 21:47:57,KR,paid_facebook,iOS
u_004579,2024-12-07 00:38:45,US,organic,Android
u_004580,2024-11-16 01:41:20,US,cross_promo,Android
u_004581,2024-12-11 19:11:46,JP,paid_facebook,iOS
u_004582,2024-11-24 02:18:55,KR,organic,Android
u_004583,2024-12-07 13:21:23,KR,organic,iOS
u_004584,2024-12-13 15:58:59,JP,cross_promo,iOS
u_004585,2024-12-19 16:28:50,KR,paid_tiktok,iOS
u_004586,2024-11-14 06:45:21,KR,organic,iOS
u_004587,2024-12-06 15:39:38,KR,paid_google,Android
u_004588,2024-11-23 17:59:39,JP,paid_google,Android
u_004589,2024-12-30 22:29:45,KR,organic,Android
u_004590,2024-12-06 07:40:30,KR,paid_facebook,Android
u_004591,2024-12-07 05:42:39,US,organic,iOS
u_004592,2024-11-27 16:15:29,KR,referral,iOS
u_004593,2024-11-24 19:46:00,KR,paid_tiktok,Android
u_004594,2024-11-26 20:43:15,KR,paid_facebook,iOS
u_004595,2024-12-02 12:16:34,US,organic,iOS
u_004596,2024-12-23 07:29:44,KR,referral,Android
u_004597,2024-11-29 15:09:33,US,paid_facebook,Android
u_004598,2024-12-11 05:37:44,KR,paid_facebook,iOS
u_004599,2024-11-12 03:10:12,KR,referral,iOS
u_004600,2024-12-05 22:58:39,KR,paid_google,Android
u_004601,2024-11-16 18:11:03,KR,organic,Android
u_004602,2024-11-23 14:40:54,JP,organic,iOS
u_004603,2024-11-12 03:02:17,JP,paid_google,Android
u_004604,2024-11-28 19:36:39,KR,paid_facebook,Android
u_004605,2024-11-21 11:59:48,KR,paid_tiktok,iOS
u_004606,2024-12-12 18:55:53,KR,paid_tiktok,Android
u_004607,2024-12-03 11:56:19,US,paid_tiktok,iOS
u_004608,2024-12-28 23:36:14,KR,paid_google,Android
u_004609,2024-12-29 09:45:15,KR,organic,Android
u_004610,2024-11-02 03:16:42,US,paid_facebook,iOS
u_004611,2024-11-05 03:36:03,US,organic,Android
u_004612,2024-12-20 20:45:42,KR,paid_tiktok,Android
u_004613,2024-12-02 12:59:55,KR,organic,Android
u_004614,2024-12-24 12:03:02,KR,referral,iOS
u_004615,2024-12-16 09:01:44,KR,paid_tiktok,Android
u_004616,2024-11-03 14:14:58,US,cross_promo,iOS
u_004617,2024-12-29 12:58:31,KR,paid_tiktok,iOS
u_004618,2024-11-06 13:16:27,KR,paid_facebook,Android
u_004619,2024-11-06 18:29:28,KR,organic,Android
u_004620,2024-11-11 14:00:50,US,paid_facebook,Android
u_004621,2024-12-16 20:06:49,KR,referral,Android
u_004622,2024-11-29 01:56:22,KR,organic,iOS
u_004623,2024-12-26 04:14:29,KR,paid_google,iOS
u_004624,2024-11-27 09:23:56,JP,cross_promo,Android
u_004625,2024-11-14 01:06:23,US,paid_facebook,iOS
u_004626,2024-12-13 17:16:34,KR,cross_promo,Android
u_004627,2024-12-12 15:48:25,KR,paid_google,iOS
u_004628,2024-11-15 10:34:04,JP,paid_facebook,Android
u_004629,2024-12-16 07:16:40,KR,cross_promo,iOS
u_004630,2024-11-27 12:48:54,KR,referral,Android
u_004631,2024-12-15 11:55:33,KR,paid_facebook,Android
u_004632,2024-11-02 19:49:50,KR,paid_google,Android
u_004633,2024-11-22 06:36:15,US,paid_google,Android
u_004634,2024-12-02 17:08:28,US,paid_google,Android
u_004635,2024-11-04 09:11:13,US,organic,Android
u_004636,2024-11-24 04:16:30,US,paid_tiktok,Android
u_004637,2024-12-17 01:43:38,KR,organic,Android
u_004638,2024-12-28 19:44:31,KR,paid_google,Android
u_004639,2024-12-27 18:43:20,JP,paid_tiktok,Android
u_004640,2024-12-05 14:49:36,KR,paid_google,Android
u_004641,2024-11-24 23:51:04,KR,paid_tiktok,Android
u_004642,2024-11-28 14:25:12,KR,cross_promo,Android
u_004643,2024-11-09 07:44:21,KR,referral,iOS
u_004644,2024-11-24 06:51:20,KR,paid_google,iOS
u_004645,2024-12-19 19:47:58,US,paid_tiktok,Android
u_004646,2024-12-09 09:50:55,US,paid_facebook,Android
u_004647,2024-11-01 10:41:23,KR,referral,iOS
u_004648,2024-11-04 21:45:12,JP,paid_tiktok,Android
u_004649,2024-12-20 02:03:26,KR,paid_google,Android
u_004650,2024-12-10 11:18:45,US,paid_facebook,Android
u_004651,2024-11-30 18:18:55,JP,paid_tiktok,Android
u_004652,2024-11-24 02:22:58,JP,referral,iOS
u_004653,2024-11-22 11:18:45,KR,paid_tiktok,Android
u_004654,2024-11-21 13:25:41,JP,referral,iOS
u_004655,2024-11-24 20:26:01,JP,paid_google,iOS
u_004656,2024-11-17 05:12:47,US,organic,iOS
u_004657,2024-12-16 11:12:27,JP,organic,Android
u_004658,2024-11-03 02:33:07,KR,paid_facebook,Android
u_004659,2024-11-28 22:52:19,JP,cross_promo,Android
u_004660,2024-11-09 13:29:49,KR,organic,iOS
u_004661,2024-12-16 05:52:19,KR,paid_google,Android
u_004662,2024-11-06 15:09:04,KR,cross_promo,Android
u_004663,2024-12-14 09:03:38,KR,referral,iOS
u_004664,2024-12-12 03:10:43,KR,paid_facebook,Android
u_004665,2024-12-03 09:18:11,JP,paid_google,Android
u_004666,2024-11-19 00:10:02,JP,referral,Android
u_004667,2024-12-07 14:19:38,US,cross_promo,Android
u_004668,2024-11-26 07:19:43,KR,paid_tiktok,Android
u_004669,2024-11-02 18:49:19,KR,paid_tiktok,iOS
u_004670,2024-11-11 05:30:22,JP,cross_promo,Android
u_004671,2024-12-02 19:59:22,US,paid_facebook,Android
u_004672,2024-12-14 03:47:59,JP,paid_google,iOS
u_004673,2024-12-09 21:05:22,US,referral,Android
u_004674,2024-11-28 12:38:02,KR,referral,iOS
u_004675,2024-12-16 16:16:19,KR,organic,Android
u_004676,2024-12-18 21:00:55,KR,paid_google,iOS
u_004677,2024-12-06 21:32:28,US,paid_facebook,iOS
u_004678,2024-12-11 17:38:23,KR,referral,Android
u_004679,2024-12-06 19:32:55,JP,paid_tiktok,iOS
u_004680,2024-12-19 02:06:08,JP,cross_promo,Android
u_004681,2024-12-03 09:03:29,KR,cross_promo,Android
u_004682,2024-12-12 15:54:24,JP,paid_google,Android
u_004683,2024-11-04 13:04:12,US,paid_google,Android
u_004684,2024-12-17 14:22:55,KR,paid_tiktok,iOS
u_004685,2024-12-07 09:45:23,KR,paid_facebook,Android
u_004686,2024-11-22 11:52:36,KR,cross_promo,Android
u_004687,2024-12-18 03:45:09,KR,referral,Android
u_004688,2024-12-12 00:35:42,JP,paid_google,iOS
u_004689,2024-12-05 03:58:14,US,paid_tiktok,iOS
u_004690,2024-12-26 13:40:49,KR,cross_promo,Android
u_004691,2024-11-05 12:52:38,KR,paid_tiktok,iOS
u_004692,2024-11-30 11:58:30,KR,paid_facebook,iOS
u_004693,2024-12-29 04:15:10,JP,organic,Android
u_004694,2024-11-18 05:00:44,JP,organic,iOS
u_004695,2024-11-01 07:43:51,JP,organic,Android
u_004696,2024-12-15 09:37:16,US,paid_facebook,Android
u_004697,2024-11-05 19:37:17,KR,referral,Android
u_004698,2024-11-10 08:06:16,KR,paid_facebook,Android
u_004699,2024-11-05 02:36:26,KR,organic,iOS
u_004700,2024-12-31 21:18:31,KR,organic,Android
u_004701,2024-12-14 17:38:22,US,paid_facebook,iOS
u_004702,2024-11-03 13:57:31,US,paid_tiktok,iOS
u_004703,2024-11-28 21:27:37,JP,paid_google,iOS
u_004704,2024-12-12 13:41:02,US,paid_google,Android
u_004705,2024-11-09 10:12:52,US,paid_google,iOS
u_004706,2024-12-30 00:45:09,US,paid_tiktok,Android
u_004707,2024-11-29 05:16:20,KR,paid_facebook,iOS
u_004708,2024-12-30 21:14:59,KR,paid_google,Android
u_004709,2024-11-30 14:23:48,KR,paid_facebook,Android
u_004710,2024-11-12 08:43:51,JP,referral,iOS
u_004711,2024-12-27 08:16:52,KR,paid_google,Android
u_004712,2024-11-24 08:12:11,US,paid_facebook,Android
u_004713,2024-12-06 20:12:27,JP,paid_google,iOS
u_004714,2024-11-01 03:03:07,JP,organic,iOS
u_004715,2024-12-24 22:22:58,JP,paid_google,iOS
u_004716,2024-12-27 11:26:18,KR,paid_tiktok,Android
u_004717,2024-12-18 20:09:06,US,paid_facebook,Android
u_004718,2024-12-01 11:30:57,KR,paid_google,Android
u_004719,2024-12-29 22:27:14,KR,paid_facebook,Android
u_004720,2024-11-29 06:08:37,KR,referral,Android
u_004721,2024-11-16 02:46:24,KR,referral,Android
u_004722,2024-12-22 05:49:07,KR,paid_google,Android
u_004723,2024-11-13 08:26:24,US,cross_promo,Android
u_004724,2024-12-08 11:21:16,KR,paid_tiktok,Android
u_004725,2024-12-21 17:39:12,KR,paid_facebook,iOS
u_004726,2024-11-15 06:41:46,KR,organic,iOS
u_004727,2024-11-24 21:50:47,JP,organic,iOS
u_004728,2024-12-03 18:44:28,KR,referral,iOS
u_004729,2024-12-23 01:23:18,US,paid_google,Android
u_004730,2024-11-21 13:52:15,KR,cross_promo,iOS
u_004731,2024-12-29 20:23:49,JP,referral,Android
u_004732,2024-12-21 12:57:57,KR,organic,Android
u_004733,2024-11-18 04:00:01,JP,paid_facebook,iOS
u_004734,2024-11-18 09:59:37,JP,referral,Android
u_004735,2024-11-08 05:39:24,US,paid_google,iOS
u_004736,2024-12-12 11:22:00,KR,paid_google,iOS
u_004737,2024-12-22 14:39:43,KR,cross_promo,Android
u_004738,2024-11-10 01:25:44,JP,paid_facebook,iOS
u_004739,2024-11-26 16:57:39,US,cross_promo,iOS
u_004740,2024-11-21 04:57:25,KR,organic,iOS
u_004741,2024-12-29 07:52:33,JP,cross_promo,Android
u_004742,2024-11-07 06:58:07,KR,referral,Android
u_004743,2024-11-18 05:50:47,US,organic,Android
u_004744,2024-11-21 03:05:30,KR,paid_facebook,iOS
u_004745,2024-11-10 04:20:26,KR,paid_tiktok,Android
u_004746,2024-12-04 11:26:23,KR,referral,Android
u_004747,2024-12-29 22:26:24,JP,paid_tiktok,Android
u_004748,2024-12-05 06:23:57,KR,paid_facebook,Android
u_004749,2024-12-02 03:58:03,JP,paid_facebook,Android
u_004750,2024-11-06 21:10:21,KR,referral,Android
u_004751,2024-12-26 06:30:01,KR,paid_facebook,Android
u_004752,2024-12-04 08:05:53,JP,paid_facebook,iOS
u_004753,2024-11-08 09:40:43,JP,referral,Android
u_004754,2024-11-27 20:07:53,KR,referral,Android
u_004755,2024-11-15 03:33:44,KR,cross_promo,iOS
u_004756,2024-11-29 20:01:25,KR,referral,Android
u_004757,2024-12-21 19:20:27,KR,referral,Android
u_004758,2024-11-18 07:38:09,US,paid_tiktok,Android
u_004759,2024-12-03 00:08:51,JP,paid_tiktok,iOS
u_004760,2024-11-03 04:05:58,JP,paid_tiktok,Android
u_004761,2024-11-26 00:10:00,KR,referral,Android
u_004762,2024-12-27 22:20:58,JP,referral,iOS
u_004763,2024-11-29 02:26:32,US,paid_google,Android
u_004764,2024-11-12 06:21:19,JP,cross_promo,Android
u_004765,2024-12-31 01:43:12,US,cross_promo,iOS
u_004766,2024-11-09 21:38:47,KR,paid_facebook,Android
u_004767,2024-11-20 02:27:16,KR,paid_tiktok,Android
u_004768,2024-12-27 01:36:08,KR,referral,Android
u_004769,2024-12-27 19:35:37,JP,paid_tiktok,Android
u_004770,2024-11-23 13:19:21,JP,organic,Android
u_004771,2024-11-02 22:32:59,KR,organic,Android
u_004772,2024-11-24 06:18:41,US,paid_facebook,Android
u_004773,2024-12-08 22:36:59,JP,paid_google,Android
u_004774,2024-12-26 14:31:14,JP,organic,Android
u_004775,2024-11-07 09:10:41,KR,referral,iOS
u_004776,2024-11-16 06:18:06,KR,organic,iOS
u_004777,2024-11-29 02:07:47,KR,organic,iOS
u_004778,2024-11-27 06:30:40,KR,organic,Android
u_004779,2024-12-30 01:24:24,KR,cross_promo,Android
u_004780,2024-12-11 19:14:51,JP,referral,Android
u_004781,2024-12-07 03:50:00,JP,paid_tiktok,Android
u_004782,2024-11-30 12:29:46,KR,paid_facebook,iOS
u_004783,2024-12-06 02:20:05,KR,paid_google,Android
u_004784,2024-12-27 17:07:11,KR,organic,Android
u_004785,2024-12-02 12:32:50,JP,referral,iOS
u_004786,2024-11-11 01:07:14,US,cross_promo,Android
u_004787,2024-12-02 06:11:09,KR,paid_google,Android
u_004788,2024-12-20 19:41:02,KR,referral,Android
u_004789,2024-12-16 17:49:38,KR,paid_facebook,Android
u_004790,2024-12-12 19:35:08,JP,paid_tiktok,iOS
u_004791,2024-12-29 22:30:24,JP,cross_promo,iOS
u_004792,2024-12-07 10:52:49,US,paid_tiktok,Android
u_004793,2024-11-13 00:54:19,US,paid_facebook,Android
u_004794,2024-11-21 13:15:56,KR,organic,Android
u_004795,2024-11-05 14:23:08,KR,referral,iOS
u_004796,2024-12-15 00:04:33,KR,paid_google,iOS
u_004797,2024-11-11 10:36:50,KR,paid_google,iOS
u_004798,2024-11-09 13:51:31,KR,referral,iOS
u_004799,2024-12-31 10:11:59,JP,paid_google,Android
u_004800,2024-11-30 22:19:47,KR,cross_promo,Android
u_004801,2024-12-13 04:58:27,KR,paid_google,iOS
u_004802,2024-12-16 23:25:33,JP,referral,Android
u_004803,2024-11-01 23:07:16,KR,referral,iOS
u_004804,2024-12-04 10:03:13,US,paid_facebook,Android
u_004805,2024-11-16 03:47:25,KR,referral,Android
u_004806,2024-12-17 03:50:00,KR,organic,Android
u_004807,2024-11-12 04:00:16,KR,organic,Android
u_004808,2024-12-05 12:00:58,US,paid_google,Android
u_004809,2024-11-13 18:59:40,KR,cross_promo,iOS
u_004810,2024-11-10 05:43:30,KR,paid_google,Android
u_004811,2024-12-23 18:02:26,KR,cross_promo,iOS
u_004812,2024-12-12 02:43:56,US,paid_tiktok,Android
u_004813,2024-11-15 09:38:58,US,paid_facebook,iOS
u_004814,2024-12-06 11:37:39,US,paid_google,Android
u_004815,2024-11-11 11:54:18,JP,referral,iOS
u_004816,2024-11-16 02:41:01,KR,paid_google,Android
u_004817,2024-11-10 01:46:43,KR,paid_facebook,iOS
u_004818,2024-11-04 05:40:57,KR,referral,iOS
u_004819,2024-11-09 12:46:21,JP,referral,Android
u_004820,2024-12-07 10:43:23,KR,referral,Android
u_004821,2024-11-21 21:59:57,KR,cross_promo,Android
u_004822,2024-11-09 18:27:17,JP,organic,iOS
u_004823,2024-12-20 04:47:22,KR,paid_facebook,Android
u_004824,2024-11-30 04:47:15,KR,paid_tiktok,Android
u_004825,2024-11-18 11:17:28,KR,referral,iOS
u_004826,2024-11-18 10:43:08,US,organic,iOS
u_004827,2024-12-22 16:09:26,KR,paid_google,Android
u_004828,2024-12-02 01:45:32,JP,paid_tiktok,iOS
u_004829,2024-12-04 10:08:22,KR,cross_promo,Android
u_004830,2024-11-13 23:28:50,KR,paid_facebook,Android
u_004831,2024-12-31 22:30:08,KR,paid_google,Android
u_004832,2024-11-19 23:22:35,KR,cross_promo,Android
u_004833,2024-12-03 03:15:23,KR,cross_promo,Android
u_004834,2024-12-12 12:55:21,KR,referral,iOS
u_004835,2024-11-06 08:45:23,JP,cross_promo,iOS
u_004836,2024-11-17 06:58:38,KR,referral,Android
u_004837,2024-12-30 01:10:05,KR,cross_promo,Android
u_004838,2024-11-03 14:19:10,KR,paid_google,iOS
u_004839,2024-12-05 23:08:07,KR,organic,iOS
u_004840,2024-12-04 18:00:21,US,referral,Android
u_004841,2024-11-25 17:37:49,JP,paid_facebook,Android
u_004842,2024-11-10 12:23:26,KR,organic,Android
u_004843,2024-12-24 00:34:23,US,paid_google,Android
u_004844,2024-11-10 07:45:37,JP,paid_facebook,Android
u_004845,2024-12-09 05:06:46,KR,cross_promo,iOS
u_004846,2024-12-16 05:45:23,KR,cross_promo,iOS
u_004847,2024-11-23 17:56:03,KR,paid_facebook,Android
u_004848,2024-11-26 04:32:47,KR,referral,Android
u_004849,2024-11-21 02:35:06,KR,cross_promo,Android
u_004850,2024-11-27 19:42:33,KR,organic,Android
u_004851,2024-12-15 20:55:32,KR,referral,iOS
u_004852,2024-12-28 16:25:20,KR,organic,iOS
u_004853,2024-12-20 03:05:37,KR,paid_facebook,iOS
u_004854,2024-11-07 23:16:47,KR,paid_tiktok,iOS
u_004855,2024-11-02 16:58:35,KR,cross_promo,Android
u_004856,2024-11-12 07:42:53,KR,referral,iOS
u_004857,2024-11-27 10:19:59,KR,paid_facebook,Android
u_004858,2024-11-28 23:22:45,JP,organic,Android
u_004859,2024-12-04 08:38:40,JP,paid_google,Android
u_004860,2024-12-08 23:33:14,US,cross_promo,Android
u_004861,2024-11-16 21:40:41,JP,referral,Android
u_004862,2024-11-24 10:54:57,US,cross_promo,Android
u_004863,2024-11-22 20:53:59,JP,referral,Android
u_004864,2024-12-25 18:16:43,KR,paid_tiktok,Android
u_004865,2024-11-29 06:09:06,US,cross_promo,Android
u_004866,2024-11-09 03:08:19,KR,referral,Android
u_004867,2024-11-04 11:33:27,KR,cross_promo,Android
u_004868,2024-12-16 17:22:39,JP,paid_facebook,Android
u_004869,2024-12-17 09:53:54,KR,paid_google,Android
u_004870,2024-11-21 00:23:09,KR,cross_promo,Android
u_004871,2024-12-15 14:32:05,JP,referral,iOS
u_004872,2024-12-29 00:51:47,KR,paid_google,Android
u_004873,2024-11-08 17:53:14,US,paid_facebook,Android
u_004874,2024-12-04 10:42:55,US,organic,iOS
u_004875,2024-11-10 03:52:49,JP,paid_facebook,iOS
u_004876,2024-11-02 10:19:18,KR,cross_promo,Android
u_004877,2024-11-08 08:06:41,KR,paid_facebook,iOS
u_004878,2024-11-18 22:36:30,JP,paid_google,Android
u_004879,2024-11-18 09:44:49,JP,paid_facebook,Android
u_004880,2024-12-20 22:13:54,KR,referral,iOS
u_004881,2024-11-22 07:03:43,KR,paid_facebook,Android
u_004882,2024-11-07 14:04:46,KR,organic,Android
u_004883,2024-11-07 07:13:06,JP,paid_google,iOS
u_004884,2024-12-03 00:26:51,KR,paid_facebook,iOS
u_004885,2024-12-02 15:29:37,US,paid_facebook,Android
u_004886,2024-11-02 07:34:05,KR,paid_facebook,Android
u_004887,2024-11-30 17:59:52,KR,paid_facebook,iOS
u_004888,2024-11-29 21:25:39,US,organic,Android
u_004889,2024-11-13 04:26:49,US,organic,Android
u_004890,2024-12-12 05:05:00,KR,referral,Android
u_004891,2024-12-28 13:26:43,KR,paid_tiktok,Android
u_004892,2024-11-26 13:56:59,KR,cross_promo,Android
u_004893,2024-11-21 08:22:28,JP,paid_google,iOS
u_004894,2024-11-28 18:41:55,KR,paid_facebook,iOS
u_004895,2024-11-08 04:15:01,KR,cross_promo,Android
u_004896,2024-12-02 23:06:20,KR,referral,Android
u_004897,2024-12-01 19:10:32,US,paid_google,iOS
u_004898,2024-12-18 15:01:10,KR,organic,iOS
u_004899,2024-11-27 11:02:09,KR,referral,iOS
u_004900,2024-12-26 12:27:27,JP,organic,Android
u_004901,2024-12-11 03:58:46,JP,paid_facebook,Android
u_004902,2024-12-06 12:21:29,KR,cross_promo,Android
u_004903,2024-11-08 19:50:49,JP,cross_promo,iOS
u_004904,2024-11-03 15:55:26,JP,paid_facebook,Android
u_004905,2024-11-05 16:12:13,KR,paid_google,iOS
u_004906,2024-12-07 21:51:17,US,organic,iOS
u_004907,2024-12-03 20:32:09,JP,cross_promo,iOS
u_004908,2024-11-22 11:29:17,US,organic,iOS
u_004909,2024-11-03 02:51:06,KR,paid_google,iOS
u_004910,2024-12-18 11:28:44,JP,organic,Android
u_004911,2024-11-22 10:55:01,JP,paid_facebook,Android
u_004912,2024-12-02 08:46:58,KR,paid_google,Android
u_004913,2024-12-24 13:37:27,JP,referral,Android
u_004914,2024-12-10 18:30:39,KR,paid_tiktok,Android
u_004915,2024-12-15 07:56:59,US,cross_promo,Android
u_004916,2024-11-06 04:52:26,US,paid_tiktok,Android
u_004917,2024-12-30 14:52:23,KR,cross_promo,Android
u_004918,2024-12-31 09:53:32,JP,paid_facebook,Android
u_004919,2024-12-20 19:33:47,KR,paid_facebook,Android
u_004920,2024-11-15 05:43:39,JP,cross_promo,Android
u_004921,2024-11-02 01:57:20,JP,referral,iOS
u_004922,2024-11-18 16:14:18,US,paid_facebook,Android
u_004923,2024-11-09 00:22:15,KR,paid_facebook,Android
u_004924,2024-12-01 17:52:46,JP,paid_facebook,Android
u_004925,2024-11-29 06:49:44,JP,paid_facebook,Android
u_004926,2024-12-17 20:00:17,KR,cross_promo,iOS
u_004927,2024-12-17 02:48:22,KR,paid_tiktok,Android
u_004928,2024-12-08 20:32:06,JP,organic,Android
u_004929,2024-11-24 19:50:47,US,cross_promo,iOS
u_004930,2024-12-11 20:38:12,JP,paid_google,iOS
u_004931,2024-12-17 16:29:37,US,organic,Android
u_004932,2024-12-20 06:10:58,KR,paid_tiktok,Android
u_004933,2024-11-21 07:56:20,KR,cross_promo,iOS
u_004934,2024-11-03 10:02:27,KR,paid_google,iOS
u_004935,2024-12-17 21:03:59,KR,referral,Android
u_004936,2024-12-01 20:57:51,KR,paid_tiktok,Android
u_004937,2024-12-12 08:30:35,KR,paid_google,Android
u_004938,2024-12-07 01:00:32,KR,referral,iOS
u_004939,2024-11-20 16:21:13,US,cross_promo,iOS
u_004940,2024-11-26 17:42:41,JP,paid_tiktok,Android
u_004941,2024-12-05 07:53:00,KR,organic,Android
u_004942,2024-12-04 05:38:03,JP,paid_google,iOS
u_004943,2024-11-18 13:50:26,KR,paid_facebook,Android
u_004944,2024-11-13 19:17:22,KR,organic,Android
u_004945,2024-11-13 16:14:45,JP,organic,Android
u_004946,2024-12-01 19:25:10,KR,paid_facebook,Android
u_004947,2024-12-24 18:07:02,JP,referral,Android
u_004948,2024-11-29 00:38:14,KR,cross_promo,iOS
u_004949,2024-12-15 11:04:07,US,organic,Android
u_004950,2024-11-02 18:56:12,JP,paid_facebook,iOS
u_004951,2024-12-17 03:01:38,KR,paid_tiktok,iOS
u_004952,2024-12-19 10:03:41,KR,referral,iOS
u_004953,2024-11-21 04:55:54,KR,paid_facebook,iOS
u_004954,2024-11-02 01:29:34,KR,organic,iOS
u_004955,2024-12-19 20:34:13,KR,organic,iOS
u_004956,2024-11-12 19:20:02,KR,paid_tiktok,Android
u_004957,2024-11-10 03:26:10,US,paid_tiktok,iOS
u_004958,2024-12-16 02:11:08,JP,paid_tiktok,Android
u_004959,2024-12-01 03:48:33,JP,referral,Android
u_004960,2024-12-30 13:26:57,US,paid_google,iOS
u_004961,2024-11-15 11:56:31,US,referral,Android
u_004962,2024-12-27 05:31:02,KR,cross_promo,Android
u_004963,2024-12-05 06:32:52,JP,paid_google,iOS
u_004964,2024-12-15 09:16:35,KR,paid_google,Android
u_004965,2024-12-06 17:23:22,JP,cross_promo,Android
u_004966,2024-11-13 08:40:10,KR,paid_facebook,Android
u_004967,2024-12-15 00:05:43,JP,organic,iOS
u_004968,2024-12-21 06:20:43,KR,paid_google,iOS
u_004969,2024-11-18 03:00:29,JP,paid_google,Android
u_004970,2024-12-27 08:09:18,KR,cross_promo,Android
u_004971,2024-11-29 08:05:21,KR,cross_promo,Android
u_004972,2024-12-01 14:29:26,JP,organic,Android
u_004973,2024-11-03 09:54:33,JP,paid_google,Android
u_004974,2024-12-01 08:39:55,KR,paid_facebook,Android
u_004975,2024-12-12 08:43:36,US,organic,Android
u_004976,2024-12-18 07:29:32,KR,organic,Android
u_004977,2024-11-01 18:28:53,KR,paid_tiktok,iOS
u_004978,2024-12-18 00:45:29,US,cross_promo,iOS
u_004979,2024-12-30 10:58:25,JP,paid_google,Android
u_004980,2024-12-19 02:42:08,JP,referral,Android
u_004981,2024-11-25 17:15:53,KR,paid_tiktok,iOS
u_004982,2024-11-15 20:24:47,US,paid_google,Android
u_004983,2024-12-12 05:55:38,JP,paid_facebook,Android
u_004984,2024-11-29 20:30:14,JP,referral,iOS
u_004985,2024-11-11 19:59:50,KR,cross_promo,Android
u_004986,2024-11-08 22:25:05,US,paid_google,Android
u_004987,2024-11-03 21:41:32,US,paid_facebook,Android
u_004988,2024-11-21 13:36:43,JP,cross_promo,iOS
u_004989,2024-11-11 05:00:29,KR,paid_google,iOS
u_004990,2024-12-28 12:47:47,US,paid_tiktok,Android
u_004991,2024-12-30 03:53:38,KR,cross_promo,Android
u_004992,2024-12-20 22:00:19,US,paid_facebook,Android
u_004993,2024-11-12 07:47:51,KR,paid_google,iOS
u_004994,2024-11-17 18:08:39,KR,referral,Android
u_004995,2024-12-12 00:13:52,US,paid_facebook,Android
u_004996,2024-11-27 01:20:48,KR,paid_tiktok,iOS
u_004997,2024-11-26 23:18:08,KR,referral,iOS
u_004998,2024-11-08 06:03:21,KR,cross_promo,iOS
u_004999,2024-12-27 00:32:10,US,paid_tiktok,Android
u_005000,2024-12-26 21:20:38,KR,referral,Android
u_005001,2024-11-29 01:11:51,KR,paid_facebook,Android
u_005002,2024-11-22 13:42:36,KR,paid_facebook,Android
u_005003,2024-11-11 00:45:35,US,organic,Android
u_005004,2024-11-20 21:30:31,JP,cross_promo,iOS
u_005005,2024-11-05 12:15:53,KR,paid_facebook,Android
u_005006,2024-11-26 20:46:58,JP,referral,Android
u_005007,2024-12-29 21:19:08,KR,paid_google,iOS
u_005008,2024-11-02 10:14:07,US,referral,Android
u_005009,2024-12-23 17:28:59,JP,paid_facebook,iOS
u_005010,2024-12-11 07:14:37,US,organic,iOS
u_005011,2024-12-28 23:24:40,JP,referral,Android
u_005012,2024-12-15 18:29:04,KR,organic,Android
u_005013,2024-12-12 06:52:47,JP,referral,iOS
u_005014,2024-11-02 09:15:24,US,paid_google,Android
u_005015,2024-11-29 02:19:53,JP,paid_facebook,iOS
u_005016,2024-11-14 22:39:40,KR,paid_facebook,Android
u_005017,2024-12-26 03:09:39,JP,paid_facebook,Android
u_005018,2024-11-07 14:06:20,JP,cross_promo,iOS
u_005019,2024-11-26 09:29:28,KR,organic,Android
u_005020,2024-11-18 06:31:19,KR,paid_google,Android
u_005021,2024-11-29 08:27:34,US,paid_facebook,Android
u_005022,2024-11-02 05:48:22,US,paid_google,Android
u_005023,2024-12-13 14:10:03,JP,paid_facebook,iOS
u_005024,2024-12-18 21:33:57,JP,paid_tiktok,iOS
u_005025,2024-12-10 15:59:11,US,paid_tiktok,iOS
u_005026,2024-11-15 01:33:33,JP,organic,iOS
u_005027,2024-11-03 03:13:51,KR,organic,Android
u_005028,2024-12-13 23:45:36,US,paid_facebook,Android
u_005029,2024-12-28 21:07:25,US,paid_facebook,iOS
u_005030,2024-11-20 19:00:58,KR,referral,iOS
u_005031,2024-12-05 12:34:29,KR,organic,Android
u_005032,2024-11-10 16:14:55,KR,cross_promo,Android
u_005033,2024-11-05 07:48:09,JP,organic,iOS
u_005034,2024-11-03 04:09:45,US,paid_facebook,Android
u_005035,2024-11-04 00:13:59,KR,organic,Android
u_005036,2024-11-24 08:59:42,KR,paid_tiktok,Android
u_005037,2024-12-29 18:21:36,KR,paid_google,Android
u_005038,2024-12-27 21:02:53,KR,paid_facebook,Android
u_005039,2024-12-01 09:01:42,US,organic,Android
u_005040,2024-12-08 03:03:20,KR,paid_tiktok,iOS
u_005041,2024-12-30 02:45:29,US,organic,iOS
u_005042,2024-11-25 16:43:47,KR,organic,Android
u_005043,2024-11-10 16:01:14,KR,paid_google,Android
u_005044,2024-12-15 16:50:20,JP,paid_google,iOS
u_005045,2024-11-16 07:12:23,KR,paid_tiktok,Android
u_005046,2024-12-10 13:41:20,KR,paid_facebook,iOS
u_005047,2024-11-15 20:46:14,KR,paid_google,iOS
u_005048,2024-11-12 23:38:38,KR,cross_promo,Android
u_005049,2024-11-02 23:25:16,JP,paid_facebook,Android
u_005050,2024-12-12 12:40:48,JP,paid_facebook,Android
u_005051,2024-12-26 10:59:53,JP,paid_google,Android
u_005052,2024-12-12 11:19:26,KR,cross_promo,iOS
u_005053,2024-12-07 15:58:21,KR,paid_tiktok,Android
u_005054,2024-11-29 16:22:31,KR,paid_tiktok,Android
u_005055,2024-12-14 04:33:27,JP,referral,iOS
u_005056,2024-12-22 08:19:04,KR,paid_facebook,iOS
u_005057,2024-11-03 12:31:29,JP,paid_tiktok,iOS
u_005058,2024-11-12 03:54:52,US,cross_promo,Android
u_005059,2024-11-02 15:32:12,JP,paid_tiktok,Android
u_005060,2024-11-08 14:37:23,KR,cross_promo,Android
u_005061,2024-11-07 14:03:46,JP,paid_google,Android
u_005062,2024-11-29 08:48:32,KR,referral,Android
u_005063,2024-11-27 08:40:36,US,referral,Android
u_005064,2024-12-08 04:45:43,KR,paid_tiktok,Android
u_005065,2024-11-08 00:55:57,KR,organic,Android
u_005066,2024-11-26 13:26:07,JP,cross_promo,Android
u_005067,2024-11-09 06:39:45,KR,paid_facebook,Android
u_005068,2024-12-07 15:00:07,KR,paid_tiktok,Android
u_005069,2024-12-18 07:34:39,US,organic,iOS
u_005070,2024-11-18 02:01:21,JP,referral,Android
u_005071,2024-11-12 02:16:40,JP,organic,iOS
u_005072,2024-11-03 05:24:01,KR,paid_facebook,Android
u_005073,2024-11-03 08:57:57,JP,paid_google,Android
u_005074,2024-11-12 16:03:07,JP,paid_facebook,iOS
u_005075,2024-11-24 19:50:20,JP,organic,iOS
u_005076,2024-12-02 09:23:34,KR,organic,Android
u_005077,2024-12-21 20:24:36,KR,cross_promo,iOS
u_005078,2024-11-10 04:34:03,KR,paid_tiktok,Android
u_005079,2024-11-28 15:13:08,US,referral,iOS
u_005080,2024-11-30 10:05:10,KR,cross_promo,Android
u_005081,2024-11-13 17:46:41,US,cross_promo,Android
u_005082,2024-12-14 14:14:24,KR,organic,iOS
u_005083,2024-12-06 03:37:39,JP,cross_promo,Android
u_005084,2024-12-09 22:42:17,KR,referral,Android
u_005085,2024-12-18 23:22:33,JP,paid_facebook,Android
u_005086,2024-12-19 08:42:19,KR,organic,Android
u_005087,2024-12-17 00:45:04,KR,paid_facebook,Android
u_005088,2024-12-20 13:28:34,KR,paid_facebook,iOS
u_005089,2024-12-13 12:01:56,KR,referral,Android
u_005090,2024-11-02 13:11:53,KR,paid_tiktok,Android
u_005091,2024-12-07 20:49:30,KR,organic,iOS
u_005092,2024-11-07 21:13:23,JP,paid_tiktok,Android
u_005093,2024-12-04 19:19:03,KR,organic,iOS
u_005094,2024-11-17 23:56:27,KR,organic,Android
u_005095,2024-12-07 07:16:46,KR,paid_google,iOS
u_005096,2024-11-22 11:05:45,KR,organic,Android
u_005097,2024-11-21 12:14:10,KR,paid_google,Android
u_005098,2024-11-22 09:41:03,KR,paid_google,Android
u_005099,2024-12-13 06:41:29,US,paid_google,iOS
u_005100,2024-12-19 02:34:30,KR,cross_promo,Android
u_005101,2024-12-02 07:33:16,KR,referral,Android
u_005102,2024-12-14 08:39:45,JP,paid_google,Android
u_005103,2024-11-27 09:54:29,KR,referral,Android
u_005104,2024-12-11 15:07:25,KR,cross_promo,Android
u_005105,2024-11-16 20:42:52,KR,organic,iOS
u_005106,2024-12-04 21:06:56,KR,cross_promo,Android
u_005107,2024-12-20 18:00:00,KR,paid_google,Android
u_005108,2024-12-12 19:15:40,US,referral,Android
u_005109,2024-11-12 15:21:06,US,organic,iOS
u_005110,2024-11-01 17:37:38,US,organic,Android
u_005111,2024-11-29 21:20:45,KR,referral,Android
u_005112,2024-12-21 19:31:52,JP,paid_facebook,iOS
u_005113,2024-12-25 10:10:51,US,organic,Android
u_005114,2024-12-27 04:35:33,KR,paid_google,Android
u_005115,2024-12-06 05:39:05,KR,paid_facebook,Android
u_005116,2024-12-10 16:27:27,KR,paid_tiktok,Android
u_005117,2024-12-26 17:56:56,JP,referral,Android
u_005118,2024-12-28 09:19:01,KR,cross_promo,Android
u_005119,2024-11-16 10:59:20,US,paid_tiktok,Android
u_005120,2024-12-19 03:20:15,KR,referral,Android
u_005121,2024-12-07 02:24:32,KR,cross_promo,Android
u_005122,2024-12-24 03:16:05,KR,paid_tiktok,Android
u_005123,2024-11-23 19:46:51,KR,organic,Android
u_005124,2024-11-20 08:55:14,JP,referral,iOS
u_005125,2024-11-29 09:40:39,US,paid_facebook,Android
u_005126,2024-12-28 21:01:32,KR,cross_promo,Android
u_005127,2024-12-02 23:16:48,JP,cross_promo,Android
u_005128,2024-11-13 08:04:39,JP,paid_tiktok,iOS
u_005129,2024-12-08 19:21:58,KR,paid_tiktok,iOS
u_005130,2024-12-15 16:38:46,KR,referral,Android
u_005131,2024-12-29 18:06:56,KR,paid_tiktok,Android
u_005132,2024-11-18 08:27:29,US,paid_google,iOS
u_005133,2024-11-15 17:35:24,KR,referral,Android
u_005134,2024-11-09 14:17:08,JP,paid_facebook,Android
u_005135,2024-12-29 19:53:55,JP,organic,Android
u_005136,2024-11-21 01:09:42,JP,organic,Android
u_005137,2024-11-13 06:39:31,JP,paid_facebook,iOS
u_005138,2024-11-17 16:45:49,JP,paid_facebook,Android
u_005139,2024-11-02 15:11:07,JP,referral,Android
u_005140,2024-11-19 04:38:48,US,organic,iOS
u_005141,2024-12-21 06:41:33,KR,organic,iOS
u_005142,2024-11-21 02:57:34,US,referral,Android
u_005143,2024-12-31 01:22:13,JP,paid_tiktok,iOS
u_005144,2024-12-25 03:02:41,JP,referral,Android
u_005145,2024-11-10 04:49:43,JP,organic,Android
u_005146,2024-12-01 21:53:11,KR,paid_google,Android
u_005147,2024-11-14 00:15:36,JP,referral,Android
u_005148,2024-11-03 06:44:54,KR,paid_tiktok,Android
u_005149,2024-11-15 02:06:13,KR,referral,iOS
u_005150,2024-11-06 03:42:24,JP,referral,Android
u_005151,2024-11-11 11:40:10,US,paid_facebook,Android
u_005152,2024-12-01 07:07:11,JP,paid_tiktok,Android
u_005153,2024-12-05 09:42:17,KR,paid_facebook,iOS
u_005154,2024-12-30 20:09:13,JP,paid_tiktok,Android
u_005155,2024-12-02 10:07:17,US,paid_facebook,Android
u_005156,2024-11-19 03:32:22,JP,organic,Android
u_005157,2024-11-14 03:20:01,US,organic,Android
u_005158,2024-11-19 04:22:11,US,cross_promo,Android
u_005159,2024-12-01 00:39:10,KR,organic,Android
u_005160,2024-11-26 13:33:29,US,referral,Android
u_005161,2024-12-21 06:15:59,US,cross_promo,iOS
u_005162,2024-11-05 08:33:08,KR,paid_facebook,Android
u_005163,2024-12-23 23:09:59,KR,referral,Android
u_005164,2024-11-15 16:57:51,KR,cross_promo,iOS
u_005165,2024-11-07 05:58:21,JP,organic,Android
u_005166,2024-12-03 06:59:30,US,referral,Android
u_005167,2024-12-28 01:37:42,KR,referral,Android
u_005168,2024-11-08 16:18:36,JP,paid_google,iOS
u_005169,2024-12-14 08:39:18,JP,organic,Android
u_005170,2024-11-12 17:55:46,US,referral,Android
u_005171,2024-12-21 07:06:10,JP,paid_google,iOS
u_005172,2024-11-23 14:07:57,JP,paid_facebook,Android
u_005173,2024-11-29 12:31:57,KR,cross_promo,iOS
u_005174,2024-12-05 11:06:45,KR,organic,Android
u_005175,2024-11-10 19:48:09,KR,paid_tiktok,Android
u_005176,2024-11-08 18:26:32,KR,paid_facebook,Android
u_005177,2024-12-04 11:10:35,US,paid_google,iOS
u_005178,2024-12-06 21:10:16,KR,organic,iOS
u_005179,2024-12-01 10:42:12,KR,paid_google,Android
u_005180,2024-11-04 04:33:03,KR,referral,iOS
u_005181,2024-11-28 08:09:16,KR,paid_tiktok,Android
u_005182,2024-12-08 09:55:26,KR,referral,Android
u_005183,2024-11-10 11:54:06,US,paid_facebook,Android
u_005184,2024-12-20 06:38:55,JP,paid_google,Android
u_005185,2024-12-02 11:00:37,JP,organic,iOS
u_005186,2024-11-29 03:09:07,US,paid_google,Android
u_005187,2024-11-29 11:36:01,JP,paid_google,iOS
u_005188,2024-12-23 14:44:20,KR,paid_tiktok,Android
u_005189,2024-11-02 02:47:29,KR,paid_facebook,iOS
u_005190,2024-11-02 11:05:33,KR,paid_facebook,iOS
u_005191,2024-12-08 06:10:05,US,organic,Android
u_005192,2024-12-05 00:29:17,KR,cross_promo,iOS
u_005193,2024-11-20 03:37:57,JP,cross_promo,Android
u_005194,2024-12-08 14:31:56,KR,cross_promo,Android
u_005195,2024-11-20 05:57:05,KR,organic,iOS
u_005196,2024-12-06 11:34:01,KR,organic,iOS
u_005197,2024-12-16 22:27:06,KR,cross_promo,Android
u_005198,2024-12-27 18:27:48,JP,organic,iOS
u_005199,2024-11-12 22:35:21,KR,referral,Android
u_005200,2024-11-05 09:55:02,KR,organic,Android
u_005201,2024-12-23 11:19:15,US,referral,Android
u_005202,2024-11-26 18:58:19,KR,cross_promo,Android
u_005203,2024-12-21 09:56:12,JP,paid_tiktok,iOS
u_005204,2024-12-19 15:04:09,KR,referral,iOS
u_005205,2024-11-22 22:56:28,KR,referral,iOS
u_005206,2024-12-05 08:32:37,KR,paid_tiktok,iOS
u_005207,2024-12-17 12:19:43,US,referral,iOS
u_005208,2024-11-28 10:27:52,JP,referral,iOS
u_005209,2024-11-10 03:11:28,US,paid_facebook,Android
u_005210,2024-11-03 07:43:44,JP,referral,Android
u_005211,2024-12-24 04:10:20,JP,paid_facebook,iOS
u_005212,2024-12-12 06:19:30,KR,paid_facebook,Android
u_005213,2024-11-03 19:04:58,JP,referral,Android
u_005214,2024-12-01 17:26:44,JP,referral,Android
u_005215,2024-12-21 22:41:23,KR,paid_google,Android
u_005216,2024-12-18 22:24:13,JP,paid_facebook,Android
u_005217,2024-11-06 23:14:14,KR,cross_promo,Android
u_005218,2024-12-17 06:26:01,KR,paid_tiktok,iOS
u_005219,2024-12-22 20:27:33,US,organic,Android
u_005220,2024-12-10 14:27:37,KR,paid_facebook,iOS
u_005221,2024-12-03 09:46:41,JP,cross_promo,Android
u_005222,2024-11-22 14:10:40,JP,paid_google,Android
u_005223,2024-11-25 11:51:45,KR,paid_facebook,Android
u_005224,2024-11-25 00:12:31,JP,paid_facebook,Android
u_005225,2024-12-30 18:48:24,KR,paid_tiktok,iOS
u_005226,2024-11-21 21:03:45,KR,referral,Android
u_005227,2024-11-22 05:32:02,KR,organic,Android
u_005228,2024-12-08 18:19:19,KR,cross_promo,Android
u_005229,2024-11-08 03:57:12,US,referral,iOS
u_005230,2024-12-31 02:07:23,US,paid_google,iOS
u_005231,2024-11-09 10:47:36,KR,organic,Android
u_005232,2024-11-30 18:15:39,KR,referral,Android
u_005233,2024-12-05 23:41:48,JP,referral,iOS
u_005234,2024-12-07 05:15:09,KR,organic,Android
u_005235,2024-12-18 15:23:47,KR,cross_promo,iOS
u_005236,2024-12-27 05:10:21,KR,organic,Android
u_005237,2024-12-07 23:25:30,JP,organic,Android
u_005238,2024-12-31 15:16:30,JP,paid_tiktok,iOS
u_005239,2024-12-02 01:22:32,US,paid_google,iOS
u_005240,2024-12-15 00:05:00,US,referral,Android
u_005241,2024-12-03 15:48:42,US,organic,iOS
u_005242,2024-12-04 06:34:07,JP,paid_tiktok,iOS
u_005243,2024-11-18 17:42:30,KR,referral,Android
u_005244,2024-11-24 07:39:59,US,cross_promo,Android
u_005245,2024-11-25 15:00:52,KR,cross_promo,Android
u_005246,2024-11-01 18:38:21,KR,referral,iOS
u_005247,2024-12-27 06:37:47,KR,organic,Android
u_005248,2024-12-30 11:53:55,US,paid_google,iOS
u_005249,2024-12-04 16:26:13,KR,paid_google,Android
u_005250,2024-12-09 07:46:15,KR,paid_facebook,iOS
u_005251,2024-11-14 14:01:54,US,cross_promo,Android
u_005252,2024-12-15 00:46:12,KR,paid_google,Android
u_005253,2024-11-10 15:13:34,JP,referral,Android
u_005254,2024-12-15 05:55:55,US,paid_tiktok,iOS
u_005255,2024-11-23 20:47:27,KR,paid_facebook,iOS
u_005256,2024-12-09 05:55:40,KR,organic,Android
u_005257,2024-12-25 10:44:20,KR,cross_promo,Android
u_005258,2024-12-23 02:03:33,JP,paid_google,Android
u_005259,2024-12-02 15:56:57,KR,paid_facebook,iOS
u_005260,2024-12-30 09:46:03,KR,organic,Android
u_005261,2024-12-11 10:08:23,KR,referral,iOS
u_005262,2024-12-22 22:02:03,KR,paid_google,Android
u_005263,2024-11-24 14:00:36,JP,paid_google,iOS
u_005264,2024-12-11 13:30:57,US,paid_facebook,Android
u_005265,2024-11-08 07:36:09,JP,organic,Android
u_005266,2024-12-17 20:29:46,JP,cross_promo,Android
u_005267,2024-12-31 22:22:59,JP,cross_promo,Android
u_005268,2024-12-31 07:18:40,KR,paid_facebook,iOS
u_005269,2024-12-09 00:01:47,JP,paid_tiktok,Android
u_005270,2024-12-28 18:22:12,KR,paid_facebook,Android
u_005271,2024-11-25 09:27:18,JP,paid_tiktok,Android
u_005272,2024-11-07 18:39:09,JP,cross_promo,Android
u_005273,2024-11-25 11:42:10,KR,referral,iOS
u_005274,2024-12-20 11:22:52,US,cross_promo,iOS
u_005275,2024-12-06 19:38:46,KR,cross_promo,Android
u_005276,2024-11-20 00:35:35,KR,referral,Android
u_005277,2024-12-16 00:53:25,KR,paid_google,iOS
u_005278,2024-11-21 18:27:12,KR,paid_google,Android
u_005279,2024-11-30 00:10:46,KR,paid_tiktok,iOS
u_005280,2024-11-06 08:09:52,KR,paid_tiktok,Android
u_005281,2024-12-06 06:46:49,JP,paid_google,Android
u_005282,2024-12-27 02:17:35,KR,cross_promo,Android
u_005283,2024-12-10 06:17:32,US,paid_google,Android
u_005284,2024-12-24 11:23:14,KR,organic,Android
u_005285,2024-11-07 13:17:57,KR,paid_facebook,Android
u_005286,2024-11-13 08:07:43,KR,paid_google,Android
u_005287,2024-11-20 12:35:13,JP,referral,Android
u_005288,2024-12-30 18:53:03,US,paid_facebook,Android
u_005289,2024-11-24 02:39:28,US,paid_google,Android
u_005290,2024-12-13 12:13:11,KR,cross_promo,Android
u_005291,2024-12-16 19:53:28,KR,paid_google,Android
u_005292,2024-11-25 23:41:12,KR,cross_promo,Android
u_005293,2024-12-29 13:18:32,JP,paid_facebook,iOS
u_005294,2024-11-25 03:38:24,JP,organic,iOS
u_005295,2024-11-16 09:43:43,KR,paid_google,Android
u_005296,2024-11-09 16:32:36,KR,paid_facebook,iOS
u_005297,2024-12-03 17:10:06,US,paid_google,iOS
u_005298,2024-11-17 20:28:55,JP,paid_tiktok,Android
u_005299,2024-11-06 11:49:36,JP,paid_facebook,Android
u_005300,2024-11-30 06:15:59,JP,paid_facebook,Android
u_005301,2024-11-16 19:03:00,JP,paid_google,iOS
u_005302,2024-11-17 15:45:09,JP,paid_tiktok,Android
u_005303,2024-12-17 07:08:57,KR,organic,Android
u_005304,2024-11-10 22:11:20,US,paid_facebook,Android
u_005305,2024-12-09 07:49:53,KR,organic,Android
u_005306,2024-11-21 14:31:50,KR,paid_facebook,iOS
u_005307,2024-12-06 02:16:06,US,cross_promo,Android
u_005308,2024-11-15 05:38:52,JP,referral,iOS
u_005309,2024-12-28 06:53:08,KR,organic,Android
u_005310,2024-11-09 19:01:33,KR,paid_facebook,Android
u_005311,2024-11-10 14:23:39,KR,cross_promo,Android
u_005312,2024-12-01 20:35:15,KR,paid_tiktok,iOS
u_005313,2024-12-24 11:08:23,KR,cross_promo,Android
u_005314,2024-12-19 10:24:13,US,cross_promo,Android
u_005315,2024-11-13 14:26:31,KR,cross_promo,Android
u_005316,2024-12-12 22:15:37,JP,paid_facebook,Android
u_005317,2024-11-26 15:48:51,JP,paid_google,Android
u_005318,2024-11-11 13:34:18,KR,paid_google,iOS
u_005319,2024-11-25 10:41:45,KR,paid_google,Android
u_005320,2024-12-10 03:32:58,KR,organic,iOS
u_005321,2024-12-08 10:11:24,KR,paid_facebook,Android
u_005322,2024-11-11 12:24:44,KR,cross_promo,Android
u_005323,2024-11-23 22:09:53,KR,cross_promo,Android
u_005324,2024-12-26 17:51:53,KR,paid_google,iOS
u_005325,2024-11-04 21:37:34,JP,referral,iOS
u_005326,2024-11-09 03:04:43,JP,cross_promo,Android
u_005327,2024-11-13 10:36:08,US,paid_google,Android
u_005328,2024-12-20 08:24:42,JP,organic,Android
u_005329,2024-11-24 19:20:21,KR,paid_facebook,iOS
u_005330,2024-12-11 19:21:44,US,paid_facebook,Android
u_005331,2024-11-17 04:00:10,JP,paid_google,Android
u_005332,2024-11-21 12:01:39,KR,paid_google,iOS
u_005333,2024-12-30 15:48:03,KR,paid_facebook,iOS
u_005334,2024-12-11 21:07:07,KR,referral,Android
u_005335,2024-12-04 14:08:28,KR,paid_google,Android
u_005336,2024-11-23 05:05:26,US,paid_google,Android
u_005337,2024-11-24 16:13:19,KR,paid_google,Android
u_005338,2024-11-09 02:37:06,KR,paid_facebook,Android
u_005339,2024-12-26 10:05:29,KR,paid_google,Android
u_005340,2024-11-03 18:02:36,KR,paid_facebook,Android
u_005341,2024-12-30 20:57:14,KR,cross_promo,Android
u_005342,2024-11-08 23:25:03,US,referral,Android
u_005343,2024-12-29 04:37:05,US,paid_google,iOS
u_005344,2024-12-19 23:36:18,KR,organic,Android
u_005345,2024-11-05 07:12:29,KR,referral,Android
u_005346,2024-12-03 05:22:24,KR,referral,iOS
u_005347,2024-11-03 10:20:16,JP,cross_promo,Android
u_005348,2024-11-04 23:58:33,JP,paid_tiktok,Android
u_005349,2024-11-01 02:20:16,US,organic,Android
u_005350,2024-12-10 16:59:10,KR,paid_facebook,Android
u_005351,2024-12-13 17:45:10,US,paid_facebook,iOS
u_005352,2024-11-13 17:45:07,KR,paid_google,iOS
u_005353,2024-11-01 21:49:36,KR,referral,Android
u_005354,2024-12-06 13:55:46,KR,paid_tiktok,Android
u_005355,2024-12-17 10:53:04,JP,cross_promo,Android
u_005356,2024-11-05 23:45:45,KR,referral,Android
u_005357,2024-11-12 04:34:40,JP,paid_tiktok,Android
u_005358,2024-11-16 04:30:08,US,cross_promo,iOS
u_005359,2024-12-01 11:43:45,KR,paid_facebook,Android
u_005360,2024-12-21 23:32:33,JP,paid_facebook,Android
u_005361,2024-11-27 14:30:53,US,cross_promo,Android
u_005362,2024-12-11 21:47:37,US,paid_facebook,Android
u_005363,2024-11-28 06:39:40,JP,paid_tiktok,Android
u_005364,2024-11-06 02:31:02,JP,paid_facebook,iOS
u_005365,2024-11-25 22:18:53,KR,cross_promo,iOS
u_005366,2024-11-22 03:22:03,US,paid_facebook,iOS
u_005367,2024-12-10 23:45:09,JP,paid_google,Android
u_005368,2024-12-04 23:49:42,KR,organic,Android
u_005369,2024-11-08 11:22:53,KR,cross_promo,Android
u_005370,2024-11-22 05:52:41,KR,paid_google,iOS
u_005371,2024-11-23 21:40:34,JP,paid_facebook,iOS
u_005372,2024-11-08 06:07:33,JP,paid_google,Android
u_005373,2024-12-30 19:31:20,KR,organic,Android
u_005374,2024-12-22 05:13:40,KR,paid_tiktok,Android
u_005375,2024-12-07 20:25:06,JP,organic,Android
u_005376,2024-12-20 07:51:23,KR,referral,iOS
u_005377,2024-12-09 00:57:51,JP,referral,iOS
u_005378,2024-11-09 16:53:48,US,paid_facebook,Android
u_005379,2024-11-18 02:23:05,KR,paid_google,Android
u_005380,2024-12-12 01:43:18,KR,cross_promo,iOS
u_005381,2024-12-19 06:46:11,KR,paid_tiktok,Android
u_005382,2024-12-22 10:05:11,JP,paid_google,Android
u_005383,2024-11-09 04:28:39,KR,paid_google,Android
u_005384,2024-12-15 04:48:47,US,paid_facebook,Android
u_005385,2024-11-18 04:45:57,KR,paid_tiktok,Android
u_005386,2024-11-01 23:17:00,US,paid_facebook,iOS
u_005387,2024-11-13 12:14:16,JP,referral,Android
u_005388,2024-11-17 10:23:39,US,organic,Android
u_005389,2024-11-05 04:22:16,JP,cross_promo,Android
u_005390,2024-11-01 16:18:58,KR,paid_facebook,Android
u_005391,2024-12-21 08:20:05,JP,paid_facebook,Android
u_005392,2024-12-20 04:31:51,US,paid_google,Android
u_005393,2024-12-24 12:19:54,JP,paid_tiktok,Android
u_005394,2024-11-26 18:20:17,US,paid_tiktok,Android
u_005395,2024-11-04 06:56:09,KR,paid_google,Android
u_005396,2024-12-03 11:38:10,KR,paid_facebook,Android
u_005397,2024-12-06 08:50:03,KR,paid_facebook,iOS
u_005398,2024-12-14 23:10:09,JP,paid_google,Android
u_005399,2024-11-01 10:09:57,JP,paid_google,iOS
u_005400,2024-11-04 13:05:02,JP,paid_facebook,Android
u_005401,2024-11-28 07:30:55,US,cross_promo,Android
u_005402,2024-12-28 18:04:17,US,paid_google,Android
u_005403,2024-11-05 11:01:21,KR,paid_facebook,Android
u_005404,2024-11-27 17:00:25,KR,organic,Android
u_005405,2024-12-08 06:57:01,KR,cross_promo,Android
u_005406,2024-11-20 15:29:49,KR,referral,Android
u_005407,2024-12-11 13:08:56,US,paid_facebook,Android
u_005408,2024-11-03 05:58:29,US,paid_tiktok,Android
u_005409,2024-12-17 22:17:57,KR,referral,Android
u_005410,2024-12-07 00:51:10,KR,cross_promo,Android
u_005411,2024-11-25 02:26:18,US,paid_tiktok,iOS
u_005412,2024-11-06 00:18:46,KR,organic,Android
u_005413,2024-12-14 16:09:53,JP,paid_google,iOS
u_005414,2024-12-25 11:46:14,JP,paid_facebook,iOS
u_005415,2024-12-16 22:39:34,US,cross_promo,Android
u_005416,2024-12-14 05:07:52,JP,organic,Android
u_005417,2024-11-24 00:04:57,KR,paid_tiktok,Android
u_005418,2024-11-08 10:51:52,KR,cross_promo,Android
u_005419,2024-12-14 12:47:51,KR,referral,iOS
u_005420,2024-11-01 03:22:16,KR,paid_facebook,iOS
u_005421,2024-11-17 23:08:00,KR,cross_promo,Android
u_005422,2024-12-26 18:18:50,JP,paid_google,iOS
u_005423,2024-11-01 18:45:14,KR,cross_promo,Android
u_005424,2024-11-19 17:58:51,KR,organic,Android
u_005425,2024-11-07 21:46:46,KR,paid_facebook,Android
u_005426,2024-11-19 03:10:06,JP,paid_facebook,iOS
u_005427,2024-12-29 01:52:33,KR,referral,Android
u_005428,2024-12-05 15:26:18,US,cross_promo,Android
u_005429,2024-12-02 12:00:52,JP,paid_facebook,Android
u_005430,2024-12-05 15:51:50,JP,cross_promo,iOS
u_005431,2024-12-22 12:27:47,JP,paid_tiktok,iOS
u_005432,2024-12-06 22:44:43,KR,cross_promo,iOS
u_005433,2024-12-28 06:48:32,KR,paid_facebook,Android
u_005434,2024-12-21 09:41:06,KR,paid_tiktok,Android
u_005435,2024-11-22 04:31:35,KR,organic,Android
u_005436,2024-11-10 22:31:36,JP,paid_google,Android
u_005437,2024-12-16 15:04:13,JP,paid_facebook,Android
u_005438,2024-11-27 11:18:09,KR,referral,Android
u_005439,2024-11-04 06:10:34,JP,paid_google,Android
u_005440,2024-12-25 19:04:31,JP,paid_facebook,Android
u_005441,2024-11-21 11:49:34,KR,referral,iOS
u_005442,2024-12-27 23:53:27,JP,paid_facebook,iOS
u_005443,2024-12-02 13:34:51,KR,paid_google,Android
u_005444,2024-12-05 00:05:23,US,referral,Android
u_005445,2024-11-17 16:53:42,KR,paid_google,iOS
u_005446,2024-12-15 23:35:19,JP,paid_facebook,Android
u_005447,2024-11-08 12:32:14,JP,paid_google,Android
u_005448,2024-12-03 07:02:18,KR,referral,Android
u_005449,2024-12-13 02:30:13,JP,cross_promo,Android
u_005450,2024-12-16 02:09:08,US,paid_google,Android
u_005451,2024-12-16 18:53:19,KR,cross_promo,Android
u_005452,2024-12-03 08:53:23,KR,organic,Android
u_005453,2024-12-10 11:51:24,KR,paid_google,Android
u_005454,2024-11-29 19:17:04,KR,paid_google,Android
u_005455,2024-11-27 20:54:12,KR,organic,iOS
u_005456,2024-11-08 17:42:07,US,paid_facebook,Android
u_005457,2024-12-14 09:27:05,JP,organic,iOS
u_005458,2024-12-04 21:14:06,JP,referral,Android
u_005459,2024-12-13 16:28:47,JP,cross_promo,Android
u_005460,2024-12-24 08:02:03,KR,paid_facebook,Android
u_005461,2024-12-16 06:31:02,KR,paid_tiktok,Android
u_005462,2024-11-21 01:52:03,US,cross_promo,Android
u_005463,2024-11-16 17:32:55,KR,referral,Android
u_005464,2024-12-26 18:05:12,KR,paid_tiktok,iOS
u_005465,2024-11-07 19:53:53,KR,paid_tiktok,Android
u_005466,2024-12-04 23:03:10,JP,cross_promo,Android
u_005467,2024-11-25 22:12:59,US,referral,Android
u_005468,2024-12-16 17:41:23,KR,paid_tiktok,Android
u_005469,2024-11-18 16:42:09,KR,cross_promo,Android
u_005470,2024-11-13 23:28:58,JP,paid_tiktok,Android
u_005471,2024-12-07 21:20:41,KR,paid_google,iOS
u_005472,2024-11-05 22:34:55,KR,paid_tiktok,Android
u_005473,2024-12-05 18:46:42,US,cross_promo,iOS
u_005474,2024-11-09 23:08:32,KR,paid_facebook,iOS
u_005475,2024-12-03 15:01:34,KR,paid_tiktok,Android
u_005476,2024-11-05 16:57:08,JP,cross_promo,Android
u_005477,2024-12-15 17:25:26,KR,referral,iOS
u_005478,2024-12-01 10:37:55,KR,paid_google,iOS
u_005479,2024-12-06 02:31:12,KR,paid_tiktok,Android
u_005480,2024-12-31 03:36:27,KR,paid_google,iOS
u_005481,2024-12-02 11:26:00,JP,paid_facebook,Android
u_005482,2024-11-16 22:03:38,KR,cross_promo,iOS
u_005483,2024-12-12 03:06:29,KR,organic,Android
u_005484,2024-12-19 21:48:40,JP,paid_facebook,iOS
u_005485,2024-11-17 19:07:14,KR,paid_google,iOS
u_005486,2024-11-08 11:20:06,KR,organic,Android
u_005487,2024-11-13 01:51:11,KR,cross_promo,iOS
u_005488,2024-11-05 12:46:03,KR,organic,iOS
u_005489,2024-12-09 04:57:03,KR,referral,iOS
u_005490,2024-12-16 19:14:19,KR,paid_tiktok,iOS
u_005491,2024-12-03 06:54:16,US,paid_google,iOS
u_005492,2024-12-30 11:49:06,KR,cross_promo,iOS
u_005493,2024-12-10 17:40:57,KR,paid_facebook,Android
u_005494,2024-12-03 09:28:17,KR,paid_google,Android
u_005495,2024-12-04 22:49:56,US,organic,iOS
u_005496,2024-11-11 14:48:21,KR,paid_google,Android
u_005497,2024-11-05 05:48:57,JP,paid_facebook,Android
u_005498,2024-11-02 05:25:14,KR,paid_google,iOS
u_005499,2024-11-15 03:48:24,JP,paid_google,iOS
u_005500,2024-12-02 12:33:37,JP,paid_facebook,Android
u_005501,2024-11-27 16:20:31,US,cross_promo,Android
u_005502,2024-12-11 21:41:27,KR,paid_facebook,iOS
u_005503,2024-12-20 08:22:44,KR,paid_facebook,Android
u_005504,2024-11-18 12:04:13,JP,paid_tiktok,iOS
u_005505,2024-12-11 00:30:35,KR,paid_facebook,Android
u_005506,2024-12-09 18:02:07,KR,referral,Android
u_005507,2024-12-14 23:21:04,US,paid_facebook,Android
u_005508,2024-11-22 14:40:23,US,cross_promo,iOS
u_005509,2024-12-04 05:54:32,KR,organic,iOS
u_005510,2024-11-05 10:45:33,KR,paid_google,Android
u_005511,2024-12-26 10:37:30,KR,paid_tiktok,Android
u_005512,2024-12-14 23:40:27,JP,paid_facebook,Android
u_005513,2024-12-16 04:19:05,KR,paid_tiktok,Android
u_005514,2024-11-25 12:23:05,KR,paid_facebook,Android
u_005515,2024-12-21 23:07:57,JP,paid_facebook,Android
u_005516,2024-12-10 11:01:47,JP,cross_promo,Android
u_005517,2024-11-11 19:08:41,US,organic,Android
u_005518,2024-12-08 16:43:36,KR,paid_tiktok,Android
u_005519,2024-12-24 23:55:08,KR,referral,Android
u_005520,2024-12-22 17:36:30,KR,cross_promo,Android
u_005521,2024-12-10 00:59:31,KR,paid_facebook,Android
u_005522,2024-11-27 21:18:29,JP,paid_google,Android
u_005523,2024-11-16 03:12:42,JP,organic,Android
u_005524,2024-12-17 14:22:33,JP,referral,iOS
u_005525,2024-11-19 09:53:56,KR,paid_tiktok,iOS
u_005526,2024-12-03 05:49:06,US,paid_tiktok,Android
u_005527,2024-11-10 04:14:29,KR,paid_tiktok,iOS
u_005528,2024-12-22 08:26:01,KR,referral,Android
u_005529,2024-12-29 10:53:11,KR,referral,iOS
u_005530,2024-12-22 18:33:45,KR,paid_facebook,Android
u_005531,2024-12-01 15:24:59,JP,cross_promo,iOS
u_005532,2024-12-19 06:22:01,KR,paid_tiktok,iOS
u_005533,2024-12-13 03:17:09,KR,paid_google,Android
u_005534,2024-11-12 03:43:28,KR,organic,iOS
u_005535,2024-12-03 13:05:26,JP,paid_tiktok,iOS
u_005536,2024-12-09 18:02:00,KR,organic,iOS
u_005537,2024-12-05 04:41:05,JP,organic,Android
u_005538,2024-12-28 01:00:31,JP,paid_facebook,iOS
u_005539,2024-11-25 03:41:51,JP,cross_promo,Android
u_005540,2024-12-15 01:02:24,US,cross_promo,Android
u_005541,2024-12-12 18:25:26,US,paid_facebook,Android
u_005542,2024-11-04 00:01:24,JP,cross_promo,Android
u_005543,2024-11-22 07:15:55,KR,cross_promo,Android
u_005544,2024-12-17 20:25:02,KR,organic,Android
u_005545,2024-11-19 07:54:49,US,cross_promo,Android
u_005546,2024-11-21 17:49:47,US,paid_tiktok,Android
u_005547,2024-11-23 15:55:55,US,paid_facebook,iOS
u_005548,2024-11-09 16:18:34,KR,paid_google,iOS
u_005549,2024-11-07 01:40:13,JP,organic,Android
u_005550,2024-11-20 16:29:59,JP,organic,Android
u_005551,2024-12-05 02:57:18,KR,referral,iOS
u_005552,2024-11-09 09:33:51,KR,referral,iOS
u_005553,2024-12-26 08:37:20,US,paid_tiktok,Android
u_005554,2024-12-28 05:17:14,JP,paid_facebook,iOS
u_005555,2024-11-20 19:06:50,JP,paid_facebook,iOS
u_005556,2024-11-18 11:28:55,JP,referral,Android
u_005557,2024-11-15 18:04:41,US,referral,Android
u_005558,2024-12-27 22:02:47,KR,referral,Android
u_005559,2024-11-26 22:12:32,JP,cross_promo,iOS
u_005560,2024-12-28 16:35:09,KR,paid_google,iOS
u_005561,2024-12-30 03:41:38,US,paid_tiktok,Android
u_005562,2024-11-25 09:09:36,KR,paid_google,Android
u_005563,2024-12-12 12:18:57,JP,paid_facebook,Android
u_005564,2024-12-01 12:48:26,JP,paid_tiktok,Android
u_005565,2024-11-04 18:23:53,US,cross_promo,Android
u_005566,2024-11-06 23:40:43,US,cross_promo,Android
u_005567,2024-11-06 08:20:47,JP,paid_tiktok,iOS
u_005568,2024-11-25 05:59:56,KR,referral,iOS
u_005569,2024-11-08 13:14:44,KR,paid_google,Android
u_005570,2024-12-03 10:31:12,KR,paid_tiktok,iOS
u_005571,2024-12-20 14:08:21,JP,paid_tiktok,iOS
u_005572,2024-12-26 05:01:57,JP,paid_google,iOS
u_005573,2024-12-03 02:05:02,KR,cross_promo,iOS
u_005574,2024-11-13 23:43:03,US,paid_google,Android
u_005575,2024-11-29 11:12:06,KR,paid_google,Android
u_005576,2024-11-01 16:27:23,KR,referral,Android
u_005577,2024-11-25 00:55:26,KR,paid_google,Android
u_005578,2024-12-08 19:58:55,KR,paid_google,iOS
u_005579,2024-11-27 15:02:31,KR,paid_facebook,Android
u_005580,2024-11-20 14:30:20,KR,cross_promo,Android
u_005581,2024-12-05 08:48:49,KR,paid_google,Android
u_005582,2024-12-31 16:20:40,KR,paid_tiktok,iOS
u_005583,2024-12-19 07:03:35,KR,paid_tiktok,Android
u_005584,2024-11-03 00:17:55,KR,paid_google,Android
u_005585,2024-11-10 12:47:24,JP,paid_google,Android
u_005586,2024-12-21 10:16:09,KR,cross_promo,Android
u_005587,2024-11-14 00:30:31,KR,paid_tiktok,Android
u_005588,2024-12-30 11:45:38,JP,paid_facebook,iOS
u_005589,2024-12-13 17:31:10,KR,paid_facebook,Android
u_005590,2024-12-17 00:30:58,US,paid_google,iOS
u_005591,2024-11-12 21:38:28,JP,cross_promo,iOS
u_005592,2024-12-23 03:14:05,KR,referral,Android
u_005593,2024-11-23 01:12:31,KR,organic,iOS
u_005594,2024-12-29 02:21:55,KR,cross_promo,iOS
u_005595,2024-11-29 15:40:51,US,paid_google,Android
u_005596,2024-11-11 20:29:51,US,paid_tiktok,Android
u_005597,2024-11-14 11:41:17,JP,paid_google,iOS
u_005598,2024-12-31 05:07:11,US,paid_google,iOS
u_005599,2024-12-12 00:29:06,JP,organic,iOS
u_005600,2024-12-07 11:47:04,JP,paid_google,Android
u_005601,2024-11-08 10:45:18,KR,referral,iOS
u_005602,2024-11-19 01:00:25,KR,cross_promo,Android
u_005603,2024-12-28 10:56:19,JP,cross_promo,iOS
u_005604,2024-12-20 13:58:18,KR,organic,Android
u_005605,2024-11-14 16:31:09,JP,paid_facebook,iOS
u_005606,2024-12-03 20:48:02,KR,paid_google,iOS
u_005607,2024-12-07 07:54:39,JP,organic,Android
u_005608,2024-11-22 02:16:27,KR,organic,iOS
u_005609,2024-12-13 17:49:16,JP,paid_tiktok,Android
u_005610,2024-11-19 23:55:20,US,paid_tiktok,iOS
u_005611,2024-11-30 13:27:37,JP,paid_facebook,Android
u_005612,2024-12-07 00:06:02,KR,organic,Android
u_005613,2024-11-22 14:02:21,JP,cross_promo,Android
u_005614,2024-12-01 16:23:31,KR,paid_facebook,Android
u_005615,2024-12-08 23:31:30,KR,cross_promo,Android
u_005616,2024-12-26 16:29:13,KR,cross_promo,Android
u_005617,2024-12-25 10:05:02,US,organic,iOS
u_005618,2024-11-10 10:42:31,KR,paid_facebook,Android
u_005619,2024-12-08 08:59:01,JP,organic,iOS
u_005620,2024-12-06 09:40:20,KR,paid_tiktok,Android
u_005621,2024-12-07 06:15:31,KR,paid_tiktok,Android
u_005622,2024-11-03 21:52:35,KR,cross_promo,iOS
u_005623,2024-11-11 16:14:02,KR,organic,iOS
u_005624,2024-11-24 01:43:32,US,cross_promo,Android
u_005625,2024-11-21 07:30:25,JP,paid_tiktok,Android
u_005626,2024-11-26 04:55:15,KR,cross_promo,iOS
u_005627,2024-11-17 17:36:25,KR,paid_tiktok,Android
u_005628,2024-11-14 14:55:37,KR,paid_facebook,Android
u_005629,2024-11-22 06:32:37,KR,organic,iOS
u_005630,2024-11-20 20:57:39,KR,paid_google,Android
u_005631,2024-12-26 12:27:20,KR,paid_google,Android
u_005632,2024-11-09 22:34:55,KR,paid_facebook,Android
u_005633,2024-12-16 01:57:03,KR,paid_facebook,Android
u_005634,2024-12-12 23:43:22,JP,paid_facebook,iOS
u_005635,2024-11-16 12:56:38,US,paid_facebook,iOS
u_005636,2024-12-15 01:42:29,KR,referral,Android
u_005637,2024-11-08 04:13:57,JP,paid_tiktok,Android
u_005638,2024-12-14 08:03:01,KR,paid_facebook,iOS
u_005639,2024-11-25 15:27:42,JP,referral,iOS
u_005640,2024-11-28 17:39:28,KR,referral,iOS
u_005641,2024-11-27 00:04:31,US,paid_tiktok,Android
u_005642,2024-12-12 10:33:59,KR,cross_promo,Android
u_005643,2024-11-29 05:39:12,KR,paid_google,iOS
u_005644,2024-12-25 17:54:56,JP,paid_google,Android
u_005645,2024-12-15 11:13:11,KR,paid_google,iOS
u_005646,2024-12-10 09:41:35,JP,paid_google,Android
u_005647,2024-12-16 23:30:40,US,referral,iOS
u_005648,2024-12-17 03:41:33,JP,cross_promo,iOS
u_005649,2024-12-17 09:56:25,KR,paid_google,iOS
u_005650,2024-12-09 06:53:27,KR,cross_promo,iOS
u_005651,2024-12-27 11:53:33,KR,organic,iOS
u_005652,2024-11-06 04:07:30,JP,organic,Android
u_005653,2024-11-23 12:34:13,US,referral,Android
u_005654,2024-11-22 03:11:13,US,paid_tiktok,iOS
u_005655,2024-12-18 22:52:10,KR,referral,Android
u_005656,2024-11-06 02:09:59,US,cross_promo,Android
u_005657,2024-12-24 10:58:17,JP,organic,Android
u_005658,2024-12-02 06:58:09,KR,paid_google,Android
u_005659,2024-11-19 14:37:01,JP,paid_google,iOS
u_005660,2024-12-26 21:36:51,KR,paid_tiktok,iOS
u_005661,2024-11-25 07:08:12,KR,cross_promo,Android
u_005662,2024-12-08 23:00:38,JP,cross_promo,Android
u_005663,2024-12-21 08:38:50,US,organic,iOS
u_005664,2024-12-13 04:00:16,KR,referral,Android
u_005665,2024-12-22 18:55:11,KR,paid_google,Android
u_005666,2024-12-21 07:49:42,KR,cross_promo,Android
u_005667,2024-12-14 17:21:26,JP,paid_tiktok,iOS
u_005668,2024-11-12 19:13:19,JP,cross_promo,Android
u_005669,2024-11-11 17:13:39,JP,paid_tiktok,Android
u_005670,2024-12-17 15:27:46,US,cross_promo,iOS
u_005671,2024-12-03 01:43:22,US,paid_tiktok,Android
u_005672,2024-12-05 16:23:25,KR,organic,Android
u_005673,2024-11-24 15:47:35,KR,paid_google,Android
u_005674,2024-12-14 20:58:45,KR,paid_tiktok,Android
u_005675,2024-12-10 22:48:07,KR,organic,Android
u_005676,2024-12-24 12:37:44,JP,organic,iOS
u_005677,2024-12-10 17:11:17,KR,referral,iOS
u_005678,2024-11-16 18:16:19,JP,paid_facebook,Android
u_005679,2024-11-21 22:36:05,KR,paid_tiktok,Android
u_005680,2024-12-01 05:13:45,JP,paid_tiktok,Android
u_005681,2024-12-18 02:10:49,US,organic,Android
u_005682,2024-12-11 01:32:15,US,organic,Android
u_005683,2024-11-10 04:55:11,US,paid_tiktok,Android
u_005684,2024-11-25 09:21:47,KR,cross_promo,iOS
u_005685,2024-11-14 10:55:22,KR,paid_facebook,iOS
u_005686,2024-12-23 08:09:32,KR,paid_google,iOS
u_005687,2024-11-08 14:37:34,US,paid_google,Android
u_005688,2024-12-02 01:30:11,KR,paid_facebook,Android
u_005689,2024-11-05 17:27:05,JP,organic,Android
u_005690,2024-11-05 02:33:52,JP,cross_promo,Android
u_005691,2024-11-20 17:06:26,JP,paid_tiktok,iOS
u_005692,2024-11-04 21:52:42,KR,paid_tiktok,Android
u_005693,2024-11-13 19:26:44,JP,referral,Android
u_005694,2024-11-23 01:51:22,JP,paid_facebook,Android
u_005695,2024-12-29 10:43:25,KR,organic,Android
u_005696,2024-11-27 21:07:22,KR,paid_tiktok,Android
u_005697,2024-11-04 12:52:37,KR,cross_promo,Android
u_005698,2024-11-01 10:10:09,KR,organic,iOS
u_005699,2024-12-26 23:36:23,JP,organic,Android
u_005700,2024-12-06 03:43:34,US,organic,Android
u_005701,2024-12-07 23:55:41,US,referral,iOS
u_005702,2024-12-15 11:14:37,KR,paid_facebook,Android
u_005703,2024-12-30 19:10:11,KR,referral,iOS
u_005704,2024-11-09 03:26:38,KR,paid_facebook,iOS
u_005705,2024-12-17 11:44:01,KR,cross_promo,Android
u_005706,2024-12-14 10:14:45,KR,paid_tiktok,iOS
u_005707,2024-11-06 04:23:39,US,referral,iOS
u_005708,2024-12-31 23:24:14,JP,referral,Android
u_005709,2024-11-25 19:29:34,JP,organic,iOS
u_005710,2024-11-12 09:06:38,JP,organic,iOS
u_005711,2024-11-21 00:13:27,KR,paid_tiktok,Android
u_005712,2024-12-01 15:34:10,US,paid_tiktok,iOS
u_005713,2024-11-19 09:48:43,JP,organic,Android
u_005714,2024-12-16 15:01:00,KR,paid_google,Android
u_005715,2024-11-09 23:18:49,KR,paid_facebook,Android
u_005716,2024-11-09 21:50:46,KR,paid_facebook,iOS
u_005717,2024-11-08 15:08:19,US,paid_google,iOS
u_005718,2024-12-16 23:19:30,KR,paid_google,Android
u_005719,2024-11-04 18:34:20,US,paid_google,Android
u_005720,2024-12-06 09:54:12,KR,paid_tiktok,iOS
u_005721,2024-12-24 22:33:52,US,paid_google,Android
u_005722,2024-11-28 23:35:52,JP,cross_promo,Android
u_005723,2024-11-20 17:25:53,US,cross_promo,iOS
u_005724,2024-12-31 05:20:59,KR,referral,iOS
u_005725,2024-11-24 09:38:02,KR,referral,Android
u_005726,2024-11-21 10:29:03,US,paid_facebook,Android
u_005727,2024-11-27 00:48:19,KR,organic,iOS
u_005728,2024-11-02 11:33:30,KR,paid_facebook,iOS
u_005729,2024-11-04 14:38:00,KR,paid_google,iOS
u_005730,2024-12-11 09:15:57,JP,referral,Android
u_005731,2024-12-11 06:09:31,US,paid_tiktok,iOS
u_005732,2024-11-15 11:53:55,JP,paid_facebook,iOS
u_005733,2024-11-18 18:52:45,US,organic,Android
u_005734,2024-11-05 17:29:03,US,cross_promo,Android
u_005735,2024-12-20 00:26:31,JP,paid_google,Android
u_005736,2024-12-27 19:18:24,JP,referral,Android
u_005737,2024-12-18 14:39:54,KR,cross_promo,Android
u_005738,2024-12-27 10:21:21,KR,referral,iOS
u_005739,2024-11-25 02:59:09,KR,paid_google,Android
u_005740,2024-11-24 11:59:04,US,paid_google,iOS
u_005741,2024-11-18 16:54:58,KR,organic,Android
u_005742,2024-12-24 05:17:04,US,paid_tiktok,Android
u_005743,2024-12-24 07:26:21,KR,paid_google,Android
u_005744,2024-12-29 09:58:55,JP,paid_facebook,Android
u_005745,2024-11-11 01:33:44,JP,cross_promo,Android
u_005746,2024-12-23 04:31:28,KR,paid_tiktok,Android
u_005747,2024-11-04 23:30:46,KR,cross_promo,Android
u_005748,2024-11-01 01:04:47,KR,paid_facebook,iOS
u_005749,2024-11-24 18:33:05,KR,paid_facebook,Android
u_005750,2024-12-18 12:35:45,KR,paid_google,Android
u_005751,2024-12-02 12:33:45,KR,paid_tiktok,iOS
u_005752,2024-12-14 11:45:04,KR,cross_promo,iOS
u_005753,2024-11-01 01:22:15,JP,paid_google,Android
u_005754,2024-11-21 19:17:19,US,paid_facebook,Android
u_005755,2024-12-31 02:25:58,JP,paid_google,Android
u_005756,2024-11-06 01:36:46,KR,cross_promo,Android
u_005757,2024-11-17 13:44:31,JP,paid_google,Android
u_005758,2024-11-23 12:10:38,KR,organic,iOS
u_005759,2024-11-07 21:59:30,US,referral,Android
u_005760,2024-11-21 01:39:18,KR,paid_google,Android
u_005761,2024-11-21 09:34:25,JP,paid_facebook,Android
u_005762,2024-12-12 18:28:52,JP,organic,Android
u_005763,2024-12-08 04:08:32,JP,paid_google,iOS
u_005764,2024-12-25 23:18:24,KR,organic,iOS
u_005765,2024-11-20 00:41:43,US,paid_facebook,Android
u_005766,2024-12-27 18:51:50,JP,paid_tiktok,iOS
u_005767,2024-11-19 07:23:36,JP,cross_promo,Android
u_005768,2024-12-05 14:42:17,KR,paid_facebook,Android
u_005769,2024-11-09 14:51:10,KR,referral,iOS
u_005770,2024-11-04 16:52:19,JP,referral,iOS
u_005771,2024-11-29 19:07:12,KR,organic,iOS
u_005772,2024-12-14 07:48:15,JP,paid_google,iOS
u_005773,2024-12-16 19:56:40,KR,cross_promo,iOS
u_005774,2024-12-02 01:56:22,KR,organic,Android
u_005775,2024-12-03 18:14:54,KR,paid_tiktok,Android
u_005776,2024-11-17 18:14:44,KR,organic,Android
u_005777,2024-12-09 18:03:52,KR,paid_tiktok,iOS
u_005778,2024-11-13 11:38:18,JP,organic,iOS
u_005779,2024-12-30 20:48:30,JP,paid_google,Android
u_005780,2024-11-13 22:56:12,US,paid_tiktok,Android
u_005781,2024-11-22 07:56:23,JP,paid_google,iOS
u_005782,2024-11-22 13:19:07,JP,organic,Android
u_005783,2024-12-22 14:11:27,KR,referral,iOS
u_005784,2024-11-12 06:21:36,KR,cross_promo,Android
u_005785,2024-12-15 01:18:05,US,organic,iOS
u_005786,2024-12-31 14:14:17,KR,paid_tiktok,Android
u_005787,2024-12-15 17:30:12,KR,paid_google,iOS
u_005788,2024-12-29 09:17:04,US,paid_tiktok,Android
u_005789,2024-11-13 22:50:02,KR,organic,Android
u_005790,2024-11-23 21:26:55,US,organic,Android
u_005791,2024-12-18 16:34:48,KR,organic,Android
u_005792,2024-11-21 15:23:36,KR,referral,Android
u_005793,2024-12-19 12:40:05,KR,cross_promo,iOS
u_005794,2024-11-18 11:49:32,KR,paid_facebook,Android
u_005795,2024-11-06 22:13:52,JP,organic,Android
u_005796,2024-12-10 18:04:41,KR,paid_tiktok,Android
u_005797,2024-12-13 08:41:51,KR,cross_promo,iOS
u_005798,2024-11-09 17:42:34,JP,referral,iOS
u_005799,2024-12-02 16:21:01,JP,cross_promo,Android
u_005800,2024-12-23 17:26:43,JP,organic,iOS
u_005801,2024-12-24 23:45:49,KR,cross_promo,Android
u_005802,2024-11-30 07:57:45,JP,organic,iOS
u_005803,2024-12-26 21:23:19,KR,referral,Android
u_005804,2024-12-18 23:33:26,KR,cross_promo,Android
u_005805,2024-12-19 12:00:33,KR,referral,Android
u_005806,2024-11-19 01:07:37,KR,paid_google,iOS
u_005807,2024-12-17 13:16:24,KR,referral,iOS
u_005808,2024-12-29 22:19:38,KR,organic,iOS
u_005809,2024-11-19 08:01:59,KR,paid_tiktok,Android
u_005810,2024-11-11 13:34:05,US,organic,Android
u_005811,2024-12-03 00:31:57,US,cross_promo,iOS
u_005812,2024-12-24 14:43:28,KR,referral,Android
u_005813,2024-12-07 20:08:53,JP,referral,Android
u_005814,2024-12-28 20:06:48,JP,referral,iOS
u_005815,2024-12-20 15:45:13,JP,referral,iOS
u_005816,2024-11-19 00:34:30,KR,paid_facebook,Android
u_005817,2024-11-27 08:51:14,KR,cross_promo,iOS
u_005818,2024-12-27 10:20:58,US,organic,Android
u_005819,2024-11-22 04:14:53,JP,paid_google,Android
u_005820,2024-11-21 13:36:38,US,referral,Android
u_005821,2024-12-29 20:29:29,US,referral,iOS
u_005822,2024-11-13 12:22:41,JP,cross_promo,Android
u_005823,2024-11-04 15:12:35,US,paid_tiktok,iOS
u_005824,2024-12-31 09:44:36,KR,cross_promo,Android
u_005825,2024-12-22 01:48:37,KR,paid_google,Android
u_005826,2024-11-08 19:36:32,KR,paid_tiktok,Android
u_005827,2024-11-06 12:29:21,US,referral,Android
u_005828,2024-11-30 18:10:59,JP,paid_google,Android
u_005829,2024-12-13 18:28:38,US,organic,Android
u_005830,2024-11-09 03:19:03,KR,cross_promo,Android
u_005831,2024-12-25 01:13:37,US,referral,Android
u_005832,2024-12-29 04:19:59,KR,paid_tiktok,Android
u_005833,2024-12-19 01:33:02,JP,paid_tiktok,iOS
u_005834,2024-12-14 02:24:55,KR,paid_google,Android
u_005835,2024-12-23 22:11:05,US,paid_google,Android
u_005836,2024-12-06 10:37:22,KR,cross_promo,Android
u_005837,2024-12-27 21:36:47,KR,paid_google,Android
u_005838,2024-11-13 23:21:23,JP,organic,Android
u_005839,2024-12-13 15:36:51,US,referral,Android
u_005840,2024-12-25 05:36:22,US,organic,Android
u_005841,2024-11-14 11:16:00,JP,paid_facebook,iOS
u_005842,2024-12-20 13:15:01,JP,referral,Android
u_005843,2024-11-22 15:46:45,JP,paid_google,Android
u_005844,2024-11-15 02:10:40,KR,paid_google,Android
u_005845,2024-11-07 15:39:42,KR,paid_google,Android
u_005846,2024-11-22 06:55:55,JP,cross_promo,Android
u_005847,2024-11-12 23:18:54,KR,paid_facebook,iOS
u_005848,2024-12-28 10:06:14,KR,organic,Android
u_005849,2024-11-28 21:49:39,KR,organic,iOS
u_005850,2024-11-08 02:11:28,KR,paid_tiktok,Android
u_005851,2024-12-16 07:20:18,KR,paid_facebook,iOS
u_005852,2024-11-01 08:10:23,KR,organic,Android
u_005853,2024-12-19 14:12:47,KR,referral,iOS
u_005854,2024-11-22 23:34:43,KR,paid_google,iOS
u_005855,2024-11-28 03:38:13,JP,cross_promo,iOS
u_005856,2024-11-26 22:52:44,KR,referral,iOS
u_005857,2024-12-04 00:48:58,JP,organic,iOS
u_005858,2024-12-01 18:21:56,KR,cross_promo,Android
u_005859,2024-11-30 17:17:41,US,referral,Android
u_005860,2024-12-22 20:46:17,JP,paid_facebook,Android
u_005861,2024-11-17 13:26:59,US,referral,iOS
u_005862,2024-11-28 04:24:48,KR,cross_promo,Android
u_005863,2024-11-25 17:24:39,US,paid_tiktok,iOS
u_005864,2024-11-11 02:46:47,KR,cross_promo,Android
u_005865,2024-11-23 10:19:33,JP,paid_google,iOS
u_005866,2024-12-04 06:41:20,KR,paid_facebook,iOS
u_005867,2024-11-11 09:30:28,KR,referral,iOS
u_005868,2024-11-27 21:23:10,JP,paid_facebook,Android
u_005869,2024-11-08 11:26:45,US,paid_tiktok,Android
u_005870,2024-12-19 10:02:39,KR,cross_promo,iOS
u_005871,2024-11-01 02:52:33,KR,paid_tiktok,Android
u_005872,2024-11-28 04:45:28,US,paid_tiktok,Android
u_005873,2024-11-14 20:18:24,JP,organic,Android
u_005874,2024-12-17 09:58:07,JP,organic,iOS
u_005875,2024-12-15 04:27:49,JP,organic,iOS
u_005876,2024-11-06 22:49:49,JP,paid_tiktok,Android
u_005877,2024-12-21 13:55:14,US,paid_google,Android
u_005878,2024-11-04 06:47:06,KR,cross_promo,iOS
u_005879,2024-11-22 21:59:42,US,referral,Android
u_005880,2024-11-30 09:52:33,JP,organic,Android
u_005881,2024-11-18 00:21:24,KR,paid_google,iOS
u_005882,2024-12-19 22:02:02,US,paid_tiktok,Android
u_005883,2024-12-16 07:14:57,KR,organic,Android
u_005884,2024-12-31 09:00:54,KR,organic,iOS
u_005885,2024-11-20 05:32:21,KR,cross_promo,Android
u_005886,2024-12-07 22:47:16,KR,paid_facebook,Android
u_005887,2024-11-16 21:03:25,US,referral,Android
u_005888,2024-11-13 10:15:06,KR,paid_google,iOS
u_005889,2024-11-03 23:51:43,KR,referral,Android
u_005890,2024-12-10 09:53:14,KR,paid_facebook,Android
u_005891,2024-12-04 11:43:30,US,referral,iOS
u_005892,2024-12-25 02:29:00,KR,paid_facebook,iOS
u_005893,2024-12-21 22:16:00,JP,referral,Android
u_005894,2024-12-28 15:24:26,KR,referral,Android
u_005895,2024-11-27 07:06:22,KR,referral,Android
u_005896,2024-11-07 04:14:46,JP,paid_tiktok,Android
u_005897,2024-12-20 12:19:35,KR,paid_facebook,Android
u_005898,2024-11-03 18:45:51,JP,paid_google,Android
u_005899,2024-11-06 01:39:14,US,referral,Android
u_005900,2024-11-14 17:41:03,KR,referral,iOS
u_005901,2024-11-30 08:15:19,US,cross_promo,iOS
u_005902,2024-12-21 20:45:51,KR,paid_facebook,Android
u_005903,2024-11-12 11:10:12,KR,organic,iOS
u_005904,2024-11-13 01:44:53,KR,paid_tiktok,Android
u_005905,2024-12-30 10:21:25,KR,paid_facebook,Android
u_005906,2024-11-02 09:19:45,KR,referral,iOS
u_005907,2024-12-09 15:12:49,KR,referral,iOS
u_005908,2024-12-04 22:49:06,JP,cross_promo,Android
u_005909,2024-11-08 18:58:55,KR,paid_facebook,Android
u_005910,2024-12-22 12:58:25,KR,paid_facebook,iOS
u_005911,2024-12-27 08:48:59,KR,paid_google,Android
u_005912,2024-11-02 18:09:12,US,referral,iOS
u_005913,2024-11-17 03:40:10,JP,cross_promo,Android
u_005914,2024-12-10 10:49:01,KR,paid_facebook,Android
u_005915,2024-12-23 21:02:16,KR,cross_promo,Android
u_005916,2024-12-11 01:54:20,KR,paid_facebook,Android
u_005917,2024-11-15 00:21:19,KR,cross_promo,Android
u_005918,2024-11-21 22:28:09,JP,referral,iOS
u_005919,2024-11-09 09:23:39,KR,referral,Android
u_005920,2024-11-05 13:11:23,KR,cross_promo,Android
u_005921,2024-11-08 07:47:46,KR,organic,Android
u_005922,2024-12-23 22:25:29,JP,referral,iOS
u_005923,2024-12-17 09:44:53,JP,paid_tiktok,Android
u_005924,2024-12-22 12:17:36,JP,organic,iOS
u_005925,2024-11-28 05:11:55,JP,referral,iOS
u_005926,2024-11-21 03:16:37,KR,cross_promo,Android
u_005927,2024-12-23 23:23:08,KR,organic,iOS
u_005928,2024-12-15 23:17:18,KR,cross_promo,Android
u_005929,2024-11-14 04:52:33,US,paid_facebook,Android
u_005930,2024-12-17 21:33:31,KR,cross_promo,iOS
u_005931,2024-11-27 04:23:24,KR,paid_google,iOS
u_005932,2024-11-21 15:17:42,US,paid_google,iOS
u_005933,2024-11-30 03:32:40,US,paid_tiktok,Android
u_005934,2024-11-29 12:44:47,KR,organic,iOS
u_005935,2024-12-27 14:46:12,US,paid_tiktok,Android
u_005936,2024-12-12 02:12:49,JP,paid_google,iOS
u_005937,2024-11-04 15:50:57,KR,paid_facebook,Android
u_005938,2024-12-30 16:47:59,KR,paid_facebook,Android
u_005939,2024-12-07 23:52:01,US,paid_tiktok,iOS
u_005940,2024-11-09 12:18:54,KR,organic,Android
u_005941,2024-12-22 06:53:00,KR,paid_tiktok,Android
u_005942,2024-11-17 03:25:53,KR,referral,Android
u_005943,2024-11-10 09:02:32,KR,cross_promo,Android
u_005944,2024-12-06 18:31:53,KR,referral,Android
u_005945,2024-11-28 10:48:58,US,paid_tiktok,Android
u_005946,2024-11-25 10:28:17,KR,paid_facebook,Android
u_005947,2024-12-14 03:43:35,US,paid_facebook,Android
u_005948,2024-12-15 18:05:04,KR,paid_facebook,Android
u_005949,2024-12-26 18:05:12,KR,referral,iOS
u_005950,2024-11-18 05:34:50,JP,paid_google,iOS
u_005951,2024-11-01 05:37:57,US,paid_google,Android
u_005952,2024-12-04 16:01:36,US,paid_tiktok,Android
u_005953,2024-11-14 12:05:00,KR,organic,iOS
u_005954,2024-12-02 17:48:25,KR,cross_promo,Android
u_005955,2024-12-12 01:28:20,JP,paid_tiktok,iOS
u_005956,2024-11-20 15:35:25,KR,paid_google,Android
u_005957,2024-12-01 19:20:34,US,paid_facebook,iOS
u_005958,2024-11-15 13:49:38,KR,paid_facebook,Android
u_005959,2024-11-16 01:33:05,KR,paid_tiktok,iOS
u_005960,2024-11-01 15:49:27,KR,cross_promo,Android
u_005961,2024-12-23 17:39:45,JP,cross_promo,iOS
u_005962,2024-11-02 11:25:11,KR,referral,Android
u_005963,2024-11-02 16:22:26,JP,referral,iOS
u_005964,2024-11-01 20:44:38,JP,paid_tiktok,iOS
u_005965,2024-12-29 10:33:30,KR,organic,Android
u_005966,2024-11-27 00:16:13,KR,organic,iOS
u_005967,2024-12-16 07:32:15,KR,referral,Android
u_005968,2024-11-03 15:31:21,KR,paid_facebook,iOS
u_005969,2024-12-06 05:57:21,JP,cross_promo,iOS
u_005970,2024-12-21 18:33:33,KR,paid_tiktok,Android
u_005971,2024-12-10 15:31:42,KR,paid_facebook,Android
u_005972,2024-12-01 04:18:21,KR,organic,Android
u_005973,2024-12-07 08:30:02,JP,referral,iOS
u_005974,2024-11-01 11:46:42,KR,paid_tiktok,Android
u_005975,2024-12-25 08:34:36,US,paid_tiktok,Android
u_005976,2024-12-14 12:50:39,US,paid_google,Android
u_005977,2024-12-14 04:34:29,KR,paid_google,iOS
u_005978,2024-12-29 06:48:33,KR,organic,Android
u_005979,2024-11-10 14:44:04,KR,cross_promo,iOS
u_005980,2024-11-29 09:41:00,KR,referral,Android
u_005981,2024-12-24 21:50:31,JP,paid_google,Android
u_005982,2024-11-13 06:43:48,JP,cross_promo,iOS
u_005983,2024-11-07 07:50:42,KR,paid_google,Android
u_005984,2024-12-27 14:49:05,KR,referral,Android
u_005985,2024-11-04 22:57:11,JP,paid_google,Android
u_005986,2024-12-22 20:15:52,KR,referral,iOS
u_005987,2024-11-18 23:40:35,KR,paid_google,iOS
u_005988,2024-12-13 18:28:29,KR,paid_facebook,iOS
u_005989,2024-12-18 21:29:43,KR,cross_promo,iOS
u_005990,2024-12-24 06:03:00,US,organic,iOS
u_005991,2024-11-23 21:20:24,US,organic,Android
u_005992,2024-11-25 09:47:19,JP,paid_google,Android
u_005993,2024-11-29 04:23:43,US,organic,iOS
u_005994,2024-12-02 05:14:52,US,paid_google,Android
u_005995,2024-12-14 01:23:15,JP,referral,iOS
u_005996,2024-12-31 06:50:11,US,paid_tiktok,Android
u_005997,2024-12-29 16:26:22,JP,organic,Android
u_005998,2024-12-31 22:45:19,KR,referral,Android
u_005999,2024-12-16 19:06:03,JP,cross_promo,iOS
u_006000,2024-12-31 23:27:26,KR,paid_facebook,Android
u_006001,2024-12-22 01:46:20,KR,paid_facebook,iOS
u_006002,2024-12-11 15:43:08,KR,paid_google,Android
u_006003,2024-11-03 22:05:17,KR,cross_promo,iOS
u_006004,2024-11-02 06:07:31,KR,referral,Android
u_006005,2024-12-19 09:48:41,JP,organic,iOS
u_006006,2024-11-28 16:13:40,US,paid_facebook,Android
u_006007,2024-12-13 08:08:35,KR,paid_facebook,iOS
u_006008,2024-11-09 14:40:37,JP,organic,Android
u_006009,2024-12-19 08:06:43,KR,organic,Android
u_006010,2024-11-18 11:26:19,KR,paid_google,iOS
u_006011,2024-12-01 19:51:38,KR,paid_facebook,iOS
u_006012,2024-11-06 02:52:38,KR,referral,Android
u_006013,2024-12-30 20:38:14,KR,cross_promo,iOS
u_006014,2024-11-16 15:17:24,KR,organic,iOS
u_006015,2024-12-06 08:03:52,KR,cross_promo,Android
u_006016,2024-11-22 22:16:18,US,paid_tiktok,Android
u_006017,2024-11-17 02:51:30,KR,paid_facebook,Android
u_006018,2024-11-19 22:36:34,JP,paid_google,Android
u_006019,2024-11-01 08:19:19,KR,paid_google,Android
u_006020,2024-12-24 20:02:35,KR,referral,iOS
u_006021,2024-12-29 16:51:31,US,paid_facebook,iOS
u_006022,2024-12-08 17:33:29,KR,referral,Android
u_006023,2024-11-02 14:32:53,KR,referral,Android
u_006024,2024-11-20 21:31:35,KR,referral,Android
u_006025,2024-12-03 09:12:30,KR,paid_google,Android
u_006026,2024-12-23 08:46:58,JP,referral,Android
u_006027,2024-11-12 04:28:32,KR,referral,Android
u_006028,2024-12-09 18:12:05,JP,paid_google,Android
u_006029,2024-12-28 12:22:39,KR,organic,Android
u_006030,2024-12-06 22:47:50,KR,cross_promo,Android
u_006031,2024-11-02 15:14:59,KR,paid_facebook,Android
u_006032,2024-12-21 06:03:41,JP,cross_promo,iOS
u_006033,2024-11-06 22:08:20,KR,paid_facebook,Android
u_006034,2024-12-06 16:10:10,KR,paid_google,iOS
u_006035,2024-12-29 16:42:00,KR,paid_google,iOS
u_006036,2024-11-13 22:07:03,KR,paid_facebook,Android
u_006037,2024-11-11 09:10:38,KR,paid_tiktok,Android
u_006038,2024-12-11 09:00:03,JP,paid_tiktok,iOS
u_006039,2024-12-09 01:18:13,KR,organic,iOS
u_006040,2024-12-31 02:41:05,KR,paid_facebook,Android
u_006041,2024-11-09 04:58:23,JP,referral,iOS
u_006042,2024-11-04 10:58:32,JP,organic,Android
u_006043,2024-12-20 11:25:57,KR,paid_google,iOS
u_006044,2024-11-20 07:47:59,JP,paid_tiktok,Android
u_006045,2024-12-03 08:11:29,JP,paid_tiktok,Android
u_006046,2024-11-09 12:04:23,US,paid_google,Android
u_006047,2024-12-31 10:22:42,JP,cross_promo,Android
u_006048,2024-12-07 11:16:50,US,paid_tiktok,Android
u_006049,2024-12-30 10:41:31,JP,paid_tiktok,iOS
u_006050,2024-11-28 00:53:31,KR,paid_facebook,iOS
u_006051,2024-11-09 04:32:20,US,organic,Android
u_006052,2024-11-26 06:57:23,KR,paid_tiktok,iOS
u_006053,2024-12-31 20:04:57,JP,paid_tiktok,Android
u_006054,2024-11-25 23:29:36,KR,paid_facebook,iOS
u_006055,2024-11-27 13:08:33,US,referral,Android
u_006056,2024-11-19 06:03:30,KR,referral,iOS
u_006057,2024-12-12 06:31:34,JP,paid_tiktok,iOS
u_006058,2024-11-06 20:57:31,KR,referral,iOS
u_006059,2024-12-12 22:36:51,KR,cross_promo,Android
u_006060,2024-11-02 09:15:07,KR,paid_tiktok,iOS
u_006061,2024-11-16 15:49:23,KR,referral,iOS
u_006062,2024-12-13 10:05:29,KR,organic,Android
u_006063,2024-11-19 07:40:48,JP,paid_tiktok,Android
u_006064,2024-12-24 18:48:18,KR,organic,Android
u_006065,2024-12-07 16:35:57,JP,organic,Android
u_006066,2024-12-25 03:54:26,KR,organic,Android
u_006067,2024-11-23 16:52:18,JP,paid_google,Android
u_006068,2024-12-02 22:16:48,JP,organic,Android
u_006069,2024-12-01 17:40:56,US,paid_facebook,iOS
u_006070,2024-11-02 20:52:08,KR,paid_tiktok,iOS
u_006071,2024-11-04 12:11:22,US,referral,Android
u_006072,2024-12-09 02:21:29,KR,cross_promo,iOS
u_006073,2024-11-26 21:37:20,KR,paid_google,Android
u_006074,2024-12-15 00:20:01,KR,paid_google,iOS
u_006075,2024-12-20 09:06:16,US,paid_facebook,Android
u_006076,2024-11-09 20:13:55,JP,organic,iOS
u_006077,2024-12-18 00:53:31,JP,referral,Android
u_006078,2024-12-18 01:09:40,US,referral,Android
u_006079,2024-12-09 16:22:59,KR,paid_facebook,Android
u_006080,2024-11-12 04:41:59,KR,referral,Android
u_006081,2024-12-09 18:49:00,JP,paid_facebook,iOS
u_006082,2024-12-04 08:48:11,JP,referral,Android
u_006083,2024-12-25 05:45:58,US,organic,iOS
u_006084,2024-12-19 03:38:37,KR,organic,iOS
u_006085,2024-11-06 10:12:44,KR,referral,Android
u_006086,2024-11-28 00:49:27,JP,paid_google,Android
u_006087,2024-11-19 06:46:27,JP,referral,Android
u_006088,2024-11-17 08:09:24,JP,referral,Android
u_006089,2024-12-31 04:16:33,JP,organic,Android
u_006090,2024-11-07 13:09:33,KR,referral,Android
u_006091,2024-12-25 17:48:26,KR,paid_google,Android
u_006092,2024-12-28 15:44:11,US,cross_promo,Android
u_006093,2024-12-20 08:22:48,JP,paid_tiktok,iOS
u_006094,2024-12-16 02:56:35,KR,paid_google,Android
u_006095,2024-11-29 08:41:08,JP,paid_google,Android
u_006096,2024-12-22 17:05:59,KR,cross_promo,Android
u_006097,2024-12-22 23:07:44,KR,cross_promo,iOS
u_006098,2024-11-06 12:15:17,US,referral,Android
u_006099,2024-12-07 01:13:45,US,paid_google,iOS
u_006100,2024-12-01 15:36:20,KR,paid_google,Android
u_006101,2024-12-10 01:09:42,JP,cross_promo,iOS
u_006102,2024-12-21 14:46:45,US,organic,Android
u_006103,2024-12-28 22:07:55,US,organic,iOS
u_006104,2024-12-21 15:35:11,KR,cross_promo,Android
u_006105,2024-11-18 06:14:20,KR,paid_facebook,iOS
u_006106,2024-12-13 18:25:50,JP,paid_tiktok,iOS
u_006107,2024-12-03 08:35:12,US,organic,Android
u_006108,2024-12-09 07:34:39,JP,paid_tiktok,iOS
u_006109,2024-12-18 20:17:48,KR,cross_promo,Android
u_006110,2024-11-16 21:56:52,KR,organic,Android
u_006111,2024-12-12 06:23:51,US,paid_google,Android
u_006112,2024-12-09 18:33:45,JP,cross_promo,Android
u_006113,2024-11-07 05:39:24,KR,referral,Android
u_006114,2024-11-23 14:20:57,KR,paid_tiktok,iOS
u_006115,2024-12-24 11:01:45,KR,paid_facebook,Android
u_006116,2024-12-24 22:31:44,JP,cross_promo,Android
u_006117,2024-11-12 09:41:52,KR,organic,Android
u_006118,2024-12-22 19:08:17,KR,paid_google,iOS
u_006119,2024-11-02 20:15:21,US,organic,Android
u_006120,2024-11-28 18:18:06,JP,paid_tiktok,iOS
u_006121,2024-12-14 04:21:45,KR,paid_tiktok,Android
u_006122,2024-12-27 20:12:18,KR,paid_google,iOS
u_006123,2024-12-13 15:21:50,JP,cross_promo,Android
u_006124,2024-11-27 07:23:26,US,referral,Android
u_006125,2024-11-21 05:53:53,KR,paid_facebook,iOS
u_006126,2024-11-30 01:17:36,US,cross_promo,iOS
u_006127,2024-11-25 15:44:35,KR,referral,Android
u_006128,2024-12-27 13:17:58,KR,referral,Android
u_006129,2024-11-16 00:12:44,KR,cross_promo,Android
u_006130,2024-11-04 14:41:57,JP,paid_facebook,Android
u_006131,2024-12-09 13:30:56,KR,organic,Android
u_006132,2024-12-12 19:55:57,US,referral,iOS
u_006133,2024-11-02 13:25:51,JP,organic,Android
u_006134,2024-11-27 03:04:04,KR,paid_google,iOS
u_006135,2024-11-11 19:46:08,KR,paid_facebook,iOS
u_006136,2024-11-02 05:45:08,KR,paid_tiktok,Android
u_006137,2024-11-22 23:01:35,JP,paid_google,Android
u_006138,2024-12-02 23:06:31,US,organic,Android
u_006139,2024-11-24 06:01:00,KR,paid_tiktok,Android
u_006140,2024-12-05 23:18:16,JP,organic,iOS
u_006141,2024-12-31 04:01:03,KR,paid_google,Android
u_006142,2024-12-04 02:21:04,US,paid_tiktok,Android
u_006143,2024-11-25 07:15:11,KR,cross_promo,Android
u_006144,2024-12-22 09:39:02,JP,paid_tiktok,iOS
u_006145,2024-12-05 05:43:15,JP,paid_tiktok,iOS
u_006146,2024-11-20 03:09:20,JP,organic,iOS
u_006147,2024-12-28 14:37:01,US,organic,Android
u_006148,2024-12-08 02:25:54,US,paid_tiktok,Android
u_006149,2024-12-24 21:04:36,KR,paid_tiktok,Android
u_006150,2024-12-22 10:46:35,JP,paid_facebook,iOS
u_006151,2024-11-18 22:39:58,KR,paid_facebook,iOS
u_006152,2024-11-13 16:32:39,JP,paid_google,Android
u_006153,2024-12-23 22:36:47,JP,paid_facebook,iOS
u_006154,2024-12-14 14:47:38,US,paid_tiktok,iOS
u_006155,2024-11-13 03:37:33,JP,cross_promo,Android
u_006156,2024-11-19 13:59:00,KR,paid_facebook,Android
u_006157,2024-12-07 19:29:35,KR,paid_tiktok,Android
u_006158,2024-12-10 05:47:43,KR,referral,iOS
u_006159,2024-11-28 15:13:32,KR,referral,iOS
u_006160,2024-11-24 15:58:55,US,paid_google,Android
u_006161,2024-11-23 21:40:12,US,organic,Android
u_006162,2024-12-18 06:59:42,US,referral,iOS
u_006163,2024-11-05 23:06:34,US,paid_tiktok,Android
u_006164,2024-12-11 01:56:03,KR,paid_facebook,Android
u_006165,2024-12-22 00:24:44,JP,paid_google,Android
u_006166,2024-12-16 02:42:09,JP,paid_google,iOS
u_006167,2024-11-25 08:00:54,JP,organic,Android
u_006168,2024-12-02 06:35:16,JP,paid_tiktok,Android
u_006169,2024-12-24 01:29:57,KR,paid_tiktok,Android
u_006170,2024-12-08 02:22:50,JP,organic,Android
u_006171,2024-11-07 20:07:06,KR,paid_facebook,Android
u_006172,2024-12-20 17:52:01,JP,cross_promo,iOS
u_006173,2024-11-19 09:45:54,KR,paid_google,Android
u_006174,2024-11-06 18:18:11,JP,organic,Android
u_006175,2024-12-10 00:58:05,JP,organic,iOS
u_006176,2024-11-05 04:23:47,JP,paid_facebook,Android
u_006177,2024-12-28 09:12:16,US,paid_facebook,Android
u_006178,2024-11-28 09:25:10,KR,paid_tiktok,Android
u_006179,2024-11-13 14:00:40,US,organic,Android
u_006180,2024-11-06 00:45:12,US,organic,iOS
u_006181,2024-12-15 04:37:40,KR,referral,iOS
u_006182,2024-12-13 20:37:06,US,cross_promo,Android
u_006183,2024-11-24 14:24:34,JP,organic,Android
u_006184,2024-12-16 14:25:05,US,paid_tiktok,Android
u_006185,2024-12-25 15:59:24,JP,organic,Android
u_006186,2024-11-28 13:16:15,JP,organic,Android
u_006187,2024-12-23 08:09:00,KR,paid_facebook,Android
u_006188,2024-11-21 04:41:49,US,paid_tiktok,iOS
u_006189,2024-11-26 16:51:05,JP,paid_google,Android
u_006190,2024-12-29 04:27:05,KR,organic,Android
u_006191,2024-11-18 21:02:38,KR,cross_promo,iOS
u_006192,2024-11-23 22:12:15,US,referral,Android
u_006193,2024-12-15 12:30:04,US,paid_tiktok,iOS
u_006194,2024-12-04 09:09:55,JP,referral,Android
u_006195,2024-12-26 06:14:26,JP,referral,iOS
u_006196,2024-11-22 06:46:16,JP,organic,iOS
u_006197,2024-12-27 08:34:07,US,paid_google,Android
u_006198,2024-12-07 00:53:13,US,organic,Android
u_006199,2024-11-04 23:40:10,KR,cross_promo,Android
u_006200,2024-11-23 07:06:02,KR,paid_tiktok,Android
u_006201,2024-12-01 08:47:41,KR,paid_facebook,Android
u_006202,2024-11-25 14:23:24,US,referral,Android
u_006203,2024-11-17 09:06:09,US,cross_promo,Android
u_006204,2024-12-15 03:05:00,JP,organic,iOS
u_006205,2024-12-09 09:27:20,KR,referral,Android
u_006206,2024-11-12 17:25:52,JP,cross_promo,iOS
u_006207,2024-11-25 01:45:35,JP,paid_facebook,Android
u_006208,2024-11-19 16:16:01,KR,organic,iOS
u_006209,2024-11-17 22:59:07,KR,paid_tiktok,Android
u_006210,2024-11-10 22:27:06,JP,paid_google,Android
u_006211,2024-12-07 12:52:16,JP,organic,Android
u_006212,2024-11-24 18:48:31,KR,paid_google,Android
u_006213,2024-11-10 13:02:53,KR,paid_facebook,Android
u_006214,2024-11-14 15:00:08,KR,paid_facebook,iOS
u_006215,2024-12-09 21:59:07,JP,paid_google,Android
u_006216,2024-11-11 03:35:02,KR,paid_tiktok,iOS
u_006217,2024-11-06 03:22:15,US,paid_google,Android
u_006218,2024-11-22 03:17:12,US,paid_tiktok,Android
u_006219,2024-12-17 19:03:52,US,paid_tiktok,Android
u_006220,2024-11-26 06:21:33,KR,paid_tiktok,Android
u_006221,2024-12-25 09:24:10,JP,referral,iOS
u_006222,2024-12-02 00:03:08,JP,paid_tiktok,Android
u_006223,2024-12-15 14:39:05,KR,paid_facebook,Android
u_006224,2024-12-09 12:52:07,US,paid_google,iOS
u_006225,2024-12-27 22:12:34,JP,organic,Android
u_006226,2024-12-23 09:37:57,KR,paid_facebook,Android
u_006227,2024-11-10 20:53:20,KR,referral,Android
u_006228,2024-11-29 13:52:23,JP,paid_tiktok,iOS
u_006229,2024-12-24 05:02:31,US,cross_promo,Android
u_006230,2024-12-10 18:56:18,JP,paid_facebook,iOS
u_006231,2024-12-30 01:31:18,JP,cross_promo,iOS
u_006232,2024-12-15 06:31:55,JP,paid_google,Android
u_006233,2024-12-25 21:50:34,KR,organic,iOS
u_006234,2024-12-16 15:52:50,KR,paid_tiktok,Android
u_006235,2024-12-24 18:53:08,KR,paid_tiktok,Android
u_006236,2024-11-29 23:40:48,KR,paid_facebook,iOS
u_006237,2024-11-02 11:44:54,JP,organic,iOS
u_006238,2024-12-27 09:31:01,KR,paid_facebook,Android
u_006239,2024-12-23 16:02:49,KR,paid_google,iOS
u_006240,2024-11-14 16:38:16,KR,paid_tiktok,iOS
u_006241,2024-11-04 04:51:24,US,paid_google,Android
u_006242,2024-11-27 07:14:49,JP,paid_facebook,iOS
u_006243,2024-11-05 06:54:18,KR,referral,iOS
u_006244,2024-12-07 05:36:54,KR,paid_tiktok,Android
u_006245,2024-12-22 11:28:54,KR,referral,Android
u_006246,2024-11-11 23:31:37,KR,organic,Android
u_006247,2024-12-24 08:27:19,JP,organic,Android
u_006248,2024-12-26 13:09:32,KR,paid_facebook,Android
u_006249,2024-12-06 17:23:52,US,paid_tiktok,Android
u_006250,2024-12-09 12:29:05,KR,paid_facebook,Android
u_006251,2024-12-07 16:34:29,US,paid_google,Android
u_006252,2024-12-24 18:31:38,KR,cross_promo,iOS
u_006253,2024-12-05 15:02:51,JP,paid_google,Android
u_006254,2024-11-10 16:13:40,KR,paid_tiktok,Android
u_006255,2024-11-12 23:35:27,US,paid_tiktok,iOS
u_006256,2024-12-21 23:55:14,JP,paid_facebook,Android
u_006257,2024-11-24 15:55:09,JP,paid_google,Android
u_006258,2024-11-09 06:13:44,KR,paid_facebook,iOS
u_006259,2024-11-22 19:40:04,KR,paid_tiktok,Android
u_006260,2024-12-13 03:47:45,JP,cross_promo,iOS
u_006261,2024-12-28 16:10:11,KR,paid_tiktok,iOS
u_006262,2024-12-09 19:06:50,JP,cross_promo,Android
u_006263,2024-12-31 20:55:43,JP,cross_promo,Android
u_006264,2024-12-21 12:59:13,KR,paid_tiktok,Android
u_006265,2024-12-06 01:24:02,KR,paid_facebook,Android
u_006266,2024-12-06 08:58:30,KR,cross_promo,Android
u_006267,2024-12-01 08:24:06,KR,referral,iOS
u_006268,2024-12-16 13:07:18,KR,organic,iOS
u_006269,2024-11-12 18:58:47,JP,paid_facebook,iOS
u_006270,2024-12-24 12:23:39,KR,paid_facebook,Android
u_006271,2024-12-23 13:18:22,KR,paid_google,Android
u_006272,2024-12-13 02:00:20,JP,paid_tiktok,iOS
u_006273,2024-11-28 05:18:04,US,paid_tiktok,Android
u_006274,2024-11-28 23:26:30,KR,paid_facebook,Android
u_006275,2024-12-01 08:08:41,KR,paid_facebook,Android
u_006276,2024-11-07 17:28:29,KR,referral,iOS
u_006277,2024-12-30 03:20:18,KR,paid_tiktok,iOS
u_006278,2024-11-17 05:51:12,KR,paid_facebook,iOS
u_006279,2024-11-11 16:20:19,KR,referral,Android
u_006280,2024-12-07 21:48:43,KR,paid_tiktok,Android
u_006281,2024-12-28 22:57:16,KR,referral,Android
u_006282,2024-12-01 10:38:22,JP,paid_google,iOS
u_006283,2024-12-21 19:02:14,KR,paid_tiktok,iOS
u_006284,2024-11-15 10:21:35,KR,paid_google,iOS
u_006285,2024-11-17 09:12:47,KR,paid_tiktok,Android
u_006286,2024-11-13 06:36:59,KR,organic,Android
u_006287,2024-12-23 17:14:10,KR,referral,Android
u_006288,2024-12-08 14:44:28,KR,paid_google,Android
u_006289,2024-11-23 08:22:12,KR,referral,iOS
u_006290,2024-12-03 20:22:09,JP,paid_facebook,Android
u_006291,2024-11-26 16:01:57,KR,organic,Android
u_006292,2024-12-15 02:50:23,JP,organic,Android
u_006293,2024-12-27 08:00:54,KR,paid_facebook,Android
u_006294,2024-11-29 07:30:02,JP,organic,Android
u_006295,2024-12-05 03:10:47,KR,paid_google,Android
u_006296,2024-11-12 02:59:51,KR,cross_promo,Android
u_006297,2024-11-18 08:38:59,JP,cross_promo,Android
u_006298,2024-11-12 06:23:24,KR,cross_promo,iOS
u_006299,2024-11-30 00:40:49,KR,organic,Android
u_006300,2024-11-18 10:25:36,KR,organic,Android
u_006301,2024-11-16 04:39:12,JP,referral,iOS
u_006302,2024-11-10 19:39:33,JP,paid_facebook,Android
u_006303,2024-12-28 19:13:29,JP,paid_google,Android
u_006304,2024-12-30 15:23:53,KR,cross_promo,Android
u_006305,2024-12-11 21:46:43,KR,cross_promo,Android
u_006306,2024-12-06 14:04:39,JP,organic,Android
u_006307,2024-12-06 09:38:48,US,referral,Android
u_006308,2024-12-24 00:21:21,US,organic,Android
u_006309,2024-12-28 14:19:27,JP,paid_facebook,Android
u_006310,2024-12-07 06:28:16,KR,paid_facebook,iOS
u_006311,2024-12-13 11:46:49,KR,paid_google,iOS
u_006312,2024-11-29 20:00:34,JP,paid_google,Android
u_006313,2024-12-11 02:22:14,KR,organic,iOS
u_006314,2024-11-10 12:45:02,JP,cross_promo,iOS
u_006315,2024-12-20 08:49:58,US,organic,iOS
u_006316,2024-11-14 19:46:44,KR,paid_facebook,iOS
u_006317,2024-12-09 18:22:53,US,organic,Android
u_006318,2024-12-17 09:38:30,KR,paid_tiktok,Android
u_006319,2024-12-16 03:58:32,KR,cross_promo,iOS
u_006320,2024-12-20 08:58:33,JP,paid_google,Android
u_006321,2024-12-04 10:34:07,US,referral,Android
u_006322,2024-12-14 15:41:02,JP,paid_facebook,Android
u_006323,2024-11-07 13:56:01,KR,organic,iOS
u_006324,2024-11-09 13:19:10,US,paid_facebook,Android
u_006325,2024-12-02 03:33:09,US,cross_promo,Android
u_006326,2024-11-12 12:09:04,US,paid_facebook,iOS
u_006327,2024-11-25 03:22:14,KR,cross_promo,iOS
u_006328,2024-12-02 10:35:13,KR,paid_facebook,iOS
u_006329,2024-12-26 23:50:43,JP,paid_google,Android
u_006330,2024-11-23 06:54:30,JP,cross_promo,iOS
u_006331,2024-11-18 10:45:28,JP,cross_promo,iOS
u_006332,2024-12-13 11:31:01,JP,cross_promo,Android
u_006333,2024-12-24 00:47:15,JP,paid_tiktok,iOS
u_006334,2024-11-29 01:38:55,KR,paid_tiktok,iOS
u_006335,2024-12-30 17:57:47,JP,paid_tiktok,Android
u_006336,2024-12-01 00:51:55,KR,organic,Android
u_006337,2024-12-16 23:10:02,KR,organic,Android
u_006338,2024-12-12 20:34:39,KR,paid_google,Android
u_006339,2024-12-21 23:37:37,KR,organic,Android
u_006340,2024-11-18 23:14:36,KR,paid_tiktok,Android
u_006341,2024-12-25 09:39:59,KR,cross_promo,iOS
u_006342,2024-11-13 08:22:15,JP,organic,Android
u_006343,2024-11-28 08:10:23,JP,paid_tiktok,iOS
u_006344,2024-12-14 05:21:09,JP,paid_facebook,iOS
u_006345,2024-11-22 13:48:02,JP,cross_promo,iOS
u_006346,2024-11-11 00:05:18,KR,paid_tiktok,Android
u_006347,2024-11-29 04:43:08,JP,organic,Android
u_006348,2024-12-02 23:06:43,US,cross_promo,Android
u_006349,2024-11-15 16:00:00,KR,cross_promo,iOS
u_006350,2024-12-26 05:45:07,KR,organic,Android
u_006351,2024-12-21 13:52:13,KR,referral,iOS
u_006352,2024-11-29 16:07:25,KR,referral,iOS
u_006353,2024-12-02 05:56:13,JP,cross_promo,iOS
u_006354,2024-11-03 07:03:17,US,paid_facebook,iOS
u_006355,2024-11-07 00:29:08,KR,organic,Android
u_006356,2024-12-22 06:03:44,US,organic,Android
u_006357,2024-11-15 02:50:33,KR,paid_google,iOS
u_006358,2024-12-24 07:56:50,KR,organic,Android
u_006359,2024-12-08 23:37:53,KR,cross_promo,Android
u_006360,2024-11-04 02:15:19,JP,paid_facebook,iOS
u_006361,2024-12-11 07:27:11,KR,referral,Android
u_006362,2024-11-20 08:29:40,US,paid_facebook,Android
u_006363,2024-11-06 09:36:02,KR,paid_facebook,Android
u_006364,2024-11-20 02:35:00,JP,paid_facebook,Android
u_006365,2024-12-11 01:36:33,US,paid_google,iOS
u_006366,2024-12-14 12:09:50,JP,referral,Android
u_006367,2024-12-17 16:15:15,US,paid_tiktok,iOS
u_006368,2024-12-03 02:15:08,KR,organic,iOS
u_006369,2024-11-24 03:49:50,KR,cross_promo,Android
u_006370,2024-12-25 04:53:56,KR,paid_facebook,Android
u_006371,2024-12-09 03:27:28,KR,organic,Android
u_006372,2024-12-03 17:19:24,KR,paid_facebook,iOS
u_006373,2024-12-14 14:01:48,KR,paid_google,Android
u_006374,2024-12-18 01:47:45,JP,organic,Android
u_006375,2024-12-30 09:14:54,KR,paid_google,Android
u_006376,2024-12-30 21:30:30,KR,referral,Android
u_006377,2024-12-23 12:51:53,KR,paid_tiktok,Android
u_006378,2024-12-16 13:55:58,KR,organic,iOS
u_006379,2024-11-21 05:39:53,US,cross_promo,iOS
u_006380,2024-11-02 09:17:33,KR,paid_google,Android
u_006381,2024-12-30 03:14:15,KR,referral,Android
u_006382,2024-11-06 00:44:06,KR,paid_tiktok,Android
u_006383,2024-11-26 05:08:04,KR,paid_google,iOS
u_006384,2024-11-26 15:23:44,KR,cross_promo,Android
u_006385,2024-12-13 14:43:48,JP,cross_promo,Android
u_006386,2024-11-01 19:52:16,US,organic,iOS
u_006387,2024-12-28 02:31:38,KR,paid_tiktok,Android
u_006388,2024-12-06 08:11:15,US,paid_tiktok,Android
u_006389,2024-11-06 23:30:06,KR,paid_google,Android
u_006390,2024-11-11 03:02:14,JP,paid_facebook,Android
u_006391,2024-11-27 19:46:35,US,organic,Android
u_006392,2024-12-21 17:39:35,KR,cross_promo,iOS
u_006393,2024-12-29 00:11:11,KR,paid_tiktok,Android
u_006394,2024-12-21 14:51:14,US,paid_tiktok,Android
u_006395,2024-12-08 02:27:51,KR,referral,Android
u_006396,2024-11-25 05:37:53,US,paid_facebook,iOS
u_006397,2024-12-09 10:14:04,JP,paid_tiktok,Android
u_006398,2024-11-19 11:53:02,JP,paid_google,Android
u_006399,2024-12-30 22:43:43,KR,paid_tiktok,Android
u_006400,2024-12-15 21:40:11,KR,paid_google,iOS
u_006401,2024-11-03 21:45:28,KR,referral,Android
u_006402,2024-11-02 09:36:58,KR,paid_facebook,Android
u_006403,2024-11-23 04:30:56,JP,paid_facebook,Android
u_006404,2024-12-05 03:34:52,JP,paid_google,iOS
u_006405,2024-12-12 23:45:46,JP,paid_facebook,iOS
u_006406,2024-11-20 05:37:03,KR,cross_promo,Android
u_006407,2024-11-19 19:15:38,JP,referral,Android
u_006408,2024-11-25 08:55:56,KR,referral,Android
u_006409,2024-11-16 10:21:07,KR,paid_tiktok,Android
u_006410,2024-12-11 15:36:42,JP,organic,Android
u_006411,2024-12-01 01:36:11,KR,paid_google,Android
u_006412,2024-11-12 11:07:41,US,paid_google,iOS
u_006413,2024-12-23 04:07:27,JP,cross_promo,Android
u_006414,2024-11-13 08:08:19,KR,paid_google,iOS
u_006415,2024-12-22 00:44:25,JP,organic,Android
u_006416,2024-11-18 16:59:25,JP,paid_google,Android
u_006417,2024-11-19 08:36:12,US,organic,iOS
u_006418,2024-11-10 17:39:48,KR,paid_google,iOS
u_006419,2024-11-08 08:19:48,JP,paid_tiktok,Android
u_006420,2024-11-20 17:57:49,KR,paid_google,Android
u_006421,2024-11-23 05:44:36,KR,organic,Android
u_006422,2024-12-15 00:44:27,KR,referral,Android
u_006423,2024-11-03 18:03:52,JP,paid_google,iOS
u_006424,2024-11-25 15:53:05,JP,cross_promo,Android
u_006425,2024-11-27 12:17:14,KR,paid_tiktok,Android
u_006426,2024-12-13 22:23:51,KR,paid_google,Android
u_006427,2024-12-22 20:08:27,KR,paid_google,iOS
u_006428,2024-11-11 23:35:02,JP,paid_google,iOS
u_006429,2024-12-08 13:22:33,KR,paid_tiktok,Android
u_006430,2024-12-16 06:14:09,JP,paid_tiktok,Android
u_006431,2024-11-01 20:16:27,KR,cross_promo,Android
u_006432,2024-11-24 09:31:58,US,paid_google,Android
u_006433,2024-12-19 08:09:17,JP,paid_tiktok,Android
u_006434,2024-11-29 06:21:44,KR,paid_facebook,iOS
u_006435,2024-11-10 05:44:37,KR,cross_promo,iOS
u_006436,2024-12-06 08:24:04,JP,paid_google,iOS
u_006437,2024-11-22 18:11:10,KR,paid_tiktok,Android
u_006438,2024-12-16 03:56:19,KR,paid_facebook,iOS
u_006439,2024-12-12 12:39:08,JP,referral,Android
u_006440,2024-12-27 05:31:04,KR,organic,Android
u_006441,2024-11-10 19:26:36,KR,referral,Android
u_006442,2024-11-15 07:18:55,KR,organic,Android
u_006443,2024-11-26 09:08:49,JP,paid_facebook,iOS
u_006444,2024-12-10 00:54:42,KR,paid_facebook,Android
u_006445,2024-12-30 19:25:21,KR,referral,iOS
u_006446,2024-11-14 08:22:58,KR,organic,Android
u_006447,2024-11-12 07:06:34,KR,paid_tiktok,Android
u_006448,2024-11-04 17:47:27,KR,organic,Android
u_006449,2024-11-26 03:12:20,KR,referral,iOS
u_006450,2024-11-12 01:29:55,KR,paid_facebook,iOS
u_006451,2024-12-24 04:15:40,KR,paid_google,Android
u_006452,2024-12-22 12:37:03,KR,paid_google,iOS
u_006453,2024-12-06 14:21:52,US,paid_tiktok,Android
u_006454,2024-11-11 16:51:23,KR,paid_tiktok,iOS
u_006455,2024-11-06 23:00:45,JP,paid_facebook,Android
u_006456,2024-11-29 03:14:21,US,paid_facebook,Android
u_006457,2024-11-01 05:36:02,KR,referral,iOS
u_006458,2024-11-26 22:54:17,JP,organic,Android
u_006459,2024-12-12 23:20:56,US,organic,Android
u_006460,2024-11-09 21:30:26,US,paid_google,Android
u_006461,2024-11-05 19:03:21,KR,referral,Android
u_006462,2024-12-05 02:00:46,KR,paid_tiktok,Android
u_006463,2024-11-01 11:16:28,US,cross_promo,Android
u_006464,2024-12-28 04:58:40,JP,organic,Android
u_006465,2024-11-27 23:20:46,US,paid_google,Android
u_006466,2024-11-19 15:30:28,JP,cross_promo,Android
u_006467,2024-12-15 00:35:32,JP,cross_promo,Android
u_006468,2024-12-12 19:32:43,KR,paid_tiktok,Android
u_006469,2024-11-27 10:07:33,KR,referral,Android
u_006470,2024-11-28 07:39:16,JP,paid_facebook,Android
u_006471,2024-12-26 00:19:20,US,paid_facebook,Android
u_006472,2024-11-18 06:52:48,KR,paid_facebook,iOS
u_006473,2024-12-05 15:03:03,US,paid_tiktok,Android
u_006474,2024-12-28 18:38:23,KR,organic,Android
u_006475,2024-11-02 04:21:32,KR,paid_google,Android
u_006476,2024-11-26 20:31:17,JP,paid_google,iOS
u_006477,2024-11-13 20:11:31,US,paid_tiktok,iOS
u_006478,2024-12-18 16:12:01,KR,referral,iOS
u_006479,2024-11-10 11:31:37,JP,paid_facebook,Android
u_006480,2024-12-11 13:21:56,KR,referral,iOS
u_006481,2024-11-15 20:47:14,JP,paid_facebook,Android
u_006482,2024-12-13 08:40:29,JP,organic,Android
u_006483,2024-11-15 01:19:09,JP,cross_promo,iOS
u_006484,2024-11-03 19:10:34,US,cross_promo,Android
u_006485,2024-12-16 18:06:24,US,paid_google,iOS
u_006486,2024-12-03 07:21:53,KR,organic,Android
u_006487,2024-12-13 13:19:33,KR,paid_tiktok,iOS
u_006488,2024-12-19 18:24:26,KR,paid_tiktok,Android
u_006489,2024-12-23 13:44:37,KR,paid_facebook,iOS
u_006490,2024-12-30 11:50:53,JP,paid_facebook,Android
u_006491,2024-11-25 17:06:47,KR,referral,iOS
u_006492,2024-11-16 14:24:27,KR,organic,iOS
u_006493,2024-11-29 02:08:13,KR,referral,iOS
u_006494,2024-11-28 22:05:22,KR,paid_google,iOS
u_006495,2024-11-29 20:21:46,US,organic,Android
u_006496,2024-12-30 16:14:36,KR,paid_tiktok,Android
u_006497,2024-12-28 21:10:14,US,cross_promo,iOS
u_006498,2024-12-02 20:24:49,JP,paid_tiktok,iOS
u_006499,2024-12-27 11:22:40,KR,paid_tiktok,Android
u_006500,2024-11-14 15:58:18,KR,paid_facebook,Android
u_006501,2024-12-17 17:50:29,KR,paid_facebook,Android
u_006502,2024-11-06 18:11:30,US,organic,iOS
u_006503,2024-11-13 05:26:56,JP,paid_google,Android
u_006504,2024-12-19 10:03:17,KR,organic,Android
u_006505,2024-11-03 21:50:57,KR,paid_facebook,Android
u_006506,2024-12-18 11:53:03,US,referral,iOS
u_006507,2024-11-03 14:48:46,KR,referral,Android
u_006508,2024-11-14 23:14:07,KR,referral,Android
u_006509,2024-11-26 21:12:04,JP,organic,Android
u_006510,2024-11-07 13:45:21,KR,paid_google,iOS
u_006511,2024-12-06 23:51:48,KR,referral,Android
u_006512,2024-12-19 03:37:47,KR,organic,iOS
u_006513,2024-12-26 18:48:02,US,referral,Android
u_006514,2024-11-11 17:09:52,KR,organic,Android
u_006515,2024-11-25 09:05:47,KR,paid_google,iOS
u_006516,2024-11-18 00:23:13,JP,organic,Android
u_006517,2024-11-15 14:57:34,US,paid_facebook,iOS
u_006518,2024-11-06 14:22:01,KR,referral,Android
u_006519,2024-12-15 05:10:24,KR,paid_facebook,iOS
u_006520,2024-12-14 10:22:43,KR,referral,Android
u_006521,2024-11-15 05:30:20,JP,cross_promo,Android
u_006522,2024-11-12 15:09:09,KR,paid_facebook,Android
u_006523,2024-11-24 20:34:30,US,paid_facebook,iOS
u_006524,2024-11-18 08:32:14,KR,cross_promo,Android
u_006525,2024-12-10 00:47:37,JP,cross_promo,Android
u_006526,2024-12-12 02:08:27,KR,cross_promo,Android
u_006527,2024-12-21 08:04:26,JP,referral,Android
u_006528,2024-12-19 12:59:53,US,referral,iOS
u_006529,2024-12-03 23:36:15,JP,organic,iOS
u_006530,2024-12-25 14:46:10,JP,paid_google,Android
u_006531,2024-12-27 02:54:47,KR,cross_promo,iOS
u_006532,2024-12-03 05:32:11,JP,paid_facebook,iOS
u_006533,2024-12-15 03:48:04,KR,cross_promo,Android
u_006534,2024-12-23 09:42:09,KR,cross_promo,iOS
u_006535,2024-11-17 12:25:54,JP,cross_promo,Android
u_006536,2024-11-13 09:40:43,JP,referral,iOS
u_006537,2024-11-16 07:46:12,US,paid_tiktok,iOS
u_006538,2024-12-04 23:18:29,KR,organic,iOS
u_006539,2024-11-14 21:39:55,US,organic,iOS
u_006540,2024-12-28 21:36:50,JP,paid_tiktok,Android
u_006541,2024-12-18 02:54:26,KR,paid_google,iOS
u_006542,2024-12-09 21:56:46,JP,paid_facebook,iOS
u_006543,2024-12-12 02:23:44,JP,organic,Android
u_006544,2024-11-30 01:37:41,KR,referral,Android
u_006545,2024-11-09 01:09:19,KR,paid_tiktok,Android
u_006546,2024-12-26 08:01:01,US,organic,iOS
u_006547,2024-12-02 12:17:44,KR,cross_promo,iOS
u_006548,2024-11-06 23:41:36,US,cross_promo,iOS
u_006549,2024-12-01 03:48:10,KR,paid_tiktok,Android
u_006550,2024-12-22 20:01:03,JP,referral,iOS
u_006551,2024-12-14 05:26:48,KR,paid_tiktok,iOS
u_006552,2024-11-13 20:12:28,US,paid_tiktok,iOS
u_006553,2024-11-24 01:47:06,JP,paid_google,Android
u_006554,2024-12-31 23:17:05,KR,organic,Android
u_006555,2024-12-09 08:36:14,JP,organic,Android
u_006556,2024-11-25 07:06:02,JP,paid_facebook,iOS
u_006557,2024-11-11 07:39:15,KR,paid_google,Android
u_006558,2024-12-03 18:10:19,JP,paid_tiktok,iOS
u_006559,2024-11-10 01:28:55,KR,paid_facebook,iOS
u_006560,2024-11-22 15:51:59,JP,paid_google,Android
u_006561,2024-12-19 12:25:14,KR,organic,iOS
u_006562,2024-11-17 23:48:23,US,paid_google,Android
u_006563,2024-12-31 01:52:20,JP,paid_facebook,iOS
u_006564,2024-11-22 10:26:52,US,paid_facebook,Android
u_006565,2024-12-10 16:21:04,KR,cross_promo,Android
u_006566,2024-12-07 02:35:18,KR,paid_facebook,iOS
u_006567,2024-12-22 16:04:33,KR,referral,Android
u_006568,2024-11-23 15:53:45,KR,paid_facebook,Android
u_006569,2024-12-06 18:35:14,KR,paid_tiktok,iOS
u_006570,2024-11-15 17:32:05,KR,paid_tiktok,iOS
u_006571,2024-12-22 13:14:33,KR,referral,Android
u_006572,2024-11-08 10:00:06,KR,paid_facebook,iOS
u_006573,2024-12-17 22:52:17,KR,referral,iOS
u_006574,2024-11-19 20:18:52,KR,paid_facebook,Android
u_006575,2024-11-26 18:57:02,KR,cross_promo,Android
u_006576,2024-11-17 08:06:52,US,cross_promo,Android
u_006577,2024-11-25 22:00:55,KR,paid_facebook,Android
u_006578,2024-11-12 08:46:05,US,paid_google,Android
u_006579,2024-11-18 06:37:38,KR,referral,iOS
u_006580,2024-12-26 18:02:42,KR,cross_promo,iOS
u_006581,2024-12-22 11:28:05,KR,paid_google,Android
u_006582,2024-12-12 07:07:46,JP,paid_facebook,iOS
u_006583,2024-12-16 20:09:02,US,organic,Android
u_006584,2024-11-26 17:38:51,JP,paid_google,Android
u_006585,2024-12-27 23:40:48,JP,paid_tiktok,Android
u_006586,2024-12-20 04:49:01,KR,paid_facebook,Android
u_006587,2024-12-18 14:28:30,KR,paid_facebook,iOS
u_006588,2024-12-06 02:16:40,US,referral,Android
u_006589,2024-11-09 10:09:45,US,paid_facebook,iOS
u_006590,2024-12-09 08:26:10,JP,paid_facebook,Android
u_006591,2024-12-23 17:42:05,US,paid_facebook,Android
u_006592,2024-12-28 06:36:27,US,referral,Android
u_006593,2024-11-02 16:00:24,KR,cross_promo,iOS
u_006594,2024-12-29 22:18:08,US,paid_facebook,iOS
u_006595,2024-11-03 10:07:35,KR,paid_google,Android
u_006596,2024-12-29 12:34:54,JP,organic,Android
u_006597,2024-11-28 18:12:09,US,organic,iOS
u_006598,2024-11-25 10:19:15,JP,paid_facebook,iOS
u_006599,2024-11-18 17:07:18,KR,paid_facebook,iOS
u_006600,2024-12-28 14:15:57,US,organic,iOS
u_006601,2024-12-25 15:51:39,KR,paid_facebook,Android
u_006602,2024-12-08 12:51:27,US,organic,Android
u_006603,2024-12-28 17:41:52,KR,organic,Android
u_006604,2024-11-11 21:03:10,KR,cross_promo,iOS
u_006605,2024-11-01 04:11:21,KR,paid_tiktok,Android
u_006606,2024-11-19 08:54:58,JP,cross_promo,Android
u_006607,2024-11-07 18:02:19,US,paid_tiktok,iOS
u_006608,2024-12-05 12:55:15,US,cross_promo,iOS
u_006609,2024-11-01 16:38:42,KR,cross_promo,iOS
u_006610,2024-11-06 17:47:55,KR,paid_facebook,Android
u_006611,2024-12-25 17:26:31,KR,paid_google,iOS
u_006612,2024-11-14 22:14:26,KR,organic,Android
u_006613,2024-12-29 07:58:06,KR,organic,Android
u_006614,2024-11-05 13:58:55,US,referral,Android
u_006615,2024-11-26 15:23:58,JP,referral,iOS
u_006616,2024-12-01 10:06:05,JP,referral,Android
u_006617,2024-11-11 12:42:30,KR,paid_google,Android
u_006618,2024-11-13 09:17:41,JP,paid_google,Android
u_006619,2024-11-12 18:34:56,KR,paid_facebook,iOS
u_006620,2024-11-19 16:30:35,KR,organic,iOS
u_006621,2024-11-04 22:55:42,US,paid_tiktok,iOS
u_006622,2024-12-06 06:14:46,KR,organic,Android
u_006623,2024-11-07 03:22:25,KR,cross_promo,iOS
u_006624,2024-12-23 11:39:46,KR,paid_facebook,iOS
u_006625,2024-11-22 05:58:31,JP,paid_google,Android
u_006626,2024-11-13 23:14:14,JP,paid_tiktok,Android
u_006627,2024-12-13 20:44:56,KR,organic,Android
u_006628,2024-12-11 10:01:08,US,cross_promo,Android
u_006629,2024-12-30 13:04:36,US,referral,Android
u_006630,2024-11-12 01:33:50,KR,referral,iOS
u_006631,2024-11-21 04:30:54,KR,organic,Android
u_006632,2024-12-18 08:13:31,JP,cross_promo,Android
u_006633,2024-11-20 11:16:05,KR,paid_facebook,Android
u_006634,2024-11-14 05:46:51,KR,referral,Android
u_006635,2024-12-22 17:10:51,US,paid_google,Android
u_006636,2024-12-08 04:09:48,KR,organic,Android
u_006637,2024-11-27 14:52:30,US,paid_facebook,Android
u_006638,2024-11-24 12:26:48,KR,paid_google,iOS
u_006639,2024-12-27 21:48:06,KR,paid_google,iOS
u_006640,2024-12-14 18:12:07,US,cross_promo,iOS
u_006641,2024-12-09 17:19:27,JP,referral,iOS
u_006642,2024-12-01 04:08:43,KR,paid_facebook,Android
u_006643,2024-11-26 14:51:16,KR,organic,iOS
u_006644,2024-11-03 05:17:28,KR,organic,Android
u_006645,2024-12-21 14:19:07,JP,paid_tiktok,Android
u_006646,2024-12-13 21:49:35,JP,paid_tiktok,iOS
u_006647,2024-12-09 21:13:11,KR,paid_tiktok,Android
u_006648,2024-11-13 07:47:54,KR,paid_facebook,Android
u_006649,2024-12-17 00:21:48,JP,organic,Android
u_006650,2024-11-20 04:32:19,JP,cross_promo,Android
u_006651,2024-11-14 15:15:53,KR,cross_promo,Android
u_006652,2024-12-28 07:21:02,KR,paid_facebook,Android
u_006653,2024-11-02 16:10:37,KR,paid_facebook,Android
u_006654,2024-11-14 18:40:00,KR,organic,Android
u_006655,2024-11-01 17:42:51,KR,paid_google,Android
u_006656,2024-12-13 12:27:10,KR,paid_facebook,Android
u_006657,2024-12-30 07:22:01,JP,paid_facebook,Android
u_006658,2024-12-21 02:14:25,JP,paid_facebook,Android
u_006659,2024-11-26 17:24:21,KR,paid_tiktok,iOS
u_006660,2024-11-30 16:48:47,KR,paid_google,Android
u_006661,2024-11-17 16:18:20,KR,referral,iOS
u_006662,2024-12-13 13:34:00,KR,organic,Android
u_006663,2024-12-21 14:35:34,JP,paid_facebook,iOS
u_006664,2024-11-22 13:37:04,KR,cross_promo,iOS
u_006665,2024-11-24 17:02:11,KR,paid_facebook,Android
u_006666,2024-11-29 04:03:31,KR,organic,iOS
u_006667,2024-12-17 04:17:16,KR,organic,iOS
u_006668,2024-11-10 10:31:49,KR,organic,Android
u_006669,2024-11-11 20:11:22,KR,cross_promo,Android
u_006670,2024-12-07 06:22:38,US,paid_google,Android
u_006671,2024-11-28 04:12:42,KR,paid_tiktok,Android
u_006672,2024-12-02 10:52:58,JP,organic,Android
u_006673,2024-11-07 16:22:03,KR,cross_promo,Android
u_006674,2024-11-26 01:17:08,KR,paid_tiktok,Android
u_006675,2024-11-16 20:33:26,JP,cross_promo,Android
u_006676,2024-12-12 11:13:48,KR,cross_promo,iOS
u_006677,2024-12-04 02:03:47,KR,paid_tiktok,Android
u_006678,2024-11-12 09:02:15,KR,paid_facebook,Android
u_006679,2024-11-16 04:04:41,KR,cross_promo,Android
u_006680,2024-11-20 13:37:52,KR,referral,Android
u_006681,2024-11-05 10:42:29,KR,paid_facebook,Android
u_006682,2024-11-17 01:48:57,US,paid_google,Android
u_006683,2024-12-25 02:47:57,KR,organic,Android
u_006684,2024-11-15 16:15:16,KR,referral,Android
u_006685,2024-12-04 17:55:33,KR,paid_google,Android
u_006686,2024-11-28 21:08:01,JP,paid_google,Android
u_006687,2024-11-12 05:12:42,JP,organic,Android
u_006688,2024-12-19 22:35:28,US,paid_google,iOS
u_006689,2024-12-22 13:52:43,KR,referral,Android
u_006690,2024-12-31 12:10:51,KR,organic,iOS
u_006691,2024-12-10 22:25:15,KR,paid_google,Android
u_006692,2024-11-26 21:09:50,KR,paid_tiktok,Android
u_006693,2024-12-04 17:51:44,JP,referral,iOS
u_006694,2024-12-14 21:41:40,KR,paid_facebook,Android
u_006695,2024-11-07 10:32:48,KR,cross_promo,Android
u_006696,2024-12-12 07:46:13,KR,paid_facebook,Android
u_006697,2024-11-24 11:38:00,JP,cross_promo,Android
u_006698,2024-11-27 14:41:12,JP,organic,iOS
u_006699,2024-11-22 04:58:09,KR,paid_facebook,Android
u_006700,2024-11-30 18:21:40,KR,paid_facebook,Android
u_006701,2024-12-05 15:41:05,JP,cross_promo,Android
u_006702,2024-12-13 09:27:42,KR,paid_google,Android
u_006703,2024-12-09 05:56:57,JP,cross_promo,iOS
u_006704,2024-11-04 12:42:43,KR,cross_promo,Android
u_006705,2024-12-28 01:16:59,KR,paid_google,Android
u_006706,2024-12-27 22:16:34,KR,organic,Android
u_006707,2024-11-25 20:53:00,KR,organic,iOS
u_006708,2024-12-27 21:50:44,KR,paid_google,Android
u_006709,2024-11-16 23:22:21,KR,cross_promo,Android
u_006710,2024-12-20 19:28:37,US,referral,iOS
u_006711,2024-11-07 16:50:48,KR,paid_google,Android
u_006712,2024-12-14 02:39:51,JP,referral,Android
u_006713,2024-12-08 09:53:07,KR,organic,Android
u_006714,2024-12-14 04:55:34,JP,paid_facebook,iOS
u_006715,2024-11-18 23:16:50,KR,referral,iOS
u_006716,2024-12-05 07:32:59,US,organic,Android
u_006717,2024-11-06 18:25:23,KR,referral,iOS
u_006718,2024-12-07 21:55:39,JP,paid_tiktok,Android
u_006719,2024-11-22 16:33:22,KR,paid_facebook,Android
u_006720,2024-11-25 19:35:40,KR,cross_promo,Android
u_006721,2024-11-19 04:34:07,KR,paid_tiktok,Android
u_006722,2024-11-11 14:14:53,US,paid_google,iOS
u_006723,2024-11-06 22:19:36,JP,paid_tiktok,iOS
u_006724,2024-12-08 09:27:11,KR,organic,Android
u_006725,2024-12-29 13:11:50,US,paid_facebook,iOS
u_006726,2024-12-15 18:10:02,US,referral,Android
u_006727,2024-11-22 13:06:41,US,paid_facebook,Android
u_006728,2024-12-31 23:08:50,KR,paid_google,Android
u_006729,2024-12-27 14:48:57,JP,paid_google,Android
u_006730,2024-12-15 07:40:30,KR,organic,Android
u_006731,2024-11-16 21:22:57,KR,paid_google,Android
u_006732,2024-11-17 23:45:54,US,referral,Android
u_006733,2024-11-24 17:41:29,JP,paid_facebook,iOS
u_006734,2024-12-24 02:32:10,JP,referral,iOS
u_006735,2024-12-17 01:16:54,US,cross_promo,iOS
u_006736,2024-11-16 21:05:23,KR,cross_promo,Android
u_006737,2024-11-11 10:22:10,JP,cross_promo,Android
u_006738,2024-11-08 09:21:51,KR,paid_google,iOS
u_006739,2024-12-05 01:34:05,KR,organic,Android
u_006740,2024-11-28 00:59:09,US,organic,Android
u_006741,2024-12-24 21:35:23,KR,paid_facebook,Android
u_006742,2024-11-06 15:05:35,KR,organic,iOS
u_006743,2024-11-19 07:23:03,US,paid_facebook,iOS
u_006744,2024-11-12 22:31:49,KR,organic,Android
u_006745,2024-12-23 19:17:09,US,paid_tiktok,Android
u_006746,2024-12-03 19:44:46,JP,paid_facebook,iOS
u_006747,2024-11-18 13:39:01,KR,paid_tiktok,iOS
u_006748,2024-11-19 00:42:08,JP,organic,Android
u_006749,2024-11-12 13:21:10,KR,paid_facebook,Android
u_006750,2024-11-16 14:03:33,KR,paid_tiktok,Android
u_006751,2024-12-28 20:08:52,US,paid_google,Android
u_006752,2024-12-01 21:00:10,US,organic,iOS
u_006753,2024-11-02 09:42:27,JP,cross_promo,Android
u_006754,2024-11-30 19:01:09,US,paid_facebook,iOS
u_006755,2024-12-06 23:05:18,US,cross_promo,Android
u_006756,2024-12-09 09:48:12,KR,paid_facebook,Android
u_006757,2024-12-31 11:58:30,KR,paid_tiktok,Android
u_006758,2024-11-20 11:49:12,US,paid_tiktok,Android
u_006759,2024-11-11 02:08:09,JP,paid_tiktok,iOS
u_006760,2024-11-18 12:15:15,KR,organic,Android
u_006761,2024-12-14 20:51:18,KR,organic,Android
u_006762,2024-11-06 03:37:24,KR,paid_facebook,Android
u_006763,2024-12-25 04:10:36,JP,organic,Android
u_006764,2024-11-11 16:42:31,KR,paid_google,iOS
u_006765,2024-12-07 15:45:33,KR,paid_tiktok,iOS
u_006766,2024-11-07 13:36:54,KR,paid_google,iOS
u_006767,2024-11-14 20:58:44,JP,paid_facebook,Android
u_006768,2024-11-25 04:47:13,KR,paid_facebook,iOS
u_006769,2024-12-11 08:46:48,KR,paid_tiktok,iOS
u_006770,2024-12-06 10:38:44,KR,paid_facebook,Android
u_006771,2024-12-28 12:07:45,JP,paid_google,Android
u_006772,2024-12-31 06:06:32,KR,paid_facebook,Android
u_006773,2024-12-24 06:19:43,JP,paid_facebook,iOS
u_006774,2024-12-16 12:49:08,US,cross_promo,iOS
u_006775,2024-12-09 00:15:35,KR,organic,Android
u_006776,2024-11-04 18:53:55,JP,paid_facebook,Android
u_006777,2024-11-24 09:25:26,KR,referral,iOS
u_006778,2024-11-28 10:09:47,KR,paid_tiktok,iOS
u_006779,2024-12-26 18:53:08,KR,paid_google,Android
u_006780,2024-11-20 04:07:58,KR,paid_facebook,Android
u_006781,2024-12-14 12:15:52,KR,paid_tiktok,Android
u_006782,2024-11-02 00:40:13,JP,organic,Android
u_006783,2024-12-31 01:18:58,US,paid_google,Android
u_006784,2024-12-21 06:49:11,KR,cross_promo,Android
u_006785,2024-12-13 13:04:24,KR,cross_promo,iOS
u_006786,2024-12-28 21:42:46,KR,paid_tiktok,Android
u_006787,2024-12-18 16:22:46,JP,referral,iOS
u_006788,2024-12-26 21:04:04,KR,paid_facebook,iOS
u_006789,2024-12-06 19:08:10,KR,organic,Android
u_006790,2024-11-14 03:29:50,US,paid_tiktok,iOS
u_006791,2024-12-09 16:47:13,JP,paid_facebook,Android
u_006792,2024-12-12 14:05:31,US,paid_google,Android
u_006793,2024-11-08 12:44:43,US,paid_tiktok,Android
u_006794,2024-11-15 22:51:44,JP,paid_tiktok,Android
u_006795,2024-12-08 04:53:22,KR,paid_google,Android
u_006796,2024-11-13 19:30:26,JP,paid_tiktok,iOS
u_006797,2024-12-30 22:02:57,KR,paid_facebook,Android
u_006798,2024-11-13 01:16:07,JP,organic,iOS
u_006799,2024-11-29 01:20:25,KR,paid_facebook,Android
u_006800,2024-11-22 13:06:58,KR,paid_facebook,Android
u_006801,2024-11-23 22:21:38,JP,organic,Android
u_006802,2024-12-28 15:49:49,US,paid_facebook,iOS
u_006803,2024-11-17 12:40:51,US,cross_promo,Android
u_006804,2024-12-01 22:48:30,KR,cross_promo,iOS
u_006805,2024-11-02 03:58:30,US,paid_facebook,Android
u_006806,2024-12-13 05:51:25,KR,cross_promo,iOS
u_006807,2024-12-28 23:32:11,KR,cross_promo,Android
u_006808,2024-12-16 20:29:45,US,paid_google,iOS
u_006809,2024-11-20 18:35:01,US,organic,iOS
u_006810,2024-11-08 14:37:40,JP,cross_promo,Android
u_006811,2024-11-29 14:31:51,JP,paid_google,iOS
u_006812,2024-12-25 13:41:49,KR,paid_tiktok,Android
u_006813,2024-11-10 13:01:38,KR,cross_promo,Android
u_006814,2024-12-29 13:25:58,JP,paid_google,Android
u_006815,2024-12-15 11:46:34,KR,paid_google,Android
u_006816,2024-12-14 03:48:12,US,paid_facebook,Android
u_006817,2024-12-23 02:27:06,KR,cross_promo,Android
u_006818,2024-12-07 08:49:07,JP,organic,Android
u_006819,2024-11-18 04:38:25,US,paid_facebook,Android
u_006820,2024-11-16 17:45:48,KR,paid_facebook,iOS
u_006821,2024-11-02 22:56:49,KR,referral,Android
u_006822,2024-12-02 00:17:16,US,paid_tiktok,Android
u_006823,2024-11-18 04:42:27,US,referral,Android
u_006824,2024-11-21 16:52:21,KR,paid_tiktok,iOS
u_006825,2024-11-03 06:13:20,JP,referral,Android
u_006826,2024-11-05 17:52:35,JP,paid_tiktok,Android
u_006827,2024-11-06 19:27:16,JP,referral,Android
u_006828,2024-11-15 23:10:51,JP,cross_promo,iOS
u_006829,2024-11-06 22:23:22,JP,organic,iOS
u_006830,2024-11-16 02:26:08,JP,cross_promo,Android
u_006831,2024-12-27 03:15:47,KR,paid_tiktok,iOS
u_006832,2024-12-23 09:58:54,JP,cross_promo,Android
u_006833,2024-11-24 09:58:03,JP,paid_tiktok,Android
u_006834,2024-12-31 20:49:45,KR,referral,Android
u_006835,2024-12-25 18:09:33,KR,referral,Android
u_006836,2024-11-01 12:29:33,JP,paid_tiktok,Android
u_006837,2024-12-28 10:05:50,KR,paid_google,iOS
u_006838,2024-12-03 11:34:18,KR,paid_facebook,Android
u_006839,2024-12-03 10:07:32,KR,organic,Android
u_006840,2024-11-05 03:24:19,KR,referral,iOS
u_006841,2024-11-04 16:20:20,KR,paid_google,Android
u_006842,2024-12-07 17:41:12,KR,cross_promo,iOS
u_006843,2024-12-19 06:25:20,JP,referral,Android
u_006844,2024-12-11 18:34:43,KR,paid_google,iOS
u_006845,2024-11-13 19:54:28,KR,cross_promo,iOS
u_006846,2024-11-26 19:24:33,JP,referral,Android
u_006847,2024-11-14 05:40:45,US,paid_facebook,iOS
u_006848,2024-11-17 11:51:03,KR,organic,iOS
u_006849,2024-12-02 04:48:09,US,cross_promo,Android
u_006850,2024-12-04 22:31:20,KR,organic,Android
u_006851,2024-11-08 10:37:26,US,referral,iOS
u_006852,2024-12-12 16:53:23,KR,referral,Android
u_006853,2024-11-23 14:59:34,JP,paid_facebook,iOS
u_006854,2024-11-06 00:16:15,KR,organic,Android
u_006855,2024-12-03 11:16:22,JP,paid_facebook,Android
u_006856,2024-12-07 19:42:14,KR,referral,Android
u_006857,2024-11-06 22:10:16,JP,cross_promo,Android
u_006858,2024-11-03 10:27:49,JP,paid_facebook,Android
u_006859,2024-11-30 11:24:03,KR,paid_facebook,Android
u_006860,2024-11-04 06:14:54,JP,paid_tiktok,iOS
u_006861,2024-12-11 16:32:00,KR,cross_promo,iOS
u_006862,2024-11-17 14:50:44,KR,paid_tiktok,iOS
u_006863,2024-12-10 01:03:10,JP,paid_facebook,Android
u_006864,2024-12-02 19:04:43,US,cross_promo,Android
u_006865,2024-11-20 05:46:31,KR,referral,Android
u_006866,2024-11-15 06:16:02,KR,organic,iOS
u_006867,2024-11-04 02:46:56,KR,paid_tiktok,iOS
u_006868,2024-11-21 14:36:51,KR,organic,Android
u_006869,2024-12-04 03:06:18,JP,cross_promo,iOS
u_006870,2024-11-13 18:20:54,KR,referral,iOS
u_006871,2024-12-31 03:23:10,KR,organic,Android
u_006872,2024-12-19 13:57:04,JP,paid_facebook,iOS
u_006873,2024-12-24 05:07:16,KR,cross_promo,Android
u_006874,2024-12-08 14:49:05,JP,referral,Android
u_006875,2024-12-05 08:54:39,KR,cross_promo,Android
u_006876,2024-11-25 11:11:04,JP,paid_tiktok,Android
u_006877,2024-11-14 14:57:57,KR,referral,Android
u_006878,2024-11-10 05:44:10,JP,referral,Android
u_006879,2024-12-21 03:51:00,KR,organic,Android
u_006880,2024-12-23 05:49:31,US,paid_facebook,Android
u_006881,2024-12-27 23:27:24,US,organic,Android
u_006882,2024-12-05 19:24:40,KR,paid_tiktok,Android
u_006883,2024-11-11 04:25:05,KR,paid_google,Android
u_006884,2024-11-23 22:12:11,US,paid_facebook,Android
u_006885,2024-12-12 07:52:36,KR,paid_facebook,Android
u_006886,2024-12-20 10:18:52,KR,cross_promo,Android
u_006887,2024-11-05 20:01:37,JP,organic,Android
u_006888,2024-12-20 00:10:22,KR,paid_tiktok,iOS
u_006889,2024-11-05 19:52:33,JP,paid_facebook,Android
u_006890,2024-12-25 12:51:38,JP,paid_google,iOS
u_006891,2024-12-08 13:46:50,US,cross_promo,Android
u_006892,2024-11-13 06:49:31,JP,paid_google,Android
u_006893,2024-12-10 13:33:53,US,paid_facebook,iOS
u_006894,2024-12-05 20:44:30,JP,paid_facebook,iOS
u_006895,2024-11-24 06:09:28,JP,paid_google,iOS
u_006896,2024-11-01 04:01:27,US,paid_tiktok,iOS
u_006897,2024-12-12 00:57:33,US,paid_google,iOS
u_006898,2024-11-27 21:49:47,US,paid_facebook,Android
u_006899,2024-11-09 05:45:02,JP,referral,iOS
u_006900,2024-12-12 14:27:21,KR,organic,Android
u_006901,2024-11-22 00:06:52,US,organic,Android
u_006902,2024-11-07 22:26:10,JP,paid_tiktok,iOS
u_006903,2024-12-23 14:27:29,US,organic,Android
u_006904,2024-11-22 11:44:51,KR,referral,Android
u_006905,2024-12-13 07:40:49,JP,referral,Android
u_006906,2024-11-16 00:41:20,KR,referral,Android
u_006907,2024-12-05 14:06:28,KR,organic,Android
u_006908,2024-11-08 03:54:10,KR,paid_tiktok,Android
u_006909,2024-11-14 03:17:22,KR,paid_tiktok,Android
u_006910,2024-12-24 20:10:56,KR,paid_google,Android
u_006911,2024-11-10 15:26:01,JP,referral,iOS
u_006912,2024-11-18 03:08:22,US,organic,iOS
u_006913,2024-11-01 03:08:44,KR,paid_facebook,Android
u_006914,2024-11-27 10:55:32,US,paid_facebook,iOS
u_006915,2024-12-01 22:35:58,KR,organic,iOS
u_006916,2024-11-02 07:23:47,KR,cross_promo,iOS
u_006917,2024-11-03 07:21:21,JP,cross_promo,iOS
u_006918,2024-11-14 03:56:49,JP,cross_promo,iOS
u_006919,2024-12-26 17:16:04,KR,paid_facebook,iOS
u_006920,2024-11-30 15:45:23,KR,organic,Android
u_006921,2024-11-24 14:16:22,KR,paid_google,Android
u_006922,2024-12-22 09:16:04,JP,referral,Android
u_006923,2024-11-11 20:40:37,US,paid_facebook,Android
u_006924,2024-11-13 00:26:42,KR,referral,Android
u_006925,2024-11-02 14:59:23,KR,cross_promo,Android
u_006926,2024-11-12 10:42:40,KR,paid_google,Android
u_006927,2024-12-29 07:20:05,JP,organic,iOS
u_006928,2024-12-19 20:51:41,KR,paid_facebook,Android
u_006929,2024-11-13 09:00:45,KR,cross_promo,Android
u_006930,2024-12-02 05:31:33,KR,paid_google,Android
u_006931,2024-12-12 14:29:56,KR,cross_promo,Android
u_006932,2024-11-18 03:55:18,KR,paid_google,iOS
u_006933,2024-12-21 07:09:44,JP,cross_promo,iOS
u_006934,2024-11-28 09:05:33,US,paid_google,iOS
u_006935,2024-11-07 19:17:03,KR,referral,Android
u_006936,2024-12-13 13:55:14,KR,paid_google,Android
u_006937,2024-12-28 15:57:18,KR,paid_tiktok,iOS
u_006938,2024-11-03 09:23:18,KR,paid_facebook,iOS
u_006939,2024-11-19 04:38:19,KR,cross_promo,Android
u_006940,2024-11-06 14:44:18,KR,cross_promo,iOS
u_006941,2024-11-06 18:23:04,JP,cross_promo,Android
u_006942,2024-11-17 06:12:04,US,paid_tiktok,Android
u_006943,2024-12-23 19:34:10,JP,paid_facebook,iOS
u_006944,2024-12-26 12:58:33,US,organic,Android
u_006945,2024-12-20 23:30:40,US,organic,Android
u_006946,2024-11-19 04:55:48,KR,paid_tiktok,Android
u_006947,2024-11-11 14:11:21,JP,paid_facebook,Android
u_006948,2024-11-18 10:10:55,US,referral,iOS
u_006949,2024-12-23 16:07:10,KR,cross_promo,iOS
u_006950,2024-11-22 21:12:04,KR,organic,iOS
u_006951,2024-12-08 12:57:19,US,referral,iOS
u_006952,2024-11-13 04:24:58,KR,paid_facebook,Android
u_006953,2024-12-17 19:56:46,KR,paid_google,Android
u_006954,2024-11-12 06:50:54,US,cross_promo,Android
u_006955,2024-12-04 15:14:33,KR,referral,Android
u_006956,2024-12-12 14:50:07,KR,paid_tiktok,iOS
u_006957,2024-11-12 08:24:18,KR,paid_facebook,Android
u_006958,2024-11-11 18:02:35,KR,paid_tiktok,Android
u_006959,2024-11-21 18:05:45,JP,paid_google,Android
u_006960,2024-12-21 21:11:22,JP,organic,Android
u_006961,2024-12-07 00:34:34,US,paid_google,iOS
u_006962,2024-11-10 22:32:01,US,referral,Android
u_006963,2024-12-09 14:39:29,KR,cross_promo,Android
u_006964,2024-12-23 08:33:22,JP,paid_facebook,iOS
u_006965,2024-12-02 02:55:34,US,cross_promo,Android
u_006966,2024-11-04 21:16:45,JP,paid_facebook,iOS
u_006967,2024-12-21 23:18:46,KR,paid_tiktok,iOS
u_006968,2024-11-27 16:13:39,JP,paid_google,iOS
u_006969,2024-11-28 14:03:56,KR,paid_google,Android
u_006970,2024-12-30 06:27:09,US,paid_google,Android
u_006971,2024-12-29 01:34:39,US,paid_google,Android
u_006972,2024-12-05 21:30:03,JP,paid_tiktok,Android
u_006973,2024-12-09 22:38:17,JP,paid_facebook,Android
u_006974,2024-12-17 18:58:32,KR,paid_tiktok,iOS
u_006975,2024-12-27 05:16:44,JP,paid_tiktok,iOS
u_006976,2024-12-10 07:11:11,US,paid_facebook,Android
u_006977,2024-12-24 11:20:22,KR,paid_google,iOS
u_006978,2024-11-20 23:12:48,JP,paid_google,iOS
u_006979,2024-12-02 16:37:08,KR,paid_google,iOS
u_006980,2024-11-02 04:44:27,US,paid_google,Android
u_006981,2024-11-23 21:07:02,KR,paid_google,Android
u_006982,2024-11-25 17:37:35,JP,cross_promo,Android
u_006983,2024-12-11 10:44:32,JP,cross_promo,Android
u_006984,2024-12-13 05:43:52,JP,paid_facebook,Android
u_006985,2024-11-15 10:55:34,JP,paid_facebook,Android
u_006986,2024-11-10 18:44:01,US,paid_google,Android
u_006987,2024-11-01 22:31:31,KR,paid_facebook,iOS
u_006988,2024-11-05 04:37:58,KR,paid_facebook,Android
u_006989,2024-11-19 03:53:51,KR,paid_facebook,iOS
u_006990,2024-12-13 17:28:29,KR,referral,Android
u_006991,2024-11-29 07:25:05,KR,referral,iOS
u_006992,2024-11-12 10:19:38,KR,organic,iOS
u_006993,2024-12-03 12:49:13,US,paid_tiktok,iOS
u_006994,2024-12-21 21:07:14,KR,organic,Android
u_006995,2024-12-18 22:58:51,US,referral,Android
u_006996,2024-12-25 02:29:18,JP,paid_google,iOS
u_006997,2024-11-25 16:40:31,US,organic,Android
u_006998,2024-11-03 19:21:44,US,paid_tiktok,Android
u_006999,2024-12-05 14:44:31,KR,referral,iOS
u_007000,2024-11-07 11:19:02,JP,paid_google,iOS
u_007001,2024-12-31 02:28:25,US,paid_tiktok,Android
u_007002,2024-11-02 19:16:33,KR,paid_google,Android
u_007003,2024-11-18 20:34:58,JP,organic,Android
u_007004,2024-11-17 19:17:42,KR,paid_tiktok,iOS
u_007005,2024-12-11 01:33:52,JP,paid_google,Android
u_007006,2024-12-07 14:11:08,JP,paid_facebook,Android
u_007007,2024-11-20 06:47:32,JP,paid_tiktok,iOS
u_007008,2024-12-03 17:45:17,KR,paid_google,iOS
u_007009,2024-11-18 10:49:17,US,paid_facebook,Android
u_007010,2024-12-03 06:06:00,KR,organic,iOS
u_007011,2024-12-08 13:30:19,JP,organic,Android
u_007012,2024-12-05 15:36:19,KR,paid_facebook,Android
u_007013,2024-11-08 12:49:17,US,organic,Android
u_007014,2024-11-03 10:47:15,KR,organic,Android
u_007015,2024-11-28 17:26:47,KR,organic,Android
u_007016,2024-12-07 20:08:38,US,paid_google,iOS
u_007017,2024-11-29 10:05:17,KR,paid_google,Android
u_007018,2024-12-22 08:58:49,KR,paid_google,Android
u_007019,2024-11-30 06:02:28,KR,cross_promo,iOS
u_007020,2024-11-27 21:34:44,JP,organic,Android
u_007021,2024-11-26 15:29:52,KR,cross_promo,iOS
u_007022,2024-11-09 20:00:47,JP,referral,Android
u_007023,2024-11-24 14:22:32,KR,referral,Android
u_007024,2024-12-15 01:58:02,JP,paid_facebook,Android
u_007025,2024-12-27 15:22:49,JP,paid_facebook,iOS
u_007026,2024-11-04 23:11:54,KR,paid_facebook,iOS
u_007027,2024-11-06 15:42:42,KR,paid_facebook,Android
u_007028,2024-12-18 04:37:35,KR,paid_google,Android
u_007029,2024-11-04 05:33:50,KR,paid_tiktok,iOS
u_007030,2024-11-19 17:52:15,US,paid_google,Android
u_007031,2024-12-14 16:11:43,KR,paid_tiktok,iOS
u_007032,2024-12-14 16:57:37,KR,paid_facebook,Android
u_007033,2024-11-22 21:23:27,US,paid_tiktok,Android
u_007034,2024-11-28 00:02:47,US,paid_facebook,Android
u_007035,2024-12-19 13:50:29,KR,organic,iOS
u_007036,2024-12-06 04:26:07,JP,referral,iOS
u_007037,2024-12-24 07:17:52,JP,referral,Android
u_007038,2024-11-21 10:44:20,JP,paid_tiktok,iOS
u_007039,2024-12-05 02:05:03,KR,paid_google,Android
u_007040,2024-11-09 02:00:28,JP,paid_tiktok,Android
u_007041,2024-12-29 05:09:11,KR,cross_promo,Android
u_007042,2024-11-19 02:27:24,US,paid_google,Android
u_007043,2024-12-25 08:16:13,JP,organic,iOS
u_007044,2024-11-13 00:20:06,US,cross_promo,iOS
u_007045,2024-11-04 13:35:48,JP,referral,iOS
u_007046,2024-12-06 05:23:21,JP,paid_facebook,iOS
u_007047,2024-11-08 15:07:55,KR,paid_google,Android
u_007048,2024-11-09 04:21:26,KR,paid_tiktok,iOS
u_007049,2024-11-13 14:10:18,JP,paid_google,Android
u_007050,2024-11-15 17:00:02,KR,referral,Android
u_007051,2024-11-22 08:32:26,JP,organic,Android
u_007052,2024-12-19 06:06:17,US,cross_promo,iOS
u_007053,2024-11-03 11:43:48,KR,paid_google,Android
u_007054,2024-12-14 02:38:44,KR,paid_facebook,iOS
u_007055,2024-11-29 15:12:32,KR,organic,iOS
u_007056,2024-11-22 10:03:38,KR,paid_tiktok,Android
u_007057,2024-12-08 16:40:57,KR,cross_promo,Android
u_007058,2024-12-05 20:25:31,US,cross_promo,Android
u_007059,2024-12-15 00:12:01,KR,cross_promo,iOS
u_007060,2024-12-05 08:46:26,US,paid_tiktok,iOS
u_007061,2024-12-30 15:21:12,JP,paid_tiktok,Android
u_007062,2024-11-28 07:32:31,KR,paid_google,Android
u_007063,2024-12-01 05:01:06,KR,paid_tiktok,iOS
u_007064,2024-12-10 07:10:20,KR,referral,Android
u_007065,2024-11-22 11:29:30,KR,paid_google,Android
u_007066,2024-11-23 23:52:50,KR,cross_promo,Android
u_007067,2024-12-14 02:50:49,JP,paid_facebook,Android
u_007068,2024-11-20 03:20:24,JP,cross_promo,Android
u_007069,2024-11-02 03:12:14,KR,cross_promo,Android
u_007070,2024-12-16 10:15:20,JP,paid_facebook,iOS
u_007071,2024-11-05 11:47:11,KR,paid_google,Android
u_007072,2024-11-11 05:30:11,KR,cross_promo,Android
u_007073,2024-12-19 04:34:17,KR,paid_facebook,iOS
u_007074,2024-12-05 13:45:22,KR,referral,iOS
u_007075,2024-11-18 23:40:01,JP,cross_promo,iOS
u_007076,2024-11-29 04:58:59,KR,paid_facebook,iOS
u_007077,2024-12-17 07:35:56,JP,referral,Android
u_007078,2024-11-06 17:10:38,KR,paid_facebook,Android
u_007079,2024-12-11 06:18:36,US,referral,iOS
u_007080,2024-12-27 06:24:13,KR,referral,Android
u_007081,2024-11-24 01:08:27,US,paid_facebook,iOS
u_007082,2024-11-17 00:46:04,KR,organic,iOS
u_007083,2024-12-15 19:44:29,JP,paid_google,iOS
u_007084,2024-11-17 03:30:34,KR,paid_google,iOS
u_007085,2024-12-13 10:38:10,JP,paid_google,iOS
u_007086,2024-12-15 01:09:02,KR,referral,iOS
u_007087,2024-11-25 21:34:51,US,referral,Android
u_007088,2024-12-02 04:24:14,JP,paid_tiktok,iOS
u_007089,2024-11-27 17:50:54,KR,organic,iOS
u_007090,2024-11-22 04:23:53,JP,organic,iOS
u_007091,2024-12-09 22:56:31,JP,paid_facebook,Android
u_007092,2024-12-03 08:37:11,KR,paid_facebook,iOS
u_007093,2024-12-31 23:58:25,KR,cross_promo,Android
u_007094,2024-11-06 16:38:37,JP,cross_promo,iOS
u_007095,2024-12-08 11:22:53,KR,paid_facebook,Android
u_007096,2024-12-01 06:02:34,KR,paid_tiktok,Android
u_007097,2024-11-19 17:18:45,KR,cross_promo,Android
u_007098,2024-12-27 15:21:56,JP,referral,Android
u_007099,2024-11-20 08:33:23,KR,paid_facebook,Android
u_007100,2024-12-30 08:06:08,KR,paid_tiktok,Android
u_007101,2024-11-27 18:47:39,JP,cross_promo,Android
u_007102,2024-11-29 14:22:07,US,paid_facebook,Android
u_007103,2024-11-22 07:32:26,KR,paid_google,Android
u_007104,2024-12-21 20:50:41,JP,cross_promo,iOS
u_007105,2024-11-10 01:30:15,US,organic,Android
u_007106,2024-11-15 23:12:02,KR,referral,Android
u_007107,2024-11-02 01:36:23,JP,cross_promo,iOS
u_007108,2024-12-01 17:34:18,JP,referral,iOS
u_007109,2024-12-22 20:40:08,KR,paid_google,Android
u_007110,2024-12-30 01:01:55,KR,paid_facebook,iOS
u_007111,2024-12-19 01:43:22,KR,organic,Android
u_007112,2024-12-28 20:17:44,KR,cross_promo,Android
u_007113,2024-11-04 00:16:38,KR,organic,Android
u_007114,2024-12-27 12:54:50,JP,paid_tiktok,Android
u_007115,2024-11-03 13:32:07,US,paid_facebook,Android
u_007116,2024-11-17 04:29:29,US,referral,Android
u_007117,2024-12-16 05:49:10,US,cross_promo,Android
u_007118,2024-12-29 10:29:41,KR,paid_facebook,Android
u_007119,2024-11-30 06:13:05,KR,organic,iOS
u_007120,2024-11-06 16:31:13,KR,organic,Android
u_007121,2024-11-12 22:08:56,KR,cross_promo,iOS
u_007122,2024-11-08 08:21:26,US,paid_google,iOS
u_007123,2024-11-28 18:39:32,KR,paid_tiktok,Android
u_007124,2024-12-10 08:52:39,JP,organic,Android
u_007125,2024-12-17 16:55:36,KR,organic,iOS
u_007126,2024-11-11 16:08:49,KR,paid_google,iOS
u_007127,2024-11-22 19:04:06,KR,referral,Android
u_007128,2024-11-23 22:35:47,KR,paid_google,Android
u_007129,2024-11-03 14:30:40,KR,organic,iOS
u_007130,2024-11-13 14:15:40,US,organic,iOS
u_007131,2024-12-16 01:52:06,KR,paid_tiktok,iOS
u_007132,2024-11-17 12:05:53,JP,paid_google,iOS
u_007133,2024-12-27 04:03:57,KR,paid_tiktok,Android
u_007134,2024-12-05 23:34:23,KR,referral,Android
u_007135,2024-12-27 07:14:17,JP,paid_tiktok,Android
u_007136,2024-11-25 20:02:50,JP,paid_tiktok,Android
u_007137,2024-12-24 02:41:39,JP,cross_promo,Android
u_007138,2024-11-14 17:13:12,US,organic,Android
u_007139,2024-12-16 14:31:32,KR,organic,iOS
u_007140,2024-11-29 10:46:19,KR,organic,Android
u_007141,2024-11-07 21:27:35,JP,paid_facebook,iOS
u_007142,2024-11-30 17:51:09,KR,cross_promo,Android
u_007143,2024-12-27 12:48:41,KR,referral,Android
u_007144,2024-11-04 00:52:09,JP,paid_tiktok,iOS
u_007145,2024-12-28 06:15:52,KR,paid_facebook,Android
u_007146,2024-11-28 01:01:25,JP,cross_promo,Android
u_007147,2024-11-14 06:01:06,US,referral,Android
u_007148,2024-11-26 07:52:48,KR,paid_facebook,iOS
u_007149,2024-12-02 13:01:22,KR,paid_tiktok,iOS
u_007150,2024-11-26 05:06:27,KR,cross_promo,Android
u_007151,2024-11-02 13:58:30,US,paid_google,iOS
u_007152,2024-11-30 14:43:31,KR,organic,iOS
u_007153,2024-11-12 08:36:14,KR,referral,iOS
u_007154,2024-11-24 14:15:13,KR,paid_google,Android
u_007155,2024-12-17 01:08:48,US,cross_promo,Android
u_007156,2024-12-22 07:34:02,KR,referral,Android
u_007157,2024-12-06 22:02:17,KR,referral,iOS
u_007158,2024-11-03 00:37:26,US,cross_promo,Android
u_007159,2024-11-26 22:10:21,KR,paid_google,Android
u_007160,2024-11-01 20:47:50,KR,paid_google,Android
u_007161,2024-11-02 11:11:30,KR,paid_google,iOS
u_007162,2024-11-14 14:31:59,JP,organic,iOS
u_007163,2024-11-24 18:09:21,KR,paid_google,iOS
u_007164,2024-12-19 04:49:00,JP,organic,iOS
u_007165,2024-12-24 03:36:27,JP,paid_facebook,Android
u_007166,2024-12-03 02:35:12,KR,referral,iOS
u_007167,2024-11-02 09:08:21,US,organic,iOS
u_007168,2024-12-14 19:01:59,KR,paid_tiktok,Android
u_007169,2024-11-15 10:02:07,KR,cross_promo,Android
u_007170,2024-12-02 03:03:25,US,referral,Android
u_007171,2024-12-25 09:11:20,KR,cross_promo,Android
u_007172,2024-11-04 03:22:37,KR,paid_google,Android
u_007173,2024-11-06 00:06:54,KR,paid_facebook,Android
u_007174,2024-11-02 22:56:49,JP,referral,Android
u_007175,2024-11-13 12:25:21,US,organic,iOS
u_007176,2024-12-25 09:56:29,US,organic,Android
u_007177,2024-11-13 00:36:06,JP,paid_tiktok,Android
u_007178,2024-11-01 04:33:59,JP,paid_tiktok,Android
u_007179,2024-11-22 07:47:41,US,paid_facebook,Android
u_007180,2024-11-06 18:13:05,KR,paid_facebook,iOS
u_007181,2024-11-01 01:44:21,JP,organic,Android
u_007182,2024-12-12 10:51:05,US,cross_promo,Android
u_007183,2024-11-13 02:12:16,KR,organic,iOS
u_007184,2024-12-17 08:53:13,KR,paid_tiktok,Android
u_007185,2024-12-02 05:59:37,JP,paid_facebook,iOS
u_007186,2024-12-31 13:41:13,JP,organic,Android
u_007187,2024-12-26 09:28:47,JP,cross_promo,iOS
u_007188,2024-11-10 07:55:23,KR,referral,iOS
u_007189,2024-12-10 23:51:43,KR,paid_google,iOS
u_007190,2024-12-09 10:29:53,JP,paid_facebook,iOS
u_007191,2024-11-18 06:10:05,US,paid_tiktok,iOS
u_007192,2024-11-15 00:48:57,US,paid_tiktok,Android
u_007193,2024-12-13 04:06:42,JP,paid_facebook,Android
u_007194,2024-12-15 20:19:38,JP,organic,Android
u_007195,2024-12-26 09:42:28,KR,referral,Android
u_007196,2024-11-24 06:13:34,JP,cross_promo,iOS
u_007197,2024-12-05 10:53:15,KR,referral,Android
u_007198,2024-12-23 19:39:38,KR,organic,Android
u_007199,2024-11-11 19:29:10,KR,organic,Android
u_007200,2024-11-29 04:02:13,KR,paid_facebook,Android
u_007201,2024-11-20 22:02:46,KR,paid_facebook,iOS
u_007202,2024-11-17 23:58:37,KR,paid_tiktok,Android
u_007203,2024-11-05 05:01:09,JP,paid_facebook,iOS
u_007204,2024-12-25 03:23:15,KR,paid_tiktok,Android
u_007205,2024-12-24 01:55:39,KR,referral,Android
u_007206,2024-12-31 04:41:50,JP,paid_google,iOS
u_007207,2024-11-21 22:16:11,KR,cross_promo,iOS
u_007208,2024-11-26 02:58:45,KR,referral,Android
u_007209,2024-12-15 20:31:11,KR,paid_tiktok,Android
u_007210,2024-12-29 01:08:33,KR,organic,iOS
u_007211,2024-12-16 00:34:52,JP,referral,Android
u_007212,2024-11-23 17:40:11,KR,referral,iOS
u_007213,2024-11-11 14:49:23,KR,cross_promo,iOS
u_007214,2024-11-15 11:27:11,JP,paid_facebook,Android
u_007215,2024-12-04 02:59:01,KR,paid_tiktok,Android
u_007216,2024-12-25 22:16:47,KR,referral,Android
u_007217,2024-11-20 23:02:52,KR,paid_google,Android
u_007218,2024-12-11 21:15:37,KR,paid_google,Android
u_007219,2024-12-31 05:06:02,US,paid_tiktok,iOS
u_007220,2024-11-06 18:07:26,KR,paid_tiktok,Android
u_007221,2024-11-21 01:20:53,KR,paid_google,iOS
u_007222,2024-11-01 10:18:07,KR,referral,iOS
u_007223,2024-12-19 20:51:55,KR,referral,Android
u_007224,2024-11-17 02:05:27,JP,paid_facebook,Android
u_007225,2024-11-23 07:26:34,US,organic,Android
u_007226,2024-12-27 21:10:11,KR,paid_facebook,Android
u_007227,2024-11-09 10:32:35,KR,cross_promo,iOS
u_007228,2024-12-12 17:55:45,KR,paid_google,iOS
u_007229,2024-12-13 15:01:40,KR,paid_facebook,Android
u_007230,2024-11-19 19:46:21,JP,cross_promo,Android
u_007231,2024-12-10 01:51:33,US,cross_promo,Android
u_007232,2024-12-14 10:00:34,KR,paid_google,iOS
u_007233,2024-12-15 14:01:51,JP,cross_promo,iOS
u_007234,2024-11-05 14:35:11,KR,paid_tiktok,Android
u_007235,2024-12-18 20:46:47,KR,paid_google,Android
u_007236,2024-11-13 15:30:23,KR,cross_promo,iOS
u_007237,2024-11-09 12:22:46,KR,organic,iOS
u_007238,2024-11-26 13:40:53,KR,cross_promo,Android
u_007239,2024-12-19 07:57:53,JP,organic,Android
u_007240,2024-11-08 11:25:44,KR,cross_promo,Android
u_007241,2024-11-10 05:27:44,KR,referral,Android
u_007242,2024-11-25 18:00:27,JP,organic,iOS
u_007243,2024-11-11 12:32:24,US,paid_tiktok,iOS
u_007244,2024-12-11 13:42:06,KR,cross_promo,Android
u_007245,2024-12-16 01:47:33,JP,organic,Android
u_007246,2024-11-01 03:24:45,KR,organic,Android
u_007247,2024-12-01 23:49:20,KR,paid_google,iOS
u_007248,2024-11-21 23:27:59,KR,paid_facebook,Android
u_007249,2024-12-13 16:03:25,KR,paid_facebook,iOS
u_007250,2024-12-20 19:55:42,US,cross_promo,Android
u_007251,2024-11-14 12:19:13,KR,organic,Android
u_007252,2024-11-07 23:32:35,JP,paid_google,Android
u_007253,2024-11-07 09:16:53,KR,paid_tiktok,iOS
u_007254,2024-12-01 19:55:50,US,paid_facebook,Android
u_007255,2024-12-03 06:50:15,KR,referral,iOS
u_007256,2024-11-28 18:14:22,KR,paid_google,Android
u_007257,2024-11-08 18:12:16,JP,referral,iOS
u_007258,2024-11-02 13:44:50,KR,referral,Android
u_007259,2024-12-01 05:50:31,KR,cross_promo,Android
u_007260,2024-12-20 21:28:00,US,paid_google,Android
u_007261,2024-12-25 09:05:44,JP,cross_promo,Android
u_007262,2024-11-11 02:01:41,US,referral,iOS
u_007263,2024-12-19 10:58:36,JP,organic,iOS
u_007264,2024-11-17 22:24:30,KR,paid_facebook,Android
u_007265,2024-12-29 07:23:50,US,paid_facebook,iOS
u_007266,2024-11-13 11:55:49,JP,paid_google,iOS
u_007267,2024-12-21 19:43:07,KR,organic,Android
u_007268,2024-11-10 16:23:38,KR,cross_promo,Android
u_007269,2024-11-07 13:08:18,JP,paid_tiktok,iOS
u_007270,2024-12-15 13:06:33,KR,organic,iOS
u_007271,2024-11-22 06:33:38,KR,organic,iOS
u_007272,2024-12-17 14:18:47,KR,referral,iOS
u_007273,2024-12-06 23:55:41,KR,paid_facebook,Android
u_007274,2024-11-29 00:43:09,US,cross_promo,Android
u_007275,2024-11-23 23:41:16,KR,referral,iOS
u_007276,2024-12-22 15:15:29,JP,paid_facebook,iOS
u_007277,2024-11-06 06:08:58,KR,paid_facebook,Android
u_007278,2024-12-07 21:04:35,KR,paid_google,Android
u_007279,2024-11-11 17:39:33,US,paid_tiktok,Android
u_007280,2024-12-05 07:42:18,KR,organic,iOS
u_007281,2024-12-19 19:46:20,JP,paid_facebook,iOS
u_007282,2024-12-19 04:40:19,KR,organic,Android
u_007283,2024-11-07 13:33:34,JP,paid_facebook,iOS
u_007284,2024-11-21 19:09:16,JP,cross_promo,Android
u_007285,2024-11-23 16:32:20,JP,referral,Android
u_007286,2024-11-13 15:22:49,KR,paid_tiktok,iOS
u_007287,2024-12-22 06:44:59,JP,cross_promo,iOS
u_007288,2024-11-30 07:35:46,JP,organic,Android
u_007289,2024-12-20 23:46:44,KR,paid_tiktok,Android
u_007290,2024-12-10 03:54:45,KR,referral,Android
u_007291,2024-11-08 03:16:20,US,paid_google,iOS
u_007292,2024-12-14 12:57:31,KR,paid_tiktok,iOS
u_007293,2024-11-17 08:36:54,JP,organic,Android
u_007294,2024-11-14 13:39:53,KR,referral,Android
u_007295,2024-12-28 00:56:36,KR,paid_google,Android
u_007296,2024-11-15 12:44:21,KR,referral,Android
u_007297,2024-11-01 12:43:42,US,organic,Android
u_007298,2024-11-30 22:24:44,KR,referral,Android
u_007299,2024-11-10 21:14:59,KR,paid_facebook,Android
u_007300,2024-12-05 23:48:19,JP,cross_promo,Android
u_007301,2024-11-10 23:17:59,KR,paid_google,Android
u_007302,2024-11-13 06:32:00,JP,organic,iOS
u_007303,2024-12-28 21:52:47,JP,paid_facebook,Android
u_007304,2024-12-28 01:25:06,JP,paid_google,Android
u_007305,2024-11-11 17:53:33,KR,cross_promo,Android
u_007306,2024-11-30 04:19:24,KR,organic,Android
u_007307,2024-12-16 01:58:01,KR,organic,Android
u_007308,2024-11-16 14:15:20,KR,paid_facebook,iOS
u_007309,2024-11-01 01:20:18,KR,paid_google,iOS
u_007310,2024-11-26 18:25:26,KR,paid_tiktok,Android
u_007311,2024-11-07 13:58:58,KR,paid_facebook,Android
u_007312,2024-11-16 13:20:09,KR,cross_promo,Android
u_007313,2024-11-06 05:39:58,JP,referral,Android
u_007314,2024-12-14 07:19:15,KR,paid_tiktok,Android
u_007315,2024-12-15 13:10:54,KR,paid_facebook,Android
u_007316,2024-12-30 10:25:32,KR,paid_google,Android
u_007317,2024-12-28 21:06:12,KR,referral,iOS
u_007318,2024-12-17 11:51:32,KR,paid_google,iOS
u_007319,2024-12-05 14:59:54,KR,paid_google,Android
u_007320,2024-12-22 17:51:20,KR,cross_promo,Android
u_007321,2024-12-06 11:07:05,KR,cross_promo,iOS
u_007322,2024-11-17 09:24:56,KR,paid_facebook,Android
u_007323,2024-11-08 23:40:01,JP,cross_promo,iOS
u_007324,2024-12-23 16:00:39,US,organic,iOS
u_007325,2024-11-20 12:58:40,US,paid_tiktok,Android
u_007326,2024-12-31 09:34:18,KR,paid_facebook,Android
u_007327,2024-12-26 00:24:38,US,organic,Android
u_007328,2024-11-14 05:12:09,KR,organic,Android
u_007329,2024-12-31 19:44:15,KR,referral,Android
u_007330,2024-12-01 13:30:49,KR,paid_google,Android
u_007331,2024-12-12 18:46:49,KR,referral,iOS
u_007332,2024-12-12 16:51:52,KR,referral,Android
u_007333,2024-11-14 13:44:55,JP,cross_promo,Android
u_007334,2024-11-05 02:03:53,JP,referral,iOS
u_007335,2024-11-29 22:42:18,JP,organic,iOS
u_007336,2024-11-04 04:30:48,US,referral,Android
u_007337,2024-12-12 07:12:01,KR,paid_facebook,Android
u_007338,2024-11-10 20:25:52,JP,paid_tiktok,iOS
u_007339,2024-12-27 10:30:14,KR,paid_google,iOS
u_007340,2024-12-18 05:21:28,JP,organic,iOS
u_007341,2024-12-07 15:48:54,US,organic,iOS
u_007342,2024-12-02 03:00:27,KR,paid_google,Android
u_007343,2024-11-17 08:14:22,US,organic,iOS
u_007344,2024-12-11 01:44:21,KR,cross_promo,iOS
u_007345,2024-11-15 18:28:38,JP,cross_promo,iOS
u_007346,2024-11-22 18:08:15,KR,cross_promo,Android
u_007347,2024-11-27 04:56:21,US,paid_tiktok,Android
u_007348,2024-12-09 03:03:09,KR,paid_tiktok,Android
u_007349,2024-11-01 07:34:06,US,paid_facebook,iOS
u_007350,2024-11-04 23:48:08,KR,paid_facebook,Android
u_007351,2024-12-23 18:27:50,KR,cross_promo,iOS
u_007352,2024-12-13 21:07:57,KR,organic,Android
u_007353,2024-11-25 18:55:34,JP,paid_google,Android
u_007354,2024-12-26 02:03:31,KR,cross_promo,Android
u_007355,2024-12-04 16:01:54,US,paid_facebook,Android
u_007356,2024-12-31 05:40:13,KR,paid_tiktok,Android
u_007357,2024-12-17 21:24:43,KR,paid_tiktok,Android
u_007358,2024-12-17 00:38:27,KR,paid_tiktok,Android
u_007359,2024-11-28 14:09:02,KR,referral,iOS
u_007360,2024-11-19 05:02:32,US,paid_tiktok,Android
u_007361,2024-12-17 12:43:22,US,paid_facebook,Android
u_007362,2024-12-19 12:11:45,KR,paid_tiktok,Android
u_007363,2024-11-03 00:35:47,KR,referral,iOS
u_007364,2024-11-10 23:56:07,US,organic,Android
u_007365,2024-11-01 15:23:00,US,paid_google,Android
u_007366,2024-12-12 02:43:34,JP,paid_facebook,Android
u_007367,2024-12-09 12:58:39,US,cross_promo,iOS
u_007368,2024-11-07 23:47:10,JP,organic,iOS
u_007369,2024-11-16 15:50:36,JP,paid_facebook,Android
u_007370,2024-12-16 13:55:52,KR,organic,Android
u_007371,2024-11-17 17:41:01,US,paid_facebook,Android
u_007372,2024-11-24 05:52:48,US,referral,iOS
u_007373,2024-11-16 03:07:34,JP,cross_promo,iOS
u_007374,2024-12-01 06:28:43,KR,paid_facebook,iOS
u_007375,2024-12-07 03:04:03,KR,paid_facebook,Android
u_007376,2024-12-17 08:30:28,US,paid_tiktok,Android
u_007377,2024-12-09 17:32:48,US,cross_promo,Android
u_007378,2024-12-14 11:14:58,US,paid_facebook,Android
u_007379,2024-12-17 06:00:32,KR,paid_google,Android
u_007380,2024-12-24 10:02:30,KR,paid_facebook,iOS
u_007381,2024-12-09 15:08:03,KR,cross_promo,iOS
u_007382,2024-12-21 16:35:53,JP,cross_promo,iOS
u_007383,2024-11-01 09:14:58,US,cross_promo,iOS
u_007384,2024-12-28 09:11:53,US,paid_facebook,iOS
u_007385,2024-12-16 16:13:07,KR,paid_facebook,iOS
u_007386,2024-12-10 02:37:03,JP,referral,Android
u_007387,2024-12-31 15:04:09,KR,cross_promo,Android
u_007388,2024-12-11 12:42:26,JP,organic,Android
u_007389,2024-12-24 15:28:22,KR,paid_tiktok,Android
u_007390,2024-12-02 17:12:27,KR,paid_tiktok,iOS
u_007391,2024-12-16 19:32:54,KR,referral,iOS
u_007392,2024-11-15 04:35:54,KR,organic,Android
u_007393,2024-11-25 17:43:40,KR,organic,Android
u_007394,2024-12-24 11:40:33,KR,organic,iOS
u_007395,2024-12-02 04:38:05,KR,cross_promo,Android
u_007396,2024-12-09 11:04:26,KR,cross_promo,Android
u_007397,2024-11-09 11:59:33,JP,paid_tiktok,iOS
u_007398,2024-11-04 16:36:33,JP,referral,Android
u_007399,2024-12-03 23:52:50,JP,organic,Android
u_007400,2024-11-25 03:15:11,KR,organic,Android
u_007401,2024-11-12 05:49:43,US,referral,iOS
u_007402,2024-11-26 22:38:40,KR,organic,Android
u_007403,2024-11-20 14:45:38,US,organic,Android
u_007404,2024-11-28 08:28:11,JP,cross_promo,iOS
u_007405,2024-12-03 15:59:10,KR,paid_google,Android
u_007406,2024-11-18 18:54:20,KR,referral,iOS
u_007407,2024-11-05 06:37:25,JP,paid_facebook,Android
u_007408,2024-12-09 23:15:38,KR,referral,Android
u_007409,2024-12-06 08:12:55,KR,paid_google,iOS
u_007410,2024-11-20 10:41:29,JP,paid_facebook,iOS
u_007411,2024-11-28 12:29:24,JP,cross_promo,iOS
u_007412,2024-12-14 15:50:27,KR,paid_tiktok,iOS
u_007413,2024-11-15 14:53:30,KR,referral,Android
u_007414,2024-12-23 13:41:14,KR,referral,iOS
u_007415,2024-11-20 11:40:51,JP,paid_google,Android
u_007416,2024-11-21 10:18:11,US,referral,iOS
u_007417,2024-11-23 10:16:26,KR,paid_google,Android
u_007418,2024-11-01 02:32:47,JP,cross_promo,Android
u_007419,2024-11-04 04:45:15,KR,paid_facebook,Android
u_007420,2024-12-23 17:14:08,KR,referral,Android
u_007421,2024-12-24 16:50:32,KR,organic,Android
u_007422,2024-12-12 04:34:06,KR,paid_tiktok,iOS
u_007423,2024-12-15 21:12:24,KR,organic,iOS
u_007424,2024-12-08 01:21:57,JP,paid_google,Android
u_007425,2024-12-08 00:28:40,KR,cross_promo,Android
u_007426,2024-11-19 06:15:30,KR,paid_tiktok,iOS
u_007427,2024-11-16 01:39:15,KR,cross_promo,Android
u_007428,2024-11-04 16:14:01,KR,referral,Android
u_007429,2024-11-26 11:19:26,JP,referral,Android
u_007430,2024-11-02 03:58:44,KR,cross_promo,Android
u_007431,2024-11-26 23:53:33,KR,organic,iOS
u_007432,2024-12-23 00:23:29,KR,referral,Android
u_007433,2024-12-26 04:40:19,KR,organic,Android
u_007434,2024-12-01 17:47:28,JP,cross_promo,iOS
u_007435,2024-12-05 15:32:20,JP,cross_promo,Android
u_007436,2024-11-03 16:22:53,JP,paid_google,Android
u_007437,2024-12-17 14:13:27,KR,paid_tiktok,Android
u_007438,2024-11-15 09:12:32,KR,cross_promo,Android
u_007439,2024-11-22 12:40:06,JP,paid_tiktok,Android
u_007440,2024-12-30 18:38:16,KR,paid_tiktok,Android
u_007441,2024-12-19 14:44:40,KR,paid_facebook,iOS
u_007442,2024-12-23 20:37:14,JP,paid_facebook,Android
u_007443,2024-12-17 04:49:56,KR,cross_promo,iOS
u_007444,2024-11-23 13:30:53,KR,paid_tiktok,iOS
u_007445,2024-11-29 03:57:19,KR,paid_tiktok,Android
u_007446,2024-12-16 07:42:58,JP,cross_promo,iOS
u_007447,2024-12-18 16:09:43,US,paid_google,Android
u_007448,2024-11-05 15:59:30,KR,paid_google,iOS
u_007449,2024-11-16 00:55:42,KR,referral,iOS
u_007450,2024-11-23 10:12:12,KR,paid_facebook,Android
u_007451,2024-11-01 00:53:13,US,paid_facebook,Android
u_007452,2024-12-08 03:13:35,KR,paid_google,Android
u_007453,2024-11-22 21:28:12,US,organic,Android
u_007454,2024-12-24 21:02:21,KR,paid_facebook,iOS
u_007455,2024-12-24 00:54:43,KR,paid_facebook,Android
u_007456,2024-11-27 12:13:35,KR,paid_facebook,Android
u_007457,2024-12-01 13:27:29,KR,paid_tiktok,iOS
u_007458,2024-12-26 15:01:10,JP,cross_promo,Android
u_007459,2024-11-02 07:58:12,JP,referral,Android
u_007460,2024-11-03 08:02:45,JP,paid_facebook,Android
u_007461,2024-12-31 21:41:20,KR,organic,Android
u_007462,2024-12-24 03:23:35,JP,paid_google,Android
u_007463,2024-11-04 11:36:28,KR,organic,iOS
u_007464,2024-11-05 13:29:54,JP,paid_google,Android
u_007465,2024-11-29 22:47:00,KR,organic,Android
u_007466,2024-12-23 19:19:56,KR,paid_facebook,iOS
u_007467,2024-12-01 06:18:45,KR,referral,Android
u_007468,2024-12-28 20:53:03,US,paid_tiktok,Android
u_007469,2024-12-19 10:12:52,KR,cross_promo,Android
u_007470,2024-11-07 23:51:28,KR,paid_tiktok,Android
u_007471,2024-12-25 08:30:23,KR,organic,Android
u_007472,2024-12-05 17:47:49,KR,paid_google,Android
u_007473,2024-11-01 19:05:51,KR,cross_promo,Android
u_007474,2024-11-27 15:06:57,KR,paid_tiktok,iOS
u_007475,2024-11-22 08:59:22,US,paid_tiktok,Android
u_007476,2024-11-14 18:37:40,US,organic,Android
u_007477,2024-11-22 04:27:29,KR,referral,iOS
u_007478,2024-12-27 21:57:18,JP,referral,iOS
u_007479,2024-12-28 21:34:43,KR,referral,iOS
u_007480,2024-11-25 19:43:15,US,cross_promo,Android
u_007481,2024-12-30 13:17:28,KR,paid_tiktok,Android
u_007482,2024-11-13 15:19:19,KR,paid_google,Android
u_007483,2024-11-14 13:44:40,US,organic,Android
u_007484,2024-12-29 00:43:22,KR,organic,iOS
u_007485,2024-12-28 15:00:14,KR,referral,iOS
u_007486,2024-11-07 18:36:59,JP,paid_tiktok,Android
u_007487,2024-12-14 02:50:07,JP,organic,iOS
u_007488,2024-12-27 07:31:43,JP,paid_google,iOS
u_007489,2024-11-10 03:19:22,JP,organic,Android
u_007490,2024-11-17 20:32:05,JP,paid_tiktok,Android
u_007491,2024-11-07 13:56:27,US,paid_tiktok,Android
u_007492,2024-11-12 11:33:55,JP,paid_facebook,Android
u_007493,2024-11-04 02:50:09,KR,organic,iOS
u_007494,2024-12-31 00:11:36,JP,referral,Android
u_007495,2024-12-11 16:23:14,KR,paid_google,Android
u_007496,2024-11-12 17:50:47,KR,cross_promo,iOS
u_007497,2024-11-02 11:46:02,JP,cross_promo,iOS
u_007498,2024-12-12 18:23:05,KR,referral,iOS
u_007499,2024-11-08 02:42:44,JP,cross_promo,iOS
u_007500,2024-12-07 08:38:32,KR,cross_promo,iOS
u_007501,2024-11-15 19:39:49,JP,cross_promo,iOS
u_007502,2024-12-24 09:04:02,JP,organic,iOS
u_007503,2024-11-04 10:54:09,KR,paid_google,iOS
u_007504,2024-12-28 05:10:09,JP,referral,Android
u_007505,2024-12-21 06:03:13,KR,referral,Android
u_007506,2024-12-11 00:09:18,KR,paid_tiktok,Android
u_007507,2024-12-05 22:36:21,JP,paid_facebook,iOS
u_007508,2024-11-01 01:56:28,KR,paid_google,iOS
u_007509,2024-12-06 20:33:58,KR,paid_tiktok,iOS
u_007510,2024-12-31 03:59:45,KR,organic,Android
u_007511,2024-11-17 07:52:33,US,paid_google,Android
u_007512,2024-12-09 19:32:46,KR,referral,iOS
u_007513,2024-11-30 22:57:30,KR,cross_promo,iOS
u_007514,2024-11-25 22:52:09,KR,cross_promo,iOS
u_007515,2024-12-18 19:10:01,KR,paid_facebook,Android
u_007516,2024-11-11 01:20:45,KR,cross_promo,Android
u_007517,2024-12-13 04:20:23,KR,paid_google,iOS
u_007518,2024-11-15 14:04:24,KR,referral,Android
u_007519,2024-11-05 14:23:47,KR,referral,iOS
u_007520,2024-11-26 22:25:14,KR,paid_facebook,iOS
u_007521,2024-12-15 11:47:41,JP,cross_promo,Android
u_007522,2024-11-19 06:20:24,US,paid_google,Android
u_007523,2024-11-01 08:53:45,JP,organic,Android
u_007524,2024-11-21 16:56:45,JP,organic,Android
u_007525,2024-12-09 13:57:21,KR,paid_facebook,Android
u_007526,2024-12-12 01:26:15,JP,paid_tiktok,Android
u_007527,2024-11-29 05:11:13,KR,cross_promo,Android
u_007528,2024-12-18 19:19:17,KR,cross_promo,Android
u_007529,2024-12-04 14:58:05,US,cross_promo,iOS
u_007530,2024-12-31 11:12:31,KR,paid_tiktok,Android
u_007531,2024-11-02 18:05:49,US,cross_promo,iOS
u_007532,2024-12-05 22:21:47,JP,paid_tiktok,Android
u_007533,2024-11-06 00:43:39,JP,paid_facebook,iOS
u_007534,2024-12-14 01:56:58,US,cross_promo,iOS
u_007535,2024-11-24 22:18:23,KR,paid_google,iOS
u_007536,2024-12-01 17:29:07,KR,organic,iOS
u_007537,2024-12-15 04:18:11,KR,paid_tiktok,Android
u_007538,2024-11-21 13:29:35,KR,organic,Android
u_007539,2024-12-03 23:22:30,JP,paid_tiktok,iOS
u_007540,2024-12-11 18:12:56,KR,paid_tiktok,iOS
u_007541,2024-12-25 09:39:14,KR,paid_tiktok,iOS
u_007542,2024-11-12 16:48:39,KR,paid_facebook,Android
u_007543,2024-12-06 18:08:41,JP,organic,Android
u_007544,2024-11-09 08:00:39,KR,paid_tiktok,Android
u_007545,2024-12-11 19:20:03,KR,paid_google,Android
u_007546,2024-11-03 04:36:36,KR,paid_facebook,iOS
u_007547,2024-12-13 15:10:31,US,organic,Android
u_007548,2024-12-17 04:23:45,US,cross_promo,Android
u_007549,2024-12-09 15:32:10,KR,paid_google,Android
u_007550,2024-12-26 00:44:35,KR,paid_tiktok,Android
u_007551,2024-12-28 09:16:03,KR,paid_google,Android
u_007552,2024-12-09 16:46:55,KR,paid_tiktok,Android
u_007553,2024-12-21 02:29:58,JP,cross_promo,Android
u_007554,2024-11-08 08:11:22,KR,cross_promo,Android
u_007555,2024-11-08 06:06:45,KR,paid_facebook,Android
u_007556,2024-11-21 22:20:40,JP,paid_facebook,iOS
u_007557,2024-11-29 20:05:53,KR,cross_promo,iOS
u_007558,2024-12-04 03:37:37,JP,cross_promo,Android
u_007559,2024-11-15 21:43:02,JP,paid_facebook,Android
u_007560,2024-11-21 04:04:10,KR,paid_tiktok,Android
u_007561,2024-11-25 00:18:37,KR,cross_promo,Android
u_007562,2024-12-09 06:47:10,US,paid_google,iOS
u_007563,2024-12-22 21:22:40,KR,paid_google,Android
u_007564,2024-11-04 04:40:14,KR,cross_promo,Android
u_007565,2024-12-21 21:24:18,JP,paid_google,iOS
u_007566,2024-11-30 18:22:10,JP,paid_google,iOS
u_007567,2024-12-25 09:03:13,KR,paid_google,iOS
u_007568,2024-12-28 09:20:21,US,organic,iOS
u_007569,2024-12-04 03:01:33,JP,paid_tiktok,Android
u_007570,2024-12-20 10:03:43,JP,paid_tiktok,iOS
u_007571,2024-12-25 19:37:06,US,cross_promo,Android
u_007572,2024-11-12 22:22:28,KR,paid_tiktok,iOS
u_007573,2024-12-23 22:55:37,JP,cross_promo,Android
u_007574,2024-11-17 13:02:15,KR,referral,iOS
u_007575,2024-11-23 15:00:02,KR,referral,Android
u_007576,2024-11-15 03:33:32,KR,paid_google,Android
u_007577,2024-12-13 13:27:41,JP,paid_tiktok,iOS
u_007578,2024-12-20 08:58:50,KR,paid_google,iOS
u_007579,2024-11-15 03:21:02,JP,referral,Android
u_007580,2024-11-24 19:38:25,JP,paid_google,iOS
u_007581,2024-11-08 06:20:42,KR,organic,Android
u_007582,2024-11-02 02:25:05,JP,organic,Android
u_007583,2024-11-21 23:23:48,JP,organic,Android
u_007584,2024-12-31 04:00:30,KR,paid_google,Android
u_007585,2024-11-19 15:31:43,KR,organic,Android
u_007586,2024-11-16 05:33:52,JP,organic,Android
u_007587,2024-11-14 13:09:19,US,referral,iOS
u_007588,2024-12-30 14:44:22,KR,organic,Android
u_007589,2024-11-19 01:08:08,KR,paid_facebook,iOS
u_007590,2024-11-05 17:34:45,US,cross_promo,Android
u_007591,2024-11-02 16:39:41,US,cross_promo,Android
u_007592,2024-11-30 22:39:11,KR,cross_promo,Android
u_007593,2024-11-21 13:24:50,KR,paid_tiktok,Android
u_007594,2024-11-03 11:00:21,KR,cross_promo,Android
u_007595,2024-11-23 22:42:32,KR,paid_google,Android
u_007596,2024-11-18 06:05:00,JP,organic,Android
u_007597,2024-11-19 13:30:27,KR,cross_promo,Android
u_007598,2024-12-19 14:42:59,US,cross_promo,iOS
u_007599,2024-11-18 20:22:02,KR,cross_promo,Android
u_007600,2024-11-08 22:53:15,KR,paid_google,Android
u_007601,2024-11-08 03:02:52,US,cross_promo,Android
u_007602,2024-12-09 13:20:53,US,paid_tiktok,Android
u_007603,2024-12-20 16:05:40,KR,paid_google,iOS
u_007604,2024-12-14 05:49:36,KR,cross_promo,Android
u_007605,2024-12-02 22:37:12,KR,paid_facebook,Android
u_007606,2024-12-22 09:20:57,KR,paid_tiktok,Android
u_007607,2024-12-21 12:11:31,KR,paid_google,iOS
u_007608,2024-12-31 09:02:53,KR,paid_google,Android
u_007609,2024-11-12 20:43:53,KR,paid_tiktok,Android
u_007610,2024-12-24 02:22:41,KR,paid_facebook,iOS
u_007611,2024-12-09 18:16:56,JP,referral,Android
u_007612,2024-11-28 14:05:13,KR,referral,Android
u_007613,2024-12-31 20:26:42,US,organic,Android
u_007614,2024-12-23 18:47:38,KR,paid_facebook,Android
u_007615,2024-11-08 11:18:19,KR,organic,Android
u_007616,2024-11-01 16:29:37,KR,referral,Android
u_007617,2024-11-18 19:29:53,KR,cross_promo,iOS
u_007618,2024-11-06 07:14:23,KR,paid_google,iOS
u_007619,2024-12-06 04:55:58,KR,paid_google,iOS
u_007620,2024-11-21 05:23:25,KR,organic,Android
u_007621,2024-12-02 08:16:13,KR,referral,Android
u_007622,2024-11-17 21:23:03,KR,organic,iOS
u_007623,2024-12-21 19:26:51,US,cross_promo,Android
u_007624,2024-12-31 05:45:32,KR,organic,Android
u_007625,2024-11-21 10:29:55,KR,cross_promo,iOS
u_007626,2024-12-07 13:51:25,KR,paid_google,iOS
u_007627,2024-12-29 19:23:33,KR,paid_tiktok,Android
u_007628,2024-11-18 00:45:36,KR,paid_tiktok,iOS
u_007629,2024-12-27 20:07:06,JP,organic,Android
u_007630,2024-11-20 02:35:16,JP,organic,Android
u_007631,2024-12-20 05:32:04,US,referral,iOS
u_007632,2024-12-28 07:30:54,US,referral,Android
u_007633,2024-12-28 17:23:50,KR,organic,Android
u_007634,2024-12-12 05:33:51,US,referral,Android
u_007635,2024-12-20 10:03:11,KR,paid_facebook,Android
u_007636,2024-12-26 02:22:52,KR,paid_tiktok,Android
u_007637,2024-12-22 13:03:10,KR,paid_tiktok,iOS
u_007638,2024-11-05 09:12:24,US,organic,iOS
u_007639,2024-12-10 17:11:17,JP,paid_facebook,Android
u_007640,2024-12-26 13:13:30,US,paid_google,iOS
u_007641,2024-11-09 19:21:47,US,organic,Android
u_007642,2024-11-29 11:24:17,US,referral,iOS
u_007643,2024-12-16 19:47:52,KR,paid_facebook,Android
u_007644,2024-12-26 10:35:51,KR,paid_tiktok,iOS
u_007645,2024-11-20 23:54:52,KR,paid_tiktok,Android
u_007646,2024-11-15 01:30:01,US,cross_promo,iOS
u_007647,2024-11-04 23:54:01,JP,cross_promo,iOS
u_007648,2024-12-11 06:34:39,KR,paid_tiktok,Android
u_007649,2024-12-15 23:18:00,KR,referral,Android
u_007650,2024-12-02 10:39:13,KR,cross_promo,Android
u_007651,2024-11-10 04:00:11,JP,cross_promo,iOS
u_007652,2024-12-23 20:15:56,KR,organic,iOS
u_007653,2024-12-30 04:05:47,KR,referral,Android
u_007654,2024-11-02 21:29:21,US,paid_tiktok,Android
u_007655,2024-11-17 08:54:41,KR,paid_tiktok,Android
u_007656,2024-11-19 12:18:52,US,cross_promo,iOS
u_007657,2024-12-30 18:37:00,KR,paid_facebook,iOS
u_007658,2024-12-31 18:35:28,US,paid_tiktok,Android
u_007659,2024-11-15 16:49:37,KR,cross_promo,Android
u_007660,2024-12-14 11:07:05,KR,paid_tiktok,Android
u_007661,2024-11-06 20:40:35,US,referral,iOS
u_007662,2024-12-01 04:48:17,KR,paid_tiktok,Android
u_007663,2024-12-28 20:26:16,KR,organic,Android
u_007664,2024-11-17 17:03:50,US,cross_promo,Android
u_007665,2024-11-14 12:03:48,JP,cross_promo,Android
u_007666,2024-12-02 23:08:25,KR,cross_promo,Android
u_007667,2024-11-14 11:52:33,KR,paid_google,iOS
u_007668,2024-11-15 16:17:50,JP,paid_tiktok,Android
u_007669,2024-11-01 04:40:04,US,paid_facebook,Android
u_007670,2024-11-08 15:24:40,KR,referral,iOS
u_007671,2024-11-30 13:10:28,US,cross_promo,Android
u_007672,2024-12-25 03:04:48,KR,paid_google,Android
u_007673,2024-11-24 17:20:42,US,paid_tiktok,Android
u_007674,2024-11-12 13:38:20,KR,referral,Android
u_007675,2024-11-03 04:40:19,KR,referral,iOS
u_007676,2024-12-28 13:21:01,KR,paid_google,Android
u_007677,2024-11-22 00:20:51,JP,paid_tiktok,iOS
u_007678,2024-11-20 08:24:37,JP,cross_promo,iOS
u_007679,2024-11-14 18:32:19,KR,paid_google,Android
u_007680,2024-12-30 05:30:00,KR,paid_facebook,iOS
u_007681,2024-11-13 21:34:54,US,referral,Android
u_007682,2024-11-29 09:56:40,KR,organic,iOS
u_007683,2024-12-14 15:25:03,JP,organic,iOS
u_007684,2024-12-30 17:21:38,KR,paid_tiktok,iOS
u_007685,2024-11-05 18:32:09,KR,referral,Android
u_007686,2024-11-17 14:08:37,KR,paid_google,Android
u_007687,2024-11-29 17:13:20,KR,cross_promo,Android
u_007688,2024-11-22 05:17:13,US,paid_tiktok,iOS
u_007689,2024-11-09 02:49:27,US,paid_facebook,Android
u_007690,2024-12-28 21:32:29,JP,paid_tiktok,Android
u_007691,2024-12-03 08:12:31,US,paid_google,Android
u_007692,2024-12-25 07:12:17,JP,paid_tiktok,Android
u_007693,2024-12-27 01:00:39,KR,paid_facebook,Android
u_007694,2024-12-05 12:03:47,US,cross_promo,Android
u_007695,2024-11-05 22:55:31,US,cross_promo,Android
u_007696,2024-11-17 01:32:33,KR,paid_tiktok,iOS
u_007697,2024-12-24 01:11:14,JP,organic,iOS
u_007698,2024-12-22 10:24:07,KR,organic,Android
u_007699,2024-12-30 00:09:13,JP,referral,Android
u_007700,2024-11-09 02:33:43,JP,paid_tiktok,Android
u_007701,2024-11-09 20:21:13,JP,paid_tiktok,iOS
u_007702,2024-11-27 08:47:35,US,organic,iOS
u_007703,2024-11-01 05:35:31,KR,organic,Android
u_007704,2024-11-22 00:08:25,KR,referral,Android
u_007705,2024-12-20 14:38:57,KR,cross_promo,Android
u_007706,2024-12-15 12:02:06,JP,paid_facebook,Android
u_007707,2024-11-29 17:39:50,US,paid_google,Android
u_007708,2024-12-21 14:08:13,JP,organic,Android
u_007709,2024-11-01 04:50:57,JP,organic,iOS
u_007710,2024-12-21 17:48:05,KR,referral,Android
u_007711,2024-11-01 06:58:51,US,paid_google,iOS
u_007712,2024-12-28 12:46:05,KR,organic,iOS
u_007713,2024-11-27 08:47:05,US,paid_google,Android
u_007714,2024-12-22 10:58:49,US,paid_facebook,Android
u_007715,2024-12-15 23:46:04,KR,cross_promo,Android
u_007716,2024-12-26 17:56:37,JP,paid_facebook,Android
u_007717,2024-11-27 14:52:17,KR,paid_google,iOS
u_007718,2024-11-29 00:40:03,US,paid_facebook,Android
u_007719,2024-11-09 20:06:16,KR,paid_tiktok,Android
u_007720,2024-11-15 01:58:43,KR,organic,iOS
u_007721,2024-12-27 15:42:03,US,referral,iOS
u_007722,2024-11-01 16:06:35,KR,paid_tiktok,iOS
u_007723,2024-12-02 05:06:03,KR,paid_tiktok,Android
u_007724,2024-12-26 03:50:18,KR,cross_promo,Android
u_007725,2024-11-16 00:38:25,JP,paid_google,iOS
u_007726,2024-11-29 20:45:21,JP,organic,Android
u_007727,2024-11-15 07:34:45,KR,paid_google,Android
u_007728,2024-12-26 07:53:42,JP,referral,Android
u_007729,2024-11-28 05:25:54,KR,paid_google,Android
u_007730,2024-12-13 08:23:08,US,cross_promo,iOS
u_007731,2024-12-25 18:03:07,JP,organic,Android
u_007732,2024-11-02 19:57:33,KR,organic,Android
u_007733,2024-11-07 12:00:12,KR,organic,Android
u_007734,2024-12-05 14:00:31,KR,organic,Android
u_007735,2024-11-13 18:46:51,JP,paid_google,iOS
u_007736,2024-11-29 19:13:49,JP,paid_tiktok,Android
u_007737,2024-12-13 10:18:50,US,paid_google,iOS
u_007738,2024-12-21 18:48:40,KR,paid_facebook,Android
u_007739,2024-12-14 20:28:59,KR,paid_facebook,Android
u_007740,2024-12-15 02:17:58,JP,cross_promo,Android
u_007741,2024-12-30 01:40:02,KR,organic,iOS
u_007742,2024-11-28 21:19:02,JP,referral,Android
u_007743,2024-12-02 04:17:10,JP,paid_facebook,Android
u_007744,2024-12-01 00:21:28,KR,paid_google,iOS
u_007745,2024-11-14 07:17:32,KR,cross_promo,iOS
u_007746,2024-11-26 14:40:28,KR,referral,Android
u_007747,2024-12-29 11:55:32,US,cross_promo,Android
u_007748,2024-12-21 17:50:54,US,paid_google,iOS
u_007749,2024-12-30 22:16:38,US,cross_promo,Android
u_007750,2024-11-05 00:14:10,KR,cross_promo,iOS
u_007751,2024-12-22 04:18:17,KR,organic,Android
u_007752,2024-12-07 10:43:10,KR,organic,Android
u_007753,2024-12-05 20:22:40,KR,paid_facebook,Android
u_007754,2024-11-05 02:43:58,US,paid_google,Android
u_007755,2024-11-17 09:22:09,JP,paid_facebook,Android
u_007756,2024-12-02 01:21:10,KR,paid_google,iOS
u_007757,2024-11-10 08:15:21,KR,paid_facebook,Android
u_007758,2024-12-22 19:31:00,KR,referral,Android
u_007759,2024-12-04 12:10:06,US,paid_google,Android
u_007760,2024-11-19 03:04:51,KR,cross_promo,Android
u_007761,2024-11-24 06:06:01,KR,paid_google,Android
u_007762,2024-11-13 11:49:51,KR,organic,Android
u_007763,2024-12-24 10:19:02,US,paid_facebook,iOS
u_007764,2024-12-19 22:36:42,KR,paid_tiktok,Android
u_007765,2024-12-09 20:07:50,KR,referral,iOS
u_007766,2024-12-01 10:01:06,US,paid_google,iOS
u_007767,2024-12-14 00:15:29,US,paid_tiktok,iOS
u_007768,2024-12-19 15:31:13,KR,organic,Android
u_007769,2024-11-14 14:09:17,KR,paid_tiktok,Android
u_007770,2024-11-06 06:54:46,KR,cross_promo,Android
u_007771,2024-11-04 08:26:33,KR,paid_tiktok,Android
u_007772,2024-12-25 22:23:59,JP,organic,Android
u_007773,2024-12-09 12:53:04,KR,paid_facebook,Android
u_007774,2024-12-26 21:48:02,KR,paid_tiktok,iOS
u_007775,2024-12-19 20:41:06,KR,paid_google,iOS
u_007776,2024-12-10 23:23:14,KR,paid_tiktok,iOS
u_007777,2024-12-21 03:51:44,KR,referral,iOS
u_007778,2024-11-09 10:13:09,JP,paid_facebook,iOS
u_007779,2024-11-06 21:34:09,KR,paid_google,iOS
u_007780,2024-12-18 23:40:18,KR,paid_tiktok,Android
u_007781,2024-12-14 21:58:40,JP,paid_facebook,iOS
u_007782,2024-12-13 22:55:41,KR,organic,iOS
u_007783,2024-12-01 05:44:11,US,paid_tiktok,Android
u_007784,2024-11-27 05:35:00,KR,referral,iOS
u_007785,2024-11-22 13:35:17,US,referral,iOS
u_007786,2024-11-08 12:11:15,JP,paid_tiktok,Android
u_007787,2024-12-22 18:35:42,KR,organic,Android
u_007788,2024-12-04 09:14:34,KR,paid_facebook,Android
u_007789,2024-12-22 22:35:24,KR,paid_tiktok,iOS
u_007790,2024-11-26 17:34:26,KR,cross_promo,Android
u_007791,2024-12-20 14:32:55,KR,referral,Android
u_007792,2024-11-07 13:34:29,JP,paid_tiktok,Android
u_007793,2024-12-24 16:55:24,KR,referral,Android
u_007794,2024-12-05 23:38:01,KR,referral,iOS
u_007795,2024-12-02 00:27:15,KR,paid_tiktok,iOS
u_007796,2024-11-23 09:06:53,JP,paid_tiktok,iOS
u_007797,2024-12-29 12:15:54,US,paid_tiktok,Android
u_007798,2024-12-31 08:52:45,KR,paid_facebook,Android
u_007799,2024-12-08 13:27:45,KR,paid_google,Android
u_007800,2024-12-03 18:05:22,US,paid_facebook,iOS
u_007801,2024-12-01 18:58:58,KR,referral,iOS
u_007802,2024-11-01 12:43:53,US,paid_google,Android
u_007803,2024-12-27 21:39:05,KR,organic,Android
u_007804,2024-11-15 01:06:47,KR,referral,iOS
u_007805,2024-11-10 15:34:14,JP,paid_tiktok,iOS
u_007806,2024-12-07 14:53:05,JP,paid_facebook,Android
u_007807,2024-11-18 11:57:19,JP,paid_google,Android
u_007808,2024-12-30 18:39:22,US,paid_tiktok,iOS
u_007809,2024-11-06 03:53:17,KR,paid_google,Android
u_007810,2024-11-08 04:23:31,US,referral,iOS
u_007811,2024-11-02 20:34:06,KR,referral,Android
u_007812,2024-12-01 17:25:38,KR,referral,iOS
u_007813,2024-12-06 02:04:22,US,cross_promo,Android
u_007814,2024-11-15 13:49:31,KR,cross_promo,iOS
u_007815,2024-11-19 03:29:12,KR,paid_tiktok,Android
u_007816,2024-11-18 06:58:53,JP,paid_facebook,Android
u_007817,2024-11-11 07:57:59,KR,paid_facebook,Android
u_007818,2024-12-01 23:02:15,US,paid_tiktok,Android
u_007819,2024-12-25 19:44:07,KR,referral,Android
u_007820,2024-12-03 03:09:33,KR,referral,iOS
u_007821,2024-11-09 05:39:00,US,paid_tiktok,Android
u_007822,2024-11-06 10:33:28,KR,cross_promo,iOS
u_007823,2024-11-17 04:24:08,US,paid_facebook,Android
u_007824,2024-12-22 11:17:31,KR,organic,Android
u_007825,2024-11-07 06:24:21,KR,cross_promo,Android
u_007826,2024-11-24 06:16:51,KR,paid_google,Android
u_007827,2024-11-15 05:36:20,KR,organic,Android
u_007828,2024-11-28 02:51:38,US,referral,Android
u_007829,2024-12-06 19:46:05,KR,organic,iOS
u_007830,2024-12-12 21:42:37,KR,cross_promo,iOS
u_007831,2024-12-10 15:45:13,JP,cross_promo,Android
u_007832,2024-11-29 19:40:31,JP,cross_promo,Android
u_007833,2024-11-19 01:37:36,KR,cross_promo,Android
u_007834,2024-11-23 18:27:49,KR,organic,Android
u_007835,2024-11-13 09:59:17,KR,paid_tiktok,Android
u_007836,2024-12-03 03:03:45,KR,referral,Android
u_007837,2024-11-15 01:58:51,JP,paid_facebook,Android
u_007838,2024-12-05 12:12:58,KR,organic,Android
u_007839,2024-11-25 15:53:41,KR,paid_tiktok,Android
u_007840,2024-11-05 17:52:55,US,referral,Android
u_007841,2024-11-01 00:59:35,US,paid_tiktok,Android
u_007842,2024-12-22 03:02:18,KR,cross_promo,iOS
u_007843,2024-12-21 10:03:24,JP,referral,iOS
u_007844,2024-12-02 10:14:00,KR,referral,iOS
u_007845,2024-12-16 19:35:55,KR,cross_promo,Android
u_007846,2024-11-21 01:30:50,KR,paid_google,Android
u_007847,2024-12-29 12:15:19,KR,paid_facebook,Android
u_007848,2024-11-06 04:12:22,US,cross_promo,Android
u_007849,2024-11-17 12:16:57,KR,cross_promo,Android
u_007850,2024-12-12 06:35:06,KR,paid_facebook,Android
u_007851,2024-12-30 04:39:26,JP,paid_google,Android
u_007852,2024-12-18 06:23:02,US,referral,Android
u_007853,2024-11-28 18:37:19,KR,paid_tiktok,iOS
u_007854,2024-11-14 07:10:36,JP,organic,Android
u_007855,2024-12-27 16:07:23,KR,referral,Android
u_007856,2024-11-14 09:35:22,KR,organic,Android
u_007857,2024-12-02 00:38:27,KR,paid_google,iOS
u_007858,2024-11-21 23:56:20,JP,paid_google,Android
u_007859,2024-12-20 08:21:05,KR,paid_tiktok,Android
u_007860,2024-11-03 11:40:01,KR,paid_google,Android
u_007861,2024-12-28 17:08:00,KR,referral,Android
u_007862,2024-12-02 22:04:35,KR,referral,iOS
u_007863,2024-11-17 16:12:05,US,paid_facebook,Android
u_007864,2024-12-02 08:50:02,US,paid_tiktok,iOS
u_007865,2024-11-16 12:36:42,US,paid_facebook,Android
u_007866,2024-12-01 11:24:15,KR,cross_promo,Android
u_007867,2024-11-07 19:42:07,JP,organic,iOS
u_007868,2024-12-23 17:57:45,US,paid_facebook,iOS
u_007869,2024-11-20 01:53:06,JP,referral,Android
u_007870,2024-11-23 23:45:46,US,organic,iOS
u_007871,2024-11-30 22:12:16,KR,referral,Android
u_007872,2024-12-02 15:59:41,US,organic,Android
u_007873,2024-11-10 09:31:26,KR,cross_promo,Android
u_007874,2024-11-28 22:38:35,KR,organic,Android
u_007875,2024-12-03 22:23:40,US,paid_google,Android
u_007876,2024-11-01 11:59:41,US,paid_facebook,Android
u_007877,2024-11-12 11:36:37,KR,organic,iOS
u_007878,2024-12-31 10:18:17,KR,paid_tiktok,Android
u_007879,2024-11-02 19:50:18,JP,organic,Android
u_007880,2024-12-17 01:35:39,US,paid_facebook,iOS
u_007881,2024-12-17 12:55:50,KR,cross_promo,Android
u_007882,2024-11-16 10:58:10,US,cross_promo,iOS
u_007883,2024-11-02 00:37:33,KR,paid_facebook,Android
u_007884,2024-11-17 20:13:07,KR,cross_promo,Android
u_007885,2024-12-09 17:15:20,KR,organic,Android
u_007886,2024-12-03 02:10:09,KR,cross_promo,Android
u_007887,2024-12-26 20:00:20,US,organic,Android
u_007888,2024-12-30 17:25:53,US,cross_promo,Android
u_007889,2024-11-28 12:14:36,KR,organic,iOS
u_007890,2024-11-03 00:27:18,US,paid_tiktok,iOS
u_007891,2024-12-18 01:29:12,KR,paid_google,iOS
u_007892,2024-11-15 16:32:54,KR,referral,Android
u_007893,2024-12-30 04:30:38,KR,paid_google,Android
u_007894,2024-12-17 19:08:38,KR,paid_tiktok,iOS
u_007895,2024-12-03 17:43:18,JP,paid_facebook,Android
u_007896,2024-11-05 20:53:07,KR,referral,iOS
u_007897,2024-12-04 00:28:41,KR,paid_facebook,Android
u_007898,2024-11-11 17:03:46,KR,organic,iOS
u_007899,2024-11-30 15:55:02,KR,organic,Android
u_007900,2024-11-13 17:25:21,JP,cross_promo,iOS
u_007901,2024-12-09 10:11:49,KR,paid_google,iOS
u_007902,2024-11-14 05:03:43,KR,paid_google,Android
u_007903,2024-11-05 13:45:38,US,referral,iOS
u_007904,2024-12-01 19:55:22,KR,paid_facebook,Android
u_007905,2024-11-22 03:04:14,JP,organic,Android
u_007906,2024-11-08 04:31:03,KR,paid_tiktok,Android
u_007907,2024-11-19 23:37:25,JP,referral,Android
u_007908,2024-12-17 03:40:25,KR,paid_facebook,iOS
u_007909,2024-12-22 21:12:07,US,paid_facebook,Android
u_007910,2024-11-29 15:18:22,KR,paid_tiktok,Android
u_007911,2024-12-02 20:00:55,US,organic,Android
u_007912,2024-12-21 03:23:18,KR,paid_google,Android
u_007913,2024-11-07 12:52:14,US,organic,Android
u_007914,2024-12-03 13:08:45,KR,referral,Android
u_007915,2024-11-24 03:30:52,KR,paid_google,Android
u_007916,2024-11-05 23:12:22,US,paid_tiktok,Android
u_007917,2024-11-19 00:25:21,KR,paid_facebook,iOS
u_007918,2024-12-13 09:48:01,KR,referral,iOS
u_007919,2024-12-25 09:05:56,KR,paid_google,Android
u_007920,2024-12-16 08:30:15,KR,cross_promo,Android
u_007921,2024-12-24 23:34:51,US,organic,Android
u_007922,2024-11-07 03:32:25,KR,cross_promo,Android
u_007923,2024-11-10 09:44:07,US,paid_facebook,Android
u_007924,2024-11-27 21:51:16,JP,paid_tiktok,Android
u_007925,2024-11-09 07:18:57,US,referral,Android
u_007926,2024-11-08 18:40:07,US,organic,Android
u_007927,2024-12-12 07:58:12,JP,paid_tiktok,iOS
u_007928,2024-12-29 13:00:14,KR,organic,iOS
u_007929,2024-11-22 03:07:55,KR,paid_facebook,iOS
u_007930,2024-11-20 03:56:08,JP,referral,Android
u_007931,2024-11-08 09:18:46,KR,organic,Android
u_007932,2024-11-29 03:50:09,US,organic,iOS
u_007933,2024-12-04 15:44:10,JP,paid_tiktok,Android
u_007934,2024-11-28 10:36:01,JP,organic,iOS
u_007935,2024-12-04 10:17:10,KR,paid_tiktok,iOS
u_007936,2024-12-17 19:12:06,JP,cross_promo,Android
u_007937,2024-12-03 23:04:47,JP,paid_tiktok,Android
u_007938,2024-12-17 05:21:19,JP,cross_promo,iOS
u_007939,2024-12-22 10:06:40,KR,referral,iOS
u_007940,2024-12-21 08:21:32,US,paid_tiktok,iOS
u_007941,2024-11-11 19:00:36,JP,paid_google,Android
u_007942,2024-12-25 23:17:53,KR,organic,Android
u_007943,2024-12-05 12:58:32,KR,referral,iOS
u_007944,2024-11-13 12:14:08,KR,paid_google,iOS
u_007945,2024-11-15 03:42:05,KR,cross_promo,iOS
u_007946,2024-11-03 01:16:55,KR,paid_google,Android
u_007947,2024-11-18 12:17:25,US,paid_facebook,Android
u_007948,2024-12-10 01:22:58,KR,paid_tiktok,Android
u_007949,2024-12-16 11:52:30,KR,referral,Android
u_007950,2024-12-29 00:19:17,US,paid_tiktok,iOS
u_007951,2024-11-25 05:14:24,US,paid_google,Android
u_007952,2024-11-27 17:07:10,KR,organic,iOS
u_007953,2024-11-09 01:30:07,JP,paid_tiktok,iOS
u_007954,2024-12-11 18:50:16,US,paid_google,Android
u_007955,2024-12-07 22:13:57,KR,organic,iOS
u_007956,2024-11-17 20:38:15,KR,cross_promo,Android
u_007957,2024-12-15 17:56:54,JP,referral,Android
u_007958,2024-11-14 22:08:32,KR,cross_promo,Android
u_007959,2024-12-03 15:49:12,JP,referral,Android
u_007960,2024-11-21 08:01:06,KR,paid_tiktok,Android
u_007961,2024-12-04 00:12:24,KR,organic,Android
u_007962,2024-11-10 21:27:20,KR,organic,iOS
u_007963,2024-12-27 21:55:08,US,paid_facebook,Android
u_007964,2024-12-27 16:05:29,US,paid_facebook,Android
u_007965,2024-12-29 07:49:20,US,paid_google,iOS
u_007966,2024-11-28 03:11:24,KR,paid_tiktok,Android
u_007967,2024-11-18 20:48:46,US,cross_promo,Android
u_007968,2024-11-30 07:43:55,US,paid_tiktok,Android
u_007969,2024-11-18 15:02:29,KR,paid_google,iOS
u_007970,2024-12-04 23:10:20,US,paid_tiktok,Android
u_007971,2024-11-25 02:45:57,JP,paid_facebook,iOS
u_007972,2024-11-26 21:19:17,KR,paid_facebook,Android
u_007973,2024-12-01 06:24:23,US,referral,iOS
u_007974,2024-12-24 03:34:43,JP,organic,iOS
u_007975,2024-12-04 22:03:31,KR,paid_tiktok,Android
u_007976,2024-12-17 20:49:35,KR,paid_facebook,iOS
u_007977,2024-12-21 21:38:45,KR,paid_google,Android
u_007978,2024-12-27 09:57:14,US,organic,iOS
u_007979,2024-12-01 10:49:16,KR,paid_google,iOS
u_007980,2024-12-05 05:25:22,JP,paid_facebook,Android
u_007981,2024-12-30 15:20:01,US,paid_facebook,iOS
u_007982,2024-12-28 13:58:54,JP,paid_google,Android
u_007983,2024-11-07 15:21:38,KR,paid_tiktok,Android
u_007984,2024-12-24 17:32:35,KR,referral,Android
u_007985,2024-11-02 17:56:24,US,referral,Android
u_007986,2024-11-08 03:25:16,KR,paid_google,iOS
u_007987,2024-12-18 12:24:45,KR,cross_promo,iOS
u_007988,2024-11-14 04:23:15,JP,organic,Android
u_007989,2024-12-23 10:23:34,KR,organic,Android
u_007990,2024-11-14 03:07:34,JP,organic,Android
u_007991,2024-11-02 06:41:48,KR,paid_google,iOS
u_007992,2024-11-29 14:12:18,US,organic,Android
u_007993,2024-12-19 12:38:04,KR,paid_google,iOS
u_007994,2024-11-03 11:06:32,KR,organic,iOS
u_007995,2024-12-16 11:53:52,US,referral,iOS
u_007996,2024-12-13 05:05:52,KR,paid_google,iOS
u_007997,2024-11-23 10:31:00,KR,cross_promo,iOS
u_007998,2024-12-01 18:35:23,JP,paid_google,iOS
u_007999,2024-12-15 08:55:34,US,paid_google,iOS
u_008000,2024-12-28 10:50:15,KR,paid_tiktok,Android
u_008001,2024-11-06 08:48:15,KR,paid_google,iOS
u_008002,2024-12-21 14:40:55,KR,paid_google,Android
u_008003,2024-11-14 15:41:02,KR,paid_tiktok,Android
u_008004,2024-12-21 16:02:49,JP,cross_promo,Android
u_008005,2024-12-15 23:58:36,KR,organic,Android
u_008006,2024-11-09 11:36:06,KR,paid_google,Android
u_008007,2024-12-21 16:19:20,KR,cross_promo,Android
u_008008,2024-12-09 08:51:09,KR,referral,Android
u_008009,2024-11-22 07:43:13,KR,cross_promo,iOS
u_008010,2024-11-05 15:13:50,US,paid_google,Android
u_008011,2024-12-10 13:17:58,KR,paid_facebook,iOS
u_008012,2024-11-12 09:57:37,KR,paid_facebook,Android
u_008013,2024-11-18 05:12:10,US,cross_promo,Android
u_008014,2024-12-11 21:53:11,JP,referral,Android
u_008015,2024-11-01 07:45:13,KR,cross_promo,iOS
u_008016,2024-12-01 00:21:57,KR,paid_google,Android
u_008017,2024-11-23 00:26:55,JP,paid_facebook,Android
u_008018,2024-12-08 14:32:13,KR,paid_google,Android
u_008019,2024-12-13 01:26:59,US,organic,iOS
u_008020,2024-12-14 20:35:19,KR,paid_tiktok,iOS
u_008021,2024-12-19 13:44:07,KR,paid_facebook,Android
u_008022,2024-12-25 17:33:19,KR,referral,Android
u_008023,2024-11-05 17:44:11,KR,paid_facebook,Android
u_008024,2024-11-26 19:25:58,KR,cross_promo,Android
u_008025,2024-11-06 06:57:36,KR,cross_promo,Android
u_008026,2024-12-27 07:10:20,KR,paid_tiktok,Android
u_008027,2024-12-18 05:12:16,KR,paid_tiktok,iOS
u_008028,2024-12-28 20:35:23,JP,cross_promo,iOS
u_008029,2024-11-02 14:06:31,US,paid_google,iOS
u_008030,2024-11-30 18:34:39,KR,referral,Android
u_008031,2024-12-24 19:15:06,JP,paid_facebook,iOS
u_008032,2024-12-18 16:14:09,US,paid_facebook,Android
u_008033,2024-11-17 23:09:00,US,referral,Android
u_008034,2024-12-25 09:57:59,KR,cross_promo,Android
u_008035,2024-12-30 19:45:36,KR,paid_google,Android
u_008036,2024-12-14 09:03:40,JP,organic,Android
u_008037,2024-11-28 09:28:17,KR,paid_tiktok,iOS
u_008038,2024-11-26 17:52:33,KR,referral,iOS
u_008039,2024-11-17 22:20:30,US,referral,Android
u_008040,2024-12-14 12:06:34,US,cross_promo,Android
u_008041,2024-12-13 03:29:27,KR,organic,iOS
u_008042,2024-12-27 13:13:04,JP,organic,Android
u_008043,2024-11-03 21:47:23,JP,referral,Android
u_008044,2024-11-28 21:25:28,KR,referral,iOS
u_008045,2024-11-19 16:22:52,JP,referral,Android
u_008046,2024-12-01 11:37:39,JP,paid_google,iOS
u_008047,2024-12-02 08:49:01,KR,cross_promo,iOS
u_008048,2024-12-23 15:02:56,JP,paid_tiktok,iOS
u_008049,2024-12-26 09:36:56,US,paid_facebook,iOS
u_008050,2024-11-15 05:15:04,KR,organic,Android
u_008051,2024-12-24 02:44:38,KR,paid_facebook,Android
u_008052,2024-12-08 00:25:31,US,paid_google,iOS
u_008053,2024-12-27 12:07:32,KR,referral,Android
u_008054,2024-11-08 15:09:50,JP,paid_google,iOS
u_008055,2024-11-21 19:04:15,US,paid_tiktok,iOS
u_008056,2024-12-09 04:18:36,JP,organic,Android
u_008057,2024-11-12 17:07:08,KR,paid_facebook,Android
u_008058,2024-11-28 18:35:15,US,paid_tiktok,iOS
u_008059,2024-12-09 03:24:31,US,cross_promo,iOS
u_008060,2024-12-13 11:06:42,JP,paid_google,Android
u_008061,2024-11-01 11:12:23,JP,organic,Android
u_008062,2024-12-17 19:08:45,KR,paid_tiktok,iOS
u_008063,2024-11-12 23:45:01,US,paid_google,iOS
u_008064,2024-12-03 19:18:39,KR,paid_tiktok,Android
u_008065,2024-11-03 05:19:28,KR,paid_tiktok,Android
u_008066,2024-12-04 02:49:22,JP,cross_promo,Android
u_008067,2024-12-01 15:12:28,KR,paid_facebook,Android
u_008068,2024-12-01 11:07:35,KR,referral,iOS
u_008069,2024-11-12 23:56:03,JP,referral,iOS
u_008070,2024-11-17 20:06:34,JP,cross_promo,iOS
u_008071,2024-12-14 05:04:56,JP,cross_promo,Android
u_008072,2024-12-08 02:50:08,JP,organic,Android
u_008073,2024-11-21 04:46:43,JP,organic,iOS
u_008074,2024-12-14 07:20:14,KR,paid_tiktok,iOS
u_008075,2024-12-31 12:57:05,US,organic,iOS
u_008076,2024-11-01 13:39:45,KR,paid_tiktok,iOS
u_008077,2024-11-30 23:13:33,JP,organic,Android
u_008078,2024-11-29 13:07:59,KR,paid_facebook,iOS
u_008079,2024-11-01 04:55:27,KR,paid_google,Android
u_008080,2024-12-09 23:49:49,US,referral,Android
u_008081,2024-12-15 03:31:57,JP,cross_promo,iOS
u_008082,2024-12-17 08:07:53,JP,paid_google,iOS
u_008083,2024-11-28 16:31:51,US,paid_facebook,iOS
u_008084,2024-11-10 16:11:58,KR,paid_tiktok,iOS
u_008085,2024-12-31 20:16:08,KR,organic,Android
u_008086,2024-11-16 23:06:44,US,cross_promo,iOS
u_008087,2024-11-18 10:04:38,KR,paid_facebook,iOS
u_008088,2024-12-09 17:05:11,US,cross_promo,Android
u_008089,2024-12-28 08:14:24,JP,paid_google,iOS
u_008090,2024-11-03 14:03:30,JP,organic,Android
u_008091,2024-12-23 08:25:15,KR,paid_google,Android
u_008092,2024-11-15 02:47:35,JP,paid_tiktok,Android
u_008093,2024-11-01 20:21:36,KR,paid_tiktok,Android
u_008094,2024-12-06 22:04:08,KR,cross_promo,iOS
u_008095,2024-11-13 05:05:41,US,cross_promo,Android
u_008096,2024-11-07 06:28:10,KR,organic,Android
u_008097,2024-11-15 05:39:27,KR,paid_google,Android
u_008098,2024-12-13 02:38:00,KR,organic,iOS
u_008099,2024-12-23 21:24:19,KR,paid_facebook,Android
u_008100,2024-12-24 11:06:43,KR,organic,Android
u_008101,2024-11-06 08:12:40,US,paid_tiktok,iOS
u_008102,2024-12-03 23:22:27,KR,referral,Android
u_008103,2024-12-14 12:56:23,KR,paid_tiktok,iOS
u_008104,2024-12-21 04:44:47,KR,organic,Android
u_008105,2024-11-19 16:28:06,JP,paid_facebook,Android
u_008106,2024-11-15 11:38:56,JP,paid_google,Android
u_008107,2024-12-22 14:38:12,KR,paid_tiktok,Android
u_008108,2024-12-04 21:05:26,KR,paid_google,Android
u_008109,2024-11-05 23:33:52,US,referral,iOS
u_008110,2024-11-08 03:16:42,KR,paid_google,Android
u_008111,2024-11-03 15:07:20,JP,paid_google,Android
u_008112,2024-11-20 19:48:29,JP,referral,Android
u_008113,2024-11-19 23:17:10,KR,paid_tiktok,iOS
u_008114,2024-11-22 23:44:20,JP,cross_promo,Android
u_008115,2024-11-12 09:43:43,KR,cross_promo,iOS
u_008116,2024-12-03 13:00:31,KR,paid_facebook,Android
u_008117,2024-12-14 20:27:08,US,paid_google,Android
u_008118,2024-12-14 06:44:53,JP,organic,Android
u_008119,2024-12-29 19:16:38,KR,organic,iOS
u_008120,2024-12-10 04:36:07,KR,cross_promo,iOS
u_008121,2024-11-20 08:51:29,KR,paid_google,Android
u_008122,2024-11-30 16:06:04,KR,organic,Android
u_008123,2024-11-15 04:20:42,US,paid_google,iOS
u_008124,2024-11-19 17:29:44,KR,cross_promo,Android
u_008125,2024-11-16 17:07:30,JP,cross_promo,iOS
u_008126,2024-11-17 09:56:29,KR,organic,iOS
u_008127,2024-11-03 08:28:46,JP,paid_facebook,Android
u_008128,2024-11-01 14:58:40,KR,paid_tiktok,iOS
u_008129,2024-11-29 13:04:03,US,cross_promo,iOS
u_008130,2024-12-15 19:20:32,US,paid_google,iOS
u_008131,2024-11-19 16:32:09,KR,paid_facebook,iOS
u_008132,2024-11-17 05:58:42,US,paid_tiktok,Android
u_008133,2024-11-28 14:02:06,KR,referral,Android
u_008134,2024-11-30 13:24:54,JP,paid_facebook,Android
u_008135,2024-11-23 15:54:50,KR,paid_google,Android
u_008136,2024-11-27 16:47:56,JP,cross_promo,Android
u_008137,2024-12-12 23:01:47,US,paid_google,Android
u_008138,2024-11-27 18:50:59,KR,paid_facebook,Android
u_008139,2024-12-16 18:37:31,KR,cross_promo,iOS
u_008140,2024-12-27 05:53:45,KR,paid_google,iOS
u_008141,2024-12-16 07:47:32,US,paid_tiktok,Android
u_008142,2024-11-26 18:22:11,KR,cross_promo,Android
u_008143,2024-12-10 12:33:46,KR,cross_promo,Android
u_008144,2024-11-30 04:00:36,KR,referral,iOS
u_008145,2024-12-27 20:20:15,KR,paid_tiktok,Android
u_008146,2024-12-03 11:17:34,JP,organic,iOS
u_008147,2024-11-12 22:35:49,KR,paid_google,Android
u_008148,2024-12-17 13:17:34,KR,organic,iOS
u_008149,2024-11-26 00:04:05,KR,organic,iOS
u_008150,2024-11-26 11:34:19,JP,paid_facebook,Android
u_008151,2024-12-05 00:14:15,KR,paid_google,Android
u_008152,2024-12-15 13:46:48,KR,paid_facebook,Android
u_008153,2024-12-20 23:20:14,KR,cross_promo,Android
u_008154,2024-11-26 23:26:51,JP,paid_tiktok,Android
u_008155,2024-12-22 08:20:54,JP,paid_google,Android
u_008156,2024-12-31 23:30:05,JP,paid_facebook,Android
u_008157,2024-12-03 13:54:55,US,organic,Android
u_008158,2024-11-11 04:22:02,KR,paid_facebook,Android
u_008159,2024-11-24 22:56:00,KR,organic,Android
u_008160,2024-11-10 10:41:01,KR,organic,iOS
u_008161,2024-12-14 18:43:12,KR,cross_promo,iOS
u_008162,2024-12-03 12:49:20,KR,paid_google,iOS
u_008163,2024-11-03 04:10:03,US,paid_facebook,iOS
u_008164,2024-12-15 17:35:06,US,paid_google,Android
u_008165,2024-11-29 00:36:10,US,cross_promo,iOS
u_008166,2024-12-19 04:39:13,KR,paid_tiktok,Android
u_008167,2024-11-16 12:15:06,JP,paid_tiktok,Android
u_008168,2024-11-27 08:06:56,KR,paid_google,iOS
u_008169,2024-11-02 22:14:41,KR,paid_google,iOS
u_008170,2024-12-29 08:46:40,KR,paid_google,iOS
u_008171,2024-11-19 14:01:44,JP,cross_promo,Android
u_008172,2024-11-20 12:54:31,KR,cross_promo,iOS
u_008173,2024-12-08 21:35:11,JP,paid_facebook,Android
u_008174,2024-12-30 19:19:50,US,paid_google,iOS
u_008175,2024-12-28 02:51:07,JP,organic,iOS
u_008176,2024-12-30 10:06:48,KR,organic,Android
u_008177,2024-12-27 10:56:39,KR,referral,iOS
u_008178,2024-12-29 08:57:15,KR,paid_tiktok,Android
u_008179,2024-11-15 06:02:24,KR,cross_promo,Android
u_008180,2024-11-16 16:09:01,KR,paid_google,Android
u_008181,2024-12-07 13:53:07,JP,referral,iOS
u_008182,2024-12-18 14:43:08,KR,paid_google,Android
u_008183,2024-11-12 04:23:58,JP,referral,iOS
u_008184,2024-11-26 18:17:29,US,paid_google,iOS
u_008185,2024-12-18 23:11:56,US,paid_google,Android
u_008186,2024-11-25 08:56:53,KR,referral,Android
u_008187,2024-11-30 19:27:20,KR,paid_facebook,Android
u_008188,2024-12-13 12:10:28,KR,cross_promo,Android
u_008189,2024-11-09 20:00:28,KR,paid_facebook,iOS
u_008190,2024-12-02 11:12:25,JP,paid_google,Android
u_008191,2024-11-11 18:57:36,US,referral,Android
u_008192,2024-11-19 04:45:01,KR,referral,Android
u_008193,2024-12-24 10:53:18,KR,paid_tiktok,Android
u_008194,2024-12-11 15:46:08,JP,paid_facebook,iOS
u_008195,2024-11-18 15:32:14,JP,referral,Android
u_008196,2024-12-03 22:43:03,JP,organic,Android
u_008197,2024-12-23 23:21:16,US,paid_google,Android
u_008198,2024-11-11 18:09:03,KR,referral,Android
u_008199,2024-12-17 22:29:41,JP,paid_tiktok,Android
u_008200,2024-11-13 22:49:35,US,paid_google,Android
u_008201,2024-11-15 13:55:18,US,organic,Android
u_008202,2024-12-06 00:05:20,JP,paid_google,iOS
u_008203,2024-12-26 00:44:45,JP,paid_tiktok,iOS
u_008204,2024-12-04 22:21:39,KR,organic,Android
u_008205,2024-11-16 07:48:23,JP,referral,Android
u_008206,2024-11-12 11:21:58,KR,organic,Android
u_008207,2024-12-09 19:33:15,JP,referral,iOS
u_008208,2024-12-21 23:19:05,US,cross_promo,Android
u_008209,2024-12-17 12:14:24,KR,cross_promo,iOS
u_008210,2024-12-19 01:34:53,KR,cross_promo,iOS
u_008211,2024-11-13 14:18:16,KR,cross_promo,iOS
u_008212,2024-12-25 01:44:25,KR,referral,Android
u_008213,2024-11-27 10:25:14,KR,referral,iOS
u_008214,2024-11-26 19:14:49,KR,paid_tiktok,Android
u_008215,2024-11-17 03:58:40,KR,referral,Android
u_008216,2024-11-25 10:13:12,US,organic,Android
u_008217,2024-12-13 00:33:10,JP,paid_google,Android
u_008218,2024-12-11 07:02:20,JP,paid_google,Android
u_008219,2024-12-28 14:14:13,JP,paid_tiktok,iOS
u_008220,2024-12-22 21:10:55,JP,organic,iOS
u_008221,2024-12-04 14:06:22,JP,cross_promo,iOS
u_008222,2024-11-06 18:11:11,KR,paid_facebook,iOS
u_008223,2024-12-25 12:05:41,JP,paid_facebook,Android
u_008224,2024-12-14 22:52:28,JP,paid_tiktok,iOS
u_008225,2024-12-24 18:29:30,KR,paid_google,Android
u_008226,2024-12-03 14:22:56,JP,organic,Android
u_008227,2024-12-13 10:16:20,KR,referral,iOS
u_008228,2024-12-11 02:41:27,KR,paid_facebook,Android
u_008229,2024-11-06 16:34:22,US,referral,Android
u_008230,2024-12-20 03:14:21,US,paid_tiktok,iOS
u_008231,2024-11-03 21:31:46,JP,paid_tiktok,iOS
u_008232,2024-11-07 01:26:07,JP,cross_promo,iOS
u_008233,2024-11-13 01:20:35,KR,referral,Android
u_008234,2024-12-24 09:03:03,KR,paid_tiktok,Android
u_008235,2024-12-19 03:00:00,US,referral,Android
u_008236,2024-12-15 23:56:19,KR,cross_promo,Android
u_008237,2024-11-21 18:50:47,KR,cross_promo,Android
u_008238,2024-12-16 10:32:30,KR,paid_tiktok,Android
u_008239,2024-12-07 05:51:00,JP,organic,Android
u_008240,2024-11-14 20:26:24,KR,cross_promo,iOS
u_008241,2024-11-05 23:01:08,KR,paid_tiktok,Android
u_008242,2024-12-27 09:11:43,US,organic,Android
u_008243,2024-12-06 15:54:51,JP,referral,Android
u_008244,2024-12-18 18:08:57,JP,paid_facebook,Android
u_008245,2024-11-29 00:53:54,JP,paid_google,iOS
u_008246,2024-11-14 23:48:23,JP,paid_google,Android
u_008247,2024-12-06 01:43:51,KR,referral,iOS
u_008248,2024-11-18 04:40:42,US,paid_facebook,Android
u_008249,2024-12-13 04:33:52,US,paid_facebook,Android
u_008250,2024-12-11 17:36:44,US,paid_google,Android
u_008251,2024-12-06 04:11:55,KR,paid_tiktok,Android
u_008252,2024-12-18 09:57:51,KR,referral,iOS
u_008253,2024-12-17 10:58:44,JP,paid_google,iOS
u_008254,2024-11-07 06:39:26,US,cross_promo,iOS
u_008255,2024-12-18 10:49:36,JP,paid_google,iOS
u_008256,2024-11-20 04:59:01,US,organic,Android
u_008257,2024-11-19 14:48:43,KR,organic,Android
u_008258,2024-11-25 05:14:21,KR,paid_tiktok,iOS
u_008259,2024-11-27 11:55:47,US,paid_tiktok,iOS
u_008260,2024-12-28 03:32:30,KR,paid_tiktok,iOS
u_008261,2024-11-30 11:24:32,JP,referral,iOS
u_008262,2024-11-22 03:00:52,JP,referral,Android
u_008263,2024-12-01 08:50:01,KR,cross_promo,Android
u_008264,2024-11-10 11:10:24,US,paid_facebook,iOS
u_008265,2024-11-02 07:04:52,US,paid_google,Android
u_008266,2024-11-28 11:27:02,US,organic,Android
u_008267,2024-12-08 03:56:27,US,cross_promo,Android
u_008268,2024-12-03 19:34:41,KR,paid_facebook,Android
u_008269,2024-12-11 08:54:40,KR,organic,iOS
u_008270,2024-12-14 02:22:59,JP,paid_google,Android
u_008271,2024-12-11 17:50:06,KR,organic,Android
u_008272,2024-12-18 19:47:39,JP,paid_tiktok,iOS
u_008273,2024-12-18 21:01:48,US,paid_google,Android
u_008274,2024-11-02 06:32:48,KR,cross_promo,Android
u_008275,2024-12-16 15:47:43,US,paid_facebook,Android
u_008276,2024-11-22 16:00:14,KR,organic,Android
u_008277,2024-12-24 19:40:15,KR,cross_promo,iOS
u_008278,2024-12-25 22:05:48,KR,paid_facebook,Android
u_008279,2024-12-18 15:20:54,US,referral,Android
u_008280,2024-11-06 21:49:35,JP,organic,Android
u_008281,2024-11-01 22:44:11,US,paid_facebook,iOS
u_008282,2024-12-09 03:11:19,KR,paid_tiktok,iOS
u_008283,2024-11-12 05:36:03,JP,paid_tiktok,Android
u_008284,2024-11-15 22:33:22,KR,organic,Android
u_008285,2024-12-11 22:21:34,US,organic,Android
u_008286,2024-12-05 13:52:49,KR,organic,iOS
u_008287,2024-11-20 01:36:56,KR,organic,Android
u_008288,2024-11-17 06:39:22,KR,paid_tiktok,Android
u_008289,2024-11-28 11:46:48,KR,referral,Android
u_008290,2024-12-09 09:14:04,KR,paid_facebook,Android
u_008291,2024-11-24 05:48:04,KR,paid_google,iOS
u_008292,2024-11-14 10:03:30,US,paid_facebook,iOS
u_008293,2024-11-07 01:16:57,KR,paid_facebook,Android
u_008294,2024-11-12 04:03:20,JP,paid_facebook,iOS
u_008295,2024-11-08 01:00:22,JP,paid_tiktok,iOS
u_008296,2024-11-23 14:27:37,JP,referral,Android
u_008297,2024-11-29 20:46:32,KR,cross_promo,Android
u_008298,2024-12-25 10:09:44,US,paid_tiktok,iOS
u_008299,2024-11-17 09:00:22,JP,paid_facebook,Android
u_008300,2024-11-08 02:59:42,US,paid_facebook,Android
u_008301,2024-11-07 12:22:20,KR,referral,Android
u_008302,2024-12-03 23:15:24,KR,referral,Android
u_008303,2024-11-23 14:21:44,JP,referral,Android
u_008304,2024-11-16 21:17:48,KR,paid_facebook,Android
u_008305,2024-11-16 17:47:45,KR,paid_google,Android
u_008306,2024-12-22 20:42:20,KR,cross_promo,iOS
u_008307,2024-12-26 19:25:58,KR,organic,iOS
u_008308,2024-11-08 01:51:08,KR,paid_google,Android
u_008309,2024-11-10 21:10:44,US,paid_google,iOS
u_008310,2024-11-16 16:07:59,US,cross_promo,Android
u_008311,2024-11-11 04:13:56,JP,paid_tiktok,iOS
u_008312,2024-11-02 06:38:38,KR,referral,iOS
u_008313,2024-12-01 10:40:30,JP,paid_google,iOS
u_008314,2024-12-12 01:41:32,JP,organic,Android
u_008315,2024-12-27 21:16:48,KR,organic,Android
u_008316,2024-11-09 18:17:33,KR,paid_facebook,Android
u_008317,2024-12-28 04:01:24,KR,paid_tiktok,Android
u_008318,2024-11-03 12:49:53,KR,referral,iOS
u_008319,2024-11-15 02:09:26,KR,paid_facebook,Android
u_008320,2024-11-20 22:25:38,KR,paid_tiktok,iOS
u_008321,2024-11-16 15:44:53,KR,paid_google,Android
u_008322,2024-12-30 19:18:59,KR,paid_tiktok,Android
u_008323,2024-11-05 21:45:11,KR,paid_google,iOS
u_008324,2024-12-20 00:11:38,KR,paid_google,Android
u_008325,2024-12-22 05:00:11,KR,paid_google,Android
u_008326,2024-12-22 00:56:56,KR,cross_promo,Android
u_008327,2024-11-21 14:51:53,KR,paid_google,Android
u_008328,2024-11-10 02:24:45,KR,organic,Android
u_008329,2024-12-12 23:00:04,KR,cross_promo,iOS
u_008330,2024-11-05 10:26:02,KR,paid_facebook,Android
u_008331,2024-11-28 15:09:08,KR,organic,iOS
u_008332,2024-11-22 01:21:07,KR,organic,Android
u_008333,2024-12-31 06:25:06,US,paid_google,iOS
u_008334,2024-11-13 10:32:25,JP,paid_facebook,Android
u_008335,2024-11-01 16:46:15,KR,referral,iOS
u_008336,2024-12-14 22:46:18,KR,cross_promo,Android
u_008337,2024-11-18 19:43:38,KR,cross_promo,Android
u_008338,2024-12-21 13:16:42,JP,referral,Android
u_008339,2024-11-15 16:50:26,KR,paid_google,iOS
u_008340,2024-11-13 16:56:25,US,referral,iOS
u_008341,2024-12-23 06:43:40,KR,paid_tiktok,iOS
u_008342,2024-11-22 16:20:15,JP,paid_facebook,iOS
u_008343,2024-11-06 10:11:15,KR,referral,Android
u_008344,2024-11-29 02:27:23,JP,paid_tiktok,Android
u_008345,2024-12-10 06:04:03,US,referral,Android
u_008346,2024-11-23 06:42:38,KR,cross_promo,Android
u_008347,2024-12-04 14:36:45,KR,referral,Android
u_008348,2024-12-16 16:41:46,KR,cross_promo,Android
u_008349,2024-11-14 15:27:51,KR,paid_tiktok,iOS
u_008350,2024-12-10 02:44:11,KR,cross_promo,Android
u_008351,2024-12-15 07:34:36,KR,organic,iOS
u_008352,2024-12-31 04:05:32,JP,referral,Android
u_008353,2024-12-28 04:20:55,KR,paid_facebook,iOS
u_008354,2024-11-17 04:07:22,US,organic,Android
u_008355,2024-11-03 15:52:00,KR,paid_tiktok,iOS
u_008356,2024-12-15 14:10:21,KR,paid_tiktok,iOS
u_008357,2024-11-06 00:27:09,US,paid_google,Android
u_008358,2024-12-03 01:58:33,KR,paid_google,iOS
u_008359,2024-11-05 15:36:16,JP,cross_promo,Android
u_008360,2024-12-05 16:05:30,KR,paid_google,Android
u_008361,2024-11-06 22:35:29,KR,paid_tiktok,Android
u_008362,2024-11-04 06:22:18,US,referral,Android
u_008363,2024-11-08 13:28:32,KR,paid_facebook,iOS
u_008364,2024-12-26 20:22:46,KR,paid_facebook,Android
u_008365,2024-12-20 17:07:56,KR,cross_promo,iOS
u_008366,2024-12-30 11:08:39,US,cross_promo,Android
u_008367,2024-11-26 04:54:33,JP,paid_facebook,iOS
u_008368,2024-12-06 19:37:12,KR,organic,Android
u_008369,2024-12-09 16:46:45,JP,organic,Android
u_008370,2024-12-05 22:40:09,KR,referral,iOS
u_008371,2024-12-14 17:46:12,KR,cross_promo,Android
u_008372,2024-12-09 16:34:06,KR,paid_facebook,iOS
u_008373,2024-12-11 23:35:56,US,organic,Android
u_008374,2024-12-01 02:53:18,KR,cross_promo,iOS
u_008375,2024-12-03 20:23:52,JP,referral,iOS
u_008376,2024-11-21 09:26:21,KR,referral,Android
u_008377,2024-12-08 22:01:16,KR,paid_google,Android
u_008378,2024-12-28 03:59:31,JP,paid_tiktok,Android
u_008379,2024-11-10 16:05:22,KR,cross_promo,Android
u_008380,2024-12-20 20:45:58,US,referral,Android
u_008381,2024-11-06 10:33:19,KR,referral,iOS
u_008382,2024-11-22 18:13:33,KR,paid_facebook,Android
u_008383,2024-12-09 06:14:41,KR,paid_tiktok,Android
u_008384,2024-11-29 10:28:58,JP,organic,Android
u_008385,2024-12-21 00:22:58,JP,referral,Android
u_008386,2024-12-28 19:35:59,JP,cross_promo,Android
u_008387,2024-12-24 17:52:26,US,paid_tiktok,Android
u_008388,2024-12-07 20:22:35,US,organic,Android
u_008389,2024-12-18 14:48:28,KR,paid_facebook,iOS
u_008390,2024-12-04 17:11:50,KR,paid_tiktok,Android
u_008391,2024-12-03 05:31:27,KR,referral,Android
u_008392,2024-12-25 09:31:56,US,paid_facebook,iOS
u_008393,2024-11-06 12:55:26,KR,organic,Android
u_008394,2024-11-07 15:24:28,KR,cross_promo,iOS
u_008395,2024-11-26 06:29:43,KR,paid_facebook,Android
u_008396,2024-11-02 07:49:11,KR,referral,iOS
u_008397,2024-11-15 23:50:58,JP,referral,Android
u_008398,2024-11-23 14:55:40,KR,referral,iOS
u_008399,2024-11-22 14:30:44,US,organic,Android
u_008400,2024-11-01 10:04:08,US,organic,iOS
u_008401,2024-11-28 16:08:20,KR,referral,Android
u_008402,2024-11-11 11:37:50,KR,paid_facebook,iOS
u_008403,2024-12-27 14:09:04,KR,paid_tiktok,Android
u_008404,2024-12-09 23:25:36,KR,paid_google,Android
u_008405,2024-11-12 18:18:30,KR,paid_google,Android
u_008406,2024-12-11 18:45:36,KR,paid_facebook,iOS
u_008407,2024-12-01 03:08:29,KR,paid_tiktok,Android
u_008408,2024-12-01 02:18:28,KR,cross_promo,Android
u_008409,2024-11-26 16:30:38,KR,paid_tiktok,Android
u_008410,2024-11-19 01:41:33,KR,paid_google,Android
u_008411,2024-12-07 03:51:39,JP,cross_promo,Android
u_008412,2024-12-07 18:44:44,KR,paid_google,Android
u_008413,2024-12-15 11:10:23,KR,paid_google,Android
u_008414,2024-12-14 20:00:16,JP,cross_promo,iOS
u_008415,2024-11-12 11:23:48,JP,paid_google,iOS
u_008416,2024-12-26 23:16:36,JP,paid_google,iOS
u_008417,2024-11-23 08:13:48,KR,referral,Android
u_008418,2024-11-27 11:47:39,KR,paid_tiktok,Android
u_008419,2024-11-17 09:37:06,KR,referral,Android
u_008420,2024-12-10 09:50:23,JP,organic,Android
u_008421,2024-12-10 01:29:16,KR,referral,Android
u_008422,2024-11-27 14:54:58,JP,referral,Android
u_008423,2024-11-15 06:30:24,JP,cross_promo,Android
u_008424,2024-11-16 12:59:51,KR,referral,iOS
u_008425,2024-12-25 14:09:51,KR,paid_facebook,Android
u_008426,2024-11-02 03:10:39,KR,organic,Android
u_008427,2024-12-31 04:32:53,KR,paid_google,iOS
u_008428,2024-12-06 17:09:12,KR,paid_facebook,Android
u_008429,2024-12-02 00:12:06,KR,cross_promo,Android
u_008430,2024-12-20 20:59:12,JP,referral,Android
u_008431,2024-11-07 00:43:28,KR,organic,Android
u_008432,2024-11-27 01:05:13,KR,cross_promo,iOS
u_008433,2024-12-14 23:58:35,KR,paid_tiktok,Android
u_008434,2024-11-19 21:09:38,JP,paid_facebook,iOS
u_008435,2024-11-21 09:52:05,KR,paid_facebook,Android
u_008436,2024-11-21 14:46:44,KR,paid_google,Android
u_008437,2024-11-03 10:14:29,KR,paid_facebook,Android
u_008438,2024-12-12 01:29:12,JP,cross_promo,Android
u_008439,2024-11-23 06:49:57,KR,organic,Android
u_008440,2024-12-29 01:52:28,JP,paid_tiktok,Android
u_008441,2024-11-27 15:51:00,KR,referral,Android
u_008442,2024-11-07 22:30:47,KR,paid_google,Android
u_008443,2024-12-14 17:13:54,KR,referral,Android
u_008444,2024-12-06 05:06:48,JP,paid_facebook,Android
u_008445,2024-11-18 01:16:03,US,paid_google,iOS
u_008446,2024-11-10 14:32:21,US,paid_tiktok,Android
u_008447,2024-11-03 02:12:06,KR,referral,iOS
u_008448,2024-11-12 09:40:43,JP,paid_facebook,iOS
u_008449,2024-11-15 03:56:40,KR,paid_google,iOS
u_008450,2024-11-11 20:49:36,JP,paid_facebook,Android
u_008451,2024-12-07 11:32:53,KR,organic,Android
u_008452,2024-11-21 22:16:47,JP,cross_promo,iOS
u_008453,2024-11-01 20:24:23,KR,referral,Android
u_008454,2024-12-12 15:59:54,KR,paid_facebook,Android
u_008455,2024-12-19 20:08:35,KR,cross_promo,iOS
u_008456,2024-11-13 07:47:33,JP,paid_facebook,iOS
u_008457,2024-11-21 06:46:51,KR,cross_promo,iOS
u_008458,2024-12-30 04:19:04,KR,paid_google,Android
u_008459,2024-12-22 08:13:20,US,organic,iOS
u_008460,2024-12-29 22:13:03,US,paid_google,iOS
u_008461,2024-11-30 23:43:50,US,cross_promo,Android
u_008462,2024-12-01 14:33:32,KR,cross_promo,iOS
u_008463,2024-12-28 12:19:32,JP,paid_facebook,Android
u_008464,2024-12-04 01:46:36,US,cross_promo,Android
u_008465,2024-11-22 10:13:01,JP,referral,Android
u_008466,2024-12-04 03:21:50,JP,paid_tiktok,Android
u_008467,2024-12-17 20:41:09,KR,paid_facebook,Android
u_008468,2024-12-01 17:42:14,KR,paid_tiktok,Android
u_008469,2024-11-26 23:22:31,KR,organic,Android
u_008470,2024-12-18 00:31:43,KR,organic,Android
u_008471,2024-12-12 03:29:37,JP,organic,iOS
u_008472,2024-12-10 06:16:32,US,paid_facebook,iOS
u_008473,2024-12-09 00:05:43,KR,paid_tiktok,Android
u_008474,2024-11-15 22:17:09,KR,paid_facebook,Android
u_008475,2024-12-22 07:57:46,KR,paid_tiktok,Android
u_008476,2024-11-21 07:34:28,JP,paid_facebook,iOS
u_008477,2024-11-28 05:16:00,KR,referral,iOS
u_008478,2024-12-15 10:37:00,US,organic,iOS
u_008479,2024-12-19 19:17:38,JP,paid_google,iOS
u_008480,2024-11-26 00:05:20,JP,organic,iOS
u_008481,2024-11-16 01:21:49,US,paid_tiktok,Android
u_008482,2024-12-19 07:36:17,KR,cross_promo,iOS
u_008483,2024-11-06 23:30:24,JP,paid_tiktok,Android
u_008484,2024-12-22 03:43:05,JP,paid_facebook,Android
u_008485,2024-12-08 18:46:56,US,paid_tiktok,Android
u_008486,2024-11-19 06:46:14,JP,paid_facebook,iOS
u_008487,2024-11-05 00:23:58,US,organic,iOS
u_008488,2024-12-07 17:45:07,JP,paid_tiktok,Android
u_008489,2024-11-17 01:32:44,KR,paid_tiktok,Android
u_008490,2024-11-16 22:14:23,KR,organic,iOS
u_008491,2024-12-25 06:38:23,JP,organic,iOS
u_008492,2024-11-19 02:57:27,KR,paid_tiktok,iOS
u_008493,2024-11-07 09:44:33,JP,paid_facebook,iOS
u_008494,2024-11-03 14:15:03,US,paid_tiktok,iOS
u_008495,2024-12-27 02:26:27,KR,paid_tiktok,iOS
u_008496,2024-12-13 19:39:51,KR,cross_promo,iOS
u_008497,2024-12-29 13:44:59,US,paid_facebook,iOS
u_008498,2024-12-05 11:50:47,KR,paid_google,Android
u_008499,2024-12-24 22:43:06,JP,organic,iOS
u_008500,2024-12-18 15:21:44,US,organic,iOS
u_008501,2024-12-30 03:26:46,KR,organic,Android
u_008502,2024-12-27 08:05:11,KR,paid_facebook,Android
u_008503,2024-11-05 19:14:06,KR,paid_tiktok,iOS
u_008504,2024-12-04 00:40:23,US,paid_google,iOS
u_008505,2024-12-29 08:08:34,KR,paid_google,Android
u_008506,2024-12-15 08:54:56,KR,cross_promo,Android
u_008507,2024-12-03 03:06:46,KR,paid_google,Android
u_008508,2024-12-10 06:43:57,KR,paid_facebook,iOS
u_008509,2024-12-12 20:57:52,JP,cross_promo,Android
u_008510,2024-11-26 19:29:25,KR,organic,Android
u_008511,2024-11-01 05:24:44,US,organic,Android
u_008512,2024-11-12 03:29:11,KR,paid_google,iOS
u_008513,2024-11-11 18:59:11,US,cross_promo,Android
u_008514,2024-12-28 05:06:00,KR,cross_promo,iOS
u_008515,2024-11-27 22:53:59,KR,paid_tiktok,iOS
u_008516,2024-11-28 21:03:01,KR,paid_facebook,Android
u_008517,2024-12-15 20:59:55,KR,cross_promo,Android
u_008518,2024-12-01 01:24:59,KR,cross_promo,Android
u_008519,2024-11-25 05:10:38,US,referral,Android
u_008520,2024-12-18 08:21:25,KR,paid_google,Android
u_008521,2024-12-19 23:53:47,KR,paid_facebook,Android
u_008522,2024-11-13 09:21:08,KR,paid_tiktok,Android
u_008523,2024-11-23 04:16:30,KR,organic,Android
u_008524,2024-12-26 02:50:34,US,paid_google,Android
u_008525,2024-12-14 09:22:53,KR,referral,Android
u_008526,2024-12-16 14:36:28,JP,cross_promo,iOS
u_008527,2024-12-14 06:55:24,KR,referral,Android
u_008528,2024-12-07 04:35:54,KR,paid_google,Android
u_008529,2024-11-01 19:36:31,KR,referral,iOS
u_008530,2024-11-07 07:09:52,KR,referral,Android
u_008531,2024-11-18 15:13:03,JP,organic,Android
u_008532,2024-11-03 05:18:46,KR,referral,iOS
u_008533,2024-12-01 04:56:12,KR,cross_promo,Android
u_008534,2024-12-06 05:38:31,KR,referral,iOS
u_008535,2024-12-09 07:24:51,KR,paid_tiktok,Android
u_008536,2024-11-27 03:30:48,US,paid_google,Android
u_008537,2024-11-22 12:11:24,KR,paid_google,iOS
u_008538,2024-11-24 16:58:27,US,cross_promo,Android
u_008539,2024-12-18 12:20:32,JP,organic,Android
u_008540,2024-12-15 00:15:45,KR,paid_facebook,Android
u_008541,2024-11-03 00:11:59,JP,cross_promo,Android
u_008542,2024-12-02 12:55:52,KR,organic,Android
u_008543,2024-11-24 14:08:17,US,organic,iOS
u_008544,2024-11-15 13:28:54,JP,paid_google,iOS
u_008545,2024-11-16 14:08:53,KR,cross_promo,Android
u_008546,2024-11-13 17:04:52,KR,paid_facebook,Android
u_008547,2024-11-01 19:12:20,US,organic,Android
u_008548,2024-11-16 00:02:23,KR,organic,iOS
u_008549,2024-11-09 15:04:05,KR,organic,iOS
u_008550,2024-12-03 21:37:09,JP,cross_promo,iOS
u_008551,2024-11-01 03:37:35,KR,paid_tiktok,Android
u_008552,2024-12-31 14:59:34,KR,organic,Android
u_008553,2024-11-12 20:09:24,KR,paid_facebook,Android
u_008554,2024-11-13 18:56:11,KR,organic,iOS
u_008555,2024-12-09 04:53:17,JP,paid_google,iOS
u_008556,2024-11-26 21:04:50,KR,paid_tiktok,iOS
u_008557,2024-11-02 16:34:15,KR,paid_tiktok,Android
u_008558,2024-12-19 08:04:59,KR,paid_tiktok,Android
u_008559,2024-12-01 11:38:51,KR,paid_facebook,Android
u_008560,2024-11-13 12:46:57,KR,paid_tiktok,Android
u_008561,2024-12-16 21:26:37,JP,paid_tiktok,iOS
u_008562,2024-12-13 15:43:31,US,referral,iOS
u_008563,2024-12-22 10:56:54,KR,paid_facebook,iOS
u_008564,2024-11-23 10:30:53,US,organic,iOS
u_008565,2024-12-25 08:14:55,KR,cross_promo,iOS
u_008566,2024-12-14 00:07:00,US,paid_tiktok,iOS
u_008567,2024-12-26 22:05:33,KR,paid_google,Android
u_008568,2024-11-11 08:15:37,JP,paid_tiktok,Android
u_008569,2024-11-24 13:26:24,KR,referral,iOS
u_008570,2024-12-11 21:05:01,US,paid_tiktok,Android
u_008571,2024-11-09 23:40:04,US,paid_facebook,Android
u_008572,2024-11-15 09:22:58,JP,referral,Android
u_008573,2024-12-07 14:58:19,KR,organic,Android
u_008574,2024-12-26 23:51:57,KR,paid_google,iOS
u_008575,2024-12-11 16:44:01,KR,organic,iOS
u_008576,2024-11-27 22:44:19,KR,paid_google,iOS
u_008577,2024-12-31 01:25:51,US,cross_promo,Android
u_008578,2024-12-17 23:20:24,KR,referral,iOS
u_008579,2024-12-28 08:53:02,KR,paid_google,Android
u_008580,2024-12-12 04:50:12,US,paid_tiktok,iOS
u_008581,2024-12-31 21:47:23,KR,paid_google,Android
u_008582,2024-12-14 04:59:18,KR,paid_facebook,Android
u_008583,2024-11-28 13:02:26,KR,paid_google,Android
u_008584,2024-11-20 11:10:04,US,referral,iOS
u_008585,2024-11-08 19:32:51,KR,paid_google,Android
u_008586,2024-11-25 12:59:00,KR,referral,Android
u_008587,2024-12-01 13:46:10,KR,paid_tiktok,Android
u_008588,2024-11-23 14:02:31,US,referral,Android
u_008589,2024-11-28 05:03:07,KR,referral,iOS
u_008590,2024-12-21 18:44:56,JP,cross_promo,iOS
u_008591,2024-12-03 02:37:08,KR,referral,Android
u_008592,2024-12-30 12:02:23,JP,paid_facebook,Android
u_008593,2024-12-23 06:26:58,KR,paid_tiktok,iOS
u_008594,2024-12-11 02:04:22,KR,paid_tiktok,Android
u_008595,2024-11-09 21:55:56,JP,paid_google,iOS
u_008596,2024-11-23 18:14:14,JP,cross_promo,Android
u_008597,2024-11-21 00:51:53,KR,paid_google,iOS
u_008598,2024-11-08 23:01:36,KR,organic,Android
u_008599,2024-12-01 02:15:49,US,paid_tiktok,Android
u_008600,2024-12-30 08:24:16,US,paid_google,Android
u_008601,2024-11-01 14:33:48,KR,organic,Android
u_008602,2024-12-12 02:58:24,KR,referral,iOS
u_008603,2024-12-23 04:16:52,US,paid_facebook,iOS
u_008604,2024-12-26 00:04:01,JP,paid_tiktok,iOS
u_008605,2024-11-08 04:43:22,JP,cross_promo,iOS
u_008606,2024-11-14 14:17:48,KR,referral,Android
u_008607,2024-12-28 17:37:11,US,organic,Android
u_008608,2024-12-18 20:35:38,KR,paid_tiktok,Android
u_008609,2024-11-25 23:17:59,KR,organic,iOS
u_008610,2024-12-28 23:53:13,JP,cross_promo,iOS
u_008611,2024-11-02 19:34:57,KR,paid_tiktok,Android
u_008612,2024-11-20 09:48:58,KR,paid_tiktok,Android
u_008613,2024-11-21 00:56:59,KR,cross_promo,Android
u_008614,2024-12-18 12:50:55,KR,cross_promo,Android
u_008615,2024-12-28 22:09:43,KR,paid_facebook,Android
u_008616,2024-12-30 05:15:24,US,paid_tiktok,Android
u_008617,2024-11-21 23:21:40,KR,cross_promo,Android
u_008618,2024-11-06 17:20:22,JP,organic,iOS
u_008619,2024-11-08 22:32:14,US,paid_facebook,iOS
u_008620,2024-11-09 12:33:04,KR,paid_google,Android
u_008621,2024-11-18 19:31:41,US,cross_promo,iOS
u_008622,2024-11-06 09:48:46,JP,referral,iOS
u_008623,2024-11-24 20:59:47,KR,paid_google,Android
u_008624,2024-11-22 08:57:03,US,cross_promo,Android
u_008625,2024-11-21 12:48:41,JP,paid_facebook,Android
u_008626,2024-12-12 21:00:07,US,paid_tiktok,Android
u_008627,2024-11-17 19:51:41,KR,cross_promo,Android
u_008628,2024-12-15 04:35:59,KR,organic,iOS
u_008629,2024-12-24 23:59:24,JP,paid_tiktok,Android
u_008630,2024-11-10 21:40:30,KR,paid_google,Android
u_008631,2024-11-20 22:51:41,JP,paid_tiktok,Android
u_008632,2024-12-08 16:11:34,KR,organic,iOS
u_008633,2024-11-23 18:27:02,JP,paid_tiktok,Android
u_008634,2024-12-05 21:03:46,KR,cross_promo,iOS
u_008635,2024-12-01 04:58:32,US,organic,iOS
u_008636,2024-12-12 15:34:41,KR,organic,iOS
u_008637,2024-11-21 17:03:39,KR,paid_facebook,iOS
u_008638,2024-11-28 07:14:33,KR,paid_google,Android
u_008639,2024-11-17 02:31:56,JP,paid_facebook,Android
u_008640,2024-12-10 04:00:46,KR,paid_tiktok,Android
u_008641,2024-11-09 12:38:21,KR,cross_promo,Android
u_008642,2024-12-10 14:34:32,KR,cross_promo,Android
u_008643,2024-12-27 21:04:39,KR,paid_tiktok,Android
u_008644,2024-11-17 21:05:34,KR,paid_tiktok,iOS
u_008645,2024-12-24 13:45:50,KR,cross_promo,iOS
u_008646,2024-11-10 21:33:20,KR,referral,Android
u_008647,2024-11-29 09:46:56,KR,paid_tiktok,Android
u_008648,2024-12-23 10:55:09,JP,cross_promo,Android
u_008649,2024-11-22 17:05:53,KR,paid_tiktok,Android
u_008650,2024-12-02 18:18:22,JP,paid_google,iOS
u_008651,2024-11-01 10:38:44,JP,paid_tiktok,iOS
u_008652,2024-12-17 13:28:21,US,paid_google,iOS
u_008653,2024-12-04 23:21:48,US,paid_google,iOS
u_008654,2024-11-26 11:25:13,JP,cross_promo,iOS
u_008655,2024-12-18 04:14:52,KR,paid_facebook,Android
u_008656,2024-12-18 01:16:43,US,paid_google,Android
u_008657,2024-12-06 07:48:54,JP,referral,iOS
u_008658,2024-12-01 16:48:56,KR,organic,iOS
u_008659,2024-11-06 09:25:58,US,paid_facebook,Android
u_008660,2024-12-31 11:11:25,KR,paid_google,Android
u_008661,2024-12-30 17:22:56,US,paid_facebook,Android
u_008662,2024-11-30 09:59:31,KR,paid_facebook,Android
u_008663,2024-11-18 06:19:17,US,paid_google,iOS
u_008664,2024-12-06 08:40:19,KR,paid_tiktok,Android
u_008665,2024-12-06 10:22:01,KR,referral,Android
u_008666,2024-11-29 00:05:37,JP,paid_facebook,Android
u_008667,2024-11-01 22:37:59,JP,referral,iOS
u_008668,2024-12-02 21:00:23,KR,organic,iOS
u_008669,2024-12-03 03:35:35,KR,paid_tiktok,iOS
u_008670,2024-12-06 22:27:34,US,paid_google,Android
u_008671,2024-11-25 21:43:41,KR,organic,Android
u_008672,2024-12-29 16:34:27,KR,cross_promo,Android
u_008673,2024-11-28 01:13:33,KR,paid_tiktok,Android
u_008674,2024-12-10 17:27:43,JP,paid_google,Android
u_008675,2024-12-19 01:27:46,KR,organic,Android
u_008676,2024-11-22 00:01:16,JP,paid_tiktok,iOS
u_008677,2024-12-06 23:48:51,KR,organic,Android
u_008678,2024-11-12 15:28:25,KR,paid_facebook,iOS
u_008679,2024-11-24 17:04:23,KR,cross_promo,iOS
u_008680,2024-11-11 01:22:48,JP,paid_facebook,Android
u_008681,2024-12-09 04:45:48,JP,paid_google,Android
u_008682,2024-11-29 14:45:19,KR,referral,iOS
u_008683,2024-11-01 23:30:33,KR,paid_google,Android
u_008684,2024-12-11 23:36:51,JP,paid_facebook,iOS
u_008685,2024-12-24 09:08:13,US,cross_promo,Android
u_008686,2024-11-17 18:10:18,KR,cross_promo,Android
u_008687,2024-12-08 16:12:08,KR,cross_promo,Android
u_008688,2024-11-14 07:59:45,KR,cross_promo,Android
u_008689,2024-12-02 06:48:38,JP,paid_google,Android
u_008690,2024-11-16 07:45:49,KR,organic,Android
u_008691,2024-12-18 20:46:45,KR,paid_facebook,Android
u_008692,2024-12-10 13:57:35,KR,cross_promo,iOS
u_008693,2024-12-26 16:50:58,KR,paid_tiktok,iOS
u_008694,2024-11-26 06:36:52,JP,organic,iOS
u_008695,2024-12-16 07:30:22,JP,referral,iOS
u_008696,2024-12-24 14:57:17,US,cross_promo,Android
u_008697,2024-11-12 12:00:24,US,paid_facebook,iOS
u_008698,2024-11-21 05:21:29,KR,paid_google,iOS
u_008699,2024-12-30 12:53:38,KR,referral,Android
u_008700,2024-12-05 07:14:53,JP,referral,Android
u_008701,2024-12-15 17:46:28,KR,paid_facebook,iOS
u_008702,2024-12-28 11:35:46,KR,paid_google,Android
u_008703,2024-11-27 20:23:09,KR,organic,Android
u_008704,2024-12-19 16:40:32,US,paid_facebook,iOS
u_008705,2024-12-21 05:24:18,KR,cross_promo,Android
u_008706,2024-11-14 05:57:12,US,organic,iOS
u_008707,2024-11-22 21:52:40,KR,paid_tiktok,Android
u_008708,2024-11-12 06:30:20,KR,cross_promo,Android
u_008709,2024-11-13 20:18:56,KR,paid_google,Android
u_008710,2024-12-06 00:07:05,US,paid_tiktok,Android
u_008711,2024-12-26 17:58:24,KR,cross_promo,Android
u_008712,2024-12-12 21:09:48,KR,referral,Android
u_008713,2024-12-24 23:52:56,KR,paid_facebook,Android
u_008714,2024-12-11 06:08:15,KR,paid_google,Android
u_008715,2024-12-06 18:12:37,KR,cross_promo,Android
u_008716,2024-11-08 05:32:33,JP,cross_promo,Android
u_008717,2024-12-27 22:17:11,JP,paid_facebook,Android
u_008718,2024-12-22 04:11:52,KR,organic,iOS
u_008719,2024-11-15 05:26:50,KR,cross_promo,iOS
u_008720,2024-12-19 19:55:38,KR,referral,Android
u_008721,2024-11-25 02:36:44,KR,paid_tiktok,Android
u_008722,2024-11-01 12:20:10,KR,paid_facebook,iOS
u_008723,2024-11-24 13:46:38,KR,paid_facebook,Android
u_008724,2024-11-01 04:12:59,US,paid_facebook,Android
u_008725,2024-11-12 11:51:15,US,referral,Android
u_008726,2024-11-02 11:55:16,US,referral,Android
u_008727,2024-12-23 16:57:09,JP,referral,Android
u_008728,2024-11-15 04:47:29,JP,referral,iOS
u_008729,2024-12-13 16:25:18,KR,referral,Android
u_008730,2024-11-26 20:32:18,JP,paid_google,Android
u_008731,2024-11-04 13:45:29,US,paid_google,iOS
u_008732,2024-12-14 15:44:56,JP,cross_promo,Android
u_008733,2024-11-19 16:49:13,US,paid_facebook,Android
u_008734,2024-12-01 20:14:37,KR,paid_tiktok,Android
u_008735,2024-11-15 07:33:04,JP,paid_google,Android
u_008736,2024-11-22 00:04:56,KR,referral,Android
u_008737,2024-12-31 16:46:19,JP,referral,Android
u_008738,2024-12-27 17:15:56,KR,cross_promo,Android
u_008739,2024-12-09 00:45:22,KR,paid_facebook,Android
u_008740,2024-11-18 03:50:52,JP,paid_tiktok,iOS
u_008741,2024-12-11 06:29:34,JP,paid_facebook,iOS
u_008742,2024-11-10 11:11:05,KR,paid_tiktok,Android
u_008743,2024-12-19 21:56:52,US,paid_tiktok,iOS
u_008744,2024-11-12 17:33:55,KR,cross_promo,Android
u_008745,2024-11-17 01:46:32,KR,cross_promo,iOS
u_008746,2024-12-26 05:09:18,US,cross_promo,Android
u_008747,2024-11-13 07:43:44,KR,paid_google,Android
u_008748,2024-12-28 00:43:28,KR,organic,iOS
u_008749,2024-12-23 00:18:21,KR,cross_promo,Android
u_008750,2024-11-18 21:35:01,KR,paid_google,Android
u_008751,2024-11-05 00:09:43,JP,referral,Android
u_008752,2024-12-11 05:48:49,JP,paid_google,iOS
u_008753,2024-12-21 05:00:01,JP,referral,Android
u_008754,2024-12-27 06:54:20,JP,referral,iOS
u_008755,2024-11-27 13:24:51,KR,paid_tiktok,Android
u_008756,2024-12-27 21:05:38,JP,referral,Android
u_008757,2024-12-05 08:40:23,KR,organic,Android
u_008758,2024-12-28 22:09:00,JP,cross_promo,Android
u_008759,2024-11-18 03:33:50,KR,paid_google,Android
u_008760,2024-12-19 18:58:58,KR,organic,Android
u_008761,2024-11-21 00:39:18,KR,cross_promo,Android
u_008762,2024-12-20 16:03:49,US,cross_promo,Android
u_008763,2024-11-27 09:08:40,JP,paid_tiktok,Android
u_008764,2024-12-27 06:01:02,KR,paid_facebook,Android
u_008765,2024-12-31 19:56:45,US,paid_tiktok,Android
u_008766,2024-12-09 09:13:10,JP,paid_google,Android
u_008767,2024-11-07 13:49:48,US,organic,Android
u_008768,2024-11-24 18:53:49,JP,paid_tiktok,iOS
u_008769,2024-12-23 04:00:07,KR,organic,Android
u_008770,2024-12-31 10:28:33,KR,cross_promo,Android
u_008771,2024-11-05 06:30:52,KR,organic,iOS
u_008772,2024-12-30 03:03:03,US,organic,Android
u_008773,2024-12-26 19:24:45,JP,paid_facebook,Android
u_008774,2024-12-26 08:42:43,US,organic,Android
u_008775,2024-12-28 19:31:30,KR,paid_tiktok,iOS
u_008776,2024-12-04 14:07:23,KR,referral,Android
u_008777,2024-12-17 10:23:54,US,cross_promo,iOS
u_008778,2024-11-03 00:01:11,US,paid_google,Android
u_008779,2024-12-27 19:09:03,KR,referral,Android
u_008780,2024-11-30 16:43:29,KR,referral,iOS
u_008781,2024-12-24 01:31:01,KR,organic,iOS
u_008782,2024-12-08 04:02:51,JP,referral,Android
u_008783,2024-11-16 07:25:24,KR,organic,iOS
u_008784,2024-12-14 20:19:54,KR,cross_promo,Android
u_008785,2024-12-28 23:49:37,US,paid_facebook,Android
u_008786,2024-12-29 06:09:44,KR,cross_promo,Android
u_008787,2024-11-19 18:41:03,KR,paid_google,Android
u_008788,2024-11-02 20:49:11,US,organic,Android
u_008789,2024-11-21 20:53:28,KR,cross_promo,iOS
u_008790,2024-11-18 04:50:52,US,referral,iOS
u_008791,2024-11-15 12:34:35,KR,cross_promo,Android
u_008792,2024-11-16 19:04:36,KR,referral,Android
u_008793,2024-11-14 19:17:47,JP,referral,Android
u_008794,2024-11-23 22:45:28,JP,paid_facebook,Android
u_008795,2024-11-19 16:29:31,JP,organic,Android
u_008796,2024-11-27 02:01:32,KR,paid_google,Android
u_008797,2024-11-05 06:27:49,KR,cross_promo,iOS
u_008798,2024-11-22 16:13:01,KR,cross_promo,iOS
u_008799,2024-12-05 13:42:46,KR,referral,iOS
u_008800,2024-12-14 03:42:26,JP,referral,Android
u_008801,2024-12-19 14:12:37,JP,paid_facebook,Android
u_008802,2024-12-16 13:07:20,JP,paid_facebook,Android
u_008803,2024-11-25 06:26:13,KR,organic,Android
u_008804,2024-12-28 14:44:28,KR,referral,iOS
u_008805,2024-11-01 13:09:05,US,paid_facebook,iOS
u_008806,2024-11-30 19:11:21,KR,cross_promo,Android
u_008807,2024-11-22 19:27:51,JP,paid_tiktok,Android
u_008808,2024-12-27 07:54:20,JP,cross_promo,Android
u_008809,2024-11-24 15:42:12,US,paid_facebook,Android
u_008810,2024-12-17 17:50:53,KR,organic,iOS
u_008811,2024-12-20 08:35:14,KR,paid_tiktok,Android
u_008812,2024-12-09 09:49:30,US,paid_facebook,Android
u_008813,2024-11-05 10:31:45,KR,paid_facebook,Android
u_008814,2024-12-09 19:33:09,KR,paid_facebook,Android
u_008815,2024-12-03 05:08:28,KR,cross_promo,Android
u_008816,2024-12-14 11:45:51,KR,organic,iOS
u_008817,2024-12-27 08:43:28,US,paid_tiktok,iOS
u_008818,2024-12-17 05:24:02,KR,paid_google,Android
u_008819,2024-11-11 03:52:56,KR,paid_google,Android
u_008820,2024-12-24 22:01:48,US,referral,Android
u_008821,2024-12-31 18:48:03,KR,cross_promo,Android
u_008822,2024-12-16 03:55:18,US,cross_promo,Android
u_008823,2024-12-13 20:32:03,JP,cross_promo,iOS
u_008824,2024-12-29 15:09:47,US,cross_promo,Android
u_008825,2024-11-21 15:02:14,KR,paid_google,iOS
u_008826,2024-11-14 12:45:38,KR,referral,iOS
u_008827,2024-12-01 13:31:13,JP,paid_facebook,iOS
u_008828,2024-11-01 13:26:48,JP,paid_tiktok,Android
u_008829,2024-11-27 02:51:10,KR,paid_facebook,iOS
u_008830,2024-11-06 10:09:25,KR,paid_google,Android
u_008831,2024-11-16 22:19:32,KR,paid_tiktok,Android
u_008832,2024-11-16 21:41:01,JP,referral,Android
u_008833,2024-12-31 20:51:25,JP,paid_facebook,Android
u_008834,2024-12-23 04:17:05,KR,referral,Android
u_008835,2024-11-11 05:53:24,KR,organic,Android
u_008836,2024-11-05 04:48:03,KR,paid_facebook,Android
u_008837,2024-11-23 08:07:19,KR,cross_promo,Android
u_008838,2024-11-27 02:15:40,JP,organic,Android
u_008839,2024-11-01 03:54:41,KR,referral,Android
u_008840,2024-11-11 03:06:19,KR,paid_tiktok,iOS
u_008841,2024-12-11 02:24:44,US,paid_facebook,iOS
u_008842,2024-12-11 22:15:22,KR,referral,Android
u_008843,2024-12-15 01:04:03,KR,organic,iOS
u_008844,2024-11-22 09:28:23,JP,referral,iOS
u_008845,2024-12-21 23:17:02,KR,paid_facebook,iOS
u_008846,2024-11-22 21:13:55,JP,referral,iOS
u_008847,2024-11-04 21:40:22,KR,paid_tiktok,Android
u_008848,2024-11-23 17:08:17,KR,referral,Android
u_008849,2024-12-07 05:42:09,US,paid_tiktok,Android
u_008850,2024-12-06 07:36:19,KR,referral,iOS
u_008851,2024-12-20 20:09:30,JP,cross_promo,Android
u_008852,2024-12-08 05:48:31,KR,paid_facebook,iOS
u_008853,2024-12-30 11:32:18,JP,paid_facebook,Android
u_008854,2024-11-18 10:21:04,JP,paid_google,Android
u_008855,2024-12-07 09:55:52,KR,paid_google,Android
u_008856,2024-12-05 18:05:28,KR,paid_tiktok,iOS
u_008857,2024-11-12 18:56:20,JP,cross_promo,iOS
u_008858,2024-12-23 22:53:47,JP,paid_tiktok,iOS
u_008859,2024-11-23 15:45:09,KR,cross_promo,iOS
u_008860,2024-12-14 20:10:13,KR,paid_tiktok,iOS
u_008861,2024-12-12 02:33:14,JP,referral,iOS
u_008862,2024-12-06 19:00:22,KR,cross_promo,Android
u_008863,2024-11-22 12:26:20,US,paid_google,iOS
u_008864,2024-12-16 02:48:40,JP,organic,Android
u_008865,2024-12-18 23:29:51,JP,cross_promo,iOS
u_008866,2024-12-08 02:42:07,KR,paid_tiktok,Android
u_008867,2024-11-18 15:15:15,US,referral,iOS
u_008868,2024-12-21 03:56:39,JP,referral,Android
u_008869,2024-12-15 20:29:54,US,paid_facebook,iOS
u_008870,2024-12-01 07:21:34,KR,paid_google,Android
u_008871,2024-11-26 01:24:01,US,paid_google,Android
u_008872,2024-11-29 13:03:22,US,referral,Android
u_008873,2024-12-19 14:17:04,JP,paid_tiktok,Android
u_008874,2024-12-25 04:09:33,KR,paid_google,Android
u_008875,2024-11-17 17:31:50,KR,cross_promo,Android
u_008876,2024-12-25 03:16:55,JP,paid_facebook,Android
u_008877,2024-11-03 03:59:05,KR,paid_facebook,Android
u_008878,2024-11-18 10:12:49,KR,paid_tiktok,iOS
u_008879,2024-12-18 06:21:58,KR,paid_tiktok,Android
u_008880,2024-11-12 09:13:52,US,paid_google,iOS
u_008881,2024-12-18 04:31:47,KR,organic,Android
u_008882,2024-11-16 05:33:35,JP,referral,Android
u_008883,2024-11-18 15:14:01,US,cross_promo,Android
u_008884,2024-12-10 07:06:29,US,paid_facebook,Android
u_008885,2024-11-23 10:11:13,KR,paid_google,iOS
u_008886,2024-11-18 00:01:17,KR,cross_promo,Android
u_008887,2024-11-01 22:01:01,JP,referral,Android
u_008888,2024-12-20 16:09:09,KR,paid_tiktok,Android
u_008889,2024-11-21 01:50:12,KR,paid_tiktok,iOS
u_008890,2024-12-28 12:13:42,US,referral,iOS
u_008891,2024-12-23 01:15:59,JP,paid_facebook,iOS
u_008892,2024-11-22 12:42:39,KR,paid_google,Android
u_008893,2024-11-03 20:22:23,JP,cross_promo,Android
u_008894,2024-12-16 06:48:01,US,paid_facebook,iOS
u_008895,2024-12-06 21:20:01,KR,cross_promo,iOS
u_008896,2024-12-02 13:58:08,JP,cross_promo,Android
u_008897,2024-12-07 06:11:38,KR,cross_promo,Android
u_008898,2024-11-11 01:53:56,US,paid_tiktok,Android
u_008899,2024-11-09 14:52:31,KR,paid_tiktok,Android
u_008900,2024-11-26 18:10:50,JP,cross_promo,Android
u_008901,2024-11-14 15:54:28,KR,referral,Android
u_008902,2024-12-27 04:28:44,KR,organic,Android
u_008903,2024-11-26 12:24:51,KR,paid_facebook,iOS
u_008904,2024-12-11 05:16:57,KR,organic,Android
u_008905,2024-12-25 02:51:59,JP,paid_tiktok,Android
u_008906,2024-12-19 09:26:07,US,paid_tiktok,Android
u_008907,2024-11-26 21:32:28,KR,paid_google,Android
u_008908,2024-11-04 00:37:26,JP,referral,iOS
u_008909,2024-12-13 14:56:58,US,organic,iOS
u_008910,2024-12-12 20:20:31,JP,cross_promo,iOS
u_008911,2024-11-04 14:45:42,KR,paid_tiktok,Android
u_008912,2024-12-22 12:58:39,US,paid_facebook,Android
u_008913,2024-11-28 01:49:47,KR,paid_tiktok,Android
u_008914,2024-11-03 07:08:21,JP,referral,iOS
u_008915,2024-12-21 22:19:43,KR,paid_facebook,Android
u_008916,2024-12-21 14:06:55,KR,paid_facebook,Android
u_008917,2024-12-08 12:16:53,KR,paid_facebook,Android
u_008918,2024-12-02 19:59:01,KR,organic,iOS
u_008919,2024-12-25 19:45:33,KR,paid_google,iOS
u_008920,2024-11-29 04:46:00,JP,paid_google,Android
u_008921,2024-11-30 23:53:20,US,paid_google,Android
u_008922,2024-12-22 05:10:19,KR,paid_google,Android
u_008923,2024-11-01 12:13:31,KR,paid_tiktok,Android
u_008924,2024-12-14 03:39:49,US,cross_promo,Android
u_008925,2024-12-03 14:21:41,JP,paid_tiktok,iOS
u_008926,2024-11-15 02:38:42,JP,paid_google,iOS
u_008927,2024-11-25 13:54:22,KR,paid_google,Android
u_008928,2024-12-27 22:27:43,KR,paid_tiktok,Android
u_008929,2024-11-16 08:49:59,KR,paid_tiktok,Android
u_008930,2024-12-28 04:44:03,US,cross_promo,Android
u_008931,2024-11-14 18:14:18,JP,paid_facebook,Android
u_008932,2024-11-04 18:05:33,JP,referral,Android
u_008933,2024-11-19 12:06:52,US,paid_tiktok,iOS
u_008934,2024-11-20 11:36:28,US,paid_tiktok,Android
u_008935,2024-11-26 08:40:27,JP,organic,Android
u_008936,2024-11-11 00:41:47,US,cross_promo,iOS
u_008937,2024-11-06 10:57:52,US,organic,Android
u_008938,2024-11-16 15:23:51,KR,organic,iOS
u_008939,2024-11-09 07:51:12,KR,referral,Android
u_008940,2024-11-18 05:03:44,KR,referral,Android
u_008941,2024-12-29 18:23:00,JP,paid_tiktok,Android
u_008942,2024-11-02 05:25:25,KR,paid_google,Android
u_008943,2024-12-18 21:24:47,KR,paid_facebook,Android
u_008944,2024-11-05 13:44:23,KR,referral,Android
u_008945,2024-11-14 12:41:33,JP,paid_facebook,iOS
u_008946,2024-11-29 23:56:35,KR,organic,Android
u_008947,2024-12-27 09:56:46,US,paid_facebook,Android
u_008948,2024-11-19 05:51:40,KR,referral,Android
u_008949,2024-11-17 21:38:21,KR,organic,Android
u_008950,2024-11-11 09:58:44,JP,organic,Android
u_008951,2024-12-28 07:22:52,KR,organic,Android
u_008952,2024-12-29 21:32:44,JP,paid_tiktok,iOS
u_008953,2024-12-05 03:57:17,KR,paid_google,Android
u_008954,2024-12-22 23:54:15,KR,paid_tiktok,iOS
u_008955,2024-12-16 09:01:09,US,paid_facebook,Android
u_008956,2024-11-05 11:42:03,KR,referral,Android
u_008957,2024-11-30 18:10:16,KR,cross_promo,iOS
u_008958,2024-12-09 03:36:47,KR,paid_tiktok,Android
u_008959,2024-11-03 19:33:08,KR,paid_tiktok,Android
u_008960,2024-12-31 22:38:44,KR,cross_promo,iOS
u_008961,2024-11-08 22:48:49,KR,paid_tiktok,Android
u_008962,2024-11-30 00:16:21,KR,referral,Android
u_008963,2024-12-26 09:36:21,KR,cross_promo,Android
u_008964,2024-12-24 17:02:06,KR,referral,Android
u_008965,2024-11-22 07:59:31,KR,paid_facebook,Android
u_008966,2024-12-14 10:44:16,KR,cross_promo,Android
u_008967,2024-12-09 05:55:00,KR,cross_promo,Android
u_008968,2024-12-05 09:34:16,JP,paid_google,Android
u_008969,2024-11-28 04:16:38,KR,organic,Android
u_008970,2024-11-23 21:21:28,KR,paid_facebook,Android
u_008971,2024-12-01 06:59:48,KR,organic,Android
u_008972,2024-12-31 06:50:09,JP,organic,iOS
u_008973,2024-11-05 18:09:07,JP,paid_tiktok,iOS
u_008974,2024-11-20 00:57:34,US,organic,Android
u_008975,2024-12-30 08:42:45,US,organic,iOS
u_008976,2024-12-10 01:08:11,KR,paid_google,Android
u_008977,2024-11-24 20:48:40,JP,paid_facebook,Android
u_008978,2024-11-17 06:33:23,KR,paid_facebook,iOS
u_008979,2024-12-10 07:47:07,KR,paid_facebook,Android
u_008980,2024-11-09 07:04:39,JP,paid_google,iOS
u_008981,2024-12-16 02:48:29,KR,paid_tiktok,Android
u_008982,2024-12-24 21:52:48,JP,paid_google,Android
u_008983,2024-12-06 14:51:52,JP,paid_facebook,Android
u_008984,2024-12-29 18:10:00,JP,organic,iOS
u_008985,2024-11-09 03:49:03,KR,paid_tiktok,Android
u_008986,2024-12-04 21:30:39,KR,paid_facebook,Android
u_008987,2024-12-10 00:39:39,JP,referral,Android
u_008988,2024-12-04 03:39:39,US,organic,iOS
u_008989,2024-11-06 04:10:07,JP,paid_facebook,iOS
u_008990,2024-11-13 17:07:32,KR,paid_tiktok,Android
u_008991,2024-12-17 03:03:26,KR,paid_tiktok,Android
u_008992,2024-11-01 19:05:42,KR,referral,Android
u_008993,2024-11-18 08:34:49,KR,cross_promo,Android
u_008994,2024-11-19 18:59:51,US,paid_facebook,Android
u_008995,2024-11-23 22:17:02,US,paid_tiktok,Android
u_008996,2024-12-31 11:40:32,KR,referral,iOS
u_008997,2024-11-14 14:28:47,JP,paid_facebook,Android
u_008998,2024-11-24 00:28:34,KR,organic,iOS
u_008999,2024-11-09 04:00:36,KR,referral,iOS
u_009000,2024-12-26 06:18:35,KR,paid_tiktok,Android
u_009001,2024-11-30 12:31:19,US,paid_tiktok,Android
u_009002,2024-11-13 01:53:48,KR,referral,iOS
u_009003,2024-11-16 06:57:26,KR,cross_promo,Android
u_009004,2024-12-04 18:00:05,US,referral,Android
u_009005,2024-12-07 05:43:24,KR,referral,Android
u_009006,2024-11-16 01:19:43,JP,paid_google,iOS
u_009007,2024-11-18 13:07:42,KR,organic,Android
u_009008,2024-11-17 11:49:32,JP,cross_promo,Android
u_009009,2024-12-22 04:28:13,KR,paid_facebook,Android
u_009010,2024-11-01 12:10:01,KR,paid_facebook,iOS
u_009011,2024-11-05 17:53:03,KR,paid_tiktok,iOS
u_009012,2024-11-16 05:09:10,KR,paid_google,iOS
u_009013,2024-12-28 08:53:03,JP,paid_google,Android
u_009014,2024-12-01 15:46:25,KR,paid_google,Android
u_009015,2024-12-23 04:57:49,KR,cross_promo,Android
u_009016,2024-12-28 13:01:14,KR,paid_google,Android
u_009017,2024-12-28 04:55:09,US,cross_promo,Android
u_009018,2024-12-05 04:35:46,KR,paid_google,Android
u_009019,2024-11-25 03:43:10,KR,referral,Android
u_009020,2024-11-24 17:23:25,KR,paid_facebook,iOS
u_009021,2024-11-24 13:53:59,KR,organic,Android
u_009022,2024-12-01 23:59:54,KR,paid_facebook,Android
u_009023,2024-11-24 07:27:41,US,referral,iOS
u_009024,2024-11-10 03:14:02,KR,organic,Android
u_009025,2024-11-03 12:49:34,KR,paid_tiktok,Android
u_009026,2024-12-28 05:42:39,KR,paid_tiktok,Android
u_009027,2024-12-02 08:34:55,KR,referral,iOS
u_009028,2024-11-01 19:14:26,KR,paid_facebook,Android
u_009029,2024-12-06 23:11:14,KR,referral,Android
u_009030,2024-12-25 15:49:09,JP,paid_google,iOS
u_009031,2024-11-12 11:56:59,KR,referral,Android
u_009032,2024-12-16 13:47:23,KR,referral,iOS
u_009033,2024-12-09 01:51:23,KR,paid_google,Android
u_009034,2024-11-13 20:05:20,JP,paid_tiktok,Android
u_009035,2024-12-19 19:44:54,KR,referral,Android
u_009036,2024-12-09 10:27:33,KR,organic,Android
u_009037,2024-12-09 21:36:58,KR,organic,iOS
u_009038,2024-11-03 10:57:29,US,organic,Android
u_009039,2024-12-13 19:46:39,KR,cross_promo,iOS
u_009040,2024-11-01 10:42:45,KR,paid_facebook,Android
u_009041,2024-12-08 20:39:48,KR,organic,iOS
u_009042,2024-11-18 09:50:03,KR,referral,Android
u_009043,2024-11-14 08:15:15,US,paid_facebook,iOS
u_009044,2024-11-15 15:17:48,JP,cross_promo,Android
u_009045,2024-12-15 10:09:59,KR,cross_promo,iOS
u_009046,2024-12-28 06:32:44,JP,paid_google,Android
u_009047,2024-12-10 02:35:02,KR,organic,Android
u_009048,2024-12-21 00:49:03,KR,paid_facebook,Android
u_009049,2024-12-15 16:41:15,US,paid_facebook,Android
u_009050,2024-11-12 04:33:59,US,paid_google,Android
u_009051,2024-12-22 16:30:32,US,cross_promo,Android
u_009052,2024-12-03 17:16:06,US,referral,iOS
u_009053,2024-11-17 06:57:31,JP,referral,Android
u_009054,2024-11-27 07:35:58,JP,paid_google,Android
u_009055,2024-12-02 16:18:12,KR,cross_promo,iOS
u_009056,2024-11-01 06:27:04,JP,paid_tiktok,Android
u_009057,2024-12-14 00:33:44,KR,paid_tiktok,Android
u_009058,2024-12-06 03:03:50,KR,referral,iOS
u_009059,2024-11-14 07:09:26,US,organic,iOS
u_009060,2024-12-06 16:09:47,JP,cross_promo,Android
u_009061,2024-11-27 01:43:06,KR,referral,Android
u_009062,2024-12-01 07:58:17,KR,paid_tiktok,iOS
u_009063,2024-12-30 14:37:16,JP,cross_promo,Android
u_009064,2024-11-11 00:49:42,JP,organic,Android
u_009065,2024-11-18 12:39:36,KR,organic,Android
u_009066,2024-12-28 23:12:55,KR,organic,Android
u_009067,2024-11-25 13:31:49,KR,paid_facebook,Android
u_009068,2024-11-07 17:58:02,US,referral,iOS
u_009069,2024-12-05 15:00:48,KR,referral,Android
u_009070,2024-11-14 21:56:36,KR,paid_tiktok,Android
u_009071,2024-12-01 00:43:31,KR,paid_facebook,Android
u_009072,2024-11-21 02:32:46,KR,paid_google,iOS
u_009073,2024-12-23 15:09:56,KR,cross_promo,iOS
u_009074,2024-12-17 10:28:23,KR,referral,Android
u_009075,2024-12-01 21:05:35,KR,paid_facebook,iOS
u_009076,2024-12-03 20:14:08,JP,paid_google,Android
u_009077,2024-11-21 06:00:40,KR,referral,iOS
u_009078,2024-12-05 20:21:36,KR,referral,iOS
u_009079,2024-12-12 03:20:46,KR,paid_tiktok,iOS
u_009080,2024-12-20 01:55:32,JP,paid_google,Android
u_009081,2024-12-27 18:51:19,KR,paid_facebook,Android
u_009082,2024-11-06 07:38:06,JP,paid_google,Android
u_009083,2024-11-28 00:29:46,KR,referral,Android
u_009084,2024-12-16 05:20:20,KR,referral,iOS
u_009085,2024-11-28 09:05:54,KR,paid_tiktok,Android
u_009086,2024-12-31 10:14:35,JP,cross_promo,Android
u_009087,2024-11-03 12:52:46,KR,paid_facebook,Android
u_009088,2024-12-28 04:42:48,US,referral,Android
u_009089,2024-11-02 08:40:59,JP,paid_tiktok,iOS
u_009090,2024-12-09 09:34:47,JP,paid_google,Android
u_009091,2024-12-22 09:13:55,JP,cross_promo,iOS
u_009092,2024-12-11 21:37:30,US,paid_google,Android
u_009093,2024-11-29 01:31:13,KR,paid_google,iOS
u_009094,2024-11-17 03:40:57,JP,paid_tiktok,Android
u_009095,2024-12-01 11:57:20,JP,organic,iOS
u_009096,2024-12-30 14:58:37,KR,paid_facebook,iOS
u_009097,2024-11-07 21:14:20,KR,paid_google,Android
u_009098,2024-11-03 20:06:34,KR,paid_google,iOS
u_009099,2024-11-30 01:42:07,KR,paid_google,Android
u_009100,2024-12-26 06:04:43,KR,organic,Android
u_009101,2024-11-07 00:04:56,US,organic,iOS
u_009102,2024-12-27 01:06:43,KR,paid_facebook,Android
u_009103,2024-11-09 02:38:52,KR,paid_tiktok,iOS
u_009104,2024-12-11 19:35:17,KR,paid_facebook,Android
u_009105,2024-12-30 05:45:16,US,paid_google,Android
u_009106,2024-11-26 23:49:25,JP,paid_facebook,Android
u_009107,2024-11-15 12:19:24,JP,paid_google,Android
u_009108,2024-11-26 06:35:36,KR,organic,Android
u_009109,2024-12-13 21:15:50,KR,referral,iOS
u_009110,2024-11-25 18:27:13,KR,organic,iOS
u_009111,2024-12-15 22:58:04,JP,cross_promo,Android
u_009112,2024-12-24 08:34:37,KR,cross_promo,Android
u_009113,2024-12-24 11:14:02,JP,paid_facebook,iOS
u_009114,2024-11-17 15:41:30,US,paid_tiktok,iOS
u_009115,2024-12-12 08:16:59,KR,cross_promo,Android
u_009116,2024-12-15 23:40:39,US,referral,Android
u_009117,2024-12-03 21:54:28,JP,paid_google,Android
u_009118,2024-12-06 01:53:09,US,organic,Android
u_009119,2024-11-16 22:31:16,JP,paid_facebook,Android
u_009120,2024-11-17 21:13:01,KR,cross_promo,iOS
u_009121,2024-11-14 17:41:00,KR,organic,iOS
u_009122,2024-12-08 19:08:52,US,referral,iOS
u_009123,2024-11-25 02:54:03,KR,referral,iOS
u_009124,2024-12-11 16:10:46,KR,paid_facebook,Android
u_009125,2024-12-09 05:11:31,JP,cross_promo,Android
u_009126,2024-11-20 08:45:59,US,cross_promo,Android
u_009127,2024-11-12 00:45:41,KR,paid_tiktok,Android
u_009128,2024-12-06 01:15:26,KR,paid_google,Android
u_009129,2024-12-12 16:23:08,JP,organic,Android
u_009130,2024-12-10 13:30:16,JP,paid_facebook,iOS
u_009131,2024-12-29 10:17:23,KR,cross_promo,Android
u_009132,2024-12-25 05:57:01,JP,organic,Android
u_009133,2024-12-10 04:43:04,KR,organic,Android
u_009134,2024-11-03 16:16:34,US,cross_promo,iOS
u_009135,2024-11-30 15:51:05,JP,referral,Android
u_009136,2024-11-20 01:18:41,KR,organic,Android
u_009137,2024-12-25 20:44:39,KR,cross_promo,iOS
u_009138,2024-11-04 05:35:51,KR,organic,Android
u_009139,2024-11-24 09:53:41,US,cross_promo,Android
u_009140,2024-11-23 08:27:33,US,paid_google,Android
u_009141,2024-12-03 21:31:38,JP,cross_promo,iOS
u_009142,2024-12-22 15:57:51,KR,paid_tiktok,iOS
u_009143,2024-12-29 19:37:16,US,cross_promo,iOS
u_009144,2024-12-16 03:00:34,JP,paid_google,iOS
u_009145,2024-12-07 03:37:24,KR,cross_promo,iOS
u_009146,2024-11-21 15:53:35,JP,paid_tiktok,iOS
u_009147,2024-11-04 05:40:27,KR,referral,Android
u_009148,2024-12-10 11:58:27,JP,referral,iOS
u_009149,2024-11-01 17:16:49,US,organic,Android
u_009150,2024-12-02 00:10:58,KR,cross_promo,Android
u_009151,2024-12-01 19:20:49,KR,organic,iOS
u_009152,2024-11-19 23:57:32,KR,paid_google,Android
u_009153,2024-12-03 17:45:12,JP,paid_google,iOS
u_009154,2024-11-01 15:06:09,KR,paid_google,Android
u_009155,2024-12-21 13:34:12,US,paid_facebook,Android
u_009156,2024-11-08 10:11:10,KR,organic,Android
u_009157,2024-12-12 16:33:44,KR,paid_facebook,Android
u_009158,2024-11-02 15:10:06,JP,paid_tiktok,iOS
u_009159,2024-12-07 05:13:04,JP,paid_tiktok,Android
u_009160,2024-11-19 21:25:26,JP,paid_tiktok,Android
u_009161,2024-12-21 00:13:37,KR,referral,iOS
u_009162,2024-11-28 11:30:08,US,cross_promo,Android
u_009163,2024-11-05 09:51:04,JP,paid_tiktok,Android
u_009164,2024-12-19 15:37:32,KR,referral,Android
u_009165,2024-12-05 18:29:53,JP,paid_facebook,Android
u_009166,2024-12-10 08:08:47,KR,cross_promo,Android
u_009167,2024-12-10 22:42:44,KR,referral,iOS
u_009168,2024-12-13 23:34:13,US,paid_google,Android
u_009169,2024-11-25 10:16:05,JP,cross_promo,Android
u_009170,2024-12-29 01:17:12,US,paid_facebook,iOS
u_009171,2024-12-19 16:05:23,KR,paid_google,Android
u_009172,2024-11-11 08:47:47,KR,referral,Android
u_009173,2024-12-06 21:23:37,US,referral,iOS
u_009174,2024-11-07 11:58:50,JP,cross_promo,iOS
u_009175,2024-12-18 22:30:57,KR,cross_promo,iOS
u_009176,2024-12-20 02:48:39,KR,organic,iOS
u_009177,2024-12-21 13:07:30,US,cross_promo,Android
u_009178,2024-11-22 10:38:21,US,paid_google,Android
u_009179,2024-11-04 18:09:35,JP,organic,iOS
u_009180,2024-12-24 02:34:06,JP,cross_promo,Android
u_009181,2024-11-06 23:16:43,KR,paid_facebook,Android
u_009182,2024-11-21 14:59:52,JP,organic,Android
u_009183,2024-12-25 23:42:04,KR,paid_facebook,Android
u_009184,2024-11-11 15:46:35,JP,organic,Android
u_009185,2024-12-29 20:13:09,KR,paid_google,Android
u_009186,2024-11-05 20:07:12,KR,referral,Android
u_009187,2024-11-12 18:23:40,JP,cross_promo,Android
u_009188,2024-12-12 10:24:05,US,organic,Android
u_009189,2024-12-10 13:16:24,KR,organic,Android
u_009190,2024-12-23 09:46:52,KR,paid_facebook,Android
u_009191,2024-11-05 09:35:42,KR,referral,iOS
u_009192,2024-12-11 12:25:40,US,paid_tiktok,iOS
u_009193,2024-11-29 14:40:06,KR,referral,Android
u_009194,2024-12-06 17:41:36,KR,paid_google,Android
u_009195,2024-12-11 18:51:01,JP,cross_promo,Android
u_009196,2024-11-06 21:39:13,KR,organic,iOS
u_009197,2024-11-16 23:58:41,JP,referral,iOS
u_009198,2024-12-18 06:10:34,JP,cross_promo,Android
u_009199,2024-11-26 22:10:29,US,paid_facebook,Android
u_009200,2024-12-24 11:59:17,KR,paid_google,Android
u_009201,2024-11-30 12:00:15,KR,cross_promo,Android
u_009202,2024-12-23 17:45:57,JP,paid_tiktok,Android
u_009203,2024-12-15 20:14:44,JP,paid_facebook,Android
u_009204,2024-11-28 17:21:06,US,referral,iOS
u_009205,2024-11-14 22:30:59,KR,paid_google,Android
u_009206,2024-11-22 08:42:24,KR,cross_promo,iOS
u_009207,2024-11-17 10:15:30,JP,paid_tiktok,iOS
u_009208,2024-11-02 00:57:46,US,paid_tiktok,iOS
u_009209,2024-11-05 01:37:54,JP,paid_facebook,iOS
u_009210,2024-11-30 00:18:09,US,paid_tiktok,Android
u_009211,2024-12-04 11:50:56,US,cross_promo,Android
u_009212,2024-11-15 02:19:07,KR,paid_google,iOS
u_009213,2024-11-19 10:06:28,US,paid_facebook,iOS
u_009214,2024-11-24 16:20:23,JP,paid_tiktok,iOS
u_009215,2024-12-25 04:29:04,KR,organic,iOS
u_009216,2024-11-20 05:47:52,KR,paid_tiktok,Android
u_009217,2024-11-10 11:21:45,KR,paid_tiktok,iOS
u_009218,2024-11-08 12:31:50,KR,paid_tiktok,iOS
u_009219,2024-12-06 18:53:05,KR,cross_promo,iOS
u_009220,2024-12-19 13:14:00,US,referral,Android
u_009221,2024-12-01 23:59:03,JP,referral,Android
u_009222,2024-11-07 20:31:39,KR,paid_facebook,Android
u_009223,2024-11-07 09:36:41,KR,referral,iOS
u_009224,2024-12-24 19:49:07,KR,organic,Android
u_009225,2024-11-21 02:42:53,JP,referral,iOS
u_009226,2024-11-30 20:44:58,KR,paid_google,Android
u_009227,2024-12-01 06:52:53,JP,organic,iOS
u_009228,2024-11-15 00:17:28,KR,paid_google,Android
u_009229,2024-12-02 18:25:54,JP,paid_tiktok,iOS
u_009230,2024-11-29 13:05:33,JP,referral,iOS
u_009231,2024-11-17 19:28:18,KR,referral,iOS
u_009232,2024-11-13 02:56:03,US,referral,Android
u_009233,2024-11-07 05:17:51,KR,paid_facebook,Android
u_009234,2024-12-29 15:07:05,US,paid_google,Android
u_009235,2024-11-04 09:01:31,KR,paid_facebook,iOS
u_009236,2024-11-14 17:42:08,US,paid_google,Android
u_009237,2024-11-06 19:33:36,KR,paid_google,iOS
u_009238,2024-11-12 18:31:12,US,cross_promo,Android
u_009239,2024-12-29 17:30:30,KR,cross_promo,Android
u_009240,2024-11-01 03:03:32,KR,paid_google,iOS
u_009241,2024-12-01 17:46:53,KR,organic,Android
u_009242,2024-12-26 16:55:56,KR,paid_facebook,iOS
u_009243,2024-12-23 13:03:48,US,paid_tiktok,Android
u_009244,2024-12-13 06:23:43,JP,cross_promo,Android
u_009245,2024-11-20 19:09:22,JP,referral,Android
u_009246,2024-11-23 15:10:22,KR,paid_tiktok,Android
u_009247,2024-11-02 15:37:43,US,organic,Android
u_009248,2024-12-04 23:56:05,KR,paid_google,iOS
u_009249,2024-11-07 11:05:51,KR,cross_promo,Android
u_009250,2024-11-07 13:18:59,KR,cross_promo,Android
u_009251,2024-12-31 11:18:04,KR,paid_tiktok,iOS
u_009252,2024-11-11 10:30:06,US,referral,Android
u_009253,2024-11-07 12:12:50,KR,paid_tiktok,iOS
u_009254,2024-12-22 03:53:55,JP,paid_tiktok,Android
u_009255,2024-12-09 22:54:59,JP,paid_facebook,Android
u_009256,2024-11-05 15:11:04,KR,referral,Android
u_009257,2024-11-04 14:55:54,JP,organic,iOS
u_009258,2024-12-17 05:30:40,US,paid_facebook,iOS
u_009259,2024-12-29 11:48:44,KR,organic,Android
u_009260,2024-11-19 14:22:13,US,cross_promo,Android
u_009261,2024-11-03 17:50:17,JP,cross_promo,iOS
u_009262,2024-12-30 22:26:20,JP,paid_google,Android
u_009263,2024-12-05 22:41:21,KR,paid_google,Android
u_009264,2024-11-05 01:02:38,KR,organic,Android
u_009265,2024-11-27 01:26:23,JP,organic,Android
u_009266,2024-11-16 18:20:34,KR,cross_promo,Android
u_009267,2024-11-25 13:58:29,KR,paid_google,iOS
u_009268,2024-11-02 03:51:54,KR,organic,Android
u_009269,2024-12-04 11:38:31,JP,referral,Android
u_009270,2024-12-13 13:33:27,US,cross_promo,Android
u_009271,2024-11-28 15:36:52,KR,paid_google,Android
u_009272,2024-12-27 13:59:09,KR,organic,Android
u_009273,2024-12-17 05:08:07,KR,paid_facebook,Android
u_009274,2024-12-07 06:26:23,KR,paid_facebook,Android
u_009275,2024-12-06 09:15:49,JP,paid_facebook,Android
u_009276,2024-12-31 06:06:33,KR,cross_promo,Android
u_009277,2024-11-27 00:13:26,US,organic,Android
u_009278,2024-12-24 18:43:16,KR,paid_tiktok,Android
u_009279,2024-11-13 12:43:12,KR,referral,Android
u_009280,2024-11-22 04:30:52,KR,paid_facebook,iOS
u_009281,2024-11-20 02:53:36,JP,paid_google,iOS
u_009282,2024-12-30 05:37:47,KR,paid_tiktok,Android
u_009283,2024-11-20 22:15:28,KR,cross_promo,iOS
u_009284,2024-11-29 08:50:00,US,paid_google,Android
u_009285,2024-12-15 11:53:50,JP,paid_google,iOS
u_009286,2024-12-23 08:03:47,JP,paid_google,Android
u_009287,2024-11-14 21:01:49,US,paid_facebook,iOS
u_009288,2024-12-28 07:36:02,KR,referral,Android
u_009289,2024-12-20 03:12:02,US,referral,Android
u_009290,2024-12-29 22:12:09,KR,paid_google,iOS
u_009291,2024-11-13 14:46:02,JP,referral,Android
u_009292,2024-11-10 19:22:12,KR,organic,Android
u_009293,2024-12-04 18:59:40,JP,paid_tiktok,Android
u_009294,2024-11-30 02:22:58,US,paid_tiktok,Android
u_009295,2024-12-15 07:07:06,US,organic,Android
u_009296,2024-11-20 07:04:19,JP,paid_google,Android
u_009297,2024-11-22 08:22:44,KR,referral,Android
u_009298,2024-12-16 19:48:50,US,referral,iOS
u_009299,2024-12-28 23:05:11,KR,paid_google,iOS
u_009300,2024-11-22 03:15:09,US,paid_google,iOS
u_009301,2024-11-09 10:53:31,KR,paid_google,Android
u_009302,2024-11-10 15:26:03,US,paid_google,Android
u_009303,2024-11-21 05:47:35,KR,paid_google,Android
u_009304,2024-12-11 05:52:23,JP,paid_tiktok,Android
u_009305,2024-12-01 19:17:03,KR,cross_promo,Android
u_009306,2024-12-29 22:59:29,JP,paid_google,iOS
u_009307,2024-12-16 16:28:43,JP,organic,iOS
u_009308,2024-11-09 18:35:59,KR,paid_google,iOS
u_009309,2024-12-05 00:39:38,KR,paid_facebook,iOS
u_009310,2024-11-12 11:36:44,US,paid_tiktok,Android
u_009311,2024-12-01 14:31:48,JP,paid_google,Android
u_009312,2024-11-13 10:25:29,US,paid_google,iOS
u_009313,2024-12-12 22:29:16,KR,paid_tiktok,Android
u_009314,2024-11-13 22:31:15,KR,cross_promo,Android
u_009315,2024-12-01 18:11:39,KR,organic,iOS
u_009316,2024-12-25 05:53:56,KR,paid_facebook,Android
u_009317,2024-12-25 02:01:41,KR,paid_facebook,Android
u_009318,2024-11-01 09:03:25,JP,paid_facebook,iOS
u_009319,2024-11-14 02:38:50,KR,referral,Android
u_009320,2024-11-22 14:42:14,JP,paid_google,Android
u_009321,2024-11-06 21:58:52,KR,paid_google,Android
u_009322,2024-12-29 23:59:26,KR,paid_facebook,Android
u_009323,2024-12-26 18:42:23,KR,paid_facebook,Android
u_009324,2024-11-29 04:24:32,JP,paid_tiktok,iOS
u_009325,2024-12-05 12:18:55,JP,cross_promo,Android
u_009326,2024-11-07 09:11:31,KR,paid_facebook,iOS
u_009327,2024-12-19 09:59:33,US,referral,Android
u_009328,2024-12-14 06:51:09,US,referral,Android
u_009329,2024-12-04 14:28:50,KR,referral,iOS
u_009330,2024-11-30 09:48:58,JP,cross_promo,Android
u_009331,2024-11-29 04:31:06,US,paid_google,Android
u_009332,2024-12-19 21:01:29,KR,paid_facebook,Android
u_009333,2024-12-01 19:12:47,US,referral,Android
u_009334,2024-12-23 03:17:53,US,paid_tiktok,iOS
u_009335,2024-12-06 12:18:18,JP,paid_google,iOS
u_009336,2024-12-22 09:40:46,JP,organic,Android
u_009337,2024-11-04 13:48:44,KR,referral,iOS
u_009338,2024-12-13 06:35:19,JP,cross_promo,Android
u_009339,2024-12-05 13:48:30,KR,paid_facebook,Android
u_009340,2024-11-03 06:58:37,KR,paid_google,Android
u_009341,2024-12-12 14:08:35,US,organic,Android
u_009342,2024-11-09 01:03:34,KR,cross_promo,Android
u_009343,2024-12-02 01:49:38,KR,referral,Android
u_009344,2024-11-29 06:36:45,JP,referral,iOS
u_009345,2024-11-07 09:36:25,KR,referral,Android
u_009346,2024-12-18 20:50:59,KR,paid_tiktok,iOS
u_009347,2024-12-12 05:35:20,KR,paid_tiktok,Android
u_009348,2024-11-01 07:14:12,US,referral,Android
u_009349,2024-12-06 15:21:05,KR,paid_google,Android
u_009350,2024-12-21 14:07:33,KR,paid_tiktok,Android
u_009351,2024-12-11 14:55:05,JP,cross_promo,iOS
u_009352,2024-12-27 21:48:51,US,paid_facebook,iOS
u_009353,2024-11-08 05:57:48,KR,referral,Android
u_009354,2024-12-21 21:29:36,JP,paid_tiktok,Android
u_009355,2024-11-04 02:52:00,US,paid_tiktok,iOS
u_009356,2024-12-07 11:29:19,JP,paid_facebook,iOS
u_009357,2024-12-07 05:35:38,KR,cross_promo,Android
u_009358,2024-11-05 21:18:06,US,organic,iOS
u_009359,2024-12-03 06:52:54,US,cross_promo,Android
u_009360,2024-12-19 01:38:24,KR,paid_tiktok,iOS
u_009361,2024-12-09 04:45:13,US,paid_facebook,Android
u_009362,2024-11-08 12:25:09,JP,paid_google,Android
u_009363,2024-12-29 20:28:01,JP,paid_facebook,Android
u_009364,2024-12-20 04:25:57,JP,paid_google,iOS
u_009365,2024-12-29 11:07:14,KR,paid_google,Android
u_009366,2024-11-30 01:17:44,JP,paid_google,Android
u_009367,2024-11-07 12:26:42,KR,paid_google,Android
u_009368,2024-11-17 04:38:24,JP,paid_google,iOS
u_009369,2024-11-16 17:14:07,JP,organic,iOS
u_009370,2024-11-29 20:54:27,KR,cross_promo,Android
u_009371,2024-11-17 03:44:29,KR,paid_facebook,Android
u_009372,2024-12-30 15:45:19,KR,paid_tiktok,Android
u_009373,2024-12-14 01:54:41,KR,referral,Android
u_009374,2024-12-19 01:30:52,KR,paid_facebook,Android
u_009375,2024-12-03 22:02:11,KR,cross_promo,Android
u_009376,2024-11-29 06:42:06,KR,referral,iOS
u_009377,2024-12-09 19:58:41,KR,paid_facebook,Android
u_009378,2024-11-26 10:32:15,KR,organic,Android
u_009379,2024-11-29 15:51:34,JP,paid_google,Android
u_009380,2024-11-22 15:39:27,JP,cross_promo,Android
u_009381,2024-12-15 21:01:42,KR,paid_google,Android
u_009382,2024-12-03 13:33:10,JP,paid_facebook,iOS
u_009383,2024-11-24 07:05:53,KR,paid_google,Android
u_009384,2024-11-11 06:25:14,KR,paid_tiktok,Android
u_009385,2024-11-09 11:27:46,KR,paid_google,iOS
u_009386,2024-12-16 14:17:51,KR,cross_promo,Android
u_009387,2024-11-12 22:02:22,JP,cross_promo,Android
u_009388,2024-12-31 08:55:31,KR,paid_facebook,Android
u_009389,2024-11-24 23:15:00,KR,organic,iOS
u_009390,2024-11-26 21:31:28,KR,paid_google,iOS
u_009391,2024-12-12 04:20:08,US,organic,iOS
u_009392,2024-12-15 14:49:20,KR,cross_promo,Android
u_009393,2024-11-23 04:52:20,KR,paid_tiktok,Android
u_009394,2024-11-05 14:20:42,KR,paid_facebook,Android
u_009395,2024-12-02 23:43:19,KR,paid_facebook,Android
u_009396,2024-11-20 11:40:32,KR,paid_facebook,iOS
u_009397,2024-11-14 13:48:33,US,organic,iOS
u_009398,2024-11-27 19:05:47,KR,organic,Android
u_009399,2024-11-15 10:50:05,US,paid_facebook,iOS
u_009400,2024-12-26 23:29:08,JP,organic,Android
u_009401,2024-12-03 13:45:44,KR,referral,Android
u_009402,2024-12-03 17:55:26,US,paid_google,iOS
u_009403,2024-12-10 01:28:35,KR,referral,Android
u_009404,2024-11-03 23:37:36,JP,cross_promo,iOS
u_009405,2024-12-12 14:43:56,KR,paid_google,Android
u_009406,2024-12-07 06:22:31,JP,paid_google,Android
u_009407,2024-12-27 17:39:47,KR,paid_tiktok,Android
u_009408,2024-11-16 21:12:07,JP,cross_promo,iOS
u_009409,2024-11-02 22:06:08,US,cross_promo,iOS
u_009410,2024-11-30 10:30:31,KR,organic,Android
u_009411,2024-12-17 09:11:54,KR,paid_google,Android
u_009412,2024-12-01 08:58:18,JP,paid_google,iOS
u_009413,2024-11-12 04:50:07,JP,referral,Android
u_009414,2024-12-14 04:02:23,KR,paid_tiktok,Android
u_009415,2024-12-20 15:25:13,KR,paid_google,iOS
u_009416,2024-11-22 01:50:40,US,paid_facebook,iOS
u_009417,2024-12-04 22:06:48,KR,paid_google,Android
u_009418,2024-11-27 02:37:52,KR,paid_google,Android
u_009419,2024-12-13 17:28:26,US,organic,Android
u_009420,2024-12-25 03:49:26,KR,referral,iOS
u_009421,2024-11-05 20:58:35,JP,paid_google,Android
u_009422,2024-11-01 00:38:57,US,paid_google,Android
u_009423,2024-11-15 21:38:36,US,cross_promo,iOS
u_009424,2024-12-12 04:27:57,KR,cross_promo,Android
u_009425,2024-12-19 07:03:43,KR,paid_facebook,iOS
u_009426,2024-12-15 23:06:40,KR,organic,Android
u_009427,2024-12-07 01:19:05,KR,paid_facebook,iOS
u_009428,2024-12-25 15:49:20,US,referral,Android
u_009429,2024-11-06 20:27:31,KR,paid_google,iOS
u_009430,2024-12-28 00:29:14,KR,cross_promo,iOS
u_009431,2024-12-04 18:16:34,JP,organic,iOS
u_009432,2024-11-10 08:57:17,JP,paid_google,Android
u_009433,2024-11-04 12:40:42,KR,paid_tiktok,iOS
u_009434,2024-12-04 06:28:28,JP,paid_google,iOS
u_009435,2024-12-31 13:49:25,KR,organic,Android
u_009436,2024-11-19 12:08:49,KR,referral,Android
u_009437,2024-12-07 19:13:30,JP,cross_promo,Android
u_009438,2024-12-15 02:42:58,US,paid_facebook,Android
u_009439,2024-12-16 18:47:18,KR,cross_promo,Android
u_009440,2024-11-02 03:18:38,JP,paid_tiktok,iOS
u_009441,2024-11-30 13:42:48,KR,cross_promo,iOS
u_009442,2024-11-10 23:41:55,US,organic,iOS
u_009443,2024-11-09 18:26:41,KR,organic,Android
u_009444,2024-12-09 10:50:44,KR,cross_promo,iOS
u_009445,2024-12-19 04:08:08,KR,paid_google,Android
u_009446,2024-11-12 12:13:01,KR,referral,iOS
u_009447,2024-11-08 13:40:18,KR,paid_facebook,Android
u_009448,2024-12-18 05:02:05,KR,paid_google,Android
u_009449,2024-11-28 02:53:18,KR,organic,iOS
u_009450,2024-12-07 16:53:29,JP,paid_google,Android
u_009451,2024-12-03 22:55:34,KR,paid_tiktok,Android
u_009452,2024-11-19 17:57:50,JP,paid_facebook,Android
u_009453,2024-12-13 13:44:11,JP,paid_facebook,Android
u_009454,2024-12-03 16:42:10,JP,organic,iOS
u_009455,2024-11-05 02:54:36,JP,paid_tiktok,iOS
u_009456,2024-12-08 10:42:36,KR,paid_google,Android
u_009457,2024-11-12 09:42:33,KR,paid_google,iOS
u_009458,2024-12-09 15:35:38,KR,paid_google,Android
u_009459,2024-12-17 22:25:53,KR,referral,Android
u_009460,2024-12-30 03:30:42,KR,organic,Android
u_009461,2024-12-11 14:38:12,KR,paid_facebook,Android
u_009462,2024-12-16 11:19:47,KR,organic,iOS
u_009463,2024-12-10 00:24:33,US,paid_tiktok,Android
u_009464,2024-11-06 07:28:49,JP,paid_tiktok,Android
u_009465,2024-11-21 01:08:44,JP,cross_promo,Android
u_009466,2024-11-08 12:30:37,KR,referral,iOS
u_009467,2024-12-24 11:16:22,KR,paid_facebook,Android
u_009468,2024-11-01 06:46:57,US,organic,Android
u_009469,2024-12-24 11:21:05,JP,cross_promo,Android
u_009470,2024-12-29 04:03:32,KR,organic,Android
u_009471,2024-12-07 02:38:57,KR,paid_tiktok,Android
u_009472,2024-11-15 01:12:00,KR,paid_tiktok,iOS
u_009473,2024-12-27 22:51:05,KR,referral,Android
u_009474,2024-11-04 10:01:34,JP,paid_google,Android
u_009475,2024-12-26 17:46:32,JP,paid_tiktok,iOS
u_009476,2024-11-07 00:32:21,JP,organic,iOS
u_009477,2024-12-09 00:22:06,KR,paid_google,iOS
u_009478,2024-12-20 02:10:38,US,referral,Android
u_009479,2024-11-18 08:52:06,US,paid_tiktok,Android
u_009480,2024-11-30 13:31:23,KR,referral,Android
u_009481,2024-12-27 13:43:21,KR,organic,iOS
u_009482,2024-12-24 19:26:26,JP,paid_tiktok,Android
u_009483,2024-11-06 14:59:47,KR,referral,Android
u_009484,2024-11-16 11:51:41,KR,referral,iOS
u_009485,2024-12-16 14:19:18,JP,cross_promo,iOS
u_009486,2024-12-09 21:05:22,KR,paid_google,Android
u_009487,2024-12-18 12:37:27,KR,paid_tiktok,Android
u_009488,2024-12-25 12:14:34,US,referral,Android
u_009489,2024-11-01 17:19:25,JP,paid_facebook,Android
u_009490,2024-12-30 19:45:51,US,referral,Android
u_009491,2024-11-04 21:43:27,KR,paid_facebook,iOS
u_009492,2024-12-11 00:48:52,KR,referral,iOS
u_009493,2024-11-29 17:32:48,KR,paid_facebook,iOS
u_009494,2024-11-14 03:24:30,KR,organic,Android
u_009495,2024-12-27 23:52:06,JP,cross_promo,Android
u_009496,2024-12-14 17:40:54,JP,referral,Android
u_009497,2024-12-29 16:55:11,KR,paid_google,iOS
u_009498,2024-12-09 23:37:11,KR,paid_tiktok,Android
u_009499,2024-11-08 02:16:41,US,cross_promo,iOS
u_009500,2024-11-26 12:05:37,JP,paid_google,Android
u_009501,2024-12-02 02:55:42,JP,paid_facebook,Android
u_009502,2024-12-20 18:39:51,KR,paid_facebook,Android
u_009503,2024-12-20 21:09:50,JP,referral,iOS
u_009504,2024-11-23 23:13:57,US,paid_google,iOS
u_009505,2024-12-06 07:58:07,US,referral,Android
u_009506,2024-11-11 00:38:14,KR,organic,Android
u_009507,2024-12-05 01:40:51,KR,paid_tiktok,Android
u_009508,2024-11-26 06:31:21,US,referral,Android
u_009509,2024-11-09 07:47:13,KR,paid_google,iOS
u_009510,2024-12-10 10:22:22,JP,cross_promo,Android
u_009511,2024-12-04 06:55:36,JP,organic,iOS
u_009512,2024-11-21 03:44:22,KR,cross_promo,Android
u_009513,2024-11-26 23:43:44,KR,paid_google,Android
u_009514,2024-11-23 16:04:25,JP,paid_facebook,iOS
u_009515,2024-11-09 19:56:19,KR,cross_promo,Android
u_009516,2024-11-16 11:15:43,JP,paid_tiktok,Android
u_009517,2024-11-07 14:37:18,US,cross_promo,iOS
u_009518,2024-11-24 16:32:05,JP,paid_tiktok,Android
u_009519,2024-12-18 10:10:03,KR,organic,iOS
u_009520,2024-11-05 09:17:12,KR,paid_google,iOS
u_009521,2024-12-28 15:21:24,JP,referral,Android
u_009522,2024-11-24 00:48:59,KR,paid_google,iOS
u_009523,2024-12-25 22:00:24,KR,organic,Android
u_009524,2024-11-30 05:04:58,US,paid_google,Android
u_009525,2024-12-23 14:20:28,KR,organic,Android
u_009526,2024-12-10 17:27:32,KR,paid_google,iOS
u_009527,2024-12-03 13:52:25,JP,organic,Android
u_009528,2024-12-21 10:13:01,KR,paid_tiktok,Android
u_009529,2024-11-11 08:21:16,US,paid_facebook,iOS
u_009530,2024-11-22 00:07:40,KR,referral,iOS
u_009531,2024-12-08 09:55:08,US,paid_facebook,iOS
u_009532,2024-12-07 06:31:28,KR,referral,Android
u_009533,2024-11-11 04:08:42,KR,organic,Android
u_009534,2024-12-06 17:16:08,KR,referral,iOS
u_009535,2024-11-16 06:53:44,JP,paid_google,Android
u_009536,2024-12-08 08:39:37,KR,organic,iOS
u_009537,2024-11-07 12:09:33,KR,paid_tiktok,Android
u_009538,2024-11-13 20:06:44,KR,referral,Android
u_009539,2024-12-11 15:51:16,JP,paid_tiktok,iOS
u_009540,2024-12-03 16:25:38,KR,referral,iOS
u_009541,2024-12-26 10:00:39,KR,cross_promo,Android
u_009542,2024-12-13 08:09:45,US,paid_google,iOS
u_009543,2024-11-22 22:20:17,JP,organic,Android
u_009544,2024-11-21 02:32:58,KR,referral,Android
u_009545,2024-12-29 01:35:32,KR,paid_google,Android
u_009546,2024-11-22 14:10:21,KR,paid_google,Android
u_009547,2024-12-09 20:06:23,JP,organic,Android
u_009548,2024-12-04 08:47:08,US,paid_google,Android
u_009549,2024-12-10 05:44:55,US,organic,Android
u_009550,2024-11-26 15:06:29,US,paid_google,Android
u_009551,2024-11-07 01:57:54,KR,paid_google,Android
u_009552,2024-12-31 06:59:04,US,referral,Android
u_009553,2024-12-24 16:21:43,JP,paid_facebook,iOS
u_009554,2024-11-12 15:37:09,KR,referral,Android
u_009555,2024-11-23 21:42:24,JP,organic,Android
u_009556,2024-11-28 07:35:27,KR,paid_facebook,Android
u_009557,2024-12-25 11:37:14,KR,paid_facebook,Android
u_009558,2024-11-04 04:13:08,JP,cross_promo,Android
u_009559,2024-12-13 01:27:15,KR,paid_google,iOS
u_009560,2024-11-21 02:10:50,JP,cross_promo,Android
u_009561,2024-11-07 16:21:14,JP,paid_facebook,Android
u_009562,2024-12-23 14:37:59,US,paid_tiktok,iOS
u_009563,2024-11-29 22:26:44,KR,paid_tiktok,iOS
u_009564,2024-11-29 18:35:39,KR,cross_promo,Android
u_009565,2024-11-27 01:31:46,KR,cross_promo,Android
u_009566,2024-11-26 11:29:28,JP,referral,Android
u_009567,2024-12-03 02:27:58,US,cross_promo,iOS
u_009568,2024-12-14 13:41:01,JP,cross_promo,Android
u_009569,2024-12-18 03:07:00,KR,organic,iOS
u_009570,2024-12-26 20:54:22,US,paid_tiktok,Android
u_009571,2024-11-10 08:48:35,US,paid_tiktok,Android
u_009572,2024-11-14 00:28:55,KR,paid_tiktok,Android
u_009573,2024-12-03 23:10:59,KR,cross_promo,Android
u_009574,2024-12-22 11:53:19,KR,paid_tiktok,iOS
u_009575,2024-12-29 01:34:04,US,paid_tiktok,Android
u_009576,2024-12-15 11:03:23,KR,paid_facebook,iOS
u_009577,2024-12-14 21:15:10,JP,paid_google,Android
u_009578,2024-12-30 15:12:33,JP,cross_promo,Android
u_009579,2024-11-05 04:33:21,US,paid_facebook,iOS
u_009580,2024-11-25 05:05:49,KR,referral,Android
u_009581,2024-12-11 16:15:35,US,paid_google,Android
u_009582,2024-11-27 20:49:39,JP,cross_promo,Android
u_009583,2024-12-29 14:20:03,KR,referral,Android
u_009584,2024-11-20 07:38:08,US,paid_tiktok,Android
u_009585,2024-11-03 03:16:25,KR,organic,Android
u_009586,2024-11-27 22:51:24,KR,paid_google,Android
u_009587,2024-11-15 01:39:04,KR,cross_promo,Android
u_009588,2024-11-20 19:06:08,KR,cross_promo,iOS
u_009589,2024-12-01 17:10:47,US,referral,iOS
u_009590,2024-11-02 21:21:43,KR,cross_promo,Android
u_009591,2024-12-13 19:09:18,KR,paid_tiktok,Android
u_009592,2024-11-17 02:43:24,JP,paid_google,iOS
u_009593,2024-11-08 17:25:55,US,paid_google,iOS
u_009594,2024-11-08 18:58:03,US,cross_promo,iOS
u_009595,2024-12-15 19:44:12,US,paid_tiktok,Android
u_009596,2024-12-29 16:27:43,US,paid_tiktok,Android
u_009597,2024-11-09 10:24:34,JP,organic,iOS
u_009598,2024-12-08 22:44:23,KR,paid_google,Android
u_009599,2024-12-01 09:46:53,JP,paid_facebook,iOS
u_009600,2024-12-31 06:44:06,KR,cross_promo,Android
u_009601,2024-12-27 05:22:18,KR,paid_tiktok,Android
u_009602,2024-12-24 19:08:42,KR,cross_promo,Android
u_009603,2024-12-28 22:34:19,US,organic,iOS
u_009604,2024-12-10 21:57:07,KR,referral,Android
u_009605,2024-12-24 23:56:23,US,cross_promo,Android
u_009606,2024-11-20 20:34:08,JP,paid_google,Android
u_009607,2024-12-03 07:30:41,JP,paid_tiktok,iOS
u_009608,2024-12-04 18:16:52,KR,organic,iOS
u_009609,2024-11-20 04:08:23,US,paid_facebook,iOS
u_009610,2024-11-29 13:34:52,US,paid_google,iOS
u_009611,2024-12-30 14:08:38,KR,paid_google,Android
u_009612,2024-12-10 18:42:01,KR,cross_promo,Android
u_009613,2024-11-20 12:53:47,KR,paid_facebook,Android
u_009614,2024-12-22 02:51:12,KR,organic,iOS
u_009615,2024-12-12 04:20:29,JP,paid_google,iOS
u_009616,2024-11-22 13:13:21,JP,paid_facebook,Android
u_009617,2024-12-12 11:54:27,KR,organic,Android
u_009618,2024-11-05 02:53:55,JP,paid_tiktok,iOS
u_009619,2024-12-09 11:45:06,KR,cross_promo,iOS
u_009620,2024-11-18 14:25:19,KR,paid_facebook,iOS
u_009621,2024-11-11 04:54:49,KR,paid_facebook,Android
u_009622,2024-11-25 01:56:14,KR,paid_facebook,Android
u_009623,2024-12-19 18:53:01,KR,paid_facebook,Android
u_009624,2024-11-18 21:49:39,KR,organic,Android
u_009625,2024-11-22 10:08:05,KR,paid_google,Android
u_009626,2024-12-15 23:24:40,JP,cross_promo,Android
u_009627,2024-11-11 15:46:21,KR,paid_google,Android
u_009628,2024-12-09 15:39:38,US,organic,Android
u_009629,2024-11-25 23:05:37,US,organic,iOS
u_009630,2024-11-10 04:20:27,US,organic,iOS
u_009631,2024-12-07 01:03:43,KR,cross_promo,iOS
u_009632,2024-12-05 15:00:25,JP,organic,Android
u_009633,2024-12-24 08:43:58,KR,paid_tiktok,Android
u_009634,2024-12-30 17:46:30,US,referral,Android
u_009635,2024-11-22 07:56:48,KR,paid_tiktok,Android
u_009636,2024-11-17 00:08:29,JP,referral,Android
u_009637,2024-12-19 05:06:03,JP,paid_facebook,Android
u_009638,2024-12-24 05:23:07,US,paid_google,iOS
u_009639,2024-11-06 22:44:03,KR,paid_google,iOS
u_009640,2024-11-01 04:54:12,KR,organic,Android
u_009641,2024-12-20 15:04:00,JP,referral,Android
u_009642,2024-11-03 17:07:28,US,organic,Android
u_009643,2024-11-12 14:19:03,US,paid_facebook,Android
u_009644,2024-11-15 08:28:31,KR,referral,Android
u_009645,2024-12-28 13:38:38,JP,cross_promo,Android
u_009646,2024-12-20 11:53:10,JP,paid_google,iOS
u_009647,2024-12-13 04:13:30,JP,cross_promo,iOS
u_009648,2024-11-18 21:18:51,KR,referral,iOS
u_009649,2024-11-14 22:54:27,KR,paid_facebook,Android
u_009650,2024-11-24 13:34:39,KR,cross_promo,Android
u_009651,2024-12-12 04:03:31,KR,paid_facebook,Android
u_009652,2024-11-18 12:54:00,KR,referral,Android
u_009653,2024-12-15 02:54:22,KR,paid_google,iOS
u_009654,2024-12-20 18:22:54,KR,cross_promo,Android
u_009655,2024-12-01 04:47:29,KR,paid_facebook,Android
u_009656,2024-11-25 09:57:27,KR,paid_tiktok,Android
u_009657,2024-11-13 01:48:05,KR,cross_promo,Android
u_009658,2024-11-01 04:09:24,US,paid_google,Android
u_009659,2024-11-08 19:48:15,US,referral,Android
u_009660,2024-12-23 08:42:20,KR,paid_tiktok,iOS
u_009661,2024-11-09 02:25:39,JP,paid_facebook,Android
u_009662,2024-12-27 18:19:28,KR,paid_facebook,iOS
u_009663,2024-11-01 22:16:12,US,paid_facebook,Android
u_009664,2024-12-18 23:40:08,KR,referral,Android
u_009665,2024-11-30 04:57:41,JP,paid_google,iOS
u_009666,2024-12-12 05:19:30,JP,paid_tiktok,Android
u_009667,2024-11-03 14:07:41,KR,referral,Android
u_009668,2024-11-17 06:36:53,JP,organic,iOS
u_009669,2024-11-22 14:12:12,KR,cross_promo,Android
u_009670,2024-12-18 12:48:46,KR,organic,Android
u_009671,2024-12-01 21:48:35,KR,organic,Android
u_009672,2024-11-10 21:19:00,KR,paid_tiktok,Android
u_009673,2024-11-03 21:23:12,US,referral,Android
u_009674,2024-11-29 01:46:18,KR,cross_promo,iOS
u_009675,2024-12-14 19:19:58,KR,referral,Android
u_009676,2024-11-24 13:42:09,KR,referral,Android
u_009677,2024-12-23 00:03:02,US,organic,iOS
u_009678,2024-11-20 00:12:52,KR,referral,Android
u_009679,2024-11-30 15:07:03,KR,referral,Android
u_009680,2024-12-28 02:12:37,JP,paid_tiktok,Android
u_009681,2024-12-30 11:20:41,US,organic,Android
u_009682,2024-11-13 15:05:04,KR,paid_google,iOS
u_009683,2024-12-14 17:12:02,US,paid_facebook,Android
u_009684,2024-11-01 15:20:12,US,paid_google,Android
u_009685,2024-12-21 01:45:46,JP,paid_facebook,Android
u_009686,2024-12-27 05:19:42,KR,cross_promo,iOS
u_009687,2024-12-26 19:08:35,JP,paid_facebook,Android
u_009688,2024-11-17 01:25:11,KR,cross_promo,iOS
u_009689,2024-12-13 01:07:52,US,paid_facebook,iOS
u_009690,2024-11-24 00:54:10,US,paid_google,Android
u_009691,2024-11-25 20:50:52,KR,paid_google,Android
u_009692,2024-12-06 22:20:39,JP,cross_promo,Android
u_009693,2024-11-26 07:43:01,US,referral,Android
u_009694,2024-12-20 04:01:01,JP,paid_facebook,Android
u_009695,2024-11-13 16:45:51,KR,paid_facebook,iOS
u_009696,2024-11-22 17:05:40,KR,organic,Android
u_009697,2024-11-23 09:03:41,JP,referral,iOS
u_009698,2024-11-14 16:24:27,KR,cross_promo,Android
u_009699,2024-12-12 04:26:54,JP,organic,iOS
u_009700,2024-12-26 23:40:38,KR,paid_tiktok,Android
u_009701,2024-12-01 00:32:44,KR,referral,Android
u_009702,2024-11-05 16:10:46,KR,paid_google,Android
u_009703,2024-11-01 12:39:04,KR,organic,Android
u_009704,2024-11-16 20:30:49,KR,referral,Android
u_009705,2024-12-16 16:34:59,US,paid_google,Android
u_009706,2024-11-20 05:54:58,JP,paid_google,iOS
u_009707,2024-11-21 07:27:47,KR,organic,Android
u_009708,2024-11-03 12:59:42,KR,paid_google,Android
u_009709,2024-11-30 18:13:40,KR,organic,iOS
u_009710,2024-12-07 13:33:30,KR,organic,Android
u_009711,2024-11-24 08:22:52,US,paid_facebook,Android
u_009712,2024-11-01 19:23:23,KR,paid_tiktok,Android
u_009713,2024-11-14 20:49:25,JP,referral,Android
u_009714,2024-12-11 11:44:11,KR,paid_facebook,iOS
u_009715,2024-11-23 01:21:31,KR,organic,Android
u_009716,2024-12-30 09:36:00,US,paid_tiktok,Android
u_009717,2024-11-24 23:44:33,KR,paid_facebook,iOS
u_009718,2024-11-25 11:13:12,JP,paid_google,Android
u_009719,2024-11-01 20:26:37,US,referral,Android
u_009720,2024-11-07 10:22:46,US,organic,iOS
u_009721,2024-12-29 16:25:06,KR,paid_google,Android
u_009722,2024-12-20 21:28:47,JP,organic,Android
u_009723,2024-12-21 23:40:18,KR,paid_google,Android
u_009724,2024-11-30 19:15:02,US,paid_facebook,iOS
u_009725,2024-12-07 19:15:49,US,referral,iOS
u_009726,2024-12-06 07:39:13,KR,paid_google,Android
u_009727,2024-12-30 18:26:37,JP,referral,Android
u_009728,2024-12-20 04:08:11,KR,paid_tiktok,Android
u_009729,2024-11-13 23:51:43,US,organic,Android
u_009730,2024-11-25 05:58:40,JP,referral,iOS
u_009731,2024-11-06 10:48:33,KR,paid_google,iOS
u_009732,2024-11-11 02:24:49,KR,paid_tiktok,Android
u_009733,2024-11-27 19:29:59,US,paid_google,iOS
u_009734,2024-12-04 04:23:47,KR,cross_promo,Android
u_009735,2024-11-22 21:34:08,JP,paid_facebook,Android
u_009736,2024-11-20 04:01:36,JP,cross_promo,iOS
u_009737,2024-11-12 18:32:03,JP,organic,Android
u_009738,2024-11-23 06:05:11,KR,organic,iOS
u_009739,2024-11-07 22:46:05,US,paid_tiktok,Android
u_009740,2024-12-31 14:14:38,US,cross_promo,Android
u_009741,2024-11-16 06:58:22,KR,paid_google,Android
u_009742,2024-12-07 10:53:47,KR,cross_promo,Android
u_009743,2024-12-29 03:34:13,KR,referral,Android
u_009744,2024-12-02 00:29:09,JP,paid_google,iOS
u_009745,2024-11-27 11:38:33,US,paid_tiktok,iOS
u_009746,2024-11-16 15:26:58,KR,paid_facebook,iOS
u_009747,2024-12-25 06:27:57,KR,paid_google,iOS
u_009748,2024-12-08 02:29:09,KR,paid_tiktok,iOS
u_009749,2024-11-26 19:09:09,JP,paid_tiktok,Android
u_009750,2024-11-06 07:48:05,KR,organic,Android
u_009751,2024-12-31 17:25:02,JP,paid_tiktok,iOS
u_009752,2024-12-07 14:55:02,US,paid_facebook,iOS
u_009753,2024-12-10 09:54:51,KR,paid_google,iOS
u_009754,2024-12-19 23:47:49,KR,paid_tiktok,Android
u_009755,2024-11-02 23:25:56,KR,paid_tiktok,Android
u_009756,2024-11-05 19:50:18,KR,organic,Android
u_009757,2024-12-22 22:07:22,US,paid_tiktok,Android
u_009758,2024-11-06 22:06:52,JP,organic,Android
u_009759,2024-12-11 01:18:46,US,paid_facebook,Android
u_009760,2024-12-09 02:24:13,KR,organic,iOS
u_009761,2024-11-05 16:14:31,KR,paid_google,Android
u_009762,2024-11-30 15:12:35,JP,paid_tiktok,iOS
u_009763,2024-12-17 09:17:19,KR,paid_google,Android
u_009764,2024-12-07 22:36:29,JP,paid_tiktok,Android
u_009765,2024-12-06 21:26:43,JP,organic,iOS
u_009766,2024-11-24 09:24:39,US,paid_facebook,Android
u_009767,2024-12-22 01:14:13,KR,paid_google,iOS
u_009768,2024-12-24 21:13:58,KR,paid_facebook,Android
u_009769,2024-11-10 06:38:28,JP,organic,Android
u_009770,2024-12-05 11:19:18,KR,cross_promo,iOS
u_009771,2024-12-11 20:08:36,KR,referral,Android
u_009772,2024-11-21 09:54:45,KR,paid_google,iOS
u_009773,2024-12-23 13:38:01,KR,paid_facebook,Android
u_009774,2024-11-09 01:09:25,KR,paid_facebook,Android
u_009775,2024-11-21 01:09:01,KR,cross_promo,iOS
u_009776,2024-12-15 12:27:06,KR,cross_promo,Android
u_009777,2024-11-02 11:49:14,KR,cross_promo,iOS
u_009778,2024-12-04 05:56:31,JP,organic,iOS
u_009779,2024-12-26 00:05:24,KR,organic,Android
u_009780,2024-12-05 03:49:31,KR,paid_tiktok,iOS
u_009781,2024-12-14 00:11:55,KR,organic,Android
u_009782,2024-11-04 20:25:36,KR,cross_promo,Android
u_009783,2024-11-17 04:58:27,KR,paid_tiktok,Android
u_009784,2024-11-16 18:01:47,US,paid_google,Android
u_009785,2024-11-27 00:48:01,KR,referral,iOS
u_009786,2024-12-09 15:42:41,JP,referral,Android
u_009787,2024-12-19 09:58:41,US,paid_google,iOS
u_009788,2024-11-01 04:21:11,KR,paid_facebook,Android
u_009789,2024-12-25 13:43:57,KR,referral,Android
u_009790,2024-12-10 19:43:22,KR,organic,Android
u_009791,2024-12-02 01:20:08,KR,organic,Android
u_009792,2024-11-11 07:57:49,KR,cross_promo,Android
u_009793,2024-12-23 20:45:33,KR,cross_promo,Android
u_009794,2024-12-08 13:24:37,KR,paid_facebook,Android
u_009795,2024-11-12 19:19:34,KR,cross_promo,Android
u_009796,2024-11-26 04:05:15,KR,organic,Android
u_009797,2024-11-17 05:32:57,KR,paid_google,Android
u_009798,2024-12-13 11:09:03,KR,organic,Android
u_009799,2024-12-22 21:41:09,KR,paid_facebook,Android
u_009800,2024-12-25 05:34:18,JP,paid_tiktok,Android
u_009801,2024-12-15 21:24:22,KR,paid_tiktok,Android
u_009802,2024-11-16 16:38:24,KR,cross_promo,Android
u_009803,2024-11-19 19:00:25,US,referral,Android
u_009804,2024-12-24 16:07:18,JP,paid_tiktok,Android
u_009805,2024-12-21 07:41:19,KR,paid_google,Android
u_009806,2024-11-17 19:13:45,JP,paid_tiktok,iOS
u_009807,2024-12-18 07:42:45,KR,cross_promo,Android
u_009808,2024-11-18 03:58:34,JP,paid_facebook,Android
u_009809,2024-12-03 06:12:06,JP,organic,iOS
u_009810,2024-11-20 22:58:17,US,paid_facebook,Android
u_009811,2024-11-13 11:18:18,KR,paid_facebook,Android
u_009812,2024-11-29 14:54:18,US,referral,Android
u_009813,2024-11-05 15:10:28,KR,cross_promo,Android
u_009814,2024-12-28 02:01:36,JP,organic,iOS
u_009815,2024-11-29 14:05:47,US,referral,Android
u_009816,2024-12-17 11:55:57,KR,organic,Android
u_009817,2024-12-27 09:36:49,KR,paid_tiktok,Android
u_009818,2024-12-11 16:54:54,KR,referral,Android
u_009819,2024-11-21 15:26:53,KR,paid_tiktok,Android
u_009820,2024-12-08 20:23:41,KR,paid_facebook,iOS
u_009821,2024-11-20 06:37:23,KR,paid_google,Android
u_009822,2024-12-29 15:59:23,JP,paid_google,Android
u_009823,2024-12-30 02:54:52,KR,paid_google,iOS
u_009824,2024-12-18 00:01:23,JP,cross_promo,iOS
u_009825,2024-12-16 22:01:33,KR,paid_tiktok,iOS
u_009826,2024-12-23 04:42:28,KR,organic,Android
u_009827,2024-12-29 08:45:52,KR,organic,Android
u_009828,2024-12-31 16:53:39,KR,cross_promo,iOS
u_009829,2024-11-30 21:20:03,KR,referral,iOS
u_009830,2024-12-20 07:04:29,KR,cross_promo,Android
u_009831,2024-12-20 10:55:45,JP,paid_google,Android
u_009832,2024-11-01 23:14:28,KR,cross_promo,Android
u_009833,2024-12-24 11:39:45,US,paid_tiktok,iOS
u_009834,2024-11-04 23:46:00,US,paid_facebook,iOS
u_009835,2024-11-03 04:07:37,KR,paid_tiktok,Android
u_009836,2024-11-19 13:54:48,KR,paid_google,Android
u_009837,2024-11-15 14:05:11,JP,organic,iOS
u_009838,2024-12-14 04:57:11,KR,paid_google,iOS
u_009839,2024-12-26 14:14:00,KR,cross_promo,Android
u_009840,2024-12-01 01:54:24,KR,paid_facebook,Android
u_009841,2024-12-29 23:17:39,JP,referral,iOS
u_009842,2024-11-20 23:02:03,JP,referral,iOS
u_009843,2024-12-22 14:38:19,US,paid_tiktok,Android
u_009844,2024-11-13 00:59:05,JP,paid_google,Android
u_009845,2024-12-07 15:24:46,JP,cross_promo,iOS
u_009846,2024-11-29 23:05:20,KR,referral,Android
u_009847,2024-11-30 12:25:59,KR,paid_google,Android
u_009848,2024-12-27 16:27:56,KR,paid_google,Android
u_009849,2024-12-22 04:07:14,KR,paid_google,Android
u_009850,2024-11-06 05:04:42,JP,paid_tiktok,iOS
u_009851,2024-11-02 15:46:50,JP,cross_promo,Android
u_009852,2024-11-28 11:30:24,KR,organic,iOS
u_009853,2024-12-03 14:59:02,KR,paid_facebook,Android
u_009854,2024-11-13 01:26:53,KR,cross_promo,iOS
u_009855,2024-11-25 06:58:14,KR,paid_google,iOS
u_009856,2024-11-09 07:21:32,US,paid_tiktok,Android
u_009857,2024-11-27 23:57:50,JP,referral,iOS
u_009858,2024-12-28 21:42:38,KR,referral,Android
u_009859,2024-11-08 03:26:23,JP,paid_facebook,Android
u_009860,2024-11-09 09:09:58,KR,paid_facebook,Android
u_009861,2024-12-20 01:22:01,KR,referral,Android
u_009862,2024-12-18 16:20:51,US,organic,Android
u_009863,2024-11-12 15:25:08,KR,paid_tiktok,iOS
u_009864,2024-12-22 04:31:50,KR,paid_facebook,Android
u_009865,2024-12-06 06:23:39,KR,paid_facebook,Android
u_009866,2024-12-26 17:43:18,KR,organic,iOS
u_009867,2024-11-07 23:14:32,KR,cross_promo,Android
u_009868,2024-11-02 02:42:57,JP,paid_tiktok,iOS
u_009869,2024-11-06 04:48:59,KR,cross_promo,Android
u_009870,2024-11-19 05:39:06,KR,paid_google,Android
u_009871,2024-11-13 01:11:50,KR,organic,Android
u_009872,2024-12-01 21:54:29,JP,paid_google,Android
u_009873,2024-12-24 17:51:54,KR,paid_tiktok,Android
u_009874,2024-12-01 07:44:49,KR,organic,Android
u_009875,2024-12-30 00:18:51,US,paid_google,iOS
u_009876,2024-11-28 06:10:26,KR,referral,Android
u_009877,2024-11-12 03:26:11,KR,paid_google,Android
u_009878,2024-11-28 20:11:35,JP,paid_tiktok,Android
u_009879,2024-11-02 09:58:43,US,referral,Android
u_009880,2024-12-03 04:39:11,US,cross_promo,Android
u_009881,2024-11-18 17:58:48,JP,cross_promo,Android
u_009882,2024-12-31 08:36:16,KR,paid_tiktok,iOS
u_009883,2024-12-24 20:26:33,US,paid_google,iOS
u_009884,2024-11-19 11:51:33,KR,paid_facebook,Android
u_009885,2024-12-29 10:17:32,US,paid_google,Android
u_009886,2024-12-22 10:40:31,KR,cross_promo,Android
u_009887,2024-12-13 23:46:34,KR,cross_promo,iOS
u_009888,2024-11-04 14:57:22,US,paid_google,Android
u_009889,2024-12-13 22:55:10,KR,cross_promo,iOS
u_009890,2024-12-15 22:09:15,KR,referral,Android
u_009891,2024-12-30 13:26:56,KR,referral,iOS
u_009892,2024-12-15 21:08:43,US,organic,Android
u_009893,2024-12-24 08:22:04,JP,paid_tiktok,Android
u_009894,2024-12-16 15:27:13,KR,cross_promo,Android
u_009895,2024-11-11 12:41:32,JP,paid_tiktok,Android
u_009896,2024-12-12 08:55:55,KR,cross_promo,Android
u_009897,2024-11-05 13:24:45,JP,organic,Android
u_009898,2024-11-11 18:04:24,KR,cross_promo,iOS
u_009899,2024-12-16 23:33:34,KR,organic,Android
u_009900,2024-11-16 04:45:22,US,paid_facebook,Android
u_009901,2024-11-20 19:59:58,JP,paid_tiktok,Android
u_009902,2024-11-15 07:58:55,US,paid_tiktok,iOS
u_009903,2024-11-06 12:58:49,KR,paid_google,iOS
u_009904,2024-11-23 15:11:18,JP,organic,Android
u_009905,2024-12-27 11:13:08,KR,paid_google,iOS
u_009906,2024-11-11 12:06:53,JP,organic,iOS
u_009907,2024-11-25 19:41:06,KR,referral,iOS
u_009908,2024-12-10 07:12:13,KR,referral,iOS
u_009909,2024-11-26 04:09:26,KR,paid_tiktok,iOS
u_009910,2024-12-18 09:42:44,JP,paid_google,Android
u_009911,2024-11-02 00:45:06,KR,paid_google,Android
u_009912,2024-12-22 08:14:19,KR,cross_promo,Android
u_009913,2024-12-22 10:44:18,KR,referral,iOS
u_009914,2024-12-28 03:01:27,JP,paid_google,Android
u_009915,2024-11-17 09:59:29,US,cross_promo,iOS
u_009916,2024-12-15 20:05:51,KR,cross_promo,Android
u_009917,2024-12-03 02:02:41,KR,cross_promo,iOS
u_009918,2024-12-08 17:37:36,US,paid_facebook,Android
u_009919,2024-12-19 07:59:32,KR,referral,Android
u_009920,2024-11-20 15:41:16,JP,paid_tiktok,Android
u_009921,2024-11-19 10:26:04,US,referral,iOS
u_009922,2024-11-30 05:44:08,KR,paid_tiktok,Android
u_009923,2024-11-04 00:56:49,KR,cross_promo,Android
u_009924,2024-11-24 22:32:36,KR,paid_facebook,iOS
u_009925,2024-11-22 09:32:29,KR,paid_facebook,Android
u_009926,2024-12-16 05:04:58,KR,paid_google,Android
u_009927,2024-11-09 11:26:26,JP,paid_facebook,iOS
u_009928,2024-11-14 05:56:16,KR,cross_promo,iOS
u_009929,2024-11-12 20:05:17,KR,referral,iOS
u_009930,2024-12-21 15:02:48,US,paid_facebook,Android
u_009931,2024-11-25 10:44:00,KR,organic,Android
u_009932,2024-11-14 00:29:21,JP,referral,iOS
u_009933,2024-12-03 21:59:21,JP,organic,Android
u_009934,2024-12-11 04:43:22,KR,cross_promo,iOS
u_009935,2024-11-30 21:57:32,US,referral,Android
u_009936,2024-12-12 23:51:09,KR,cross_promo,Android
u_009937,2024-11-24 08:25:28,KR,paid_tiktok,Android
u_009938,2024-11-26 16:20:46,KR,paid_google,Android
u_009939,2024-11-19 06:06:56,KR,organic,Android
u_009940,2024-12-12 19:17:10,JP,paid_tiktok,Android
u_009941,2024-11-27 18:42:16,KR,paid_tiktok,iOS
u_009942,2024-11-12 04:54:28,JP,cross_promo,Android
u_009943,2024-12-20 05:02:12,JP,paid_google,Android
u_009944,2024-11-05 17:54:30,KR,cross_promo,iOS
u_009945,2024-11-24 21:36:44,US,paid_tiktok,Android
u_009946,2024-11-15 05:30:24,US,paid_tiktok,iOS
u_009947,2024-11-12 13:06:47,US,paid_facebook,iOS
u_009948,2024-11-20 23:12:47,KR,paid_facebook,iOS
u_009949,2024-12-10 02:57:29,KR,referral,Android
u_009950,2024-12-06 03:26:20,KR,paid_google,Android
u_009951,2024-11-22 16:57:11,JP,cross_promo,Android
u_009952,2024-11-29 14:09:39,KR,paid_tiktok,Android
u_009953,2024-12-25 00:21:06,KR,cross_promo,Android
u_009954,2024-12-18 22:42:50,KR,organic,Android
u_009955,2024-12-15 23:14:17,US,cross_promo,Android
u_009956,2024-11-18 04:19:26,US,paid_facebook,Android
u_009957,2024-11-14 20:27:30,KR,paid_facebook,iOS
u_009958,2024-12-16 09:18:01,US,cross_promo,Android
u_009959,2024-11-22 18:53:23,KR,paid_facebook,Android
u_009960,2024-12-27 18:07:57,JP,paid_google,iOS
u_009961,2024-11-13 23:28:34,KR,cross_promo,Android
u_009962,2024-11-17 19:20:52,KR,paid_google,iOS
u_009963,2024-11-26 08:27:21,KR,organic,iOS
u_009964,2024-11-26 12:11:00,US,paid_google,Android
u_009965,2024-12-05 07:36:47,KR,paid_google,Android
u_009966,2024-12-22 13:55:49,KR,referral,Android
u_009967,2024-12-16 05:06:38,KR,paid_facebook,Android
u_009968,2024-12-06 04:12:28,KR,paid_facebook,iOS
u_009969,2024-11-15 13:26:50,KR,paid_facebook,Android
u_009970,2024-12-25 02:51:55,KR,paid_tiktok,iOS
u_009971,2024-12-24 14:00:56,JP,referral,Android
u_009972,2024-12-27 10:35:57,US,paid_tiktok,Android
u_009973,2024-12-11 15:20:12,JP,referral,Android
u_009974,2024-12-12 06:52:40,KR,organic,Android
u_009975,2024-11-20 18:40:32,KR,referral,Android
u_009976,2024-11-12 03:20:21,KR,paid_google,iOS
u_009977,2024-11-02 06:51:19,US,paid_tiktok,Android
u_009978,2024-11-07 14:50:43,JP,paid_tiktok,Android
u_009979,2024-11-19 16:48:57,KR,organic,iOS
u_009980,2024-11-08 10:44:58,KR,paid_tiktok,iOS
u_009981,2024-11-23 21:00:57,KR,paid_tiktok,Android
u_009982,2024-12-30 21:15:10,KR,referral,Android
u_009983,2024-12-23 09:07:16,JP,paid_google,iOS
u_009984,2024-12-22 20:56:09,US,paid_facebook,iOS
u_009985,2024-11-14 09:10:45,KR,organic,Android
u_009986,2024-12-30 14:13:21,KR,paid_tiktok,iOS
u_009987,2024-11-03 11:39:16,US,paid_google,iOS
u_009988,2024-12-26 11:26:46,US,organic,iOS
u_009989,2024-11-07 16:18:11,JP,paid_tiktok,Android
u_009990,2024-12-05 10:02:14,JP,cross_promo,Android
u_009991,2024-11-22 09:03:12,KR,organic,Android
u_009992,2024-12-31 22:51:37,KR,paid_tiktok,Android
u_009993,2024-11-16 05:47:09,KR,paid_facebook,Android
u_009994,2024-12-28 01:03:13,KR,cross_promo,iOS
u_009995,2024-12-20 09:16:30,KR,paid_google,iOS
u_009996,2024-12-31 12:56:00,KR,referral,iOS
u_009997,2024-12-25 04:54:32,JP,paid_google,Android
u_009998,2024-12-04 00:54:51,US,referral,iOS
u_009999,2024-12-15 22:46:56,KR,cross_promo,Android
u_010000,2024-12-24 23:23:05,JP,paid_google,Android
u_010001,2024-12-14 23:18:25,JP,paid_tiktok,iOS
u_010002,2024-11-29 08:39:06,US,referral,Android
u_010003,2024-12-10 05:21:20,US,referral,iOS
u_010004,2024-11-21 16:33:35,KR,paid_google,Android
u_010005,2024-11-15 04:24:44,KR,paid_facebook,Android
u_010006,2024-11-04 18:34:27,KR,paid_facebook,Android
u_010007,2024-11-01 23:34:44,JP,paid_facebook,Android
u_010008,2024-11-11 18:55:55,US,organic,Android
u_010009,2024-11-26 21:59:01,US,cross_promo,Android
u_010010,2024-11-13 07:12:03,KR,paid_tiktok,Android
u_010011,2024-11-15 01:32:52,KR,paid_google,iOS
u_010012,2024-11-18 19:32:16,KR,organic,iOS
u_010013,2024-12-09 22:55:50,KR,organic,Android
u_010014,2024-11-11 15:03:04,KR,cross_promo,Android
u_010015,2024-12-19 19:26:27,US,paid_facebook,Android
u_010016,2024-12-31 14:32:37,KR,organic,iOS
u_010017,2024-11-17 23:59:59,KR,paid_tiktok,Android
u_010018,2024-12-31 04:52:03,KR,referral,Android
u_010019,2024-12-16 19:28:24,KR,paid_facebook,iOS
u_010020,2024-11-26 06:08:08,KR,organic,Android
u_010021,2024-12-30 12:19:04,KR,paid_google,Android
u_010022,2024-11-06 16:13:17,KR,paid_google,Android
u_010023,2024-12-03 11:43:27,KR,cross_promo,iOS
u_010024,2024-12-15 16:06:21,KR,paid_google,iOS
u_010025,2024-12-22 02:57:36,JP,paid_facebook,Android
u_010026,2024-11-11 08:06:45,JP,organic,Android
u_010027,2024-12-04 23:23:38,KR,paid_tiktok,iOS
u_010028,2024-12-12 02:52:28,KR,paid_facebook,iOS
u_010029,2024-11-18 03:53:49,KR,paid_facebook,Android
u_010030,2024-12-07 17:15:13,KR,organic,Android
u_010031,2024-12-05 03:59:19,JP,referral,Android
u_010032,2024-12-05 05:09:31,US,organic,Android
u_010033,2024-12-19 08:41:00,US,cross_promo,Android
u_010034,2024-11-28 17:37:11,US,paid_google,Android
u_010035,2024-11-08 14:37:12,KR,paid_facebook,Android
u_010036,2024-11-08 08:39:44,KR,referral,Android
u_010037,2024-11-14 15:50:20,KR,paid_google,Android
u_010038,2024-12-08 22:26:16,JP,referral,iOS
u_010039,2024-11-29 23:45:39,JP,paid_google,Android
u_010040,2024-11-29 12:19:53,KR,paid_google,Android
u_010041,2024-12-28 19:49:25,KR,paid_google,Android
u_010042,2024-11-17 02:26:25,KR,cross_promo,iOS
u_010043,2024-12-19 07:49:23,KR,cross_promo,Android
u_010044,2024-12-25 23:49:20,JP,paid_tiktok,iOS
u_010045,2024-11-19 00:54:38,US,paid_google,Android
u_010046,2024-11-13 05:51:14,JP,paid_tiktok,Android
u_010047,2024-11-07 22:51:24,KR,paid_tiktok,iOS
u_010048,2024-11-23 19:07:01,US,paid_facebook,iOS
u_010049,2024-11-01 10:18:57,JP,paid_tiktok,Android
u_010050,2024-12-11 03:00:28,KR,paid_google,iOS
u_010051,2024-11-13 08:09:33,US,paid_tiktok,Android
u_010052,2024-12-26 10:45:08,JP,paid_tiktok,Android
u_010053,2024-12-02 09:57:28,JP,organic,iOS
u_010054,2024-11-28 22:28:26,KR,paid_google,Android
u_010055,2024-11-20 10:57:09,JP,cross_promo,Android
u_010056,2024-12-10 13:04:37,US,paid_tiktok,Android
u_010057,2024-12-14 11:09:25,US,organic,Android
u_010058,2024-12-13 03:39:29,KR,paid_google,iOS
u_010059,2024-12-07 20:13:20,KR,referral,Android
u_010060,2024-12-30 09:29:01,KR,referral,iOS
u_010061,2024-12-25 12:15:13,KR,paid_google,Android
u_010062,2024-12-14 11:07:32,KR,organic,Android
u_010063,2024-11-08 22:34:47,KR,referral,Android
u_010064,2024-12-24 22:02:59,JP,organic,Android
u_010065,2024-12-16 18:07:29,US,organic,iOS
u_010066,2024-11-01 13:39:41,KR,paid_google,iOS
u_010067,2024-12-22 01:14:58,KR,organic,Android
u_010068,2024-11-13 16:12:24,JP,paid_facebook,Android
u_010069,2024-12-04 15:30:56,US,organic,Android
u_010070,2024-12-30 14:32:34,US,paid_google,Android
u_010071,2024-12-13 06:32:33,KR,paid_facebook,Android
u_010072,2024-11-26 20:54:06,KR,paid_facebook,Android
u_010073,2024-11-04 17:03:26,KR,paid_google,Android
u_010074,2024-12-12 00:48:48,JP,organic,Android
u_010075,2024-12-22 11:50:00,US,referral,Android
u_010076,2024-11-26 11:21:12,US,organic,Android
u_010077,2024-12-20 22:41:48,KR,paid_google,Android
u_010078,2024-11-21 04:31:37,JP,paid_facebook,iOS
u_010079,2024-12-20 13:06:33,KR,organic,Android
u_010080,2024-11-14 10:21:07,KR,paid_google,Android
u_010081,2024-12-23 18:45:45,JP,paid_google,iOS
u_010082,2024-11-10 19:08:13,US,paid_facebook,iOS
u_010083,2024-12-12 23:39:19,KR,paid_tiktok,iOS
u_010084,2024-12-19 17:44:10,US,paid_google,Android
u_010085,2024-12-23 22:55:01,JP,organic,Android
u_010086,2024-12-30 23:48:03,KR,paid_tiktok,iOS
u_010087,2024-11-05 08:47:06,KR,organic,Android
u_010088,2024-12-13 17:57:24,KR,paid_google,Android
u_010089,2024-12-06 22:30:23,US,cross_promo,iOS
u_010090,2024-11-06 08:14:45,KR,paid_facebook,Android
u_010091,2024-11-03 02:10:12,US,referral,Android
u_010092,2024-12-22 20:05:27,JP,organic,Android
u_010093,2024-11-08 02:55:16,JP,paid_tiktok,Android
u_010094,2024-12-03 15:49:23,KR,paid_facebook,iOS
u_010095,2024-11-27 22:29:52,US,organic,Android
u_010096,2024-12-07 10:41:31,JP,organic,Android
u_010097,2024-11-21 07:26:45,KR,paid_google,Android
u_010098,2024-11-02 21:29:45,KR,paid_google,Android
u_010099,2024-12-06 10:50:21,US,cross_promo,Android
u_010100,2024-11-15 21:45:36,US,referral,Android
u_010101,2024-11-24 01:09:01,JP,paid_tiktok,Android
u_010102,2024-11-27 04:04:46,KR,cross_promo,Android
u_010103,2024-11-25 13:13:23,KR,paid_facebook,iOS
u_010104,2024-12-20 19:02:16,US,paid_facebook,Android
u_010105,2024-12-19 20:05:05,JP,referral,Android
u_010106,2024-11-06 12:59:22,US,referral,iOS
u_010107,2024-11-19 18:25:54,JP,cross_promo,Android
u_010108,2024-11-07 20:17:15,JP,organic,Android
u_010109,2024-11-09 15:38:15,JP,referral,iOS
u_010110,2024-11-18 09:01:43,JP,paid_facebook,Android
u_010111,2024-11-24 12:42:24,KR,paid_facebook,Android
u_010112,2024-11-21 01:50:00,JP,referral,Android
u_010113,2024-12-28 23:04:25,KR,organic,Android
u_010114,2024-11-24 01:33:55,US,paid_facebook,Android
u_010115,2024-11-22 00:11:10,KR,paid_facebook,Android
u_010116,2024-11-14 22:00:22,KR,paid_facebook,Android
u_010117,2024-12-26 09:10:51,KR,paid_facebook,iOS
u_010118,2024-12-17 00:57:27,KR,organic,iOS
u_010119,2024-12-05 02:51:22,US,referral,iOS
u_010120,2024-12-26 02:51:21,US,referral,Android
u_010121,2024-12-10 10:36:13,KR,paid_google,Android
u_010122,2024-12-23 19:32:08,KR,paid_facebook,Android
u_010123,2024-11-23 17:07:08,KR,paid_facebook,iOS
u_010124,2024-12-15 18:33:17,JP,cross_promo,iOS
u_010125,2024-12-21 19:33:35,KR,referral,iOS
u_010126,2024-12-28 21:18:21,JP,organic,Android
u_010127,2024-11-12 15:06:32,KR,paid_facebook,iOS
u_010128,2024-12-07 15:59:18,KR,cross_promo,Android
u_010129,2024-11-20 10:56:42,US,paid_facebook,iOS
u_010130,2024-11-30 11:44:16,KR,cross_promo,Android
u_010131,2024-11-29 14:54:53,KR,cross_promo,Android
u_010132,2024-11-13 08:25:40,KR,referral,Android
u_010133,2024-12-19 13:37:53,KR,cross_promo,iOS
u_010134,2024-12-19 17:10:10,KR,paid_facebook,Android
u_010135,2024-11-04 04:41:21,US,paid_facebook,Android
u_010136,2024-12-01 04:12:16,KR,referral,Android
u_010137,2024-12-25 10:06:08,US,cross_promo,Android
u_010138,2024-12-31 22:33:40,KR,cross_promo,iOS
u_010139,2024-12-22 13:35:32,KR,paid_google,Android
u_010140,2024-12-16 10:15:29,KR,paid_facebook,Android
u_010141,2024-12-24 00:42:45,JP,paid_google,Android
u_010142,2024-11-03 22:01:53,JP,paid_tiktok,Android
u_010143,2024-11-12 18:07:16,KR,organic,Android
u_010144,2024-12-05 10:47:37,JP,paid_google,iOS
u_010145,2024-12-31 08:06:08,JP,paid_google,Android
u_010146,2024-11-17 05:53:36,JP,referral,iOS
u_010147,2024-11-15 06:11:21,KR,paid_facebook,iOS
u_010148,2024-12-04 13:18:49,JP,organic,Android
u_010149,2024-11-14 00:38:24,US,cross_promo,iOS
u_010150,2024-12-25 05:24:23,KR,paid_tiktok,Android
u_010151,2024-12-02 05:06:38,US,referral,iOS
u_010152,2024-11-10 22:48:10,KR,paid_google,iOS
u_010153,2024-12-30 01:15:58,US,paid_tiktok,Android
u_010154,2024-11-10 04:29:20,JP,paid_tiktok,Android
u_010155,2024-12-07 05:44:57,US,paid_tiktok,Android
u_010156,2024-12-24 21:35:57,KR,organic,Android
u_010157,2024-12-11 01:38:56,KR,paid_facebook,iOS
u_010158,2024-12-07 18:46:22,JP,referral,iOS
u_010159,2024-12-31 22:49:09,KR,paid_facebook,iOS
u_010160,2024-12-19 11:08:43,US,organic,iOS
u_010161,2024-11-05 15:55:55,US,paid_google,Android
u_010162,2024-11-09 23:37:45,KR,cross_promo,iOS
u_010163,2024-12-01 15:10:37,KR,organic,Android
u_010164,2024-11-03 20:45:51,JP,paid_facebook,Android
u_010165,2024-11-24 15:31:19,KR,cross_promo,Android
u_010166,2024-11-01 07:58:55,KR,paid_google,iOS
u_010167,2024-12-11 23:53:02,JP,organic,Android
u_010168,2024-12-04 15:01:00,KR,paid_tiktok,Android
u_010169,2024-12-13 17:40:38,KR,paid_tiktok,Android
u_010170,2024-12-15 23:41:32,KR,organic,iOS
u_010171,2024-12-18 22:50:53,KR,paid_facebook,Android
u_010172,2024-11-07 17:55:41,US,cross_promo,Android
u_010173,2024-11-21 08:07:36,JP,cross_promo,Android
u_010174,2024-12-04 11:24:07,US,referral,Android
u_010175,2024-11-19 06:33:38,US,organic,iOS
u_010176,2024-12-19 13:01:06,US,paid_tiktok,Android
u_010177,2024-12-16 08:37:57,US,paid_tiktok,Android
u_010178,2024-12-03 16:25:07,KR,cross_promo,iOS
u_010179,2024-12-05 01:30:50,KR,paid_facebook,iOS
u_010180,2024-12-06 22:13:30,JP,paid_google,Android
u_010181,2024-12-24 17:08:00,KR,paid_tiktok,iOS
u_010182,2024-11-29 08:48:31,KR,organic,iOS
u_010183,2024-12-10 21:14:25,KR,organic,Android
u_010184,2024-12-10 21:28:14,JP,paid_tiktok,Android
u_010185,2024-11-01 12:15:36,JP,paid_facebook,Android
u_010186,2024-11-28 02:35:00,KR,paid_tiktok,Android
u_010187,2024-12-05 18:46:19,KR,paid_google,Android
u_010188,2024-12-31 01:48:21,US,paid_google,Android
u_010189,2024-11-28 08:43:10,JP,cross_promo,iOS
u_010190,2024-11-05 03:30:01,JP,paid_tiktok,Android
u_010191,2024-12-20 05:05:33,US,paid_tiktok,Android
u_010192,2024-11-01 12:04:55,US,paid_google,Android
u_010193,2024-11-18 15:44:54,JP,paid_google,Android
u_010194,2024-12-11 02:00:35,KR,referral,Android
u_010195,2024-11-09 22:58:20,US,organic,Android
u_010196,2024-11-17 19:58:05,JP,paid_google,Android
u_010197,2024-12-08 02:52:02,KR,paid_google,Android
u_010198,2024-11-02 22:36:51,KR,paid_tiktok,Android
u_010199,2024-11-01 13:05:27,KR,cross_promo,Android
u_010200,2024-12-23 10:46:37,JP,referral,Android
u_010201,2024-12-04 12:07:35,JP,paid_google,iOS
u_010202,2024-11-19 12:13:29,KR,cross_promo,iOS
u_010203,2024-12-08 08:15:59,US,organic,Android
u_010204,2024-11-15 13:38:41,KR,paid_tiktok,iOS
u_010205,2024-12-03 08:12:15,KR,cross_promo,iOS
u_010206,2024-11-18 03:52:05,JP,cross_promo,Android
u_010207,2024-11-15 23:23:14,KR,organic,Android
u_010208,2024-12-06 03:35:05,KR,paid_tiktok,Android
u_010209,2024-11-24 01:32:51,KR,organic,Android
u_010210,2024-12-19 14:59:06,JP,referral,Android
u_010211,2024-11-17 16:59:25,KR,cross_promo,iOS
u_010212,2024-12-21 09:24:25,JP,paid_tiktok,Android
u_010213,2024-11-29 17:05:42,KR,paid_google,Android
u_010214,2024-11-04 05:06:38,US,paid_tiktok,Android
u_010215,2024-12-01 15:20:39,KR,organic,Android
u_010216,2024-11-19 05:53:22,US,referral,Android
u_010217,2024-11-27 01:25:27,KR,paid_google,Android
u_010218,2024-11-14 18:26:40,KR,paid_google,Android
u_010219,2024-11-04 02:29:12,JP,paid_google,Android
u_010220,2024-12-18 12:29:41,US,organic,Android
u_010221,2024-11-02 00:07:20,KR,organic,Android
u_010222,2024-11-16 07:22:09,US,paid_facebook,Android
u_010223,2024-12-25 04:26:02,JP,referral,iOS
u_010224,2024-11-17 00:07:13,US,paid_google,Android
u_010225,2024-12-11 15:42:01,JP,paid_tiktok,Android
u_010226,2024-11-21 08:47:08,KR,paid_google,iOS
u_010227,2024-12-17 14:23:38,JP,paid_tiktok,Android
u_010228,2024-11-11 10:14:38,KR,referral,Android
u_010229,2024-12-06 07:07:01,KR,referral,Android
u_010230,2024-12-28 02:31:25,KR,organic,Android
u_010231,2024-12-06 14:46:50,KR,referral,Android
u_010232,2024-12-31 07:03:16,JP,cross_promo,Android
u_010233,2024-12-02 06:50:28,KR,paid_tiktok,Android
u_010234,2024-12-14 06:24:16,JP,referral,iOS
u_010235,2024-12-21 20:02:14,KR,paid_google,Android
u_010236,2024-12-22 14:17:59,US,organic,iOS
u_010237,2024-11-13 08:42:13,US,paid_facebook,iOS
u_010238,2024-11-19 11:27:33,JP,referral,Android
u_010239,2024-11-17 20:47:35,KR,cross_promo,Android
u_010240,2024-11-22 13:15:20,KR,paid_google,iOS
u_010241,2024-12-25 06:07:01,KR,cross_promo,Android
u_010242,2024-12-25 01:07:59,KR,cross_promo,iOS
u_010243,2024-11-18 14:29:10,KR,organic,Android
u_010244,2024-12-23 14:57:47,JP,paid_tiktok,Android
u_010245,2024-11-08 15:33:07,JP,paid_google,Android
u_010246,2024-12-15 05:02:49,KR,cross_promo,Android
u_010247,2024-12-21 06:08:51,JP,organic,Android
u_010248,2024-11-22 04:44:32,KR,cross_promo,Android
u_010249,2024-12-01 01:22:06,JP,referral,Android
u_010250,2024-12-17 09:57:23,KR,cross_promo,Android
u_010251,2024-11-04 23:05:03,KR,paid_google,iOS
u_010252,2024-11-19 19:38:42,KR,organic,Android
u_010253,2024-12-14 22:35:30,JP,cross_promo,Android
u_010254,2024-12-30 07:21:09,KR,paid_tiktok,Android
u_010255,2024-11-21 13:45:28,US,referral,iOS
u_010256,2024-11-06 07:14:29,US,cross_promo,Android
u_010257,2024-11-22 18:12:22,US,paid_facebook,iOS
u_010258,2024-12-14 19:46:08,KR,paid_google,iOS
u_010259,2024-12-20 00:23:09,US,organic,Android
u_010260,2024-12-29 22:49:17,KR,paid_tiktok,Android
u_010261,2024-11-05 23:49:24,KR,referral,iOS
u_010262,2024-11-05 06:47:18,KR,paid_tiktok,Android
u_010263,2024-11-27 08:32:34,US,paid_google,Android
u_010264,2024-11-11 23:57:19,KR,cross_promo,Android
u_010265,2024-12-05 13:41:08,JP,paid_tiktok,Android
u_010266,2024-12-11 03:57:13,JP,paid_tiktok,iOS
u_010267,2024-11-07 12:16:17,JP,paid_google,Android
u_010268,2024-11-05 14:24:35,KR,paid_tiktok,Android
u_010269,2024-11-15 21:00:06,KR,paid_facebook,iOS
u_010270,2024-11-05 07:51:25,KR,organic,Android
u_010271,2024-11-07 11:59:42,JP,paid_tiktok,Android
u_010272,2024-11-03 03:11:29,KR,paid_facebook,iOS
u_010273,2024-11-22 22:34:48,KR,referral,Android
u_010274,2024-12-04 08:38:11,US,referral,iOS
u_010275,2024-11-12 20:06:13,JP,paid_google,Android
u_010276,2024-12-23 04:14:21,KR,paid_facebook,Android
u_010277,2024-11-11 22:39:22,JP,organic,Android
u_010278,2024-11-13 18:45:11,JP,paid_facebook,Android
u_010279,2024-12-11 18:20:43,KR,referral,Android
u_010280,2024-12-23 18:25:52,KR,cross_promo,Android
u_010281,2024-12-13 15:09:34,KR,cross_promo,Android
u_010282,2024-12-18 04:27:16,JP,paid_tiktok,Android
u_010283,2024-11-10 18:40:01,KR,cross_promo,Android
u_010284,2024-12-09 00:55:29,KR,paid_tiktok,Android
u_010285,2024-12-10 18:03:55,KR,referral,Android
u_010286,2024-11-25 19:38:56,KR,paid_google,Android
u_010287,2024-11-20 05:39:04,KR,referral,iOS
u_010288,2024-12-10 17:52:59,US,referral,Android
u_010289,2024-11-13 21:22:09,KR,organic,Android
u_010290,2024-12-29 08:23:26,KR,cross_promo,iOS
u_010291,2024-12-30 18:38:50,KR,referral,Android
u_010292,2024-11-14 08:43:47,KR,paid_google,Android
u_010293,2024-12-19 15:10:02,KR,cross_promo,Android
u_010294,2024-11-24 04:39:22,JP,cross_promo,Android
u_010295,2024-11-17 22:30:13,US,paid_google,Android
u_010296,2024-11-06 06:16:25,KR,organic,Android
u_010297,2024-11-24 22:24:22,KR,paid_tiktok,Android
u_010298,2024-12-22 21:43:04,KR,cross_promo,Android
u_010299,2024-12-20 00:06:41,KR,organic,Android
u_010300,2024-11-18 14:56:02,JP,organic,iOS
u_010301,2024-12-15 02:37:06,JP,paid_tiktok,iOS
u_010302,2024-12-21 17:47:43,KR,paid_facebook,Android
u_010303,2024-12-25 17:30:37,JP,paid_facebook,iOS
u_010304,2024-12-18 18:12:33,JP,paid_tiktok,Android
u_010305,2024-11-06 00:33:42,KR,organic,iOS
u_010306,2024-12-27 04:48:45,JP,referral,Android
u_010307,2024-11-05 22:40:30,US,paid_facebook,Android
u_010308,2024-12-02 21:49:05,JP,organic,Android
u_010309,2024-11-21 20:33:04,KR,paid_facebook,Android
u_010310,2024-11-18 16:59:10,KR,paid_facebook,Android
u_010311,2024-11-09 10:06:23,KR,referral,Android
u_010312,2024-11-22 16:03:54,JP,cross_promo,iOS
u_010313,2024-12-28 20:23:47,KR,paid_tiktok,iOS
u_010314,2024-12-13 19:31:40,JP,cross_promo,iOS
u_010315,2024-11-03 15:29:50,JP,paid_google,Android
u_010316,2024-12-08 13:29:28,JP,referral,Android
u_010317,2024-11-30 10:00:52,KR,paid_facebook,Android
u_010318,2024-11-30 02:29:04,JP,paid_google,Android
u_010319,2024-12-13 21:24:52,JP,cross_promo,Android
u_010320,2024-11-20 20:29:06,KR,organic,iOS
u_010321,2024-11-15 18:50:59,US,paid_facebook,Android
u_010322,2024-12-23 14:49:59,KR,paid_google,iOS
u_010323,2024-11-10 02:31:59,JP,cross_promo,iOS
u_010324,2024-11-30 17:23:19,JP,cross_promo,Android
u_010325,2024-12-16 00:47:16,JP,cross_promo,iOS
u_010326,2024-12-08 20:56:27,US,paid_facebook,Android
u_010327,2024-11-27 02:10:30,JP,paid_facebook,Android
u_010328,2024-12-08 12:03:11,JP,cross_promo,Android
u_010329,2024-11-18 08:56:36,US,referral,Android
u_010330,2024-11-07 01:41:27,KR,cross_promo,iOS
u_010331,2024-11-20 00:37:14,KR,paid_facebook,iOS
u_010332,2024-11-02 11:13:55,US,referral,Android
u_010333,2024-12-13 05:47:43,JP,paid_tiktok,Android
u_010334,2024-11-06 08:12:20,KR,organic,iOS
u_010335,2024-11-29 01:31:59,KR,organic,iOS
u_010336,2024-12-04 13:16:08,KR,paid_tiktok,Android
u_010337,2024-11-03 06:55:30,US,paid_tiktok,Android
u_010338,2024-11-10 02:29:57,KR,paid_google,iOS
u_010339,2024-11-02 07:51:15,KR,paid_tiktok,Android
u_010340,2024-12-26 23:34:11,KR,paid_facebook,iOS
u_010341,2024-11-12 04:15:50,KR,referral,Android
u_010342,2024-12-17 15:10:56,JP,paid_tiktok,Android
u_010343,2024-12-14 00:08:17,JP,paid_tiktok,Android
u_010344,2024-11-02 02:10:33,JP,cross_promo,Android
u_010345,2024-11-02 12:46:22,US,paid_tiktok,Android
u_010346,2024-12-08 21:12:24,JP,organic,Android
u_010347,2024-12-24 00:23:09,JP,paid_google,iOS
u_010348,2024-11-13 04:43:04,KR,paid_facebook,Android
u_010349,2024-11-20 17:19:45,JP,cross_promo,iOS
u_010350,2024-11-30 20:53:11,KR,paid_tiktok,Android
u_010351,2024-12-22 12:28:00,KR,paid_tiktok,iOS
u_010352,2024-11-17 19:34:57,KR,organic,iOS
u_010353,2024-12-10 06:26:38,KR,cross_promo,Android
u_010354,2024-11-18 06:12:05,US,organic,iOS
u_010355,2024-11-04 04:58:14,US,organic,Android
u_010356,2024-12-05 20:33:45,KR,paid_tiktok,iOS
u_010357,2024-12-06 03:27:31,KR,paid_facebook,Android
u_010358,2024-12-06 09:16:04,US,paid_google,Android
u_010359,2024-12-04 02:15:53,KR,paid_tiktok,Android
u_010360,2024-12-01 18:19:59,US,paid_google,Android
u_010361,2024-11-05 18:35:07,KR,referral,Android
u_010362,2024-11-04 00:31:40,KR,cross_promo,Android
u_010363,2024-12-19 03:27:29,KR,organic,Android
u_010364,2024-12-18 20:51:29,KR,organic,iOS
u_010365,2024-12-03 13:23:53,KR,referral,iOS
u_010366,2024-11-05 04:29:58,KR,paid_facebook,Android
u_010367,2024-11-30 04:19:30,US,organic,Android
u_010368,2024-12-20 11:05:31,US,organic,Android
u_010369,2024-12-07 09:54:17,KR,paid_tiktok,iOS
u_010370,2024-12-14 00:08:51,KR,paid_tiktok,iOS
u_010371,2024-12-22 21:59:07,JP,paid_facebook,iOS
u_010372,2024-12-12 18:21:19,KR,paid_tiktok,Android
u_010373,2024-11-14 19:36:23,JP,referral,iOS
u_010374,2024-11-17 08:19:29,KR,paid_google,Android
u_010375,2024-11-11 12:45:41,KR,organic,iOS
u_010376,2024-11-19 18:50:20,KR,referral,iOS
u_010377,2024-11-29 21:32:38,US,cross_promo,Android
u_010378,2024-12-18 16:03:26,US,organic,Android
u_010379,2024-12-29 04:32:13,KR,paid_google,iOS
u_010380,2024-11-29 09:45:50,KR,paid_google,Android
u_010381,2024-12-08 13:07:19,JP,paid_tiktok,iOS
u_010382,2024-11-26 16:35:48,KR,paid_google,Android
u_010383,2024-12-24 20:40:31,KR,organic,Android
u_010384,2024-12-17 02:40:59,KR,paid_tiktok,Android
u_010385,2024-12-10 18:50:45,JP,paid_tiktok,Android
u_010386,2024-12-12 11:57:29,KR,cross_promo,iOS
u_010387,2024-11-07 03:19:31,KR,paid_tiktok,iOS
u_010388,2024-12-17 23:52:55,KR,paid_facebook,Android
u_010389,2024-12-07 00:07:14,JP,paid_google,Android
u_010390,2024-11-07 01:25:47,KR,referral,iOS
u_010391,2024-11-08 13:04:14,US,cross_promo,iOS
u_010392,2024-11-07 05:27:54,JP,cross_promo,Android
u_010393,2024-11-25 18:29:07,US,organic,Android
u_010394,2024-12-20 13:25:24,KR,paid_facebook,Android
u_010395,2024-12-21 07:35:38,US,paid_tiktok,iOS
u_010396,2024-11-05 06:05:33,KR,organic,iOS
u_010397,2024-12-23 03:40:48,JP,cross_promo,iOS
u_010398,2024-11-02 06:44:54,US,organic,Android
u_010399,2024-11-08 09:49:03,KR,paid_google,Android
u_010400,2024-11-15 00:17:57,US,paid_google,Android
u_010401,2024-12-14 06:07:45,JP,organic,Android
u_010402,2024-11-30 08:24:58,US,referral,Android
u_010403,2024-11-23 21:53:32,JP,cross_promo,Android
u_010404,2024-11-30 20:26:23,JP,paid_tiktok,Android
u_010405,2024-11-22 15:33:44,KR,paid_tiktok,Android
u_010406,2024-11-23 18:24:30,JP,referral,Android
u_010407,2024-12-15 06:46:42,JP,organic,Android
u_010408,2024-11-30 23:17:26,KR,cross_promo,iOS
u_010409,2024-11-14 21:00:49,KR,paid_tiktok,Android
u_010410,2024-12-26 19:40:13,KR,paid_google,iOS
u_010411,2024-12-15 05:58:09,KR,referral,Android
u_010412,2024-12-08 05:04:40,US,paid_facebook,Android
u_010413,2024-11-19 10:35:10,JP,organic,iOS
u_010414,2024-11-17 23:46:22,KR,referral,iOS
u_010415,2024-11-03 20:25:42,KR,organic,iOS
u_010416,2024-11-02 01:56:34,KR,referral,Android
u_010417,2024-11-17 19:23:47,JP,paid_google,Android
u_010418,2024-12-14 16:31:11,KR,paid_tiktok,Android
u_010419,2024-11-16 11:50:46,KR,paid_tiktok,Android
u_010420,2024-12-17 07:38:35,KR,cross_promo,iOS
u_010421,2024-11-12 15:59:57,KR,paid_facebook,Android
u_010422,2024-12-03 19:04:45,KR,paid_tiktok,Android
u_010423,2024-12-28 16:14:51,KR,paid_google,iOS
u_010424,2024-11-13 16:17:57,KR,referral,iOS
u_010425,2024-11-02 21:48:08,KR,referral,Android
u_010426,2024-11-28 00:04:16,JP,organic,Android
u_010427,2024-11-10 09:31:42,KR,organic,Android
u_010428,2024-12-04 14:17:13,JP,paid_tiktok,iOS
u_010429,2024-12-12 14:44:36,JP,paid_google,Android
u_010430,2024-11-12 21:00:10,JP,paid_facebook,iOS
u_010431,2024-11-10 09:44:07,KR,paid_google,Android
u_010432,2024-12-08 17:00:22,US,paid_tiktok,iOS
u_010433,2024-11-28 20:21:32,US,paid_google,Android
u_010434,2024-12-29 08:45:21,JP,cross_promo,iOS
u_010435,2024-11-03 23:02:07,KR,referral,iOS
u_010436,2024-12-12 13:19:56,KR,paid_google,iOS
u_010437,2024-12-05 13:00:30,JP,referral,iOS
u_010438,2024-12-23 05:07:54,KR,paid_tiktok,iOS
u_010439,2024-11-06 14:26:10,US,paid_tiktok,Android
u_010440,2024-12-15 02:46:41,KR,paid_tiktok,Android
u_010441,2024-12-24 13:21:05,KR,paid_google,iOS
u_010442,2024-11-09 11:23:45,KR,paid_tiktok,iOS
u_010443,2024-12-21 16:50:20,JP,paid_google,Android
u_010444,2024-12-12 10:38:03,JP,paid_tiktok,iOS
u_010445,2024-11-09 01:09:56,JP,cross_promo,Android
u_010446,2024-11-20 19:39:52,KR,referral,Android
u_010447,2024-12-19 00:12:45,KR,referral,iOS
u_010448,2024-11-14 14:12:57,KR,cross_promo,Android
u_010449,2024-11-13 12:25:15,KR,referral,Android
u_010450,2024-12-13 12:17:29,JP,paid_tiktok,Android
u_010451,2024-11-07 09:49:00,JP,paid_facebook,iOS
u_010452,2024-11-11 00:14:11,JP,paid_facebook,iOS
u_010453,2024-11-22 10:45:57,US,paid_google,iOS
u_010454,2024-11-10 14:10:23,JP,paid_tiktok,iOS
u_010455,2024-12-17 17:43:25,KR,paid_facebook,Android
u_010456,2024-12-04 19:55:42,KR,cross_promo,iOS
u_010457,2024-12-27 22:45:23,KR,paid_facebook,iOS
u_010458,2024-11-28 15:30:59,KR,paid_tiktok,iOS
u_010459,2024-11-29 19:28:48,KR,referral,Android
u_010460,2024-12-06 01:01:15,KR,organic,Android
u_010461,2024-12-23 12:08:52,KR,paid_google,Android
u_010462,2024-12-17 09:31:25,JP,cross_promo,Android
u_010463,2024-11-26 04:05:08,JP,referral,Android
u_010464,2024-12-15 02:28:58,JP,paid_google,Android
u_010465,2024-12-29 11:49:35,KR,paid_facebook,iOS
u_010466,2024-12-22 00:15:32,JP,referral,iOS
u_010467,2024-12-04 21:55:02,KR,paid_facebook,Android
u_010468,2024-11-12 00:30:30,JP,paid_tiktok,Android
u_010469,2024-12-15 05:24:46,JP,paid_tiktok,Android
u_010470,2024-12-26 08:57:41,KR,organic,iOS
u_010471,2024-11-21 13:41:08,JP,referral,Android
u_010472,2024-12-20 03:44:58,KR,paid_google,Android
u_010473,2024-11-08 00:22:10,KR,paid_tiktok,Android
u_010474,2024-11-18 16:34:45,JP,paid_facebook,iOS
u_010475,2024-11-13 16:18:38,KR,paid_tiktok,Android
u_010476,2024-11-02 18:46:46,KR,paid_tiktok,Android
u_010477,2024-11-11 14:41:57,KR,paid_google,Android
u_010478,2024-11-23 09:14:46,KR,cross_promo,Android
u_010479,2024-11-20 09:28:18,KR,cross_promo,Android
u_010480,2024-12-13 22:14:37,KR,cross_promo,iOS
u_010481,2024-12-23 08:07:31,KR,organic,Android
u_010482,2024-12-24 08:57:04,KR,referral,Android
u_010483,2024-12-09 17:45:35,KR,paid_tiktok,Android
u_010484,2024-12-22 00:10:15,KR,paid_tiktok,Android
u_010485,2024-11-04 03:14:13,JP,referral,iOS
u_010486,2024-12-01 23:00:50,KR,cross_promo,iOS
u_010487,2024-11-06 00:21:09,KR,paid_google,iOS
u_010488,2024-11-17 18:51:39,KR,paid_google,iOS
u_010489,2024-12-22 09:22:14,KR,organic,Android
u_010490,2024-11-12 15:00:52,KR,paid_facebook,Android
u_010491,2024-12-15 09:55:03,KR,paid_tiktok,Android
u_010492,2024-12-07 23:59:06,KR,paid_facebook,iOS
u_010493,2024-12-25 10:23:12,KR,referral,Android
u_010494,2024-12-09 18:56:12,KR,organic,Android
u_010495,2024-11-04 22:33:29,KR,cross_promo,iOS
u_010496,2024-12-11 20:40:26,JP,paid_google,Android
u_010497,2024-11-19 02:02:36,KR,paid_facebook,Android
u_010498,2024-11-06 08:09:34,KR,organic,Android
u_010499,2024-11-22 22:34:53,JP,organic,iOS
u_010500,2024-11-04 20:11:29,JP,paid_tiktok,Android
u_010501,2024-11-13 06:41:06,KR,paid_google,Android
u_010502,2024-11-07 15:01:01,JP,referral,iOS
u_010503,2024-12-28 02:33:11,KR,referral,Android
u_010504,2024-12-27 01:53:02,KR,organic,iOS
u_010505,2024-12-23 00:05:24,KR,organic,Android
u_010506,2024-12-31 20:00:13,KR,referral,iOS
u_010507,2024-12-19 09:03:28,KR,cross_promo,Android
u_010508,2024-11-14 21:21:01,KR,referral,Android
u_010509,2024-12-11 01:09:01,KR,paid_facebook,iOS
u_010510,2024-12-07 09:58:46,KR,referral,Android
u_010511,2024-12-06 23:31:39,KR,referral,Android
u_010512,2024-12-26 08:58:05,KR,organic,Android
u_010513,2024-11-29 11:11:07,JP,paid_facebook,Android
u_010514,2024-12-29 10:48:20,US,referral,iOS
u_010515,2024-12-29 02:10:52,KR,paid_facebook,Android
u_010516,2024-11-12 17:13:34,KR,organic,Android
u_010517,2024-11-12 20:18:37,KR,organic,Android
u_010518,2024-11-05 04:14:11,KR,referral,Android
u_010519,2024-11-29 17:08:11,KR,organic,Android
u_010520,2024-12-25 23:56:19,KR,paid_google,iOS
u_010521,2024-11-21 22:48:51,US,paid_google,Android
u_010522,2024-12-28 14:56:14,KR,cross_promo,iOS
u_010523,2024-11-28 21:30:30,US,organic,iOS
u_010524,2024-11-28 01:27:45,KR,paid_tiktok,iOS
u_010525,2024-12-17 09:57:34,US,paid_facebook,iOS
u_010526,2024-11-11 17:28:46,JP,cross_promo,Android
u_010527,2024-11-03 03:12:30,KR,cross_promo,iOS
u_010528,2024-11-25 12:38:26,KR,organic,iOS
u_010529,2024-11-28 17:39:17,US,referral,iOS
u_010530,2024-11-04 15:38:20,JP,paid_facebook,iOS
u_010531,2024-12-15 04:27:14,KR,organic,iOS
u_010532,2024-11-12 17:42:02,JP,paid_tiktok,Android
u_010533,2024-11-24 20:35:00,US,paid_google,Android
u_010534,2024-11-08 06:52:23,KR,paid_tiktok,iOS
u_010535,2024-11-03 15:39:15,JP,paid_facebook,Android
u_010536,2024-12-22 16:27:35,JP,paid_facebook,iOS
u_010537,2024-12-03 04:52:49,KR,paid_google,Android
u_010538,2024-12-30 00:36:15,US,paid_facebook,Android
u_010539,2024-11-20 20:15:10,KR,paid_tiktok,iOS
u_010540,2024-12-31 09:32:20,KR,cross_promo,Android
u_010541,2024-11-01 23:06:11,US,referral,Android
u_010542,2024-11-07 11:15:39,JP,cross_promo,Android
u_010543,2024-12-20 12:48:54,KR,cross_promo,Android
u_010544,2024-12-11 17:10:07,KR,referral,iOS
u_010545,2024-12-20 00:36:09,KR,paid_facebook,Android
u_010546,2024-11-08 03:37:54,KR,cross_promo,Android
u_010547,2024-11-08 10:13:01,KR,cross_promo,Android
u_010548,2024-12-04 16:14:54,KR,paid_facebook,Android
u_010549,2024-12-22 09:04:14,US,paid_google,Android
u_010550,2024-12-22 15:39:57,KR,paid_google,iOS
u_010551,2024-12-10 12:47:37,KR,cross_promo,iOS
u_010552,2024-11-30 11:49:55,KR,cross_promo,iOS
u_010553,2024-11-23 00:26:23,JP,paid_facebook,iOS
u_010554,2024-12-11 19:46:27,US,paid_google,Android
u_010555,2024-11-19 19:35:26,KR,cross_promo,Android
u_010556,2024-11-29 20:55:00,US,paid_google,Android
u_010557,2024-12-24 22:04:12,JP,referral,iOS
u_010558,2024-11-14 07:07:39,KR,organic,Android
u_010559,2024-11-01 23:54:04,JP,organic,Android
u_010560,2024-12-21 23:21:41,JP,referral,Android
u_010561,2024-12-19 15:18:32,KR,referral,Android
u_010562,2024-12-08 06:22:00,JP,referral,iOS
u_010563,2024-11-04 10:29:06,US,referral,iOS
u_010564,2024-12-26 17:16:13,KR,paid_google,Android
u_010565,2024-11-28 12:56:57,US,organic,iOS
u_010566,2024-12-25 19:12:51,US,paid_facebook,Android
u_010567,2024-11-01 18:40:56,KR,referral,iOS
u_010568,2024-12-29 04:19:51,KR,cross_promo,Android
u_010569,2024-12-16 11:54:32,KR,paid_google,Android
u_010570,2024-12-12 08:30:20,JP,cross_promo,Android
u_010571,2024-11-02 14:36:01,KR,paid_google,Android
u_010572,2024-12-20 01:36:03,US,organic,Android
u_010573,2024-11-04 18:03:10,JP,cross_promo,iOS
u_010574,2024-11-17 03:51:52,KR,referral,Android
u_010575,2024-12-31 15:23:15,KR,paid_google,Android
u_010576,2024-12-06 03:15:52,KR,organic,Android
u_010577,2024-11-12 07:08:25,KR,organic,iOS
u_010578,2024-12-23 23:20:17,US,paid_tiktok,Android
u_010579,2024-12-10 22:18:24,JP,paid_google,iOS
u_010580,2024-12-18 16:08:20,KR,paid_facebook,Android
u_010581,2024-12-25 21:18:36,JP,referral,Android
u_010582,2024-11-01 12:30:57,JP,paid_facebook,Android
u_010583,2024-11-17 23:08:59,JP,paid_google,iOS
u_010584,2024-12-14 23:13:39,KR,referral,iOS
u_010585,2024-12-07 20:51:34,KR,cross_promo,iOS
u_010586,2024-11-18 18:49:09,JP,referral,Android
u_010587,2024-12-02 07:00:10,US,cross_promo,Android
u_010588,2024-11-22 14:12:54,US,paid_tiktok,iOS
u_010589,2024-11-30 10:01:14,KR,paid_tiktok,Android
u_010590,2024-11-20 15:43:18,KR,referral,Android
u_010591,2024-11-21 01:57:18,US,referral,iOS
u_010592,2024-12-26 06:53:10,US,cross_promo,iOS
u_010593,2024-12-06 15:58:08,JP,paid_tiktok,Android
u_010594,2024-12-10 04:58:53,JP,paid_facebook,Android
u_010595,2024-11-09 19:50:16,KR,referral,iOS
u_010596,2024-12-15 00:42:32,KR,paid_google,Android
u_010597,2024-12-09 05:45:08,KR,referral,Android
u_010598,2024-12-16 06:23:33,KR,paid_facebook,Android
u_010599,2024-11-14 22:55:15,KR,cross_promo,iOS
u_010600,2024-12-17 22:47:25,KR,paid_tiktok,Android
u_010601,2024-12-24 20:29:04,KR,paid_google,Android
u_010602,2024-12-26 08:23:46,US,cross_promo,Android
u_010603,2024-12-04 11:10:08,KR,cross_promo,Android
u_010604,2024-11-23 22:23:29,KR,cross_promo,iOS
u_010605,2024-11-12 00:57:27,KR,paid_google,Android
u_010606,2024-11-16 02:41:03,JP,organic,Android
u_010607,2024-12-21 10:04:50,JP,paid_tiktok,iOS
u_010608,2024-12-21 19:50:43,KR,paid_facebook,Android
u_010609,2024-11-15 18:57:49,KR,paid_tiktok,Android
u_010610,2024-11-29 11:33:03,JP,referral,Android
u_010611,2024-12-08 16:26:01,US,paid_google,iOS
u_010612,2024-11-27 07:01:05,KR,paid_facebook,iOS
u_010613,2024-12-07 01:01:10,KR,paid_tiktok,Android
u_010614,2024-11-06 15:00:30,JP,cross_promo,iOS
u_010615,2024-11-12 00:23:54,KR,organic,iOS
u_010616,2024-12-19 02:43:39,KR,paid_facebook,iOS
u_010617,2024-12-11 09:38:57,KR,organic,Android
u_010618,2024-11-08 20:00:29,KR,cross_promo,Android
u_010619,2024-12-15 00:59:13,JP,paid_facebook,Android
u_010620,2024-11-21 21:17:23,KR,paid_facebook,Android
u_010621,2024-11-12 12:33:49,US,cross_promo,Android
u_010622,2024-12-24 06:36:17,KR,referral,Android
u_010623,2024-12-05 14:02:05,KR,paid_facebook,Android
u_010624,2024-12-02 00:42:52,KR,paid_tiktok,Android
u_010625,2024-11-24 00:57:27,JP,organic,Android
u_010626,2024-11-13 16:31:26,KR,organic,iOS
u_010627,2024-12-26 03:05:20,KR,cross_promo,iOS
u_010628,2024-11-10 12:06:32,KR,cross_promo,Android
u_010629,2024-11-10 13:29:00,KR,paid_google,Android
u_010630,2024-12-16 20:00:40,JP,paid_facebook,iOS
u_010631,2024-12-09 19:18:46,KR,paid_facebook,Android
u_010632,2024-12-09 00:12:13,KR,paid_google,Android
u_010633,2024-11-18 14:17:36,KR,referral,Android
u_010634,2024-12-10 20:07:11,JP,organic,iOS
u_010635,2024-11-28 15:56:38,KR,paid_tiktok,iOS
u_010636,2024-12-18 07:46:16,KR,referral,iOS
u_010637,2024-11-03 19:40:40,JP,referral,iOS
u_010638,2024-11-25 14:05:48,KR,cross_promo,iOS
u_010639,2024-11-12 15:10:51,KR,paid_facebook,Android
u_010640,2024-12-29 21:55:12,JP,paid_google,Android
u_010641,2024-12-09 02:14:43,KR,cross_promo,iOS
u_010642,2024-11-22 15:58:06,JP,cross_promo,Android
u_010643,2024-11-09 03:58:39,JP,cross_promo,Android
u_010644,2024-11-04 06:05:44,JP,organic,Android
u_010645,2024-12-21 22:34:27,JP,paid_tiktok,iOS
u_010646,2024-11-03 01:34:28,US,paid_google,iOS
u_010647,2024-11-26 19:41:07,KR,paid_facebook,iOS
u_010648,2024-11-28 13:15:00,KR,paid_tiktok,Android
u_010649,2024-12-19 08:12:20,KR,paid_facebook,Android
u_010650,2024-12-01 18:34:35,KR,paid_google,iOS
u_010651,2024-12-07 17:40:42,KR,referral,Android
u_010652,2024-12-31 13:24:35,KR,paid_google,Android
u_010653,2024-11-20 15:43:38,US,paid_tiktok,iOS
u_010654,2024-12-13 05:27:47,KR,paid_google,Android
u_010655,2024-11-29 17:48:25,KR,paid_facebook,Android
u_010656,2024-12-24 20:05:09,KR,referral,iOS
u_010657,2024-11-01 21:09:33,US,paid_facebook,Android
u_010658,2024-12-09 11:03:54,KR,cross_promo,iOS
u_010659,2024-11-01 23:22:03,JP,paid_tiktok,iOS
u_010660,2024-11-30 04:18:14,KR,organic,iOS
u_010661,2024-11-01 23:57:35,US,paid_tiktok,Android
u_010662,2024-12-26 00:18:13,JP,paid_facebook,iOS
u_010663,2024-11-02 04:14:44,KR,cross_promo,Android
u_010664,2024-11-23 23:51:36,JP,paid_tiktok,Android
u_010665,2024-11-14 00:38:15,JP,paid_google,Android
u_010666,2024-11-18 05:00:49,KR,organic,Android
u_010667,2024-12-27 12:25:21,KR,referral,Android
u_010668,2024-11-15 06:26:00,US,paid_google,Android
u_010669,2024-11-24 22:00:22,US,organic,Android
u_010670,2024-11-19 21:57:05,US,paid_tiktok,Android
u_010671,2024-11-26 00:37:55,JP,organic,Android
u_010672,2024-11-23 19:55:26,JP,referral,Android
u_010673,2024-11-16 13:44:48,KR,cross_promo,Android
u_010674,2024-12-23 09:00:12,KR,organic,Android
u_010675,2024-11-17 05:46:12,US,cross_promo,Android
u_010676,2024-12-21 20:44:18,US,organic,Android
u_010677,2024-11-18 04:28:34,JP,organic,iOS
u_010678,2024-12-20 13:00:41,JP,paid_google,Android
u_010679,2024-11-15 01:57:57,KR,cross_promo,iOS
u_010680,2024-12-12 20:43:22,KR,organic,Android
u_010681,2024-11-10 00:22:32,KR,cross_promo,iOS
u_010682,2024-12-16 07:32:26,JP,cross_promo,Android
u_010683,2024-12-19 21:03:05,KR,paid_facebook,Android
u_010684,2024-11-13 15:55:26,KR,organic,iOS
u_010685,2024-11-12 03:56:12,KR,paid_google,Android
u_010686,2024-11-05 14:59:10,JP,organic,Android
u_010687,2024-12-30 16:32:58,KR,paid_facebook,Android
u_010688,2024-11-26 11:05:03,KR,paid_google,Android
u_010689,2024-12-13 10:49:57,KR,paid_tiktok,iOS
u_010690,2024-11-27 21:50:09,JP,paid_facebook,Android
u_010691,2024-12-18 07:55:58,KR,paid_tiktok,Android
u_010692,2024-11-05 04:09:15,US,paid_tiktok,Android
u_010693,2024-11-29 16:02:33,JP,paid_google,Android
u_010694,2024-12-17 20:04:02,US,organic,iOS
u_010695,2024-12-20 15:57:55,US,paid_facebook,iOS
u_010696,2024-12-24 07:54:24,US,organic,Android
u_010697,2024-12-12 15:12:24,KR,paid_facebook,Android
u_010698,2024-12-20 19:16:31,KR,organic,Android
u_010699,2024-11-18 03:15:58,KR,organic,iOS
u_010700,2024-11-08 02:24:09,KR,paid_google,Android
u_010701,2024-12-07 04:28:39,KR,cross_promo,iOS
u_010702,2024-11-24 23:40:17,KR,paid_google,Android
u_010703,2024-12-13 12:26:32,KR,paid_tiktok,Android
u_010704,2024-11-11 15:15:57,KR,referral,Android
u_010705,2024-11-27 08:11:45,US,organic,iOS
u_010706,2024-11-25 13:00:54,KR,organic,Android
u_010707,2024-12-11 07:35:18,KR,paid_google,Android
u_010708,2024-11-13 00:35:13,US,paid_facebook,Android
u_010709,2024-12-13 16:44:25,JP,paid_google,Android
u_010710,2024-12-03 06:02:47,US,paid_google,Android
u_010711,2024-11-28 20:19:10,US,paid_facebook,Android
u_010712,2024-11-13 20:09:39,KR,paid_google,Android
u_010713,2024-11-14 14:28:49,KR,paid_tiktok,Android
u_010714,2024-11-15 20:42:38,US,paid_facebook,iOS
u_010715,2024-12-07 20:06:28,KR,referral,Android
u_010716,2024-11-13 03:37:40,KR,organic,Android
u_010717,2024-12-28 05:03:08,KR,paid_google,Android
u_010718,2024-12-08 03:47:50,KR,organic,iOS
u_010719,2024-11-27 11:19:43,KR,paid_facebook,Android
u_010720,2024-12-24 16:53:30,KR,paid_google,Android
u_010721,2024-11-24 05:37:09,KR,organic,iOS
u_010722,2024-12-24 23:01:14,KR,paid_tiktok,iOS
u_010723,2024-12-16 13:09:03,US,referral,iOS
u_010724,2024-12-07 18:42:31,JP,paid_tiktok,Android
u_010725,2024-11-26 07:12:00,JP,organic,iOS
u_010726,2024-12-21 15:58:54,KR,organic,Android
u_010727,2024-11-25 10:06:07,JP,paid_google,Android
u_010728,2024-12-13 16:00:59,US,paid_google,Android
u_010729,2024-12-09 01:28:04,JP,paid_google,Android
u_010730,2024-11-12 19:11:28,KR,paid_google,Android
u_010731,2024-12-28 00:29:10,KR,paid_google,iOS
u_010732,2024-11-03 13:43:43,JP,organic,Android
u_010733,2024-11-08 22:30:41,JP,paid_google,Android
u_010734,2024-11-02 17:06:18,KR,paid_google,iOS
u_010735,2024-11-23 11:19:48,KR,paid_tiktok,iOS
u_010736,2024-12-03 05:24:27,KR,cross_promo,iOS
u_010737,2024-11-01 18:45:37,JP,organic,Android
u_010738,2024-12-23 20:10:59,JP,referral,Android
u_010739,2024-11-03 22:18:43,US,paid_google,Android
u_010740,2024-12-20 13:49:18,KR,cross_promo,Android
u_010741,2024-12-30 13:50:25,KR,cross_promo,Android
u_010742,2024-12-10 01:17:17,US,cross_promo,iOS
u_010743,2024-12-22 01:47:31,KR,paid_facebook,Android
u_010744,2024-12-23 00:58:52,US,paid_google,Android
u_010745,2024-11-26 01:33:21,JP,paid_tiktok,Android
u_010746,2024-12-22 11:48:56,JP,referral,Android
u_010747,2024-12-23 13:50:23,US,cross_promo,iOS
u_010748,2024-11-08 13:38:11,KR,paid_google,Android
u_010749,2024-11-13 20:01:36,KR,paid_facebook,Android
u_010750,2024-11-07 01:40:23,KR,cross_promo,iOS
u_010751,2024-11-28 12:45:36,US,paid_facebook,Android
u_010752,2024-11-16 13:49:04,US,paid_tiktok,Android
u_010753,2024-12-05 14:51:23,KR,paid_tiktok,iOS
u_010754,2024-11-05 14:08:45,JP,paid_tiktok,Android
u_010755,2024-11-19 01:35:14,JP,paid_facebook,Android
u_010756,2024-12-15 15:13:17,US,referral,Android
u_010757,2024-11-09 14:18:34,KR,paid_facebook,iOS
u_010758,2024-12-16 20:52:22,KR,referral,iOS
u_010759,2024-11-15 09:06:04,JP,paid_google,Android
u_010760,2024-12-23 14:08:40,KR,paid_google,iOS
u_010761,2024-11-07 04:29:22,US,cross_promo,iOS
u_010762,2024-12-25 22:26:17,KR,paid_facebook,iOS
u_010763,2024-12-21 01:37:37,KR,cross_promo,iOS
u_010764,2024-11-26 10:06:55,JP,paid_google,iOS
u_010765,2024-12-16 05:45:30,KR,paid_tiktok,Android
u_010766,2024-12-07 07:13:53,KR,cross_promo,Android
u_010767,2024-11-30 01:57:23,KR,cross_promo,Android
u_010768,2024-12-18 06:35:53,KR,referral,Android
u_010769,2024-12-01 00:45:28,KR,cross_promo,Android
u_010770,2024-12-13 08:58:52,KR,referral,iOS
u_010771,2024-11-26 13:14:10,KR,paid_facebook,Android
u_010772,2024-11-26 02:47:27,JP,cross_promo,Android
u_010773,2024-12-04 08:58:03,KR,organic,iOS
u_010774,2024-12-24 23:02:31,US,paid_tiktok,iOS
u_010775,2024-11-09 08:56:48,KR,cross_promo,iOS
u_010776,2024-11-07 21:46:42,JP,paid_facebook,Android
u_010777,2024-12-15 18:26:48,KR,paid_facebook,iOS
u_010778,2024-12-27 17:09:06,KR,referral,Android
u_010779,2024-12-19 07:55:10,JP,cross_promo,Android
u_010780,2024-12-28 06:13:51,JP,cross_promo,Android
u_010781,2024-12-24 05:02:59,KR,cross_promo,Android
u_010782,2024-11-13 14:27:30,KR,referral,Android
u_010783,2024-11-06 23:10:40,JP,paid_google,Android
u_010784,2024-12-08 18:34:59,JP,cross_promo,iOS
u_010785,2024-11-07 08:42:26,KR,cross_promo,Android
u_010786,2024-12-19 13:16:29,JP,paid_facebook,Android
u_010787,2024-12-31 08:34:15,US,cross_promo,Android
u_010788,2024-11-25 12:19:35,KR,paid_google,iOS
u_010789,2024-12-03 19:24:52,KR,paid_tiktok,iOS
u_010790,2024-11-08 09:16:13,JP,paid_tiktok,Android
u_010791,2024-11-08 06:54:00,JP,cross_promo,iOS
u_010792,2024-12-11 04:56:41,KR,organic,Android
u_010793,2024-11-26 19:29:03,KR,paid_tiktok,Android
u_010794,2024-12-06 10:21:33,JP,organic,Android
u_010795,2024-11-02 01:17:15,US,paid_facebook,iOS
u_010796,2024-11-04 01:10:26,US,referral,Android
u_010797,2024-11-27 19:58:22,US,organic,Android
u_010798,2024-11-14 01:46:46,KR,organic,Android
u_010799,2024-12-25 01:30:54,KR,paid_google,iOS
u_010800,2024-11-26 20:31:00,KR,paid_google,Android
u_010801,2024-12-08 04:26:38,KR,cross_promo,Android
u_010802,2024-12-30 21:59:54,JP,paid_tiktok,iOS
u_010803,2024-11-11 19:31:47,JP,cross_promo,iOS
u_010804,2024-11-16 18:49:10,KR,referral,iOS
u_010805,2024-11-29 22:06:57,KR,paid_google,Android
u_010806,2024-11-01 18:13:44,KR,organic,Android
u_010807,2024-11-30 14:15:39,KR,paid_tiktok,iOS
u_010808,2024-12-15 07:38:58,KR,paid_tiktok,Android
u_010809,2024-11-29 23:05:50,KR,paid_facebook,iOS
u_010810,2024-11-11 04:52:03,KR,cross_promo,Android
u_010811,2024-11-02 23:45:19,JP,paid_facebook,Android
u_010812,2024-12-23 09:50:40,JP,paid_tiktok,iOS
u_010813,2024-11-20 02:35:43,KR,cross_promo,Android
u_010814,2024-11-30 12:07:32,KR,paid_tiktok,iOS
u_010815,2024-12-01 23:51:05,KR,organic,iOS
u_010816,2024-11-03 21:05:03,KR,referral,iOS
u_010817,2024-12-05 13:19:38,KR,cross_promo,iOS
u_010818,2024-11-29 00:38:40,JP,paid_facebook,Android
u_010819,2024-12-06 11:02:14,KR,referral,Android
u_010820,2024-12-16 22:06:38,KR,paid_google,Android
u_010821,2024-12-24 09:00:57,KR,referral,iOS
u_010822,2024-11-10 01:36:16,KR,cross_promo,Android
u_010823,2024-12-12 14:19:15,US,organic,Android
u_010824,2024-12-12 21:03:27,JP,organic,iOS
u_010825,2024-11-04 13:21:07,US,referral,Android
u_010826,2024-12-22 12:38:47,US,cross_promo,Android
u_010827,2024-12-08 22:30:48,KR,paid_tiktok,iOS
u_010828,2024-11-26 03:55:17,KR,organic,Android
u_010829,2024-11-11 16:30:29,KR,paid_tiktok,Android
u_010830,2024-11-21 21:50:21,JP,paid_google,iOS
u_010831,2024-12-08 14:15:54,US,paid_tiktok,Android
u_010832,2024-12-21 19:09:31,JP,referral,iOS
u_010833,2024-12-06 09:34:16,KR,referral,iOS
u_010834,2024-11-06 18:14:49,KR,paid_facebook,Android
u_010835,2024-11-28 22:38:53,JP,paid_facebook,Android
u_010836,2024-11-18 02:47:47,JP,cross_promo,Android
u_010837,2024-12-14 08:30:32,JP,referral,iOS
u_010838,2024-11-05 14:04:56,KR,cross_promo,Android
u_010839,2024-11-16 00:02:27,KR,cross_promo,iOS
u_010840,2024-12-28 10:46:04,JP,cross_promo,iOS
u_010841,2024-12-26 14:50:56,KR,paid_facebook,iOS
u_010842,2024-11-29 08:22:35,KR,paid_facebook,Android
u_010843,2024-12-31 08:26:19,KR,referral,iOS
u_010844,2024-11-23 07:36:46,KR,paid_facebook,iOS
u_010845,2024-11-12 05:31:47,US,organic,iOS
u_010846,2024-11-26 07:52:16,JP,referral,Android
u_010847,2024-12-15 04:00:44,JP,paid_google,Android
u_010848,2024-11-08 07:48:40,KR,paid_facebook,Android
u_010849,2024-11-01 14:30:48,KR,organic,iOS
u_010850,2024-11-22 11:40:57,US,paid_google,Android
u_010851,2024-11-18 20:23:51,KR,referral,Android
u_010852,2024-12-13 19:23:03,KR,paid_facebook,Android
u_010853,2024-12-29 18:49:45,KR,paid_tiktok,Android
u_010854,2024-11-16 01:24:37,JP,paid_google,Android
u_010855,2024-11-04 17:59:26,KR,referral,iOS
u_010856,2024-12-18 23:25:04,KR,paid_facebook,Android
u_010857,2024-12-05 09:51:07,KR,paid_facebook,Android
u_010858,2024-12-07 06:48:28,JP,paid_google,iOS
u_010859,2024-12-13 18:41:56,JP,paid_facebook,Android
u_010860,2024-12-19 03:45:06,JP,referral,iOS
u_010861,2024-12-30 12:46:56,KR,paid_google,Android
u_010862,2024-12-03 02:22:19,KR,paid_facebook,iOS
u_010863,2024-11-20 22:07:00,JP,cross_promo,iOS
u_010864,2024-12-17 21:01:49,JP,paid_google,iOS
u_010865,2024-12-10 02:49:44,KR,paid_google,Android
u_010866,2024-11-19 12:27:58,KR,organic,Android
u_010867,2024-11-14 09:54:38,KR,paid_facebook,Android
u_010868,2024-11-25 07:02:11,US,paid_facebook,Android
u_010869,2024-12-30 19:13:31,KR,referral,Android
u_010870,2024-11-13 13:18:46,US,referral,Android
u_010871,2024-12-04 01:17:13,KR,organic,iOS
u_010872,2024-12-21 15:41:54,KR,paid_facebook,iOS
u_010873,2024-12-19 00:33:18,JP,paid_facebook,Android
u_010874,2024-12-30 19:22:31,KR,referral,Android
u_010875,2024-12-04 07:08:34,JP,paid_tiktok,iOS
u_010876,2024-12-25 00:24:30,KR,cross_promo,Android
u_010877,2024-11-16 21:32:52,JP,organic,Android
u_010878,2024-12-04 03:58:51,KR,cross_promo,iOS
u_010879,2024-11-20 13:35:59,KR,cross_promo,iOS
u_010880,2024-12-04 00:13:24,US,paid_facebook,iOS
u_010881,2024-12-30 20:12:58,KR,paid_tiktok,iOS
u_010882,2024-12-24 13:32:41,US,organic,Android
u_010883,2024-11-29 11:14:14,JP,paid_tiktok,Android
u_010884,2024-11-15 00:56:17,JP,organic,Android
u_010885,2024-11-20 23:24:20,KR,paid_facebook,Android
u_010886,2024-11-08 14:19:54,KR,referral,iOS
u_010887,2024-11-16 11:03:40,JP,paid_tiktok,Android
u_010888,2024-11-19 19:47:51,KR,paid_tiktok,iOS
u_010889,2024-12-22 15:18:25,JP,paid_tiktok,Android
u_010890,2024-11-23 12:21:49,KR,referral,Android
u_010891,2024-11-12 16:55:58,JP,paid_tiktok,Android
u_010892,2024-12-23 12:57:31,KR,cross_promo,Android
u_010893,2024-11-29 08:38:56,JP,referral,Android
u_010894,2024-11-23 18:34:26,JP,paid_google,Android
u_010895,2024-12-21 11:18:47,US,organic,Android
u_010896,2024-12-15 21:01:24,JP,paid_google,Android
u_010897,2024-11-21 09:29:01,KR,paid_google,iOS
u_010898,2024-11-12 17:01:20,KR,referral,Android
u_010899,2024-11-07 04:06:06,KR,referral,Android
u_010900,2024-11-08 05:58:15,KR,cross_promo,iOS
u_010901,2024-11-19 11:30:46,KR,paid_tiktok,Android
u_010902,2024-11-26 15:59:17,US,referral,iOS
u_010903,2024-11-06 12:57:27,KR,organic,Android
u_010904,2024-12-09 21:28:28,JP,cross_promo,Android
u_010905,2024-12-31 12:45:09,JP,paid_facebook,Android
u_010906,2024-12-31 16:28:11,JP,cross_promo,iOS
u_010907,2024-11-15 17:12:55,KR,paid_tiktok,iOS
u_010908,2024-11-12 15:41:45,JP,paid_google,Android
u_010909,2024-12-10 18:49:30,US,paid_facebook,Android
u_010910,2024-11-23 09:38:55,JP,paid_tiktok,iOS
u_010911,2024-11-26 03:52:15,KR,cross_promo,Android
u_010912,2024-12-15 16:31:02,KR,paid_tiktok,iOS
u_010913,2024-11-28 13:30:41,KR,paid_google,Android
u_010914,2024-12-13 18:19:45,JP,paid_google,iOS
u_010915,2024-12-26 10:00:38,KR,organic,Android
u_010916,2024-12-23 01:07:39,KR,paid_google,Android
u_010917,2024-11-15 01:49:58,KR,paid_facebook,Android
u_010918,2024-12-11 06:37:15,KR,paid_tiktok,Android
u_010919,2024-11-02 07:01:10,KR,paid_facebook,iOS
u_010920,2024-11-08 02:59:12,JP,paid_tiktok,iOS
u_010921,2024-12-23 19:44:42,KR,paid_tiktok,iOS
u_010922,2024-12-30 03:50:34,US,paid_tiktok,Android
u_010923,2024-11-15 19:32:11,US,referral,Android
u_010924,2024-11-15 05:22:52,KR,referral,Android
u_010925,2024-11-02 02:48:01,KR,cross_promo,iOS
u_010926,2024-12-22 11:02:14,KR,paid_tiktok,Android
u_010927,2024-11-01 15:40:47,KR,paid_tiktok,Android
u_010928,2024-12-14 06:35:32,JP,paid_google,Android
u_010929,2024-11-13 15:57:23,JP,referral,Android
u_010930,2024-11-25 14:46:18,US,organic,iOS
u_010931,2024-12-18 05:17:38,JP,cross_promo,iOS
u_010932,2024-12-18 13:40:40,KR,organic,iOS
u_010933,2024-12-26 08:29:06,US,referral,Android
u_010934,2024-11-22 10:13:00,KR,cross_promo,Android
u_010935,2024-11-23 10:37:00,JP,paid_google,iOS
u_010936,2024-12-08 12:31:01,JP,paid_tiktok,Android
u_010937,2024-11-12 16:46:46,US,paid_tiktok,Android
u_010938,2024-11-28 21:26:50,KR,paid_facebook,iOS
u_010939,2024-12-13 16:49:00,KR,paid_tiktok,Android
u_010940,2024-12-23 19:24:40,US,referral,Android
u_010941,2024-12-15 03:30:01,JP,referral,Android
u_010942,2024-12-13 22:10:44,US,referral,Android
u_010943,2024-11-26 03:25:09,JP,paid_tiktok,iOS
u_010944,2024-12-08 01:39:07,KR,referral,iOS
u_010945,2024-11-01 08:32:59,KR,paid_facebook,Android
u_010946,2024-11-05 10:55:51,KR,paid_facebook,iOS
u_010947,2024-12-23 18:55:31,JP,cross_promo,Android
u_010948,2024-11-09 13:23:55,KR,cross_promo,Android
u_010949,2024-12-15 14:21:48,JP,cross_promo,iOS
u_010950,2024-11-01 01:07:11,JP,paid_google,Android
u_010951,2024-11-17 23:18:26,KR,referral,iOS
u_010952,2024-11-28 03:10:33,JP,paid_facebook,iOS
u_010953,2024-12-22 20:22:44,JP,organic,Android
u_010954,2024-12-06 16:38:39,JP,paid_google,Android
u_010955,2024-12-19 22:13:33,KR,cross_promo,iOS
u_010956,2024-12-16 22:42:04,JP,organic,Android
u_010957,2024-12-12 12:07:08,JP,paid_google,iOS
u_010958,2024-11-26 20:35:27,JP,paid_tiktok,Android
u_010959,2024-12-02 03:40:26,KR,cross_promo,iOS
u_010960,2024-11-04 23:15:45,KR,paid_google,Android
u_010961,2024-11-06 05:29:35,KR,paid_facebook,Android
u_010962,2024-11-10 12:14:12,KR,paid_facebook,iOS
u_010963,2024-11-05 01:35:21,KR,paid_facebook,iOS
u_010964,2024-11-25 11:52:26,KR,paid_facebook,iOS
u_010965,2024-12-10 20:28:36,KR,paid_facebook,Android
u_010966,2024-12-15 07:03:02,US,organic,iOS
u_010967,2024-12-20 05:20:42,KR,paid_tiktok,Android
u_010968,2024-11-22 12:04:46,KR,paid_tiktok,iOS
u_010969,2024-12-25 04:02:41,KR,cross_promo,Android
u_010970,2024-12-31 07:30:54,KR,organic,iOS
u_010971,2024-11-14 23:26:20,US,referral,iOS
u_010972,2024-11-30 08:54:46,JP,paid_tiktok,Android
u_010973,2024-11-01 01:50:07,KR,paid_tiktok,Android
u_010974,2024-11-17 22:39:22,KR,paid_tiktok,Android
u_010975,2024-11-15 17:04:12,KR,referral,Android
u_010976,2024-11-02 12:08:18,KR,paid_tiktok,Android
u_010977,2024-12-16 13:20:13,KR,paid_tiktok,Android
u_010978,2024-12-03 20:01:17,US,paid_facebook,Android
u_010979,2024-12-28 02:01:07,KR,paid_facebook,Android
u_010980,2024-11-15 11:43:15,KR,paid_tiktok,iOS
u_010981,2024-12-21 01:18:00,KR,cross_promo,iOS
u_010982,2024-12-18 23:34:56,KR,referral,Android
u_010983,2024-11-30 07:12:42,JP,paid_facebook,Android
u_010984,2024-12-12 22:38:46,KR,paid_facebook,Android
u_010985,2024-12-23 15:04:19,KR,referral,Android
u_010986,2024-12-24 04:47:56,US,cross_promo,iOS
u_010987,2024-12-11 01:05:17,US,referral,iOS
u_010988,2024-11-16 02:28:28,KR,cross_promo,iOS
u_010989,2024-12-02 18:43:27,KR,paid_google,iOS
u_010990,2024-11-12 00:01:25,KR,paid_facebook,Android
u_010991,2024-12-22 16:38:21,US,paid_facebook,Android
u_010992,2024-11-27 11:38:09,US,paid_facebook,Android
u_010993,2024-12-25 09:35:03,KR,paid_facebook,Android
u_010994,2024-11-21 12:09:26,KR,referral,Android
u_010995,2024-12-03 17:47:10,JP,cross_promo,Android
u_010996,2024-12-28 04:42:46,KR,referral,Android
u_010997,2024-12-27 03:41:10,KR,paid_tiktok,Android
u_010998,2024-12-12 08:41:27,KR,referral,Android
u_010999,2024-11-10 15:24:46,US,paid_google,iOS
u_011000,2024-12-09 20:26:26,US,paid_google,iOS
u_011001,2024-12-28 17:30:24,JP,paid_facebook,iOS
u_011002,2024-12-25 10:09:00,KR,organic,Android
u_011003,2024-12-03 01:00:43,US,referral,Android
u_011004,2024-12-17 18:06:23,KR,paid_facebook,Android
u_011005,2024-12-11 02:01:56,KR,organic,Android
u_011006,2024-11-16 15:05:44,KR,paid_tiktok,iOS
u_011007,2024-11-13 00:32:48,KR,cross_promo,iOS
u_011008,2024-11-27 08:54:25,US,paid_google,Android
u_011009,2024-11-26 08:42:24,KR,paid_tiktok,Android
u_011010,2024-11-06 20:19:38,KR,referral,Android
u_011011,2024-12-20 22:33:51,KR,organic,Android
u_011012,2024-12-01 15:11:23,KR,referral,Android
u_011013,2024-12-19 07:12:15,KR,paid_google,Android
u_011014,2024-11-22 04:59:45,US,referral,iOS
u_011015,2024-12-19 15:51:12,KR,cross_promo,iOS
u_011016,2024-11-17 09:28:14,JP,cross_promo,Android
u_011017,2024-11-28 08:39:28,KR,organic,Android
u_011018,2024-11-13 09:29:34,KR,organic,iOS
u_011019,2024-12-30 20:57:15,US,paid_google,Android
u_011020,2024-11-23 12:15:11,US,cross_promo,Android
u_011021,2024-12-16 11:26:18,JP,referral,Android
u_011022,2024-12-24 16:15:19,JP,cross_promo,iOS
u_011023,2024-12-13 08:01:06,JP,paid_tiktok,iOS
u_011024,2024-12-28 23:52:30,KR,referral,iOS
u_011025,2024-11-20 18:55:03,US,paid_tiktok,Android
u_011026,2024-11-06 19:25:58,JP,paid_tiktok,Android
u_011027,2024-12-22 01:50:21,KR,cross_promo,iOS
u_011028,2024-12-14 00:28:33,KR,organic,iOS
u_011029,2024-11-12 05:46:45,JP,paid_google,iOS
u_011030,2024-12-14 14:48:07,KR,paid_google,Android
u_011031,2024-12-27 04:56:56,KR,paid_facebook,iOS
u_011032,2024-11-27 11:13:13,JP,organic,Android
u_011033,2024-12-29 19:56:17,KR,paid_tiktok,Android
u_011034,2024-11-10 05:07:48,US,referral,iOS
u_011035,2024-11-23 01:29:27,JP,paid_tiktok,Android
u_011036,2024-11-13 16:31:22,US,paid_tiktok,iOS
u_011037,2024-11-09 11:43:10,KR,referral,Android
u_011038,2024-11-04 07:49:39,JP,referral,Android
u_011039,2024-12-21 14:05:50,KR,organic,Android
u_011040,2024-12-27 00:27:53,US,referral,Android
u_011041,2024-12-04 16:31:54,US,organic,Android
u_011042,2024-11-06 21:46:03,KR,paid_google,Android
u_011043,2024-12-10 02:47:40,KR,referral,Android
u_011044,2024-12-21 18:28:42,KR,paid_google,Android
u_011045,2024-12-04 09:35:10,KR,organic,iOS
u_011046,2024-11-05 18:40:34,KR,cross_promo,iOS
u_011047,2024-12-17 07:33:55,KR,referral,Android
u_011048,2024-12-24 11:38:47,JP,organic,iOS
u_011049,2024-11-20 08:44:25,KR,referral,iOS
u_011050,2024-12-03 12:52:21,US,organic,iOS
u_011051,2024-12-15 05:54:18,JP,cross_promo,iOS
u_011052,2024-11-18 22:07:44,US,cross_promo,Android
u_011053,2024-11-04 23:36:03,KR,referral,Android
u_011054,2024-11-11 22:31:50,JP,cross_promo,Android
u_011055,2024-11-07 10:59:35,KR,paid_google,Android
u_011056,2024-11-09 10:39:15,US,organic,Android
u_011057,2024-11-23 21:47:50,KR,cross_promo,iOS
u_011058,2024-12-14 04:41:15,JP,paid_google,Android
u_011059,2024-11-05 17:52:26,US,referral,Android
u_011060,2024-12-18 04:18:41,JP,paid_tiktok,Android
u_011061,2024-11-08 12:42:03,JP,referral,Android
u_011062,2024-11-04 01:55:55,KR,cross_promo,iOS
u_011063,2024-11-24 18:11:53,JP,paid_facebook,Android
u_011064,2024-12-20 09:57:49,US,paid_tiktok,Android
u_011065,2024-11-18 08:34:29,KR,referral,Android
u_011066,2024-11-16 06:51:18,JP,paid_facebook,Android
u_011067,2024-11-19 15:57:58,KR,referral,Android
u_011068,2024-12-23 13:27:02,KR,paid_tiktok,Android
u_011069,2024-11-10 01:07:13,KR,paid_facebook,Android
u_011070,2024-11-21 19:58:05,KR,referral,iOS
u_011071,2024-12-15 22:33:32,KR,paid_facebook,iOS
u_011072,2024-11-11 05:57:28,KR,referral,iOS
u_011073,2024-12-17 08:12:26,KR,paid_facebook,Android
u_011074,2024-11-15 06:32:05,JP,organic,Android
u_011075,2024-11-23 15:10:42,KR,paid_google,Android
u_011076,2024-12-06 22:01:18,JP,referral,Android
u_011077,2024-12-18 01:52:31,JP,paid_facebook,Android
u_011078,2024-12-17 15:45:08,KR,cross_promo,iOS
u_011079,2024-12-05 16:24:24,US,paid_facebook,Android
u_011080,2024-11-08 17:42:13,JP,paid_facebook,Android
u_011081,2024-12-14 14:10:50,KR,organic,Android
u_011082,2024-12-10 11:43:21,KR,cross_promo,Android
u_011083,2024-12-26 17:41:18,JP,referral,iOS
u_011084,2024-12-27 15:11:51,KR,paid_tiktok,Android
u_011085,2024-12-05 19:39:19,US,paid_facebook,Android
u_011086,2024-11-13 21:52:14,JP,organic,Android
u_011087,2024-11-22 23:12:18,KR,paid_facebook,Android
u_011088,2024-11-14 18:33:58,JP,paid_facebook,Android
u_011089,2024-12-10 04:18:32,US,organic,iOS
u_011090,2024-11-27 13:30:24,KR,referral,Android
u_011091,2024-11-19 19:45:58,JP,paid_facebook,Android
u_011092,2024-12-16 04:07:59,JP,paid_google,iOS
u_011093,2024-11-24 03:04:57,JP,referral,Android
u_011094,2024-11-14 05:09:27,JP,organic,Android
u_011095,2024-11-17 04:01:26,KR,organic,iOS
u_011096,2024-12-30 18:56:11,KR,paid_tiktok,iOS
u_011097,2024-11-10 17:18:11,KR,paid_tiktok,Android
u_011098,2024-11-10 18:42:45,JP,referral,Android
u_011099,2024-12-26 01:05:57,JP,paid_tiktok,Android
u_011100,2024-11-23 22:45:34,KR,organic,Android
u_011101,2024-12-06 17:06:56,KR,paid_facebook,iOS
u_011102,2024-11-17 04:57:17,JP,cross_promo,Android
u_011103,2024-11-02 18:54:52,KR,organic,Android
u_011104,2024-12-12 21:32:01,US,organic,Android
u_011105,2024-11-27 05:10:30,US,referral,Android
u_011106,2024-12-29 21:43:52,JP,paid_google,iOS
u_011107,2024-11-06 18:26:12,JP,cross_promo,iOS
u_011108,2024-12-26 14:01:07,KR,paid_tiktok,Android
u_011109,2024-12-26 14:06:26,KR,paid_facebook,iOS
u_011110,2024-12-27 06:58:12,US,cross_promo,iOS
u_011111,2024-12-21 22:21:40,KR,cross_promo,Android
u_011112,2024-11-08 00:38:43,KR,cross_promo,Android
u_011113,2024-12-20 03:05:19,US,paid_tiktok,Android
u_011114,2024-11-28 16:08:47,US,referral,iOS
u_011115,2024-11-04 21:24:44,KR,referral,iOS
u_011116,2024-12-20 22:19:02,JP,paid_google,Android
u_011117,2024-12-12 04:18:17,KR,referral,Android
u_011118,2024-12-14 17:25:07,JP,paid_google,Android
u_011119,2024-11-14 15:19:36,KR,paid_google,Android
u_011120,2024-12-25 06:20:46,KR,paid_tiktok,Android
u_011121,2024-12-20 09:43:51,KR,paid_tiktok,Android
u_011122,2024-11-10 20:16:15,KR,cross_promo,Android
u_011123,2024-12-03 21:36:07,KR,cross_promo,Android
u_011124,2024-12-21 10:24:58,KR,paid_facebook,Android
u_011125,2024-12-28 21:45:04,KR,referral,Android
u_011126,2024-12-09 10:00:46,KR,cross_promo,iOS
u_011127,2024-11-13 01:55:42,US,paid_tiktok,Android
u_011128,2024-12-11 14:57:47,KR,paid_tiktok,Android
u_011129,2024-11-12 23:55:07,US,organic,iOS
u_011130,2024-11-11 11:21:41,KR,paid_google,Android
u_011131,2024-11-16 02:35:11,KR,referral,Android
u_011132,2024-11-05 16:49:03,KR,cross_promo,iOS
u_011133,2024-12-14 14:36:55,KR,paid_facebook,iOS
u_011134,2024-12-01 07:53:56,JP,paid_tiktok,iOS
u_011135,2024-11-09 10:47:57,KR,cross_promo,iOS
u_011136,2024-11-16 15:23:40,KR,cross_promo,Android
u_011137,2024-11-29 22:49:06,JP,paid_google,Android
u_011138,2024-11-30 10:22:33,US,referral,Android
u_011139,2024-12-25 12:37:33,US,referral,iOS
u_011140,2024-11-25 08:33:35,KR,paid_tiktok,iOS
u_011141,2024-12-10 16:07:43,JP,referral,iOS
u_011142,2024-11-28 17:18:22,JP,cross_promo,iOS
u_011143,2024-11-11 03:52:46,JP,organic,Android
u_011144,2024-12-24 06:23:00,KR,cross_promo,iOS
u_011145,2024-11-28 18:43:34,KR,paid_tiktok,iOS
u_011146,2024-11-30 06:23:30,KR,organic,Android
u_011147,2024-12-05 04:20:27,JP,paid_google,iOS
u_011148,2024-12-30 11:40:04,KR,paid_facebook,Android
u_011149,2024-11-15 16:38:34,US,paid_google,Android
u_011150,2024-12-17 00:48:42,JP,referral,iOS
u_011151,2024-12-15 00:44:57,JP,paid_facebook,Android
u_011152,2024-11-26 03:10:20,KR,paid_google,Android
u_011153,2024-12-27 01:24:53,KR,cross_promo,iOS
u_011154,2024-11-30 01:23:31,KR,paid_google,Android
u_011155,2024-11-29 13:32:13,US,cross_promo,Android
u_011156,2024-12-31 21:00:08,JP,referral,Android
u_011157,2024-12-11 22:41:56,KR,paid_google,Android
u_011158,2024-12-12 21:39:36,JP,paid_google,iOS
u_011159,2024-12-23 00:17:33,US,referral,Android
u_011160,2024-11-06 18:49:42,KR,paid_google,Android
u_011161,2024-12-05 18:41:09,KR,paid_tiktok,iOS
u_011162,2024-11-10 13:53:20,US,cross_promo,Android
u_011163,2024-12-17 12:10:40,JP,paid_facebook,iOS
u_011164,2024-11-17 08:54:57,US,organic,Android
u_011165,2024-12-26 21:11:36,JP,paid_tiktok,iOS
u_011166,2024-12-01 16:11:42,US,paid_google,Android
u_011167,2024-12-13 07:25:22,KR,cross_promo,Android
u_011168,2024-12-19 11:16:37,KR,paid_google,iOS
u_011169,2024-12-16 13:33:31,KR,paid_google,Android
u_011170,2024-11-10 18:06:39,JP,paid_tiktok,Android
u_011171,2024-12-09 09:50:02,JP,paid_google,Android
u_011172,2024-12-08 02:18:17,US,paid_facebook,Android
u_011173,2024-11-25 20:35:33,JP,organic,Android
u_011174,2024-11-01 10:35:14,US,paid_google,iOS
u_011175,2024-11-06 00:48:59,US,paid_tiktok,Android
u_011176,2024-12-12 17:03:57,US,cross_promo,iOS
u_011177,2024-11-18 07:53:02,KR,paid_tiktok,iOS
u_011178,2024-12-08 14:54:57,KR,paid_google,iOS
u_011179,2024-12-07 09:11:48,KR,paid_facebook,Android
u_011180,2024-12-18 11:29:54,JP,organic,iOS
u_011181,2024-12-09 23:15:37,KR,cross_promo,Android
u_011182,2024-11-19 06:13:49,KR,cross_promo,iOS
u_011183,2024-12-23 18:43:05,KR,organic,iOS
u_011184,2024-11-03 22:15:20,KR,cross_promo,Android
u_011185,2024-12-05 11:31:01,JP,paid_tiktok,Android
u_011186,2024-12-12 04:17:38,US,paid_google,iOS
u_011187,2024-11-21 21:01:14,US,cross_promo,iOS
u_011188,2024-12-02 18:48:17,JP,organic,Android
u_011189,2024-12-25 01:11:10,KR,paid_tiktok,Android
u_011190,2024-12-11 23:44:20,KR,organic,Android
u_011191,2024-12-06 01:10:35,JP,cross_promo,Android
u_011192,2024-12-20 19:58:05,KR,paid_facebook,iOS
u_011193,2024-11-12 10:16:23,KR,cross_promo,Android
u_011194,2024-11-08 23:37:30,KR,paid_facebook,iOS
u_011195,2024-11-16 20:22:17,US,paid_facebook,iOS
u_011196,2024-12-08 06:03:29,JP,cross_promo,Android
u_011197,2024-11-17 02:50:06,JP,paid_facebook,Android
u_011198,2024-12-06 13:14:07,KR,organic,iOS
u_011199,2024-12-23 07:00:30,KR,paid_facebook,Android
u_011200,2024-12-22 21:27:26,KR,referral,iOS
u_011201,2024-12-29 22:50:17,JP,paid_facebook,Android
u_011202,2024-12-24 04:25:41,JP,cross_promo,iOS
u_011203,2024-11-25 04:03:27,JP,paid_tiktok,Android
u_011204,2024-12-15 06:34:13,KR,paid_google,iOS
u_011205,2024-11-22 13:18:45,US,paid_facebook,iOS
u_011206,2024-11-01 14:30:47,US,paid_tiktok,iOS
u_011207,2024-11-11 04:35:18,KR,cross_promo,iOS
u_011208,2024-12-13 13:05:04,KR,referral,iOS
u_011209,2024-12-17 16:50:42,KR,referral,Android
u_011210,2024-12-18 01:53:58,JP,paid_google,Android
u_011211,2024-11-06 11:29:23,KR,paid_facebook,iOS
u_011212,2024-12-31 16:11:19,KR,referral,Android
u_011213,2024-11-16 09:00:46,JP,paid_tiktok,iOS
u_011214,2024-12-22 14:57:48,KR,organic,Android
u_011215,2024-11-01 19:02:36,JP,organic,iOS
u_011216,2024-12-07 23:47:06,US,organic,Android
u_011217,2024-12-09 05:51:49,KR,organic,Android
u_011218,2024-12-29 10:37:54,KR,organic,iOS
u_011219,2024-12-04 11:27:02,JP,paid_facebook,iOS
u_011220,2024-11-22 17:47:11,JP,paid_facebook,Android
u_011221,2024-12-14 01:41:18,JP,paid_facebook,iOS
u_011222,2024-12-09 21:27:18,KR,cross_promo,Android
u_011223,2024-11-04 20:16:33,US,paid_facebook,Android
u_011224,2024-12-23 22:24:59,KR,paid_facebook,Android
u_011225,2024-11-11 10:24:36,JP,paid_facebook,Android
u_011226,2024-11-08 13:59:00,JP,organic,Android
u_011227,2024-12-28 19:49:22,JP,paid_tiktok,Android
u_011228,2024-12-03 08:13:17,US,paid_tiktok,Android
u_011229,2024-12-02 05:29:58,JP,organic,Android
u_011230,2024-12-04 02:38:54,JP,organic,iOS
u_011231,2024-12-23 17:37:21,US,referral,iOS
u_011232,2024-12-28 02:28:21,KR,referral,Android
u_011233,2024-12-01 13:46:10,US,referral,Android
u_011234,2024-11-24 14:01:47,KR,paid_google,iOS
u_011235,2024-12-08 08:45:10,KR,cross_promo,Android
u_011236,2024-12-24 02:54:25,JP,paid_facebook,iOS
u_011237,2024-12-11 16:21:53,US,cross_promo,Android
u_011238,2024-11-02 12:17:04,KR,paid_tiktok,Android
u_011239,2024-11-21 00:25:14,JP,paid_google,iOS
u_011240,2024-11-29 23:43:07,JP,cross_promo,Android
u_011241,2024-12-17 05:17:24,KR,paid_tiktok,iOS
u_011242,2024-11-08 13:33:28,JP,cross_promo,Android
u_011243,2024-11-15 22:00:36,KR,cross_promo,iOS
u_011244,2024-12-10 13:29:48,KR,cross_promo,Android
u_011245,2024-11-15 19:40:25,KR,referral,Android
u_011246,2024-12-23 23:45:50,KR,paid_google,Android
u_011247,2024-11-30 13:35:42,KR,cross_promo,iOS
u_011248,2024-12-03 07:06:30,KR,organic,iOS
u_011249,2024-11-26 19:17:27,KR,paid_google,Android
u_011250,2024-12-21 12:52:11,US,referral,Android
u_011251,2024-11-28 12:20:31,KR,paid_tiktok,iOS
u_011252,2024-12-12 17:25:48,KR,paid_google,Android
u_011253,2024-11-25 00:06:31,KR,referral,iOS
u_011254,2024-11-08 12:18:54,JP,organic,iOS
u_011255,2024-12-11 00:48:33,KR,cross_promo,Android
u_011256,2024-12-19 01:34:56,US,organic,Android
u_011257,2024-11-08 18:26:17,US,paid_google,Android
u_011258,2024-12-30 15:09:53,US,cross_promo,iOS
u_011259,2024-12-08 17:33:30,KR,referral,Android
u_011260,2024-11-07 19:08:38,KR,paid_facebook,Android
u_011261,2024-12-05 15:43:55,JP,paid_facebook,Android
u_011262,2024-11-26 22:18:56,JP,referral,Android
u_011263,2024-12-29 01:17:44,JP,paid_facebook,iOS
u_011264,2024-11-27 22:04:30,US,paid_google,Android
u_011265,2024-11-03 13:36:06,KR,paid_google,iOS
u_011266,2024-12-05 13:12:37,KR,organic,Android
u_011267,2024-11-01 10:52:45,KR,organic,Android
u_011268,2024-11-23 14:37:32,JP,organic,Android
u_011269,2024-11-04 01:39:02,KR,paid_google,iOS
u_011270,2024-12-05 02:35:31,US,organic,Android
u_011271,2024-11-26 07:34:19,JP,paid_tiktok,iOS
u_011272,2024-12-08 14:09:33,JP,paid_google,iOS
u_011273,2024-12-24 21:04:15,KR,referral,iOS
u_011274,2024-11-26 02:24:46,KR,organic,Android
u_011275,2024-12-11 13:00:35,US,paid_tiktok,iOS
u_011276,2024-11-07 04:12:08,JP,paid_google,Android
u_011277,2024-12-10 04:39:27,KR,paid_facebook,Android
u_011278,2024-12-31 09:09:11,KR,organic,iOS
u_011279,2024-11-19 21:31:25,KR,cross_promo,Android
u_011280,2024-12-16 05:44:53,US,paid_google,Android
u_011281,2024-12-26 11:11:15,JP,paid_tiktok,iOS
u_011282,2024-11-07 04:49:00,JP,paid_google,iOS
u_011283,2024-12-23 10:17:23,KR,paid_tiktok,iOS
u_011284,2024-12-01 17:35:00,JP,paid_facebook,Android
u_011285,2024-12-18 14:27:36,US,referral,iOS
u_011286,2024-11-20 02:46:51,US,paid_facebook,iOS
u_011287,2024-12-09 16:13:52,JP,referral,Android
u_011288,2024-12-08 02:24:22,KR,paid_facebook,Android
u_011289,2024-11-18 07:24:36,KR,referral,iOS
u_011290,2024-11-23 08:34:15,US,referral,iOS
u_011291,2024-12-29 08:03:44,KR,referral,Android
u_011292,2024-12-30 09:27:59,KR,paid_google,iOS
u_011293,2024-11-11 21:23:30,KR,paid_google,Android
u_011294,2024-11-09 23:56:31,US,paid_tiktok,Android
u_011295,2024-11-23 04:33:10,KR,paid_tiktok,iOS
u_011296,2024-11-27 16:21:39,KR,paid_tiktok,Android
u_011297,2024-12-23 23:13:26,KR,referral,Android
u_011298,2024-12-13 22:34:56,KR,referral,Android
u_011299,2024-11-28 10:59:12,KR,paid_google,Android
u_011300,2024-11-21 08:02:31,KR,paid_facebook,iOS
u_011301,2024-12-23 09:05:44,KR,paid_google,Android
u_011302,2024-11-02 16:30:27,KR,organic,Android
u_011303,2024-12-08 15:02:14,KR,referral,iOS
u_011304,2024-12-02 05:40:28,US,paid_tiktok,Android
u_011305,2024-11-22 20:20:26,JP,organic,iOS
u_011306,2024-11-25 20:22:32,JP,organic,Android
u_011307,2024-12-11 20:09:13,KR,cross_promo,Android
u_011308,2024-11-02 13:44:30,KR,referral,Android
u_011309,2024-12-20 01:10:25,JP,organic,Android
u_011310,2024-12-23 09:34:14,KR,referral,Android
u_011311,2024-12-18 22:20:29,JP,paid_facebook,iOS
u_011312,2024-12-19 03:49:56,US,organic,iOS
u_011313,2024-12-27 20:07:21,KR,cross_promo,Android
u_011314,2024-11-05 02:24:09,KR,paid_facebook,Android
u_011315,2024-11-12 11:10:47,KR,paid_google,Android
u_011316,2024-11-22 19:28:19,JP,paid_google,iOS
u_011317,2024-12-11 19:48:26,KR,cross_promo,Android
u_011318,2024-11-27 11:20:35,US,paid_facebook,Android
u_011319,2024-11-11 08:45:48,KR,paid_tiktok,Android
u_011320,2024-12-08 06:49:51,KR,organic,iOS
u_011321,2024-12-07 22:13:10,KR,paid_google,Android
u_011322,2024-11-23 02:49:55,JP,paid_tiktok,Android
u_011323,2024-11-27 03:10:27,KR,referral,iOS
u_011324,2024-12-20 00:58:47,US,organic,Android
u_011325,2024-12-08 05:17:17,KR,referral,Android
u_011326,2024-12-13 20:44:19,KR,paid_tiktok,iOS
u_011327,2024-12-23 18:41:15,KR,organic,iOS
u_011328,2024-11-04 03:35:37,KR,paid_google,iOS
u_011329,2024-11-25 01:16:14,JP,paid_facebook,Android
u_011330,2024-11-08 20:06:09,KR,paid_facebook,Android
u_011331,2024-11-09 07:54:45,KR,organic,iOS
u_011332,2024-12-08 10:21:16,JP,referral,iOS
u_011333,2024-12-01 20:24:41,KR,organic,Android
u_011334,2024-12-27 08:25:10,KR,paid_tiktok,Android
u_011335,2024-12-30 16:52:44,US,paid_facebook,Android
u_011336,2024-11-19 05:21:46,US,referral,iOS
u_011337,2024-11-28 04:49:26,US,paid_facebook,Android
u_011338,2024-12-20 08:38:01,KR,paid_google,Android
u_011339,2024-11-02 08:35:36,US,paid_facebook,Android
u_011340,2024-12-20 14:20:02,US,cross_promo,Android
u_011341,2024-11-02 21:02:45,KR,paid_facebook,Android
u_011342,2024-11-17 19:59:55,JP,cross_promo,Android
u_011343,2024-11-07 15:36:02,JP,referral,Android
u_011344,2024-11-02 07:29:24,KR,paid_google,Android
u_011345,2024-12-05 00:05:30,JP,organic,Android
u_011346,2024-12-23 09:34:55,US,paid_google,iOS
u_011347,2024-12-08 22:20:23,KR,cross_promo,iOS
u_011348,2024-12-15 01:02:31,JP,paid_facebook,Android
u_011349,2024-11-18 02:06:11,US,paid_facebook,Android
u_011350,2024-11-18 07:02:58,KR,paid_tiktok,iOS
u_011351,2024-11-15 03:57:52,JP,cross_promo,iOS
u_011352,2024-12-26 17:51:30,JP,referral,iOS
u_011353,2024-11-21 07:09:31,KR,organic,iOS
u_011354,2024-12-29 05:10:52,JP,paid_google,iOS
u_011355,2024-11-23 21:24:05,KR,referral,iOS
u_011356,2024-12-09 06:35:25,JP,cross_promo,Android
u_011357,2024-11-30 08:43:12,JP,paid_google,iOS
u_011358,2024-12-08 08:06:05,KR,paid_facebook,Android
u_011359,2024-11-28 03:00:07,KR,paid_facebook,iOS
u_011360,2024-11-01 21:54:04,JP,paid_facebook,Android
u_011361,2024-12-07 03:15:39,KR,paid_tiktok,iOS
u_011362,2024-11-11 21:44:30,KR,paid_facebook,iOS
u_011363,2024-12-05 12:39:52,US,paid_tiktok,Android
u_011364,2024-11-15 11:58:55,US,organic,iOS
u_011365,2024-12-16 03:25:46,KR,referral,Android
u_011366,2024-11-08 04:45:26,US,referral,Android
u_011367,2024-12-29 05:02:55,KR,paid_facebook,Android
u_011368,2024-11-25 10:05:22,JP,paid_facebook,iOS
u_011369,2024-12-08 22:57:18,KR,paid_google,Android
u_011370,2024-12-05 13:35:07,JP,cross_promo,Android
u_011371,2024-12-08 14:02:23,KR,paid_google,Android
u_011372,2024-12-02 03:40:11,US,paid_facebook,iOS
u_011373,2024-11-01 02:36:56,US,cross_promo,Android
u_011374,2024-12-27 10:05:10,KR,cross_promo,Android
u_011375,2024-11-20 15:33:03,JP,paid_facebook,iOS
u_011376,2024-11-29 19:34:38,JP,organic,Android
u_011377,2024-12-08 10:49:53,KR,organic,Android
u_011378,2024-11-29 00:08:01,US,organic,iOS
u_011379,2024-11-10 06:56:50,US,paid_tiktok,iOS
u_011380,2024-12-26 08:10:29,US,referral,Android
u_011381,2024-11-04 20:34:34,JP,paid_facebook,Android
u_011382,2024-12-24 06:16:03,KR,cross_promo,iOS
u_011383,2024-11-18 04:33:32,KR,referral,Android
u_011384,2024-11-02 05:49:19,KR,organic,iOS
u_011385,2024-12-11 23:14:27,US,cross_promo,Android
u_011386,2024-11-24 11:03:27,JP,paid_facebook,Android
u_011387,2024-12-03 00:47:35,US,cross_promo,Android
u_011388,2024-12-21 09:22:45,KR,referral,Android
u_011389,2024-12-25 07:12:36,JP,paid_facebook,Android
u_011390,2024-12-29 21:19:21,US,paid_google,Android
u_011391,2024-12-01 22:50:21,KR,referral,Android
u_011392,2024-12-13 21:48:49,KR,paid_tiktok,Android
u_011393,2024-11-08 19:56:17,US,referral,Android
u_011394,2024-12-26 03:41:48,KR,cross_promo,iOS
u_011395,2024-12-18 15:56:39,KR,organic,Android
u_011396,2024-11-01 20:14:38,KR,cross_promo,Android
u_011397,2024-11-01 04:56:45,KR,organic,Android
u_011398,2024-12-07 23:45:16,JP,organic,Android
u_011399,2024-11-18 21:53:49,JP,organic,Android
u_011400,2024-12-25 10:42:20,JP,paid_facebook,iOS
u_011401,2024-12-22 11:50:33,KR,paid_tiktok,iOS
u_011402,2024-11-02 08:04:31,US,organic,Android
u_011403,2024-12-18 17:32:23,JP,paid_google,Android
u_011404,2024-11-18 09:43:15,KR,cross_promo,Android
u_011405,2024-11-26 09:14:17,KR,cross_promo,Android
u_011406,2024-11-23 16:55:10,JP,organic,iOS
u_011407,2024-11-06 11:30:12,US,cross_promo,Android
u_011408,2024-11-03 07:48:19,KR,referral,Android
u_011409,2024-12-03 20:12:28,KR,paid_tiktok,Android
u_011410,2024-12-01 13:19:19,US,paid_google,iOS
u_011411,2024-11-17 07:03:33,KR,paid_tiktok,Android
u_011412,2024-12-31 11:42:22,KR,organic,Android
u_011413,2024-12-08 04:31:03,US,organic,Android
u_011414,2024-11-04 03:13:24,US,paid_tiktok,iOS
u_011415,2024-11-14 01:13:28,KR,referral,iOS
u_011416,2024-12-16 20:50:20,KR,paid_facebook,iOS
u_011417,2024-11-10 08:59:44,US,paid_tiktok,Android
u_011418,2024-12-16 19:56:58,KR,organic,Android
u_011419,2024-12-27 00:48:31,KR,organic,Android
u_011420,2024-11-13 09:32:23,KR,paid_google,iOS
u_011421,2024-12-17 10:13:43,KR,cross_promo,iOS
u_011422,2024-12-03 19:20:19,KR,organic,Android
u_011423,2024-11-01 19:23:55,KR,paid_facebook,iOS
u_011424,2024-11-28 18:49:56,KR,referral,Android
u_011425,2024-12-20 01:03:06,US,cross_promo,Android
u_011426,2024-11-12 10:56:21,KR,cross_promo,Android
u_011427,2024-12-10 21:42:31,KR,paid_tiktok,Android
u_011428,2024-11-03 10:11:12,JP,organic,iOS
u_011429,2024-11-12 12:32:02,US,paid_facebook,Android
u_011430,2024-12-02 13:20:07,KR,paid_facebook,Android
u_011431,2024-11-21 16:23:12,KR,referral,Android
u_011432,2024-11-01 16:19:29,JP,paid_tiktok,Android
u_011433,2024-11-18 07:19:21,KR,organic,Android
u_011434,2024-11-05 13:02:06,US,paid_facebook,Android
u_011435,2024-11-24 07:24:42,US,paid_facebook,Android
u_011436,2024-11-15 07:04:55,KR,referral,Android
u_011437,2024-11-03 14:10:19,KR,cross_promo,Android
u_011438,2024-12-25 18:29:28,US,cross_promo,iOS
u_011439,2024-12-05 08:54:40,KR,organic,iOS
u_011440,2024-11-17 13:04:32,JP,paid_google,Android
u_011441,2024-11-26 01:12:50,KR,paid_google,Android
u_011442,2024-12-30 17:49:12,KR,referral,iOS
u_011443,2024-12-09 12:14:15,JP,paid_tiktok,Android
u_011444,2024-11-02 04:40:12,KR,paid_facebook,Android
u_011445,2024-12-13 13:15:55,KR,referral,Android
u_011446,2024-12-27 11:40:44,KR,paid_facebook,Android
u_011447,2024-12-14 01:42:15,KR,paid_google,Android
u_011448,2024-12-05 04:33:46,KR,paid_tiktok,iOS
u_011449,2024-11-08 00:14:01,KR,referral,Android
u_011450,2024-12-08 12:37:59,KR,paid_facebook,iOS
u_011451,2024-11-01 03:20:43,US,referral,Android
u_011452,2024-11-13 03:16:21,KR,cross_promo,Android
u_011453,2024-12-14 09:07:59,KR,organic,Android
u_011454,2024-11-11 11:41:37,US,paid_facebook,Android
u_011455,2024-12-08 03:04:01,KR,paid_google,Android
u_011456,2024-11-08 11:36:17,KR,referral,Android
u_011457,2024-11-22 06:08:41,KR,referral,iOS
u_011458,2024-11-22 13:04:29,JP,paid_google,Android
u_011459,2024-12-28 10:50:25,KR,cross_promo,Android
u_011460,2024-12-09 01:15:37,JP,organic,Android
u_011461,2024-12-27 17:49:40,KR,paid_tiktok,iOS
u_011462,2024-11-23 14:00:25,JP,organic,Android
u_011463,2024-12-15 00:33:17,KR,organic,Android
u_011464,2024-12-11 22:27:09,JP,paid_tiktok,Android
u_011465,2024-12-03 03:14:57,JP,paid_google,Android
u_011466,2024-11-11 19:35:56,JP,referral,Android
u_011467,2024-11-21 21:27:43,KR,paid_facebook,iOS
u_011468,2024-11-21 23:38:08,KR,organic,iOS
u_011469,2024-11-03 14:56:45,KR,paid_tiktok,Android
u_011470,2024-12-18 14:12:18,KR,referral,Android
u_011471,2024-11-21 23:23:52,KR,paid_tiktok,iOS
u_011472,2024-11-28 05:52:06,KR,organic,iOS
u_011473,2024-12-02 15:13:54,KR,organic,Android
u_011474,2024-12-24 18:00:55,US,organic,Android
u_011475,2024-11-14 20:47:28,US,paid_google,iOS
u_011476,2024-11-09 23:08:45,US,organic,Android
u_011477,2024-12-25 22:53:39,JP,organic,Android
u_011478,2024-11-08 14:43:02,JP,paid_tiktok,Android
u_011479,2024-12-15 04:16:11,KR,organic,Android
u_011480,2024-11-30 12:00:16,KR,paid_tiktok,Android
u_011481,2024-11-04 04:35:26,KR,referral,Android
u_011482,2024-11-05 02:19:18,KR,paid_facebook,Android
u_011483,2024-12-28 01:42:29,US,paid_google,Android
u_011484,2024-11-17 09:13:04,KR,paid_google,Android
u_011485,2024-11-22 11:49:37,KR,organic,Android
u_011486,2024-12-26 17:52:44,US,paid_facebook,Android
u_011487,2024-12-30 21:35:06,US,cross_promo,iOS
u_011488,2024-11-03 23:59:42,US,organic,Android
u_011489,2024-12-29 05:39:14,KR,referral,iOS
u_011490,2024-11-06 06:07:21,KR,paid_tiktok,iOS
u_011491,2024-11-29 02:31:09,KR,referral,iOS
u_011492,2024-11-12 15:55:46,JP,organic,Android
u_011493,2024-12-31 11:59:33,KR,paid_google,Android
u_011494,2024-12-31 15:32:17,KR,organic,Android
u_011495,2024-11-08 23:00:53,US,paid_tiktok,iOS
u_011496,2024-11-09 22:23:38,KR,cross_promo,iOS
u_011497,2024-11-22 11:47:57,KR,referral,Android
u_011498,2024-12-27 12:32:11,US,cross_promo,Android
u_011499,2024-12-15 11:51:43,KR,paid_tiktok,iOS
u_011500,2024-11-04 09:27:47,KR,organic,Android
u_011501,2024-11-17 14:04:26,KR,paid_facebook,Android
u_011502,2024-11-06 19:20:00,KR,paid_google,iOS
u_011503,2024-11-08 21:06:51,US,paid_facebook,iOS
u_011504,2024-12-21 20:01:17,JP,paid_facebook,Android
u_011505,2024-12-30 10:29:30,KR,organic,iOS
u_011506,2024-11-10 22:42:20,JP,referral,Android
u_011507,2024-11-30 00:53:44,KR,paid_google,Android
u_011508,2024-12-02 08:45:53,KR,paid_google,iOS
u_011509,2024-12-07 23:19:05,JP,cross_promo,iOS
u_011510,2024-12-31 22:19:36,US,paid_facebook,Android
u_011511,2024-11-12 01:46:20,KR,referral,Android
u_011512,2024-11-19 12:04:50,US,cross_promo,iOS
u_011513,2024-12-14 16:55:17,KR,organic,Android
u_011514,2024-11-24 18:18:37,JP,paid_facebook,Android
u_011515,2024-11-21 22:47:34,KR,referral,Android
u_011516,2024-11-27 20:36:33,KR,paid_facebook,Android
u_011517,2024-12-07 10:58:50,JP,paid_facebook,Android
u_011518,2024-12-30 05:41:47,JP,organic,iOS
u_011519,2024-11-11 13:25:59,KR,cross_promo,Android
u_011520,2024-12-28 21:47:39,KR,organic,iOS
u_011521,2024-12-24 16:03:59,KR,paid_tiktok,Android
u_011522,2024-12-29 10:11:10,KR,paid_google,Android
u_011523,2024-12-20 03:44:01,KR,cross_promo,Android
u_011524,2024-12-31 01:43:57,KR,cross_promo,Android
u_011525,2024-12-24 01:06:04,KR,paid_facebook,iOS
u_011526,2024-11-21 10:22:44,KR,paid_tiktok,iOS
u_011527,2024-11-04 08:06:34,KR,paid_google,Android
u_011528,2024-12-03 23:28:47,KR,paid_google,Android
u_011529,2024-12-23 01:48:13,KR,paid_tiktok,Android
u_011530,2024-11-28 11:02:35,JP,organic,Android
u_011531,2024-12-23 09:01:36,KR,referral,Android
u_011532,2024-11-02 00:34:44,KR,referral,Android
u_011533,2024-11-27 02:47:01,JP,referral,iOS
u_011534,2024-11-02 17:24:59,JP,paid_google,iOS
u_011535,2024-12-20 21:10:43,KR,paid_facebook,Android
u_011536,2024-11-16 16:26:15,KR,paid_facebook,Android
u_011537,2024-12-09 01:25:49,KR,organic,iOS
u_011538,2024-11-01 11:59:51,JP,paid_facebook,iOS
u_011539,2024-11-23 05:05:08,KR,referral,Android
u_011540,2024-12-26 16:07:00,KR,cross_promo,Android
u_011541,2024-12-15 11:31:56,JP,referral,iOS
u_011542,2024-11-27 15:48:19,KR,referral,Android
u_011543,2024-12-04 13:44:33,US,paid_tiktok,Android
u_011544,2024-12-29 05:22:14,KR,paid_facebook,Android
u_011545,2024-12-31 05:06:36,US,organic,iOS
u_011546,2024-11-06 00:03:29,KR,organic,Android
u_011547,2024-11-12 11:06:48,JP,organic,Android
u_011548,2024-11-07 02:58:33,KR,cross_promo,Android
u_011549,2024-12-09 10:10:35,JP,paid_facebook,iOS
u_011550,2024-11-29 20:22:59,US,paid_facebook,iOS
u_011551,2024-11-06 05:29:20,JP,paid_google,Android
u_011552,2024-12-30 20:33:20,KR,organic,Android
u_011553,2024-12-25 15:33:36,KR,cross_promo,Android
u_011554,2024-11-28 10:41:42,US,organic,Android
u_011555,2024-12-20 06:49:54,JP,referral,Android
u_011556,2024-11-05 03:09:30,JP,organic,Android
u_011557,2024-11-08 09:53:56,KR,paid_facebook,Android
u_011558,2024-11-20 15:59:51,KR,cross_promo,iOS
u_011559,2024-12-11 20:20:10,KR,paid_facebook,Android
u_011560,2024-11-17 18:26:17,KR,paid_facebook,Android
u_011561,2024-11-11 04:25:31,KR,paid_facebook,Android
u_011562,2024-11-07 01:02:25,KR,referral,Android
u_011563,2024-11-06 04:38:35,US,paid_tiktok,Android
u_011564,2024-12-09 19:36:35,JP,paid_facebook,Android
u_011565,2024-11-15 03:24:56,KR,cross_promo,iOS
u_011566,2024-11-19 00:12:36,US,paid_google,iOS
u_011567,2024-12-08 09:47:57,US,cross_promo,Android
u_011568,2024-11-10 18:09:19,JP,referral,iOS
u_011569,2024-12-30 21:14:16,US,paid_google,iOS
u_011570,2024-11-02 09:48:39,JP,paid_google,iOS
u_011571,2024-11-12 17:12:49,KR,referral,Android
u_011572,2024-12-15 00:01:42,KR,cross_promo,iOS
u_011573,2024-12-12 09:17:27,JP,organic,Android
u_011574,2024-11-18 08:09:10,KR,paid_google,Android
u_011575,2024-11-12 05:22:21,US,cross_promo,Android
u_011576,2024-11-05 16:03:50,KR,paid_google,Android
u_011577,2024-12-01 21:23:40,KR,referral,iOS
u_011578,2024-11-05 03:40:26,KR,paid_google,Android
u_011579,2024-12-19 19:02:18,US,paid_google,iOS
u_011580,2024-11-04 14:16:21,JP,organic,iOS
u_011581,2024-11-03 11:19:04,KR,referral,Android
u_011582,2024-12-04 08:02:26,JP,paid_facebook,Android
u_011583,2024-11-20 21:59:14,JP,paid_google,Android
u_011584,2024-12-16 16:41:25,US,paid_tiktok,iOS
u_011585,2024-12-28 20:22:11,US,paid_google,Android
u_011586,2024-11-14 07:09:26,KR,paid_tiktok,iOS
u_011587,2024-11-05 04:22:34,KR,referral,Android
u_011588,2024-11-05 20:31:11,JP,cross_promo,Android
u_011589,2024-11-18 08:38:27,KR,cross_promo,iOS
u_011590,2024-11-18 13:06:32,JP,referral,iOS
u_011591,2024-12-12 01:06:30,US,paid_tiktok,iOS
u_011592,2024-12-24 18:14:56,KR,cross_promo,iOS
u_011593,2024-11-29 11:46:49,KR,referral,iOS
u_011594,2024-12-11 00:41:17,JP,paid_google,iOS
u_011595,2024-11-09 19:09:57,KR,cross_promo,iOS
u_011596,2024-12-01 16:07:48,US,paid_tiktok,iOS
u_011597,2024-11-18 15:09:45,US,cross_promo,iOS
u_011598,2024-12-26 19:24:39,US,cross_promo,iOS
u_011599,2024-12-17 04:21:35,JP,organic,Android
u_011600,2024-11-01 10:30:29,KR,cross_promo,iOS
u_011601,2024-11-26 22:58:33,KR,cross_promo,Android
u_011602,2024-11-11 16:37:27,JP,paid_google,Android
u_011603,2024-11-27 07:13:11,US,organic,Android
u_011604,2024-12-02 08:44:32,US,paid_tiktok,Android
u_011605,2024-11-08 19:23:11,US,paid_google,Android
u_011606,2024-11-03 16:13:06,KR,paid_tiktok,Android
u_011607,2024-12-14 15:19:20,KR,paid_google,Android
u_011608,2024-12-25 08:39:50,US,paid_facebook,Android
u_011609,2024-11-30 07:31:57,KR,organic,Android
u_011610,2024-12-03 14:44:39,JP,cross_promo,Android
u_011611,2024-12-24 09:13:08,US,referral,Android
u_011612,2024-12-12 22:30:18,KR,paid_tiktok,iOS
u_011613,2024-11-25 03:31:49,KR,paid_facebook,iOS
u_011614,2024-12-05 01:42:43,KR,paid_tiktok,Android
u_011615,2024-11-05 05:40:42,KR,cross_promo,Android
u_011616,2024-12-24 15:23:44,KR,paid_tiktok,iOS
u_011617,2024-12-27 07:09:40,US,referral,Android
u_011618,2024-11-01 02:58:21,KR,paid_facebook,iOS
u_011619,2024-12-26 19:55:47,US,referral,Android
u_011620,2024-11-25 22:23:37,KR,paid_google,iOS
u_011621,2024-12-17 23:02:26,KR,paid_tiktok,iOS
u_011622,2024-12-20 18:48:35,US,paid_tiktok,iOS
u_011623,2024-11-10 13:24:20,KR,paid_google,Android
u_011624,2024-12-18 13:19:35,JP,paid_google,Android
u_011625,2024-12-04 06:28:04,JP,paid_facebook,Android
u_011626,2024-12-20 10:36:26,KR,cross_promo,iOS
u_011627,2024-12-14 06:34:41,KR,paid_facebook,Android
u_011628,2024-12-09 20:25:03,JP,referral,iOS
u_011629,2024-12-23 08:20:43,US,referral,Android
u_011630,2024-11-08 00:48:21,JP,cross_promo,iOS
u_011631,2024-12-15 02:45:52,JP,paid_tiktok,Android
u_011632,2024-11-29 12:56:24,JP,referral,Android
u_011633,2024-12-05 19:37:37,KR,organic,iOS
u_011634,2024-12-18 06:03:26,US,referral,Android
u_011635,2024-11-10 09:07:22,US,paid_google,Android
u_011636,2024-12-10 07:26:48,US,cross_promo,Android
u_011637,2024-12-23 03:49:07,JP,referral,iOS
u_011638,2024-11-08 20:19:16,US,paid_google,Android
u_011639,2024-12-26 21:11:08,KR,cross_promo,iOS
u_011640,2024-12-15 05:09:59,US,paid_tiktok,Android
u_011641,2024-11-10 22:16:48,US,organic,Android
u_011642,2024-11-29 23:14:24,KR,paid_facebook,Android
u_011643,2024-12-04 23:12:13,JP,organic,Android
u_011644,2024-12-01 17:58:25,KR,paid_google,iOS
u_011645,2024-12-12 00:56:19,KR,referral,Android
u_011646,2024-11-24 02:10:52,US,organic,Android
u_011647,2024-12-17 06:35:00,KR,paid_facebook,iOS
u_011648,2024-11-23 06:34:00,JP,paid_facebook,Android
u_011649,2024-11-21 03:07:55,US,paid_facebook,Android
u_011650,2024-12-02 20:00:01,KR,referral,Android
u_011651,2024-12-18 21:38:49,JP,referral,Android
u_011652,2024-12-09 14:33:52,JP,cross_promo,Android
u_011653,2024-12-09 11:36:44,US,paid_google,Android
u_011654,2024-11-02 20:52:36,KR,organic,Android
u_011655,2024-12-14 07:05:16,KR,referral,iOS
u_011656,2024-12-08 19:02:31,KR,organic,Android
u_011657,2024-12-17 09:36:10,JP,paid_facebook,Android
u_011658,2024-11-04 19:06:34,KR,paid_tiktok,iOS
u_011659,2024-12-31 02:52:44,KR,paid_tiktok,iOS
u_011660,2024-11-29 18:26:36,US,organic,Android
u_011661,2024-11-07 12:19:33,KR,paid_google,iOS
u_011662,2024-11-01 06:41:06,KR,paid_facebook,Android
u_011663,2024-11-07 00:16:42,KR,cross_promo,Android
u_011664,2024-12-26 15:10:03,US,paid_google,Android
u_011665,2024-11-04 15:43:26,KR,referral,Android
u_011666,2024-11-10 15:16:20,KR,paid_google,iOS
u_011667,2024-12-28 03:58:38,KR,paid_google,iOS
u_011668,2024-11-30 19:46:21,JP,paid_google,Android
u_011669,2024-12-17 15:49:10,KR,paid_google,Android
u_011670,2024-11-19 23:52:23,KR,cross_promo,iOS
u_011671,2024-12-31 14:26:41,JP,organic,Android
u_011672,2024-12-03 15:27:24,KR,paid_tiktok,Android
u_011673,2024-12-08 10:52:14,KR,paid_google,Android
u_011674,2024-11-24 07:57:52,JP,paid_tiktok,Android
u_011675,2024-12-30 10:23:56,KR,paid_google,Android
u_011676,2024-11-08 22:46:57,KR,cross_promo,iOS
u_011677,2024-12-20 10:19:35,KR,paid_google,iOS
u_011678,2024-11-23 20:44:40,KR,referral,Android
u_011679,2024-11-19 02:58:09,US,cross_promo,iOS
u_011680,2024-12-29 07:41:47,KR,cross_promo,Android
u_011681,2024-12-29 06:13:47,JP,paid_facebook,iOS
u_011682,2024-11-20 16:52:03,US,paid_google,iOS
u_011683,2024-11-05 00:47:06,US,cross_promo,Android
u_011684,2024-12-27 08:43:40,KR,paid_google,Android
u_011685,2024-11-03 18:30:23,KR,referral,Android
u_011686,2024-12-18 11:00:02,KR,referral,Android
u_011687,2024-12-24 14:12:37,KR,paid_facebook,Android
u_011688,2024-12-04 20:10:26,KR,organic,Android
u_011689,2024-11-01 13:23:31,KR,organic,Android
u_011690,2024-11-02 06:49:12,KR,paid_facebook,Android
u_011691,2024-12-25 13:22:32,US,paid_google,Android
u_011692,2024-11-03 15:44:21,KR,organic,Android
u_011693,2024-11-12 20:35:11,KR,paid_google,Android
u_011694,2024-12-15 14:38:36,US,paid_google,Android
u_011695,2024-12-27 06:56:13,KR,paid_google,Android
u_011696,2024-11-20 22:56:11,JP,cross_promo,iOS
u_011697,2024-12-09 20:41:19,US,paid_tiktok,Android
u_011698,2024-11-07 14:15:10,KR,paid_google,Android
u_011699,2024-12-20 23:50:15,KR,referral,Android
u_011700,2024-11-22 05:47:18,KR,organic,iOS
u_011701,2024-11-28 23:46:29,KR,referral,iOS
u_011702,2024-12-27 20:20:19,JP,referral,Android
u_011703,2024-12-26 09:47:09,KR,paid_facebook,iOS
u_011704,2024-12-12 08:55:45,KR,referral,Android
u_011705,2024-11-10 21:51:44,US,paid_tiktok,iOS
u_011706,2024-11-26 22:45:49,KR,paid_facebook,Android
u_011707,2024-11-21 04:59:56,KR,cross_promo,Android
u_011708,2024-11-28 14:10:51,KR,referral,Android
u_011709,2024-11-22 08:41:18,KR,organic,Android
u_011710,2024-12-01 17:09:50,US,cross_promo,Android
u_011711,2024-11-07 12:50:10,JP,paid_tiktok,Android
u_011712,2024-12-30 00:30:33,KR,paid_google,Android
u_011713,2024-11-02 04:02:25,KR,organic,Android
u_011714,2024-11-07 19:08:39,KR,organic,Android
u_011715,2024-12-17 02:40:03,US,paid_google,iOS
u_011716,2024-11-27 17:17:02,KR,paid_facebook,Android
u_011717,2024-11-14 02:31:17,KR,cross_promo,iOS
u_011718,2024-11-23 19:08:18,JP,cross_promo,Android
u_011719,2024-11-08 02:58:46,KR,cross_promo,Android
u_011720,2024-11-29 08:57:36,US,paid_tiktok,iOS
u_011721,2024-12-22 05:34:22,KR,cross_promo,Android
u_011722,2024-12-17 14:59:14,KR,referral,Android
u_011723,2024-12-29 06:42:22,KR,paid_tiktok,iOS
u_011724,2024-11-21 13:55:16,KR,referral,iOS
u_011725,2024-12-11 22:49:46,KR,paid_tiktok,Android
u_011726,2024-11-06 00:38:07,KR,paid_facebook,Android
u_011727,2024-11-18 05:48:53,KR,paid_tiktok,Android
u_011728,2024-12-13 08:03:02,US,paid_google,Android
u_011729,2024-11-12 09:39:30,KR,referral,iOS
u_011730,2024-12-05 21:06:40,KR,cross_promo,iOS
u_011731,2024-11-06 04:13:22,KR,paid_facebook,iOS
u_011732,2024-12-01 01:55:07,KR,paid_facebook,Android
u_011733,2024-11-24 11:27:25,US,paid_google,Android
u_011734,2024-11-06 00:39:01,JP,paid_tiktok,Android
u_011735,2024-11-14 08:06:29,US,paid_tiktok,iOS
u_011736,2024-12-02 02:30:41,KR,paid_facebook,iOS
u_011737,2024-12-13 08:24:05,KR,referral,Android
u_011738,2024-12-04 03:05:51,KR,cross_promo,Android
u_011739,2024-11-10 13:24:19,KR,organic,Android
u_011740,2024-12-13 04:25:17,KR,cross_promo,iOS
u_011741,2024-11-28 13:12:02,KR,paid_facebook,Android
u_011742,2024-12-03 21:44:10,US,cross_promo,iOS
u_011743,2024-12-10 00:42:57,KR,paid_facebook,Android
u_011744,2024-11-18 12:17:57,US,referral,iOS
u_011745,2024-12-23 06:03:12,KR,organic,Android
u_011746,2024-12-19 05:21:24,US,referral,Android
u_011747,2024-12-12 14:44:08,JP,referral,iOS
u_011748,2024-12-21 02:01:39,US,paid_tiktok,Android
u_011749,2024-12-16 07:24:40,KR,cross_promo,Android
u_011750,2024-11-25 23:23:01,KR,referral,iOS
u_011751,2024-12-23 21:09:19,KR,referral,Android
u_011752,2024-12-06 02:52:10,KR,cross_promo,Android
u_011753,2024-11-30 11:26:10,KR,referral,Android
u_011754,2024-12-11 11:33:46,JP,paid_tiktok,Android
u_011755,2024-11-07 09:15:55,US,organic,Android
u_011756,2024-11-13 17:59:04,KR,referral,Android
u_011757,2024-12-19 02:37:09,KR,paid_facebook,Android
u_011758,2024-12-04 20:44:50,US,paid_google,iOS
u_011759,2024-12-25 13:28:59,JP,referral,Android
u_011760,2024-11-12 00:44:26,JP,paid_google,iOS
u_011761,2024-11-02 14:07:18,KR,referral,Android
u_011762,2024-12-13 05:41:07,JP,cross_promo,Android
u_011763,2024-12-01 12:30:16,KR,organic,Android
u_011764,2024-11-08 14:39:07,US,paid_google,iOS
u_011765,2024-11-27 13:54:27,KR,referral,Android
u_011766,2024-12-13 01:57:44,KR,paid_facebook,iOS
u_011767,2024-12-27 00:33:48,US,organic,iOS
u_011768,2024-12-26 02:14:18,KR,organic,Android
u_011769,2024-12-30 05:23:34,KR,paid_facebook,Android
u_011770,2024-12-05 21:18:43,KR,paid_tiktok,Android
u_011771,2024-11-04 17:11:37,US,paid_google,Android
u_011772,2024-12-26 00:55:09,KR,referral,Android
u_011773,2024-12-28 11:52:30,KR,cross_promo,Android
u_011774,2024-11-22 03:54:26,JP,paid_facebook,Android
u_011775,2024-11-03 10:56:43,JP,paid_google,iOS
u_011776,2024-11-11 07:46:53,KR,paid_tiktok,iOS
u_011777,2024-11-20 22:05:32,KR,cross_promo,iOS
u_011778,2024-11-19 23:03:10,JP,cross_promo,Android
u_011779,2024-12-23 04:27:50,KR,organic,Android
u_011780,2024-11-20 00:50:09,US,paid_google,iOS
u_011781,2024-11-16 19:15:57,KR,referral,iOS
u_011782,2024-11-08 18:49:21,KR,cross_promo,iOS
u_011783,2024-11-20 01:31:08,US,cross_promo,iOS
u_011784,2024-11-11 01:29:24,KR,referral,iOS
u_011785,2024-12-05 02:26:51,JP,paid_facebook,Android
u_011786,2024-11-02 00:14:28,KR,referral,Android
u_011787,2024-12-26 02:01:56,JP,referral,iOS
u_011788,2024-11-24 03:27:00,KR,organic,iOS
u_011789,2024-12-10 22:49:24,US,paid_tiktok,iOS
u_011790,2024-11-02 13:27:39,JP,paid_google,iOS
u_011791,2024-11-06 19:33:27,US,paid_google,iOS
u_011792,2024-12-05 21:15:17,KR,referral,Android
u_011793,2024-11-02 05:07:36,JP,cross_promo,iOS
u_011794,2024-12-27 01:27:21,KR,paid_tiktok,Android
u_011795,2024-11-22 06:10:43,KR,organic,Android
u_011796,2024-12-24 07:22:36,US,paid_facebook,Android
u_011797,2024-11-27 02:20:03,KR,organic,Android
u_011798,2024-11-15 09:53:20,KR,cross_promo,Android
u_011799,2024-12-11 23:21:46,KR,cross_promo,Android
u_011800,2024-12-18 02:07:44,KR,referral,Android
u_011801,2024-11-24 12:28:15,JP,organic,iOS
u_011802,2024-11-03 22:28:16,JP,cross_promo,Android
u_011803,2024-11-26 17:26:35,KR,organic,iOS
u_011804,2024-12-01 00:56:49,JP,paid_facebook,Android
u_011805,2024-12-28 18:27:05,JP,cross_promo,Android
u_011806,2024-11-24 08:10:35,KR,paid_tiktok,Android
u_011807,2024-12-18 21:52:42,KR,paid_facebook,Android
u_011808,2024-12-08 08:19:57,KR,organic,Android
u_011809,2024-12-20 02:22:53,JP,paid_tiktok,Android
u_011810,2024-12-09 18:23:34,JP,paid_google,iOS
u_011811,2024-11-16 22:14:04,KR,referral,iOS
u_011812,2024-12-01 12:19:35,US,referral,iOS
u_011813,2024-12-15 07:33:54,JP,paid_google,iOS
u_011814,2024-11-05 20:49:42,KR,paid_google,iOS
u_011815,2024-12-16 01:39:47,JP,cross_promo,Android
u_011816,2024-11-12 18:30:17,KR,referral,Android
u_011817,2024-12-06 11:44:48,KR,paid_facebook,Android
u_011818,2024-11-10 02:01:48,JP,paid_google,iOS
u_011819,2024-11-03 14:35:08,KR,cross_promo,iOS
u_011820,2024-11-12 22:05:36,KR,referral,Android
u_011821,2024-11-03 14:44:49,KR,referral,Android
u_011822,2024-12-10 06:17:30,JP,paid_tiktok,Android
u_011823,2024-11-05 07:51:58,KR,referral,iOS
u_011824,2024-11-16 23:08:03,KR,paid_tiktok,iOS
u_011825,2024-11-21 00:13:16,US,referral,iOS
u_011826,2024-11-15 07:24:39,KR,cross_promo,iOS
u_011827,2024-11-04 01:42:57,KR,cross_promo,iOS
u_011828,2024-11-25 16:42:26,KR,referral,Android
u_011829,2024-12-07 00:35:27,US,paid_facebook,Android
u_011830,2024-11-04 11:48:30,US,cross_promo,Android
u_011831,2024-11-20 09:05:04,KR,referral,Android
u_011832,2024-12-15 08:58:12,KR,cross_promo,iOS
u_011833,2024-11-29 21:04:01,KR,referral,iOS
u_011834,2024-11-20 09:31:11,KR,cross_promo,Android
u_011835,2024-12-25 01:41:30,KR,organic,Android
u_011836,2024-11-03 07:49:24,JP,cross_promo,Android
u_011837,2024-11-17 11:14:23,KR,referral,Android
u_011838,2024-12-24 17:40:05,KR,paid_google,Android
u_011839,2024-11-30 09:31:43,KR,organic,Android
u_011840,2024-11-14 14:38:14,JP,referral,Android
u_011841,2024-11-06 14:37:51,KR,paid_google,Android
u_011842,2024-11-13 18:00:41,KR,organic,Android
u_011843,2024-11-03 03:07:23,KR,referral,Android
u_011844,2024-12-28 23:19:28,KR,referral,Android
u_011845,2024-11-26 18:46:53,KR,paid_facebook,Android
u_011846,2024-11-04 20:55:52,US,paid_google,iOS
u_011847,2024-11-03 19:38:05,KR,paid_google,Android
u_011848,2024-11-26 05:15:21,JP,organic,Android
u_011849,2024-12-29 05:32:14,KR,organic,Android
u_011850,2024-12-11 09:24:38,JP,paid_google,Android
u_011851,2024-12-03 13:13:29,KR,referral,Android
u_011852,2024-12-10 15:33:14,KR,referral,Android
u_011853,2024-11-19 20:58:18,KR,paid_facebook,iOS
u_011854,2024-11-22 14:51:27,KR,referral,iOS
u_011855,2024-12-13 17:07:36,KR,paid_facebook,Android
u_011856,2024-11-05 22:32:42,KR,paid_google,iOS
u_011857,2024-11-30 17:07:55,KR,paid_google,iOS
u_011858,2024-12-29 23:59:27,US,paid_facebook,Android
u_011859,2024-11-19 15:47:49,JP,paid_google,Android
u_011860,2024-11-23 11:43:46,JP,paid_facebook,Android
u_011861,2024-12-12 03:24:09,JP,referral,iOS
u_011862,2024-11-26 15:59:28,US,paid_google,Android
u_011863,2024-11-06 07:31:52,KR,paid_tiktok,Android
u_011864,2024-12-17 07:40:48,US,paid_google,Android
u_011865,2024-12-28 08:53:11,US,paid_facebook,iOS
u_011866,2024-11-16 20:19:52,JP,paid_tiktok,Android
u_011867,2024-12-22 19:27:01,JP,paid_google,Android
u_011868,2024-12-14 13:14:03,KR,organic,Android
u_011869,2024-11-14 01:11:39,KR,referral,iOS
u_011870,2024-12-19 10:22:27,JP,paid_google,iOS
u_011871,2024-11-30 02:49:03,KR,referral,Android
u_011872,2024-11-13 02:09:34,JP,organic,Android
u_011873,2024-12-15 12:54:56,KR,paid_facebook,iOS
u_011874,2024-11-24 14:37:57,JP,organic,iOS
u_011875,2024-12-03 09:59:56,KR,paid_tiktok,iOS
u_011876,2024-11-30 03:07:03,KR,paid_tiktok,Android
u_011877,2024-11-30 14:52:43,KR,paid_google,iOS
u_011878,2024-12-23 08:26:59,US,cross_promo,Android
u_011879,2024-12-29 16:03:16,KR,organic,Android
u_011880,2024-11-26 23:57:59,KR,paid_google,Android
u_011881,2024-11-13 23:02:05,JP,cross_promo,iOS
u_011882,2024-12-03 09:42:27,US,paid_facebook,Android
u_011883,2024-11-27 21:21:28,KR,organic,Android
u_011884,2024-11-09 03:42:47,KR,referral,iOS
u_011885,2024-11-26 16:39:16,JP,organic,Android
u_011886,2024-11-07 11:33:19,JP,cross_promo,Android
u_011887,2024-12-26 04:25:36,JP,paid_google,Android
u_011888,2024-12-01 19:58:36,KR,paid_facebook,Android
u_011889,2024-12-29 03:58:35,KR,referral,Android
u_011890,2024-12-06 05:53:08,US,cross_promo,Android
u_011891,2024-11-17 15:14:38,KR,organic,iOS
u_011892,2024-12-28 16:34:35,KR,organic,iOS
u_011893,2024-12-17 03:23:48,KR,cross_promo,iOS
u_011894,2024-11-28 08:48:06,JP,paid_tiktok,Android
u_011895,2024-12-25 05:39:22,JP,referral,Android
u_011896,2024-12-03 13:20:21,KR,organic,Android
u_011897,2024-12-24 14:18:00,US,organic,Android
u_011898,2024-12-26 21:21:29,JP,referral,iOS
u_011899,2024-12-11 12:06:37,JP,paid_google,iOS
u_011900,2024-12-13 02:40:42,KR,paid_tiktok,iOS
u_011901,2024-12-10 19:02:40,KR,referral,Android
u_011902,2024-11-09 14:58:15,KR,cross_promo,iOS
u_011903,2024-11-23 13:38:22,KR,paid_google,Android
u_011904,2024-12-16 20:54:30,KR,paid_google,Android
u_011905,2024-11-02 00:32:31,JP,referral,Android
u_011906,2024-12-24 10:42:35,US,paid_tiktok,Android
u_011907,2024-12-07 09:29:10,US,paid_google,Android
u_011908,2024-11-30 11:29:21,KR,paid_google,Android
u_011909,2024-11-13 00:25:27,KR,referral,iOS
u_011910,2024-11-19 09:11:10,JP,cross_promo,Android
u_011911,2024-11-06 04:09:33,JP,paid_google,Android
u_011912,2024-12-28 02:04:03,US,paid_facebook,Android
u_011913,2024-11-30 17:21:58,KR,cross_promo,Android
u_011914,2024-12-21 22:39:19,KR,organic,iOS
u_011915,2024-12-09 20:45:19,US,cross_promo,Android
u_011916,2024-12-13 05:21:41,KR,cross_promo,Android
u_011917,2024-12-30 07:17:09,KR,referral,Android
u_011918,2024-11-07 22:07:50,US,paid_facebook,Android
u_011919,2024-12-28 17:43:49,KR,paid_tiktok,iOS
u_011920,2024-11-09 16:03:36,KR,paid_facebook,iOS
u_011921,2024-12-04 16:00:36,US,cross_promo,Android
u_011922,2024-11-20 03:02:08,US,paid_tiktok,iOS
u_011923,2024-11-02 23:36:12,JP,paid_google,Android
u_011924,2024-12-25 08:47:45,JP,paid_google,Android
u_011925,2024-12-22 22:36:15,KR,paid_google,iOS
u_011926,2024-12-24 15:57:24,KR,paid_tiktok,iOS
u_011927,2024-12-05 04:41:43,KR,organic,Android
u_011928,2024-12-26 05:22:00,KR,referral,iOS
u_011929,2024-12-14 04:33:37,KR,referral,iOS
u_011930,2024-12-06 11:05:50,KR,paid_tiktok,Android
u_011931,2024-11-02 03:37:26,JP,cross_promo,Android
u_011932,2024-12-30 05:17:58,US,referral,Android
u_011933,2024-12-08 06:25:23,KR,referral,Android
u_011934,2024-11-25 22:19:31,KR,paid_facebook,iOS
u_011935,2024-12-02 06:15:54,KR,paid_tiktok,Android
u_011936,2024-11-19 00:47:05,KR,paid_facebook,Android
u_011937,2024-11-05 15:52:52,KR,paid_tiktok,Android
u_011938,2024-12-19 09:36:15,KR,organic,Android
u_011939,2024-12-16 08:51:29,US,paid_tiktok,iOS
u_011940,2024-12-22 22:37:45,JP,paid_google,iOS
u_011941,2024-12-03 16:42:40,KR,paid_google,iOS
u_011942,2024-12-16 23:38:42,KR,organic,iOS
u_011943,2024-12-02 08:26:22,JP,paid_tiktok,Android
u_011944,2024-12-19 18:52:13,JP,cross_promo,Android
u_011945,2024-11-25 23:11:05,US,referral,Android
u_011946,2024-11-14 14:30:39,US,referral,iOS
u_011947,2024-12-31 08:38:30,KR,paid_google,Android
u_011948,2024-12-20 22:50:31,KR,cross_promo,Android
u_011949,2024-12-25 18:20:13,KR,referral,iOS
u_011950,2024-11-22 21:25:30,JP,referral,Android
u_011951,2024-12-27 23:29:03,US,paid_tiktok,iOS
u_011952,2024-11-08 07:26:35,US,paid_google,Android
u_011953,2024-12-01 23:15:37,KR,cross_promo,Android
u_011954,2024-11-24 20:55:26,JP,cross_promo,Android
u_011955,2024-12-12 19:39:27,KR,paid_tiktok,Android
u_011956,2024-11-09 07:36:20,US,paid_google,iOS
u_011957,2024-12-05 09:33:13,KR,paid_tiktok,iOS
u_011958,2024-12-15 04:01:09,US,referral,iOS
u_011959,2024-12-26 06:12:33,KR,paid_google,Android
u_011960,2024-12-27 12:04:01,JP,cross_promo,Android
u_011961,2024-12-01 01:11:19,KR,referral,iOS
u_011962,2024-12-17 12:44:15,KR,referral,Android
u_011963,2024-11-04 15:15:04,US,paid_facebook,Android
u_011964,2024-11-10 05:20:45,JP,organic,Android
u_011965,2024-11-23 04:14:14,KR,paid_facebook,Android
u_011966,2024-12-21 02:14:47,JP,referral,iOS
u_011967,2024-12-20 02:43:51,KR,organic,Android
u_011968,2024-12-10 15:51:16,KR,paid_tiktok,Android
u_011969,2024-11-06 04:49:03,KR,paid_tiktok,Android
u_011970,2024-12-11 04:01:28,US,paid_tiktok,iOS
u_011971,2024-12-30 04:15:35,KR,paid_tiktok,iOS
u_011972,2024-12-07 23:24:19,KR,referral,Android
u_011973,2024-11-16 02:58:33,KR,paid_google,Android
u_011974,2024-11-18 21:50:35,JP,paid_tiktok,Android
u_011975,2024-11-15 14:01:07,KR,organic,Android
u_011976,2024-11-24 05:50:06,KR,referral,Android
u_011977,2024-11-18 19:24:19,JP,paid_tiktok,Android
u_011978,2024-11-28 15:29:37,KR,paid_tiktok,Android
u_011979,2024-12-22 09:22:23,KR,paid_google,Android
u_011980,2024-12-20 08:40:21,JP,paid_facebook,iOS
u_011981,2024-12-13 05:57:11,KR,organic,Android
u_011982,2024-12-27 21:46:25,KR,organic,Android
u_011983,2024-11-28 05:47:29,JP,paid_tiktok,Android
u_011984,2024-11-26 04:41:50,JP,cross_promo,Android
u_011985,2024-11-09 10:00:42,JP,paid_google,iOS
u_011986,2024-11-18 11:30:40,KR,organic,Android
u_011987,2024-12-25 13:23:35,KR,paid_facebook,Android
u_011988,2024-12-08 13:58:26,JP,paid_facebook,Android
u_011989,2024-12-07 19:25:06,KR,referral,Android
u_011990,2024-11-15 13:09:54,KR,paid_google,Android
u_011991,2024-12-06 16:20:18,JP,paid_facebook,Android
u_011992,2024-11-03 07:39:04,KR,paid_tiktok,Android
u_011993,2024-11-07 03:36:17,KR,organic,Android
u_011994,2024-11-19 13:42:44,KR,referral,Android
u_011995,2024-12-10 12:21:44,KR,paid_facebook,iOS
u_011996,2024-12-10 14:16:34,KR,cross_promo,Android
u_011997,2024-12-18 20:02:19,JP,cross_promo,iOS
u_011998,2024-12-27 14:10:14,US,organic,iOS
u_011999,2024-12-02 10:04:42,JP,cross_promo,iOS
u_012000,2024-11-10 03:25:02,JP,paid_tiktok,iOS
u_012001,2024-11-28 22:06:24,JP,cross_promo,Android
u_012002,2024-12-21 13:53:38,US,paid_facebook,Android
u_012003,2024-11-01 03:27:26,KR,referral,Android
u_012004,2024-12-29 13:38:44,KR,paid_tiktok,Android
u_012005,2024-11-13 15:07:02,JP,referral,Android
u_012006,2024-12-17 04:45:36,US,organic,Android
u_012007,2024-12-21 19:09:58,KR,paid_tiktok,Android
u_012008,2024-12-31 19:06:19,KR,cross_promo,iOS
u_012009,2024-11-26 06:12:51,KR,paid_tiktok,Android
u_012010,2024-12-12 03:25:55,US,referral,Android
u_012011,2024-12-05 14:43:43,US,cross_promo,Android
u_012012,2024-12-07 00:33:22,KR,referral,Android
u_012013,2024-12-23 20:07:27,US,paid_google,iOS
u_012014,2024-11-06 21:01:22,US,referral,Android
u_012015,2024-11-29 01:23:43,US,paid_facebook,iOS
u_012016,2024-11-04 18:18:18,KR,paid_google,Android
u_012017,2024-12-28 22:58:08,US,paid_tiktok,Android
u_012018,2024-12-01 23:58:38,KR,cross_promo,Android
u_012019,2024-11-17 20:54:03,KR,organic,Android
u_012020,2024-11-03 22:10:15,KR,cross_promo,Android
u_012021,2024-11-08 07:54:14,KR,paid_google,Android
u_012022,2024-11-11 17:23:52,KR,paid_facebook,iOS
u_012023,2024-11-14 08:05:55,KR,paid_facebook,Android
u_012024,2024-12-09 15:59:46,KR,paid_google,Android
u_012025,2024-12-05 01:11:27,KR,referral,Android
u_012026,2024-11-20 11:03:46,US,paid_google,iOS
u_012027,2024-12-27 17:41:01,JP,referral,Android
u_012028,2024-11-29 14:23:22,KR,organic,Android
u_012029,2024-11-27 08:25:06,JP,cross_promo,Android
u_012030,2024-12-17 14:38:04,US,organic,Android
u_012031,2024-11-15 07:35:30,KR,paid_facebook,Android
u_012032,2024-12-22 09:17:43,JP,paid_facebook,Android
u_012033,2024-11-29 12:39:38,KR,paid_facebook,Android
u_012034,2024-11-23 03:07:23,JP,cross_promo,Android
u_012035,2024-12-17 23:24:30,US,referral,iOS
u_012036,2024-11-21 18:35:49,KR,cross_promo,iOS
u_012037,2024-11-10 10:37:33,KR,referral,Android
u_012038,2024-11-22 18:39:41,KR,paid_facebook,iOS
u_012039,2024-12-12 04:40:13,KR,organic,iOS
u_012040,2024-12-11 04:21:52,US,organic,Android
u_012041,2024-11-20 14:54:52,KR,referral,iOS
u_012042,2024-11-01 04:59:53,JP,paid_facebook,Android
u_012043,2024-12-04 03:57:21,US,cross_promo,Android
u_012044,2024-12-03 05:18:30,KR,paid_tiktok,iOS
u_012045,2024-11-04 18:37:29,KR,referral,iOS
u_012046,2024-12-06 08:19:16,KR,organic,Android
u_012047,2024-12-09 02:27:53,KR,paid_tiktok,Android
u_012048,2024-12-10 21:52:51,KR,paid_facebook,iOS
u_012049,2024-12-04 02:43:21,US,organic,Android
u_012050,2024-11-22 21:18:27,KR,paid_google,Android
u_012051,2024-11-06 14:15:57,US,paid_google,iOS
u_012052,2024-12-19 12:57:26,US,cross_promo,Android
u_012053,2024-12-20 22:43:31,KR,paid_facebook,Android
u_012054,2024-12-06 09:14:17,KR,paid_tiktok,Android
u_012055,2024-11-07 04:21:09,JP,paid_google,Android
u_012056,2024-11-20 22:36:17,KR,paid_facebook,iOS
u_012057,2024-12-24 14:17:52,US,paid_facebook,iOS
u_012058,2024-12-19 10:03:34,KR,organic,Android
u_012059,2024-11-08 09:14:32,US,paid_google,Android
u_012060,2024-12-12 17:16:42,KR,referral,iOS
u_012061,2024-12-04 08:19:42,KR,organic,iOS
u_012062,2024-12-31 23:01:32,KR,paid_google,Android
u_012063,2024-12-13 09:46:28,KR,paid_google,iOS
u_012064,2024-12-10 23:35:48,US,referral,iOS
u_012065,2024-12-25 12:08:51,KR,paid_google,Android
u_012066,2024-12-09 18:40:20,KR,referral,Android
u_012067,2024-12-01 00:21:56,US,paid_tiktok,Android
u_012068,2024-12-30 13:10:58,KR,paid_google,iOS
u_012069,2024-12-18 16:26:57,KR,paid_tiktok,Android
u_012070,2024-12-16 07:44:03,JP,organic,Android
u_012071,2024-11-27 23:07:36,KR,referral,iOS
u_012072,2024-12-26 01:40:40,KR,cross_promo,iOS
u_012073,2024-12-28 21:30:18,KR,referral,Android
u_012074,2024-12-20 17:23:35,US,paid_google,Android
u_012075,2024-11-02 15:46:45,KR,referral,Android
u_012076,2024-12-17 14:39:52,KR,paid_google,Android
u_012077,2024-11-14 19:52:56,US,cross_promo,Android
u_012078,2024-12-27 08:58:13,KR,cross_promo,Android
u_012079,2024-12-20 22:54:20,KR,paid_google,Android
u_012080,2024-12-05 01:57:11,KR,referral,iOS
u_012081,2024-12-27 19:38:18,JP,organic,Android
u_012082,2024-11-23 10:34:03,JP,paid_tiktok,Android
u_012083,2024-11-08 16:29:02,JP,paid_google,iOS
u_012084,2024-11-30 16:05:38,KR,paid_google,Android
u_012085,2024-12-27 05:31:41,KR,paid_facebook,iOS
u_012086,2024-11-15 09:19:51,JP,cross_promo,Android
u_012087,2024-12-21 16:38:02,KR,paid_tiktok,Android
u_012088,2024-11-29 14:50:10,KR,paid_tiktok,Android
u_012089,2024-11-01 09:00:47,JP,paid_facebook,iOS
u_012090,2024-12-16 11:44:45,KR,organic,iOS
u_012091,2024-12-20 00:29:40,JP,paid_facebook,Android
u_012092,2024-12-23 04:56:48,KR,paid_tiktok,Android
u_012093,2024-11-13 05:55:22,KR,paid_google,iOS
u_012094,2024-11-06 09:33:30,KR,organic,Android
u_012095,2024-11-17 04:52:23,KR,organic,Android
u_012096,2024-11-28 18:29:52,KR,paid_facebook,Android
u_012097,2024-12-03 04:15:35,KR,cross_promo,Android
u_012098,2024-12-04 10:27:42,KR,cross_promo,Android
u_012099,2024-11-14 04:40:42,US,paid_google,Android
u_012100,2024-11-21 12:32:51,US,cross_promo,Android
u_012101,2024-12-17 20:09:02,JP,cross_promo,iOS
u_012102,2024-12-24 12:48:22,US,organic,iOS
u_012103,2024-11-13 20:50:34,JP,organic,Android
u_012104,2024-11-04 05:27:22,KR,cross_promo,Android
u_012105,2024-11-15 09:22:20,KR,cross_promo,Android
u_012106,2024-11-06 15:20:36,US,paid_facebook,Android
u_012107,2024-12-23 07:02:57,US,referral,Android
u_012108,2024-11-19 07:05:48,KR,paid_facebook,Android
u_012109,2024-12-03 19:57:49,JP,paid_google,iOS
u_012110,2024-11-28 00:28:39,KR,paid_tiktok,Android
u_012111,2024-11-02 07:37:00,US,paid_tiktok,Android
u_012112,2024-11-29 19:23:45,JP,paid_facebook,Android
u_012113,2024-11-04 05:30:30,US,organic,Android
u_012114,2024-12-31 00:08:35,KR,cross_promo,Android
u_012115,2024-11-25 14:40:47,KR,cross_promo,Android
u_012116,2024-11-04 19:48:06,JP,referral,iOS
u_012117,2024-11-19 02:00:13,KR,paid_facebook,iOS
u_012118,2024-11-06 02:57:40,KR,paid_tiktok,iOS
u_012119,2024-12-27 10:52:44,KR,paid_google,Android
u_012120,2024-12-15 16:29:00,KR,referral,Android
u_012121,2024-11-09 17:59:44,KR,referral,iOS
u_012122,2024-11-16 08:43:54,KR,paid_tiktok,Android
u_012123,2024-11-18 03:20:13,KR,referral,Android
u_012124,2024-11-20 11:10:11,KR,paid_google,iOS
u_012125,2024-12-14 05:48:49,KR,organic,iOS
u_012126,2024-12-19 06:44:54,KR,referral,Android
u_012127,2024-11-29 09:10:33,KR,organic,iOS
u_012128,2024-12-28 15:43:10,JP,cross_promo,iOS
u_012129,2024-11-07 00:40:23,KR,paid_tiktok,Android
u_012130,2024-11-13 02:43:30,US,paid_google,iOS
u_012131,2024-12-05 06:35:07,KR,organic,Android
u_012132,2024-12-16 01:20:02,JP,referral,Android
u_012133,2024-12-15 01:30:15,KR,paid_google,iOS
u_012134,2024-11-18 11:25:12,KR,paid_tiktok,Android
u_012135,2024-11-09 03:30:37,KR,paid_tiktok,iOS
u_012136,2024-11-28 01:42:50,KR,organic,Android
u_012137,2024-12-19 00:04:31,JP,paid_facebook,iOS
u_012138,2024-12-08 23:56:08,KR,paid_tiktok,Android
u_012139,2024-12-26 03:35:14,US,paid_google,Android
u_012140,2024-11-18 19:16:15,KR,referral,Android
u_012141,2024-12-08 09:49:34,KR,paid_google,Android
u_012142,2024-11-15 20:30:27,US,paid_tiktok,Android
u_012143,2024-12-02 10:40:29,KR,organic,Android
u_012144,2024-11-13 07:07:45,KR,paid_google,Android
u_012145,2024-11-24 13:05:20,JP,organic,Android
u_012146,2024-11-16 17:29:36,KR,paid_tiktok,iOS
u_012147,2024-11-28 14:24:13,JP,paid_facebook,iOS
u_012148,2024-11-23 09:52:43,US,organic,Android
u_012149,2024-12-28 07:28:41,KR,organic,iOS
u_012150,2024-12-21 21:06:59,JP,paid_tiktok,iOS
u_012151,2024-11-10 13:09:21,KR,cross_promo,Android
u_012152,2024-12-22 07:48:40,JP,paid_tiktok,Android
u_012153,2024-12-14 14:54:21,KR,paid_tiktok,iOS
u_012154,2024-11-04 14:36:24,JP,cross_promo,Android
u_012155,2024-12-25 21:03:55,JP,cross_promo,Android
u_012156,2024-12-04 04:57:55,US,paid_google,Android
u_012157,2024-11-30 21:19:27,KR,cross_promo,Android
u_012158,2024-11-18 09:29:59,KR,cross_promo,iOS
u_012159,2024-11-01 11:03:31,US,cross_promo,iOS
u_012160,2024-12-11 10:29:38,KR,paid_facebook,Android
u_012161,2024-11-18 20:01:05,US,cross_promo,Android
u_012162,2024-12-16 22:33:23,KR,organic,Android
u_012163,2024-12-11 14:11:24,KR,paid_facebook,Android
u_012164,2024-11-28 13:57:23,KR,cross_promo,Android
u_012165,2024-11-05 03:12:57,KR,paid_facebook,Android
u_012166,2024-12-17 19:48:28,KR,organic,Android
u_012167,2024-12-31 03:56:24,JP,referral,Android
u_012168,2024-12-02 10:22:41,JP,referral,iOS
u_012169,2024-11-22 05:49:21,JP,paid_facebook,Android
u_012170,2024-11-01 09:08:04,KR,referral,Android
u_012171,2024-11-15 07:18:56,US,organic,iOS
u_012172,2024-12-30 20:24:48,KR,paid_tiktok,iOS
u_012173,2024-12-14 04:44:09,KR,cross_promo,Android
u_012174,2024-12-04 22:56:01,JP,paid_tiktok,iOS
u_012175,2024-12-14 08:39:46,KR,paid_google,Android
u_012176,2024-11-20 07:13:07,US,paid_facebook,iOS
u_012177,2024-11-02 19:11:23,US,organic,Android
u_012178,2024-11-07 04:21:45,JP,organic,iOS
u_012179,2024-12-16 13:13:40,KR,referral,iOS
u_012180,2024-11-24 22:36:32,US,paid_facebook,Android
u_012181,2024-12-19 19:30:54,JP,cross_promo,Android
u_012182,2024-12-04 03:06:44,KR,paid_facebook,Android
u_012183,2024-12-03 02:05:15,KR,paid_google,Android
u_012184,2024-12-27 18:57:08,JP,paid_facebook,Android
u_012185,2024-11-04 17:16:49,KR,organic,Android
u_012186,2024-11-04 23:33:10,KR,organic,Android
u_012187,2024-12-13 09:07:49,JP,referral,Android
u_012188,2024-12-12 08:48:47,JP,paid_google,Android
u_012189,2024-12-22 08:59:57,KR,paid_tiktok,iOS
u_012190,2024-11-28 04:31:23,KR,paid_google,iOS
u_012191,2024-12-18 05:29:51,KR,paid_google,Android
u_012192,2024-12-29 09:30:51,KR,paid_facebook,iOS
u_012193,2024-12-09 22:22:30,KR,organic,Android
u_012194,2024-12-30 04:07:51,US,paid_facebook,iOS
u_012195,2024-11-23 04:41:12,KR,paid_facebook,Android
u_012196,2024-12-20 11:52:37,KR,paid_tiktok,Android
u_012197,2024-11-10 18:14:51,KR,organic,Android
u_012198,2024-12-18 03:53:41,KR,paid_facebook,iOS
u_012199,2024-11-18 22:57:36,KR,organic,Android
u_012200,2024-11-01 12:20:52,KR,paid_facebook,Android
u_012201,2024-11-26 15:13:25,KR,paid_tiktok,Android
u_012202,2024-12-05 17:32:08,JP,referral,Android
u_012203,2024-11-13 00:24:56,JP,paid_google,iOS
u_012204,2024-12-23 05:40:33,KR,paid_facebook,Android
u_012205,2024-11-18 20:11:06,JP,paid_tiktok,Android
u_012206,2024-11-19 16:04:16,KR,organic,Android
u_012207,2024-12-27 08:09:55,KR,cross_promo,iOS
u_012208,2024-11-14 12:48:59,US,referral,Android
u_012209,2024-11-28 01:20:39,KR,cross_promo,Android
u_012210,2024-12-23 17:18:59,KR,referral,Android
u_012211,2024-12-08 08:44:56,KR,cross_promo,iOS
u_012212,2024-12-05 12:21:27,JP,paid_google,Android
u_012213,2024-12-22 11:07:32,KR,referral,Android
u_012214,2024-11-19 04:31:30,KR,cross_promo,iOS
u_012215,2024-11-29 01:54:18,JP,paid_tiktok,iOS
u_012216,2024-12-15 16:15:20,US,paid_tiktok,iOS
u_012217,2024-12-19 13:06:16,JP,paid_google,iOS
u_012218,2024-11-29 12:59:06,KR,referral,iOS
u_012219,2024-11-29 23:01:17,US,paid_facebook,Android
u_012220,2024-11-11 04:56:59,KR,referral,Android
u_012221,2024-11-13 13:46:17,JP,referral,iOS
u_012222,2024-11-01 09:50:09,KR,organic,Android
u_012223,2024-11-15 22:03:41,KR,cross_promo,Android
u_012224,2024-11-10 21:57:10,KR,referral,iOS
u_012225,2024-11-25 02:07:07,JP,paid_facebook,Android
u_012226,2024-12-26 01:58:44,KR,paid_google,Android
u_012227,2024-11-29 13:18:14,JP,paid_facebook,Android
u_012228,2024-11-17 23:21:20,KR,paid_facebook,Android
u_012229,2024-12-21 18:32:07,KR,organic,iOS
u_012230,2024-12-12 01:35:02,KR,organic,iOS
u_012231,2024-11-05 05:23:51,JP,paid_google,Android
u_012232,2024-12-16 20:08:00,KR,organic,iOS
u_012233,2024-11-23 06:06:16,US,paid_tiktok,Android
u_012234,2024-12-12 06:37:49,KR,referral,iOS
u_012235,2024-12-14 19:59:46,KR,paid_google,iOS
u_012236,2024-11-16 07:32:03,JP,organic,Android
u_012237,2024-11-28 22:52:54,KR,paid_facebook,Android
u_012238,2024-11-28 15:13:20,US,paid_facebook,Android
u_012239,2024-11-07 08:39:02,JP,paid_google,iOS
u_012240,2024-12-23 22:18:48,KR,cross_promo,iOS
u_012241,2024-11-02 18:53:16,KR,referral,Android
u_012242,2024-12-04 02:02:19,JP,paid_tiktok,Android
u_012243,2024-12-25 06:32:16,US,paid_facebook,Android
u_012244,2024-12-30 13:51:49,JP,referral,Android
u_012245,2024-12-16 02:29:44,KR,paid_tiktok,iOS
u_012246,2024-12-26 06:35:54,KR,organic,Android
u_012247,2024-12-31 19:14:39,KR,paid_tiktok,Android
u_012248,2024-12-03 15:22:04,KR,cross_promo,Android
u_012249,2024-12-06 10:23:04,KR,referral,Android
u_012250,2024-11-09 07:14:53,US,referral,Android
u_012251,2024-11-18 17:04:43,KR,organic,iOS
u_012252,2024-12-07 20:03:58,KR,cross_promo,Android
u_012253,2024-12-08 01:04:48,US,paid_tiktok,iOS
u_012254,2024-12-20 10:28:23,KR,organic,Android
u_012255,2024-12-09 04:39:52,JP,organic,Android
u_012256,2024-11-22 04:47:26,US,paid_facebook,Android
u_012257,2024-12-04 06:54:45,US,paid_facebook,Android
u_012258,2024-12-21 20:41:32,US,referral,iOS
u_012259,2024-11-30 11:19:35,US,cross_promo,Android
u_012260,2024-12-01 11:13:53,KR,referral,Android
u_012261,2024-12-16 23:56:21,KR,paid_facebook,Android
u_012262,2024-11-07 12:30:31,KR,cross_promo,iOS
u_012263,2024-11-13 20:36:16,KR,paid_tiktok,iOS
u_012264,2024-11-24 06:16:00,KR,paid_facebook,Android
u_012265,2024-12-08 05:27:04,US,paid_tiktok,Android
u_012266,2024-12-10 16:42:47,KR,paid_facebook,Android
u_012267,2024-12-18 08:03:38,JP,paid_google,Android
u_012268,2024-12-09 03:40:41,JP,referral,Android
u_012269,2024-11-30 21:57:16,JP,paid_tiktok,iOS
u_012270,2024-12-08 10:13:15,US,cross_promo,Android
u_012271,2024-12-13 04:19:49,US,paid_tiktok,iOS
u_012272,2024-11-17 18:18:13,US,referral,Android
u_012273,2024-11-30 20:06:52,JP,cross_promo,Android
u_012274,2024-11-09 13:28:44,KR,paid_google,Android
u_012275,2024-12-28 01:32:52,KR,paid_google,iOS
u_012276,2024-12-14 21:12:29,KR,paid_tiktok,Android
u_012277,2024-12-23 14:41:56,JP,organic,Android
u_012278,2024-11-25 01:35:14,KR,paid_tiktok,iOS
u_012279,2024-11-15 11:48:20,KR,paid_tiktok,Android
u_012280,2024-11-02 17:05:24,JP,paid_google,iOS
u_012281,2024-12-26 11:01:27,KR,paid_facebook,Android
u_012282,2024-12-05 02:18:30,JP,organic,iOS
u_012283,2024-11-17 01:41:46,KR,paid_tiktok,Android
u_012284,2024-12-17 08:45:29,KR,cross_promo,iOS
u_012285,2024-12-04 12:26:34,JP,paid_google,Android
u_012286,2024-12-05 12:35:29,KR,referral,iOS
u_012287,2024-11-16 14:44:46,KR,organic,iOS
u_012288,2024-12-11 08:35:31,US,referral,iOS
u_012289,2024-11-25 03:13:08,KR,paid_facebook,Android
u_012290,2024-12-05 17:22:42,KR,organic,iOS
u_012291,2024-11-10 03:52:08,KR,referral,Android
u_012292,2024-12-16 02:47:22,KR,cross_promo,Android
u_012293,2024-12-06 03:44:46,KR,paid_facebook,iOS
u_012294,2024-12-22 21:25:47,KR,paid_tiktok,iOS
u_012295,2024-11-04 17:31:21,JP,cross_promo,Android
u_012296,2024-11-13 05:42:03,KR,paid_google,iOS
u_012297,2024-12-11 17:59:14,US,paid_facebook,iOS
u_012298,2024-12-05 15:36:20,JP,paid_google,iOS
u_012299,2024-11-29 02:03:40,US,paid_tiktok,Android
u_012300,2024-11-12 00:55:34,JP,paid_tiktok,Android
u_012301,2024-12-24 02:34:43,KR,organic,iOS
u_012302,2024-11-21 05:38:50,JP,paid_facebook,iOS
u_012303,2024-11-20 18:06:04,KR,organic,Android
u_012304,2024-11-18 01:03:55,JP,paid_tiktok,Android
u_012305,2024-12-01 16:50:14,KR,cross_promo,iOS
u_012306,2024-11-07 15:36:39,KR,paid_tiktok,iOS
u_012307,2024-11-17 19:26:08,JP,paid_tiktok,iOS
u_012308,2024-12-01 16:34:48,JP,paid_google,Android
u_012309,2024-12-19 10:59:17,JP,paid_google,Android
u_012310,2024-11-29 20:48:50,KR,referral,Android
u_012311,2024-12-28 18:53:12,US,referral,Android
u_012312,2024-12-28 11:14:43,JP,referral,Android
u_012313,2024-11-15 06:37:08,JP,referral,Android
u_012314,2024-12-23 00:44:51,US,paid_google,Android
u_012315,2024-12-05 07:02:32,KR,paid_facebook,iOS
u_012316,2024-11-25 06:26:21,JP,referral,Android
u_012317,2024-11-30 03:10:31,KR,cross_promo,iOS
u_012318,2024-11-25 23:49:19,US,referral,iOS
u_012319,2024-11-21 16:12:44,KR,paid_tiktok,Android
u_012320,2024-11-19 13:44:58,KR,paid_tiktok,Android
u_012321,2024-11-16 00:21:56,KR,referral,Android
u_012322,2024-12-28 03:01:13,KR,referral,iOS
u_012323,2024-11-17 18:59:34,US,paid_google,Android
u_012324,2024-11-19 20:58:56,KR,organic,iOS
u_012325,2024-12-28 16:35:27,KR,cross_promo,iOS
u_012326,2024-12-01 03:37:45,KR,paid_facebook,iOS
u_012327,2024-11-17 17:12:20,KR,paid_tiktok,iOS
u_012328,2024-12-29 12:51:28,US,cross_promo,iOS
u_012329,2024-11-19 07:12:30,KR,referral,Android
u_012330,2024-11-14 13:31:36,JP,organic,iOS
u_012331,2024-12-17 09:25:02,KR,cross_promo,iOS
u_012332,2024-11-18 23:38:43,US,cross_promo,Android
u_012333,2024-12-17 12:54:11,KR,referral,Android
u_012334,2024-12-24 12:24:54,KR,paid_facebook,iOS
u_012335,2024-12-01 12:11:48,JP,paid_tiktok,iOS
u_012336,2024-11-30 11:48:03,KR,paid_tiktok,Android
u_012337,2024-12-28 09:53:36,KR,cross_promo,Android
u_012338,2024-12-02 09:31:29,US,cross_promo,Android
u_012339,2024-11-11 12:46:05,US,organic,iOS
u_012340,2024-11-07 12:45:07,US,referral,Android
u_012341,2024-12-23 08:14:09,US,referral,iOS
u_012342,2024-11-02 15:38:33,US,paid_google,Android
u_012343,2024-12-28 06:45:36,JP,paid_tiktok,Android
u_012344,2024-12-23 08:04:04,US,paid_tiktok,iOS
u_012345,2024-11-30 00:12:37,JP,paid_tiktok,Android
u_012346,2024-11-03 23:39:46,KR,paid_facebook,Android
u_012347,2024-11-28 00:39:34,KR,paid_tiktok,Android
u_012348,2024-11-28 23:50:15,JP,organic,Android
u_012349,2024-12-12 12:04:19,KR,paid_facebook,Android
u_012350,2024-12-29 18:20:51,JP,paid_google,Android
u_012351,2024-12-24 20:00:56,JP,paid_google,Android
u_012352,2024-12-02 03:54:35,US,paid_tiktok,Android
u_012353,2024-12-04 01:37:27,KR,cross_promo,iOS
u_012354,2024-11-18 01:04:47,KR,referral,Android
u_012355,2024-11-08 08:48:40,JP,paid_tiktok,iOS
u_012356,2024-12-18 07:33:03,KR,organic,Android
u_012357,2024-11-06 14:11:06,KR,paid_facebook,iOS
u_012358,2024-11-13 08:35:50,US,paid_facebook,Android
u_012359,2024-11-08 07:38:01,US,paid_facebook,Android
u_012360,2024-12-25 23:13:27,KR,paid_facebook,iOS
u_012361,2024-12-16 21:34:06,JP,organic,iOS
u_012362,2024-12-24 20:19:12,JP,cross_promo,iOS
u_012363,2024-12-10 21:46:40,KR,cross_promo,Android
u_012364,2024-12-27 02:39:19,KR,paid_google,Android
u_012365,2024-11-03 19:34:38,KR,organic,Android
u_012366,2024-11-22 07:52:34,US,organic,Android
u_012367,2024-12-04 23:35:19,JP,organic,Android
u_012368,2024-11-14 11:24:47,US,organic,iOS
u_012369,2024-11-09 03:33:15,KR,paid_tiktok,iOS
u_012370,2024-12-24 01:43:21,JP,paid_google,Android
u_012371,2024-11-03 19:40:48,US,paid_google,Android
u_012372,2024-11-18 13:46:12,JP,paid_tiktok,Android
u_012373,2024-12-23 22:07:45,KR,cross_promo,Android
u_012374,2024-12-24 21:34:28,US,organic,Android
u_012375,2024-12-12 20:09:50,JP,paid_google,Android
u_012376,2024-12-29 17:42:59,JP,cross_promo,iOS
u_012377,2024-12-31 18:23:39,KR,referral,iOS
u_012378,2024-12-30 22:48:06,KR,paid_google,iOS
u_012379,2024-12-01 10:07:58,KR,paid_facebook,Android
u_012380,2024-12-14 05:56:41,KR,paid_facebook,Android
u_012381,2024-11-29 22:33:39,JP,paid_facebook,iOS
u_012382,2024-12-30 17:45:10,US,paid_tiktok,iOS
u_012383,2024-11-13 14:11:59,KR,organic,Android
u_012384,2024-12-12 20:24:43,JP,cross_promo,Android
u_012385,2024-11-29 13:28:19,KR,referral,Android
u_012386,2024-11-07 00:53:35,KR,paid_facebook,Android
u_012387,2024-11-02 10:47:58,US,organic,Android
u_012388,2024-12-29 01:05:31,US,referral,Android
u_012389,2024-12-14 15:02:12,KR,paid_facebook,iOS
u_012390,2024-11-05 20:45:28,KR,referral,Android
u_012391,2024-11-06 23:33:57,JP,referral,iOS
u_012392,2024-11-19 23:11:50,KR,paid_google,iOS
u_012393,2024-11-01 13:29:42,KR,cross_promo,Android
u_012394,2024-12-27 01:30:59,KR,paid_tiktok,Android
u_012395,2024-12-03 01:21:21,KR,referral,Android
u_012396,2024-12-29 22:22:24,KR,paid_tiktok,iOS
u_012397,2024-11-05 01:27:36,US,organic,Android
u_012398,2024-12-11 14:55:41,KR,paid_tiktok,iOS
u_012399,2024-11-09 19:28:23,KR,paid_google,iOS
u_012400,2024-11-04 14:13:55,KR,cross_promo,iOS
u_012401,2024-11-02 14:44:48,KR,paid_facebook,Android
u_012402,2024-11-25 05:57:11,KR,paid_facebook,iOS
u_012403,2024-12-12 13:17:58,KR,paid_facebook,iOS
u_012404,2024-11-18 13:55:08,JP,paid_facebook,Android
u_012405,2024-12-22 08:33:58,KR,referral,iOS
u_012406,2024-11-17 22:28:22,KR,organic,iOS
u_012407,2024-11-02 21:57:10,US,paid_google,Android
u_012408,2024-11-03 16:57:12,JP,paid_tiktok,Android
u_012409,2024-12-07 18:19:15,KR,paid_facebook,Android
u_012410,2024-11-04 02:56:07,US,referral,Android
u_012411,2024-11-04 07:05:27,KR,paid_facebook,Android
u_012412,2024-11-05 12:23:44,US,paid_facebook,Android
u_012413,2024-11-03 22:26:49,JP,paid_google,iOS
u_012414,2024-11-24 00:24:32,KR,paid_tiktok,iOS
u_012415,2024-11-14 17:05:09,JP,organic,Android
u_012416,2024-12-21 15:12:16,KR,cross_promo,iOS
u_012417,2024-12-26 00:41:01,KR,paid_google,iOS
u_012418,2024-12-06 07:00:27,KR,organic,Android
u_012419,2024-11-11 10:37:50,US,cross_promo,Android
u_012420,2024-12-06 04:56:36,KR,paid_facebook,iOS
u_012421,2024-12-07 10:35:20,JP,paid_facebook,Android
u_012422,2024-12-28 07:11:21,KR,paid_facebook,Android
u_012423,2024-12-28 09:11:21,JP,cross_promo,Android
u_012424,2024-12-22 12:01:47,KR,paid_tiktok,Android
u_012425,2024-11-24 10:23:19,KR,paid_tiktok,Android
u_012426,2024-12-29 13:27:04,JP,cross_promo,Android
u_012427,2024-11-15 19:25:17,KR,paid_google,iOS
u_012428,2024-11-17 02:49:54,JP,paid_facebook,iOS
u_012429,2024-12-20 05:16:23,JP,paid_google,Android
u_012430,2024-12-26 07:27:41,KR,paid_facebook,Android
u_012431,2024-12-13 05:26:07,KR,referral,Android
u_012432,2024-11-28 11:38:17,KR,paid_tiktok,iOS
u_012433,2024-12-02 17:39:49,KR,paid_google,Android
u_012434,2024-11-26 13:12:14,JP,organic,Android
u_012435,2024-12-30 14:48:54,KR,organic,Android
u_012436,2024-11-20 14:49:37,KR,cross_promo,iOS
u_012437,2024-12-13 04:39:43,KR,paid_facebook,Android
u_012438,2024-12-27 19:27:26,KR,cross_promo,Android
u_012439,2024-12-03 09:05:09,US,paid_tiktok,Android
u_012440,2024-12-18 16:07:00,JP,paid_tiktok,Android
u_012441,2024-12-29 22:45:41,US,paid_google,Android
u_012442,2024-11-20 10:46:14,KR,paid_facebook,iOS
u_012443,2024-11-22 02:31:40,KR,paid_facebook,iOS
u_012444,2024-11-28 13:51:36,JP,paid_tiktok,iOS
u_012445,2024-11-26 21:36:38,KR,referral,iOS
u_012446,2024-11-06 18:34:33,JP,referral,iOS
u_012447,2024-12-09 19:12:07,KR,paid_facebook,Android
u_012448,2024-11-13 19:45:37,US,paid_facebook,Android
u_012449,2024-11-10 15:13:35,KR,paid_facebook,Android
u_012450,2024-12-05 17:21:26,KR,cross_promo,iOS
u_012451,2024-11-17 01:50:56,JP,paid_tiktok,Android
u_012452,2024-11-07 21:08:48,KR,paid_facebook,Android
u_012453,2024-12-24 07:43:01,JP,referral,Android
u_012454,2024-11-22 01:01:31,US,paid_google,Android
u_012455,2024-11-23 08:35:19,KR,paid_facebook,Android
u_012456,2024-11-18 14:15:34,KR,paid_facebook,Android
u_012457,2024-12-02 14:55:24,JP,paid_tiktok,Android
u_012458,2024-11-24 05:44:11,US,organic,iOS
u_012459,2024-11-02 05:38:28,KR,paid_facebook,iOS
u_012460,2024-11-22 14:59:23,KR,paid_facebook,iOS
u_012461,2024-12-13 20:29:51,JP,referral,Android
u_012462,2024-11-07 07:56:34,US,paid_tiktok,Android
u_012463,2024-12-23 16:24:37,KR,paid_tiktok,Android
u_012464,2024-12-03 19:56:50,KR,referral,Android
u_012465,2024-11-15 04:47:20,US,paid_tiktok,Android
u_012466,2024-12-06 15:46:50,JP,organic,Android
u_012467,2024-11-27 05:53:12,KR,paid_facebook,iOS
u_012468,2024-12-07 16:27:00,KR,paid_facebook,Android
u_012469,2024-11-16 02:19:56,US,organic,Android
u_012470,2024-12-11 22:37:48,KR,paid_google,Android
u_012471,2024-11-13 14:15:36,KR,referral,Android
u_012472,2024-11-14 13:42:01,JP,cross_promo,iOS
u_012473,2024-11-30 23:27:26,US,referral,Android
u_012474,2024-12-14 17:51:23,JP,paid_google,iOS
u_012475,2024-11-26 16:41:14,KR,organic,iOS
u_012476,2024-11-14 07:39:37,KR,paid_google,Android
u_012477,2024-12-03 16:52:04,KR,paid_google,Android
u_012478,2024-12-16 16:35:06,KR,cross_promo,Android
u_012479,2024-11-04 09:22:16,KR,paid_google,Android
u_012480,2024-12-10 04:07:13,US,paid_google,iOS
u_012481,2024-11-07 00:39:41,JP,organic,iOS
u_012482,2024-11-06 17:32:44,JP,organic,iOS
u_012483,2024-11-05 01:04:54,KR,paid_google,iOS
u_012484,2024-12-21 07:29:32,KR,paid_facebook,Android
u_012485,2024-11-26 08:49:19,JP,organic,iOS
u_012486,2024-12-06 15:47:56,JP,paid_google,iOS
u_012487,2024-12-14 06:27:12,JP,referral,Android
u_012488,2024-12-01 14:28:14,US,cross_promo,iOS
u_012489,2024-11-17 10:26:49,JP,paid_google,Android
u_012490,2024-12-19 09:33:16,JP,referral,Android
u_012491,2024-12-16 03:24:01,JP,paid_facebook,Android
u_012492,2024-11-17 09:07:13,JP,paid_google,iOS
u_012493,2024-11-03 08:13:04,US,organic,iOS
u_012494,2024-11-12 03:12:37,JP,paid_google,Android
u_012495,2024-11-16 10:47:11,JP,paid_google,Android
u_012496,2024-12-12 14:25:56,JP,paid_facebook,Android
u_012497,2024-11-20 20:52:08,JP,paid_facebook,Android
u_012498,2024-12-05 21:13:23,JP,paid_tiktok,Android
u_012499,2024-11-03 10:01:01,US,organic,Android
u_012500,2024-12-06 12:57:05,KR,organic,iOS
u_012501,2024-12-07 14:04:53,KR,paid_tiktok,iOS
u_012502,2024-12-06 07:46:52,KR,paid_tiktok,Android
u_012503,2024-11-08 08:30:16,KR,paid_tiktok,Android
u_012504,2024-11-30 22:48:58,KR,paid_tiktok,Android
u_012505,2024-11-06 06:41:10,KR,organic,Android
u_012506,2024-11-15 08:21:17,KR,paid_tiktok,Android
u_012507,2024-12-07 05:09:35,JP,cross_promo,iOS
u_012508,2024-11-01 15:33:33,KR,referral,iOS
u_012509,2024-12-29 11:46:02,JP,paid_tiktok,Android
u_012510,2024-11-28 03:28:29,KR,organic,Android
u_012511,2024-11-11 04:54:35,KR,referral,Android
u_012512,2024-11-18 09:13:14,JP,cross_promo,Android
u_012513,2024-11-28 17:20:28,JP,paid_google,iOS
u_012514,2024-12-10 12:31:29,KR,paid_tiktok,Android
u_012515,2024-12-02 07:12:23,JP,paid_google,Android
u_012516,2024-12-31 23:11:55,KR,referral,Android
u_012517,2024-11-27 15:59:36,JP,referral,iOS
u_012518,2024-11-12 09:21:37,KR,paid_facebook,iOS
u_012519,2024-11-04 08:34:28,JP,paid_facebook,iOS
u_012520,2024-11-14 18:47:51,KR,referral,iOS
u_012521,2024-12-24 02:48:24,JP,organic,Android
u_012522,2024-11-08 12:51:04,KR,paid_facebook,iOS
u_012523,2024-12-13 11:15:03,JP,paid_tiktok,iOS
u_012524,2024-12-25 18:27:27,KR,paid_facebook,Android
u_012525,2024-12-11 05:59:33,KR,referral,Android
u_012526,2024-11-05 20:01:08,KR,referral,iOS
u_012527,2024-12-09 00:58:09,US,paid_facebook,Android
u_012528,2024-11-14 06:43:46,US,paid_tiktok,Android
u_012529,2024-12-14 18:55:22,KR,paid_google,Android
u_012530,2024-12-14 04:49:19,JP,paid_tiktok,Android
u_012531,2024-11-10 22:34:27,KR,paid_tiktok,Android
u_012532,2024-12-21 19:28:35,KR,referral,Android
u_012533,2024-12-19 04:54:45,KR,paid_google,iOS
u_012534,2024-11-25 07:15:32,US,paid_google,iOS
u_012535,2024-12-21 09:03:14,US,referral,Android
u_012536,2024-11-05 04:39:32,JP,referral,Android
u_012537,2024-11-08 21:40:47,JP,paid_google,iOS
u_012538,2024-12-19 06:35:45,KR,paid_facebook,Android
u_012539,2024-12-26 07:42:09,US,organic,Android
u_012540,2024-12-07 14:06:25,KR,cross_promo,Android
u_012541,2024-12-23 21:33:37,KR,cross_promo,Android
u_012542,2024-11-06 07:46:16,JP,paid_tiktok,Android
u_012543,2024-11-27 11:39:51,US,organic,Android
u_012544,2024-12-25 16:25:22,JP,paid_google,iOS
u_012545,2024-11-12 07:41:38,KR,cross_promo,Android
u_012546,2024-11-02 10:54:31,US,paid_tiktok,iOS
u_012547,2024-12-28 23:09:53,JP,referral,Android
u_012548,2024-11-21 19:58:27,KR,referral,iOS
u_012549,2024-11-26 06:30:27,KR,referral,Android
u_012550,2024-11-02 09:02:25,KR,referral,iOS
u_012551,2024-11-29 19:24:37,KR,organic,Android
u_012552,2024-12-06 05:14:29,KR,referral,Android
u_012553,2024-11-19 12:35:55,KR,paid_tiktok,Android
u_012554,2024-11-05 08:07:39,KR,organic,Android
u_012555,2024-11-02 17:48:37,US,paid_tiktok,Android
u_012556,2024-11-12 03:53:12,KR,referral,Android
u_012557,2024-12-08 12:15:38,JP,organic,Android
u_012558,2024-12-01 11:51:02,JP,paid_google,iOS
u_012559,2024-12-28 19:08:56,KR,cross_promo,iOS
u_012560,2024-11-01 11:36:34,US,paid_facebook,Android
u_012561,2024-11-11 21:23:32,JP,organic,Android
u_012562,2024-11-12 16:10:55,KR,organic,Android
u_012563,2024-12-23 02:35:27,KR,paid_facebook,Android
u_012564,2024-12-25 11:25:32,US,cross_promo,Android
u_012565,2024-12-03 13:01:50,KR,paid_tiktok,iOS
u_012566,2024-11-02 03:01:44,JP,organic,Android
u_012567,2024-12-26 00:47:44,KR,organic,Android
u_012568,2024-11-21 05:39:47,KR,cross_promo,Android
u_012569,2024-11-15 05:59:55,US,paid_google,Android
u_012570,2024-12-19 14:19:36,JP,cross_promo,Android
u_012571,2024-11-21 22:02:25,KR,paid_tiktok,Android
u_012572,2024-11-06 09:43:27,KR,cross_promo,iOS
u_012573,2024-12-09 08:46:10,KR,paid_tiktok,iOS
u_012574,2024-11-17 22:39:23,KR,referral,iOS
u_012575,2024-11-09 05:32:34,KR,paid_facebook,Android
u_012576,2024-11-21 00:05:29,KR,paid_facebook,Android
u_012577,2024-11-09 14:21:57,KR,paid_tiktok,Android
u_012578,2024-11-08 04:51:54,KR,paid_google,iOS
u_012579,2024-12-14 18:26:34,KR,referral,Android
u_012580,2024-12-14 06:52:27,KR,paid_facebook,Android
u_012581,2024-11-29 02:57:50,US,paid_facebook,Android
u_012582,2024-11-23 07:34:13,KR,paid_facebook,iOS
u_012583,2024-11-26 09:24:36,KR,organic,Android
u_012584,2024-11-26 19:01:37,KR,paid_tiktok,iOS
u_012585,2024-12-02 15:59:56,JP,cross_promo,Android
u_012586,2024-12-02 02:05:42,KR,organic,iOS
u_012587,2024-12-10 06:03:33,JP,paid_tiktok,Android
u_012588,2024-11-16 22:26:09,KR,paid_facebook,Android
u_012589,2024-11-24 02:17:54,KR,organic,iOS
u_012590,2024-11-25 04:51:46,JP,paid_facebook,Android
u_012591,2024-11-05 00:09:45,KR,referral,iOS
u_012592,2024-12-02 17:22:30,KR,paid_facebook,Android
u_012593,2024-11-13 21:54:45,KR,organic,Android
u_012594,2024-12-28 03:57:22,KR,cross_promo,Android
u_012595,2024-12-22 09:38:10,KR,referral,Android
u_012596,2024-12-18 22:15:59,JP,paid_tiktok,Android
u_012597,2024-11-18 18:27:17,JP,paid_tiktok,Android
u_012598,2024-11-06 00:43:03,KR,paid_facebook,iOS
u_012599,2024-11-18 16:32:54,US,paid_google,Android
u_012600,2024-11-29 10:20:01,KR,paid_tiktok,iOS
u_012601,2024-11-16 12:11:34,US,organic,iOS
u_012602,2024-11-25 23:23:07,KR,paid_facebook,iOS
u_012603,2024-11-23 19:47:37,KR,paid_tiktok,iOS
u_012604,2024-11-12 15:57:38,US,paid_tiktok,Android
u_012605,2024-11-27 19:03:27,US,paid_google,Android
u_012606,2024-12-21 18:36:10,US,cross_promo,Android
u_012607,2024-12-28 07:14:09,KR,paid_tiktok,Android
u_012608,2024-12-06 21:28:39,JP,paid_tiktok,Android
u_012609,2024-12-17 13:26:02,KR,paid_google,Android
u_012610,2024-11-01 16:46:15,JP,referral,Android
u_012611,2024-12-31 12:09:51,KR,referral,iOS
u_012612,2024-12-14 07:28:57,US,paid_google,iOS
u_012613,2024-12-20 08:57:23,KR,paid_facebook,Android
u_012614,2024-12-27 21:42:07,KR,cross_promo,Android
u_012615,2024-11-07 23:37:10,KR,paid_facebook,Android
u_012616,2024-12-25 07:44:27,US,referral,Android
u_012617,2024-11-02 09:13:35,KR,referral,iOS
u_012618,2024-12-11 08:00:21,KR,cross_promo,Android
u_012619,2024-11-30 16:23:35,KR,cross_promo,iOS
u_012620,2024-12-11 19:14:02,JP,cross_promo,Android
u_012621,2024-12-30 19:28:05,KR,cross_promo,iOS
u_012622,2024-11-29 13:27:49,KR,paid_tiktok,Android
u_012623,2024-11-13 03:27:25,US,paid_facebook,Android
u_012624,2024-11-24 13:55:28,KR,paid_tiktok,iOS
u_012625,2024-11-16 16:25:05,KR,referral,Android
u_012626,2024-11-22 21:32:05,KR,cross_promo,Android
u_012627,2024-11-22 15:42:44,KR,paid_tiktok,Android
u_012628,2024-12-07 09:16:47,KR,paid_google,iOS
u_012629,2024-12-25 19:19:08,KR,cross_promo,Android
u_012630,2024-12-28 22:49:32,JP,paid_google,Android
u_012631,2024-12-03 10:26:56,KR,paid_google,iOS
u_012632,2024-12-05 18:26:48,KR,cross_promo,iOS
u_012633,2024-12-31 08:05:19,KR,paid_tiktok,Android
u_012634,2024-11-04 20:51:26,KR,paid_google,iOS
u_012635,2024-11-22 01:28:09,KR,paid_google,Android
u_012636,2024-12-31 02:11:01,KR,referral,Android
u_012637,2024-11-10 11:20:20,US,cross_promo,Android
u_012638,2024-11-12 20:44:12,US,paid_google,iOS
u_012639,2024-12-08 07:50:17,JP,paid_tiktok,Android
u_012640,2024-12-31 02:56:49,KR,paid_facebook,Android
u_012641,2024-12-28 13:05:10,KR,paid_google,iOS
u_012642,2024-11-05 15:00:19,KR,cross_promo,Android
u_012643,2024-12-08 05:30:31,JP,paid_facebook,iOS
u_012644,2024-12-27 08:39:28,KR,cross_promo,iOS
u_012645,2024-12-16 16:56:36,US,paid_facebook,Android
u_012646,2024-11-17 02:37:42,US,paid_facebook,iOS
u_012647,2024-12-15 09:53:29,JP,organic,Android
u_012648,2024-12-23 18:04:37,KR,organic,Android
u_012649,2024-11-10 20:31:35,JP,cross_promo,Android
u_012650,2024-11-29 12:56:32,JP,paid_tiktok,Android
u_012651,2024-11-19 11:48:29,KR,organic,iOS
u_012652,2024-12-09 08:11:17,KR,cross_promo,iOS
u_012653,2024-12-20 12:16:33,KR,paid_google,Android
u_012654,2024-11-09 14:56:35,JP,organic,iOS
u_012655,2024-12-25 21:20:17,US,paid_facebook,Android
u_012656,2024-11-26 21:58:26,JP,referral,Android
u_012657,2024-11-07 10:43:35,KR,paid_google,iOS
u_012658,2024-12-22 07:09:02,US,paid_tiktok,Android
u_012659,2024-12-29 20:00:01,KR,cross_promo,Android
u_012660,2024-12-08 15:09:58,JP,paid_facebook,iOS
u_012661,2024-12-11 07:30:09,KR,paid_tiktok,Android
u_012662,2024-12-09 23:26:43,US,paid_google,Android
u_012663,2024-11-27 00:16:16,KR,paid_google,iOS
u_012664,2024-12-10 15:37:50,KR,referral,Android
u_012665,2024-12-26 16:12:14,JP,cross_promo,Android
u_012666,2024-11-21 03:59:07,KR,organic,Android
u_012667,2024-12-14 09:40:31,US,organic,iOS
u_012668,2024-12-15 01:19:14,KR,paid_facebook,Android
u_012669,2024-12-02 06:58:12,US,paid_tiktok,Android
u_012670,2024-11-09 19:09:15,KR,referral,Android
u_012671,2024-11-17 07:42:21,US,paid_google,Android
u_012672,2024-12-20 19:46:06,KR,cross_promo,iOS
u_012673,2024-12-06 04:44:02,JP,organic,iOS
u_012674,2024-11-23 12:46:06,KR,referral,Android
u_012675,2024-12-14 23:34:03,KR,referral,iOS
u_012676,2024-12-22 02:16:56,KR,organic,Android
u_012677,2024-12-13 11:01:57,US,paid_facebook,iOS
u_012678,2024-11-11 19:42:39,JP,paid_google,Android
u_012679,2024-11-24 11:30:28,KR,cross_promo,Android
u_012680,2024-11-24 22:20:39,JP,paid_tiktok,Android
u_012681,2024-12-27 06:31:21,KR,referral,Android
u_012682,2024-11-11 21:11:22,JP,paid_facebook,Android
u_012683,2024-11-02 00:38:08,US,paid_google,Android
u_012684,2024-11-05 18:06:53,JP,referral,iOS
u_012685,2024-12-26 21:52:34,JP,referral,Android
u_012686,2024-12-27 18:55:27,JP,paid_tiktok,Android
u_012687,2024-11-19 00:00:51,KR,paid_tiktok,iOS
u_012688,2024-11-12 06:31:46,KR,paid_tiktok,iOS
u_012689,2024-12-04 00:36:47,KR,referral,iOS
u_012690,2024-12-07 14:42:30,KR,cross_promo,Android
u_012691,2024-12-21 23:43:59,KR,paid_google,iOS
u_012692,2024-11-06 04:02:23,KR,referral,Android
u_012693,2024-12-17 16:11:58,KR,paid_facebook,Android
u_012694,2024-11-07 18:24:30,US,paid_google,Android
u_012695,2024-11-22 06:40:31,KR,paid_google,Android
u_012696,2024-11-06 01:34:54,KR,paid_google,iOS
u_012697,2024-12-10 05:47:35,JP,referral,Android
u_012698,2024-11-04 06:47:48,JP,cross_promo,Android
u_012699,2024-12-17 11:35:43,KR,referral,Android
u_012700,2024-11-21 07:43:42,US,organic,Android
u_012701,2024-12-26 12:00:31,KR,paid_tiktok,iOS
u_012702,2024-11-01 00:32:08,KR,cross_promo,iOS
u_012703,2024-12-20 19:38:40,US,paid_google,Android
u_012704,2024-12-18 22:07:22,JP,referral,iOS
u_012705,2024-12-09 10:40:10,US,organic,iOS
u_012706,2024-11-12 13:17:37,US,paid_facebook,Android
u_012707,2024-11-14 02:43:46,KR,paid_facebook,iOS
u_012708,2024-11-08 00:24:51,KR,cross_promo,Android
u_012709,2024-11-20 22:30:14,JP,organic,Android
u_012710,2024-11-01 12:36:19,KR,organic,iOS
u_012711,2024-12-08 04:07:20,JP,cross_promo,Android
u_012712,2024-11-02 23:58:21,US,paid_google,Android
u_012713,2024-11-21 07:21:57,KR,cross_promo,Android
u_012714,2024-12-22 07:15:32,KR,paid_google,Android
u_012715,2024-12-08 06:16:40,KR,paid_google,iOS
u_012716,2024-11-07 09:44:25,KR,paid_tiktok,Android
u_012717,2024-11-06 05:32:20,US,paid_google,iOS
u_012718,2024-12-31 20:27:11,KR,cross_promo,Android
u_012719,2024-12-10 06:56:31,US,paid_facebook,iOS
u_012720,2024-11-09 13:43:18,KR,paid_google,Android
u_012721,2024-11-16 06:43:58,KR,paid_tiktok,Android
u_012722,2024-12-05 12:59:45,KR,paid_tiktok,iOS
u_012723,2024-11-16 02:11:50,US,organic,Android
u_012724,2024-11-06 01:43:36,KR,organic,iOS
u_012725,2024-12-18 12:01:50,KR,paid_tiktok,Android
u_012726,2024-12-29 06:27:25,KR,organic,Android
u_012727,2024-12-25 00:17:04,KR,paid_tiktok,iOS
u_012728,2024-12-31 07:52:39,KR,organic,Android
u_012729,2024-11-03 13:26:19,KR,paid_facebook,iOS
u_012730,2024-12-17 20:48:52,US,paid_tiktok,Android
u_012731,2024-11-08 17:46:47,KR,paid_tiktok,Android
u_012732,2024-11-19 22:54:22,JP,paid_facebook,Android
u_012733,2024-12-28 05:24:40,KR,cross_promo,iOS
u_012734,2024-12-24 17:20:57,KR,paid_google,Android
u_012735,2024-11-04 11:29:05,KR,paid_tiktok,Android
u_012736,2024-11-10 10:54:31,JP,paid_tiktok,Android
u_012737,2024-11-25 21:42:46,JP,cross_promo,Android
u_012738,2024-12-21 05:31:21,KR,paid_google,iOS
u_012739,2024-12-20 15:09:52,KR,paid_facebook,iOS
u_012740,2024-12-01 00:10:20,KR,referral,iOS
u_012741,2024-11-23 02:54:34,US,organic,iOS
u_012742,2024-11-25 17:53:43,JP,referral,Android
u_012743,2024-11-21 08:48:24,KR,cross_promo,Android
u_012744,2024-11-17 23:32:34,JP,cross_promo,iOS
u_012745,2024-12-02 14:37:20,US,cross_promo,iOS
u_012746,2024-11-29 04:46:53,US,paid_tiktok,iOS
u_012747,2024-12-06 09:34:32,KR,cross_promo,Android
u_012748,2024-12-31 08:48:39,US,paid_facebook,iOS
u_012749,2024-11-12 16:05:43,KR,cross_promo,iOS
u_012750,2024-12-27 08:15:51,KR,referral,Android
u_012751,2024-11-07 03:23:05,JP,paid_facebook,Android
u_012752,2024-12-20 02:32:52,JP,cross_promo,iOS
u_012753,2024-11-01 10:28:08,JP,paid_facebook,iOS
u_012754,2024-11-21 01:24:18,KR,paid_tiktok,Android
u_012755,2024-11-13 03:50:28,KR,referral,Android
u_012756,2024-11-11 06:15:39,KR,paid_google,iOS
u_012757,2024-11-30 09:51:11,KR,paid_google,iOS
u_012758,2024-11-02 09:13:25,US,paid_google,iOS
u_012759,2024-11-20 22:18:09,JP,paid_tiktok,iOS
u_012760,2024-12-11 05:18:18,JP,paid_facebook,Android
u_012761,2024-12-30 15:12:17,KR,paid_facebook,Android
u_012762,2024-11-29 17:13:57,US,paid_tiktok,Android
u_012763,2024-11-15 17:41:11,KR,paid_google,Android
u_012764,2024-11-14 14:49:04,JP,cross_promo,Android
u_012765,2024-12-24 08:40:20,KR,referral,iOS
u_012766,2024-11-19 06:15:26,JP,cross_promo,Android
u_012767,2024-12-18 04:35:39,KR,referral,iOS
u_012768,2024-11-27 01:35:20,US,referral,Android
u_012769,2024-11-03 05:55:02,KR,paid_facebook,Android
u_012770,2024-12-13 07:10:44,KR,paid_facebook,Android
u_012771,2024-11-01 18:24:39,KR,paid_facebook,iOS
u_012772,2024-11-27 10:33:59,JP,cross_promo,Android
u_012773,2024-12-10 01:01:39,US,referral,Android
u_012774,2024-12-06 09:43:12,US,organic,Android
u_012775,2024-12-25 04:31:53,US,cross_promo,Android
u_012776,2024-12-29 02:01:13,US,paid_facebook,iOS
u_012777,2024-11-05 19:22:42,KR,cross_promo,Android
u_012778,2024-11-16 18:44:18,JP,paid_google,Android
u_012779,2024-11-21 03:22:32,KR,referral,iOS
u_012780,2024-12-26 02:28:44,KR,paid_tiktok,Android
u_012781,2024-12-01 11:48:58,US,paid_tiktok,Android
u_012782,2024-12-21 00:02:33,JP,referral,Android
u_012783,2024-11-26 20:15:31,KR,paid_tiktok,iOS
u_012784,2024-12-11 03:40:28,KR,paid_tiktok,Android
u_012785,2024-12-21 21:55:56,JP,paid_tiktok,iOS
u_012786,2024-11-07 12:32:23,JP,referral,Android
u_012787,2024-12-20 22:07:04,JP,cross_promo,Android
u_012788,2024-11-03 12:18:31,KR,paid_facebook,Android
u_012789,2024-12-10 15:02:57,KR,referral,iOS
u_012790,2024-12-06 17:19:38,US,paid_tiktok,Android
u_012791,2024-12-27 20:03:54,JP,cross_promo,Android
u_012792,2024-11-20 22:16:20,JP,paid_facebook,Android
u_012793,2024-11-06 03:22:46,KR,paid_google,Android
u_012794,2024-12-30 23:08:08,KR,referral,Android
u_012795,2024-12-28 07:25:19,JP,cross_promo,Android
u_012796,2024-11-30 08:54:56,US,paid_google,Android
u_012797,2024-12-23 22:25:14,JP,paid_google,iOS
u_012798,2024-11-28 10:43:04,KR,paid_facebook,Android
u_012799,2024-12-16 04:44:16,KR,paid_google,iOS
u_012800,2024-11-02 08:28:50,US,paid_google,Android
u_012801,2024-12-01 01:24:14,JP,referral,Android
u_012802,2024-12-04 07:56:02,KR,paid_tiktok,Android
u_012803,2024-11-24 23:42:05,KR,paid_tiktok,iOS
u_012804,2024-12-18 01:30:13,US,paid_tiktok,Android
u_012805,2024-12-02 03:07:31,US,organic,iOS
u_012806,2024-12-26 02:56:19,KR,organic,Android
u_012807,2024-12-26 22:41:31,KR,paid_facebook,Android
u_012808,2024-11-19 12:41:25,KR,organic,Android
u_012809,2024-12-06 22:05:37,JP,referral,Android
u_012810,2024-11-05 16:27:14,JP,paid_tiktok,iOS
u_012811,2024-12-06 08:09:14,KR,paid_facebook,Android
u_012812,2024-11-20 17:33:36,US,referral,Android
u_012813,2024-12-16 14:47:05,JP,paid_facebook,Android
u_012814,2024-12-12 00:39:31,KR,paid_google,Android
u_012815,2024-12-26 16:48:18,US,referral,Android
u_012816,2024-12-26 07:19:29,KR,organic,Android
u_012817,2024-11-04 12:46:08,JP,paid_tiktok,Android
u_012818,2024-12-21 01:45:56,JP,paid_facebook,Android
u_012819,2024-12-06 20:10:01,KR,cross_promo,Android
u_012820,2024-12-08 16:55:43,KR,cross_promo,Android
u_012821,2024-11-13 09:37:18,JP,paid_facebook,Android
u_012822,2024-11-29 21:35:59,US,cross_promo,Android
u_012823,2024-11-16 09:44:11,KR,paid_facebook,Android
u_012824,2024-12-15 07:21:10,KR,paid_tiktok,Android
u_012825,2024-12-14 23:04:22,US,paid_facebook,iOS
u_012826,2024-11-29 09:06:51,KR,paid_tiktok,Android
u_012827,2024-11-07 10:59:00,JP,organic,iOS
u_012828,2024-11-16 00:50:45,JP,organic,Android
u_012829,2024-12-04 09:32:20,KR,paid_tiktok,Android
u_012830,2024-12-28 08:26:09,JP,referral,Android
u_012831,2024-11-22 20:01:43,KR,cross_promo,Android
u_012832,2024-12-14 07:56:19,US,paid_tiktok,Android
u_012833,2024-11-22 07:26:10,JP,paid_facebook,iOS
u_012834,2024-11-05 23:11:33,KR,paid_tiktok,Android
u_012835,2024-12-04 02:27:16,JP,referral,Android
u_012836,2024-11-20 00:53:55,JP,paid_facebook,iOS
u_012837,2024-12-28 01:48:41,KR,paid_google,Android
u_012838,2024-12-23 10:54:23,JP,cross_promo,Android
u_012839,2024-12-14 13:39:23,KR,referral,Android
u_012840,2024-11-02 01:05:34,KR,organic,iOS
u_012841,2024-12-26 12:50:49,KR,paid_google,Android
u_012842,2024-12-24 17:12:41,KR,paid_facebook,Android
u_012843,2024-12-18 16:41:51,US,paid_tiktok,iOS
u_012844,2024-12-22 17:30:51,US,paid_tiktok,iOS
u_012845,2024-11-06 22:24:53,JP,referral,Android
u_012846,2024-11-11 18:12:19,US,organic,Android
u_012847,2024-11-22 23:11:27,US,paid_tiktok,iOS
u_012848,2024-11-02 19:53:37,KR,paid_tiktok,Android
u_012849,2024-12-08 15:11:46,JP,paid_google,Android
u_012850,2024-11-17 04:15:35,US,cross_promo,iOS
u_012851,2024-12-27 17:47:35,US,paid_tiktok,Android
u_012852,2024-12-19 22:09:40,JP,organic,iOS
u_012853,2024-11-27 03:21:58,KR,paid_tiktok,Android
u_012854,2024-12-27 12:56:43,KR,paid_facebook,Android
u_012855,2024-11-02 01:08:07,JP,cross_promo,iOS
u_012856,2024-11-13 08:20:28,US,referral,iOS
u_012857,2024-11-19 19:39:00,KR,paid_facebook,Android
u_012858,2024-11-03 19:28:15,KR,referral,Android
u_012859,2024-12-06 18:26:49,KR,referral,Android
u_012860,2024-11-30 10:05:29,JP,paid_facebook,Android
u_012861,2024-12-11 18:51:20,KR,cross_promo,Android
u_012862,2024-12-20 10:22:48,JP,paid_facebook,Android
u_012863,2024-11-26 05:45:03,US,referral,Android
u_012864,2024-11-10 20:26:16,KR,organic,iOS
u_012865,2024-11-11 17:24:51,KR,cross_promo,Android
u_012866,2024-12-02 09:18:32,KR,paid_facebook,Android
u_012867,2024-11-11 14:23:38,JP,paid_google,Android
u_012868,2024-11-30 18:38:50,JP,paid_facebook,Android
u_012869,2024-11-24 19:30:05,KR,organic,Android
u_012870,2024-12-04 09:48:13,KR,paid_facebook,iOS
u_012871,2024-11-06 22:46:36,JP,referral,iOS
u_012872,2024-11-05 22:01:35,US,paid_facebook,Android
u_012873,2024-11-25 08:48:47,KR,cross_promo,Android
u_012874,2024-12-24 16:35:05,JP,cross_promo,iOS
u_012875,2024-12-01 05:57:08,KR,paid_facebook,Android
u_012876,2024-11-17 04:00:20,KR,paid_facebook,iOS
u_012877,2024-12-31 07:49:44,KR,cross_promo,iOS
u_012878,2024-11-30 01:56:43,KR,paid_facebook,iOS
u_012879,2024-12-08 02:43:58,KR,paid_facebook,Android
u_012880,2024-12-09 15:26:18,KR,referral,Android
u_012881,2024-12-07 00:17:49,JP,paid_tiktok,iOS
u_012882,2024-11-13 19:55:35,KR,organic,Android
u_012883,2024-11-02 17:45:40,KR,paid_facebook,Android
u_012884,2024-12-25 16:15:26,KR,organic,iOS
u_012885,2024-11-04 19:22:52,JP,paid_google,Android
u_012886,2024-12-14 05:15:01,US,paid_google,iOS
u_012887,2024-12-23 00:48:20,JP,referral,Android
u_012888,2024-11-25 14:41:11,JP,paid_tiktok,Android
u_012889,2024-11-08 01:48:36,KR,paid_tiktok,Android
u_012890,2024-12-07 15:52:00,US,paid_facebook,iOS
u_012891,2024-12-29 19:11:59,US,cross_promo,Android
u_012892,2024-11-11 06:45:13,JP,organic,iOS
u_012893,2024-12-07 23:31:03,KR,paid_google,Android
u_012894,2024-11-14 00:39:10,KR,paid_google,iOS
u_012895,2024-12-20 09:20:50,KR,cross_promo,iOS
u_012896,2024-11-17 21:06:27,KR,paid_facebook,Android
u_012897,2024-11-22 11:20:46,KR,paid_facebook,Android
u_012898,2024-11-18 09:28:22,KR,cross_promo,iOS
u_012899,2024-11-19 00:37:48,JP,paid_tiktok,iOS
u_012900,2024-12-24 12:24:49,JP,paid_google,Android
u_012901,2024-12-23 09:57:20,JP,paid_tiktok,Android
u_012902,2024-12-22 19:54:42,US,paid_google,Android
u_012903,2024-12-29 22:34:32,KR,paid_tiktok,iOS
u_012904,2024-11-29 14:33:07,KR,paid_tiktok,Android
u_012905,2024-11-11 05:44:23,JP,paid_google,Android
u_012906,2024-12-14 20:47:55,JP,cross_promo,Android
u_012907,2024-12-11 14:00:18,JP,organic,iOS
u_012908,2024-12-08 05:54:38,JP,organic,Android
u_012909,2024-12-10 23:17:07,US,paid_tiktok,Android
u_012910,2024-12-23 08:38:52,KR,paid_facebook,Android
u_012911,2024-11-28 10:08:34,JP,paid_tiktok,iOS
u_012912,2024-11-08 14:50:10,JP,paid_google,iOS
u_012913,2024-11-16 05:23:43,US,paid_tiktok,Android
u_012914,2024-11-13 18:46:01,JP,organic,Android
u_012915,2024-12-26 23:52:15,KR,paid_google,Android
u_012916,2024-12-24 14:08:01,KR,paid_google,Android
u_012917,2024-12-04 09:41:21,JP,paid_tiktok,iOS
u_012918,2024-12-31 19:31:17,KR,referral,Android
u_012919,2024-12-13 01:23:01,KR,paid_google,Android
u_012920,2024-12-02 23:13:26,US,paid_google,iOS
u_012921,2024-11-01 08:41:30,KR,organic,Android
u_012922,2024-12-24 10:30:13,KR,paid_google,Android
u_012923,2024-12-21 06:24:40,JP,paid_google,Android
u_012924,2024-12-28 22:40:06,KR,organic,iOS
u_012925,2024-12-15 05:39:45,US,cross_promo,Android
u_012926,2024-12-01 18:47:07,KR,referral,Android
u_012927,2024-12-27 03:36:11,KR,paid_tiktok,iOS
u_012928,2024-11-19 22:05:13,KR,organic,Android
u_012929,2024-12-13 00:48:30,JP,paid_facebook,iOS
u_012930,2024-12-13 22:49:16,US,cross_promo,Android
u_012931,2024-11-05 07:01:31,KR,paid_facebook,Android
u_012932,2024-12-05 03:31:12,KR,paid_facebook,iOS
u_012933,2024-12-10 18:26:07,KR,paid_tiktok,Android
u_012934,2024-11-06 22:10:33,KR,cross_promo,Android
u_012935,2024-12-21 07:22:55,KR,paid_tiktok,Android
u_012936,2024-12-23 04:28:24,JP,paid_tiktok,Android
u_012937,2024-12-27 07:40:52,KR,paid_google,Android
u_012938,2024-12-11 22:10:13,KR,cross_promo,Android
u_012939,2024-11-24 15:17:47,JP,referral,Android
u_012940,2024-12-04 05:06:52,US,cross_promo,Android
u_012941,2024-12-02 08:18:34,JP,paid_google,Android
u_012942,2024-12-14 00:29:41,KR,organic,iOS
u_012943,2024-12-22 20:37:23,KR,organic,iOS
u_012944,2024-12-03 09:18:42,KR,cross_promo,Android
u_012945,2024-12-06 12:59:19,KR,paid_tiktok,Android
u_012946,2024-11-17 16:16:11,KR,organic,iOS
u_012947,2024-12-08 11:00:21,JP,paid_facebook,Android
u_012948,2024-11-05 16:52:35,KR,referral,iOS
u_012949,2024-11-20 19:04:53,JP,paid_tiktok,Android
u_012950,2024-12-05 05:51:20,KR,paid_facebook,iOS
u_012951,2024-11-10 16:14:10,KR,paid_facebook,iOS
u_012952,2024-11-29 16:17:28,US,organic,iOS
u_012953,2024-12-25 14:13:06,KR,organic,Android
u_012954,2024-12-23 02:22:36,KR,cross_promo,iOS
u_012955,2024-12-23 04:02:06,US,paid_google,Android
u_012956,2024-11-12 07:23:22,JP,paid_google,iOS
u_012957,2024-12-11 06:05:08,US,paid_tiktok,Android
u_012958,2024-11-12 19:03:55,KR,paid_tiktok,iOS
u_012959,2024-11-30 17:03:41,KR,cross_promo,Android
u_012960,2024-12-29 04:47:37,KR,paid_facebook,Android
u_012961,2024-11-25 00:23:37,KR,paid_tiktok,iOS
u_012962,2024-12-27 00:14:38,KR,paid_tiktok,Android
u_012963,2024-11-19 11:26:44,JP,paid_google,iOS
u_012964,2024-11-08 12:58:41,KR,organic,iOS
u_012965,2024-11-23 00:00:23,US,referral,Android
u_012966,2024-11-07 23:27:56,KR,paid_tiktok,iOS
u_012967,2024-12-12 04:08:22,KR,referral,Android
u_012968,2024-11-26 03:42:58,JP,paid_tiktok,Android
u_012969,2024-11-03 05:52:52,KR,cross_promo,Android
u_012970,2024-12-31 08:07:51,KR,paid_google,iOS
u_012971,2024-11-03 01:03:38,KR,referral,Android
u_012972,2024-12-06 01:35:34,KR,paid_facebook,Android
u_012973,2024-12-25 19:50:41,JP,paid_google,Android
u_012974,2024-12-05 01:26:55,KR,paid_facebook,Android
u_012975,2024-12-10 04:38:40,KR,referral,iOS
u_012976,2024-11-30 15:32:11,JP,cross_promo,Android
u_012977,2024-12-30 06:45:19,JP,cross_promo,Android
u_012978,2024-11-27 00:52:07,KR,paid_google,iOS
u_012979,2024-11-08 07:30:05,KR,cross_promo,Android
u_012980,2024-11-10 00:19:01,US,paid_tiktok,Android
u_012981,2024-11-28 12:34:57,US,paid_tiktok,Android
u_012982,2024-11-27 00:04:38,US,referral,Android
u_012983,2024-11-16 16:50:10,US,paid_facebook,Android
u_012984,2024-12-21 20:31:21,KR,paid_google,iOS
u_012985,2024-11-22 07:40:26,KR,cross_promo,iOS
u_012986,2024-12-28 10:07:43,KR,organic,Android
u_012987,2024-11-02 22:25:50,KR,paid_facebook,Android
u_012988,2024-11-05 02:11:20,KR,paid_google,Android
u_012989,2024-11-21 00:46:35,JP,cross_promo,iOS
u_012990,2024-12-20 11:46:17,US,paid_google,Android
u_012991,2024-11-28 12:00:11,KR,paid_facebook,Android
u_012992,2024-12-10 23:47:18,KR,organic,iOS
u_012993,2024-12-11 05:52:33,US,referral,iOS
u_012994,2024-11-05 12:18:44,KR,paid_google,Android
u_012995,2024-11-04 01:09:48,KR,paid_tiktok,iOS
u_012996,2024-11-29 12:53:38,JP,paid_google,Android
u_012997,2024-11-27 22:25:24,JP,cross_promo,iOS
u_012998,2024-12-04 19:12:59,KR,paid_google,Android
u_012999,2024-12-15 20:35:57,KR,organic,Android
u_013000,2024-12-22 01:56:42,KR,cross_promo,iOS
u_013001,2024-12-05 11:42:24,US,referral,Android
u_013002,2024-12-24 01:27:01,KR,paid_facebook,iOS
u_013003,2024-11-30 02:32:42,US,organic,iOS
u_013004,2024-11-28 10:39:23,US,referral,Android
u_013005,2024-11-12 11:02:50,KR,paid_tiktok,Android
u_013006,2024-12-15 20:39:06,US,paid_tiktok,iOS
u_013007,2024-11-23 16:30:38,KR,paid_tiktok,Android
u_013008,2024-12-26 12:52:10,KR,paid_tiktok,iOS
u_013009,2024-11-03 18:11:39,US,organic,iOS
u_013010,2024-12-09 08:04:17,JP,paid_tiktok,Android
u_013011,2024-12-13 15:21:52,JP,cross_promo,Android
u_013012,2024-12-07 02:21:05,KR,cross_promo,iOS
u_013013,2024-11-24 10:11:29,JP,cross_promo,Android
u_013014,2024-12-05 14:26:06,US,paid_facebook,Android
u_013015,2024-11-11 06:52:23,JP,paid_tiktok,Android
u_013016,2024-12-13 09:59:38,JP,paid_google,Android
u_013017,2024-12-10 19:13:30,JP,referral,Android
u_013018,2024-11-01 08:15:46,JP,paid_tiktok,Android
u_013019,2024-12-25 03:05:55,KR,referral,iOS
u_013020,2024-12-27 00:54:38,JP,paid_google,iOS
u_013021,2024-11-02 07:03:54,KR,cross_promo,iOS
u_013022,2024-12-13 12:17:08,KR,paid_facebook,Android
u_013023,2024-11-09 22:09:59,US,paid_facebook,Android
u_013024,2024-12-07 09:22:14,KR,paid_tiktok,Android
u_013025,2024-12-19 19:41:56,JP,paid_tiktok,iOS
u_013026,2024-12-02 11:22:18,KR,referral,Android
u_013027,2024-12-25 05:46:46,JP,paid_facebook,iOS
u_013028,2024-11-19 12:51:54,KR,cross_promo,Android
u_013029,2024-11-07 23:58:38,KR,paid_google,iOS
u_013030,2024-11-28 13:22:50,KR,paid_facebook,Android
u_013031,2024-12-07 00:29:57,KR,paid_facebook,iOS
u_013032,2024-11-27 12:50:48,KR,paid_facebook,Android
u_013033,2024-12-15 04:18:39,JP,referral,Android
u_013034,2024-12-13 17:36:53,JP,paid_facebook,Android
u_013035,2024-11-11 10:20:19,KR,paid_facebook,Android
u_013036,2024-11-19 08:44:49,KR,cross_promo,Android
u_013037,2024-11-08 16:13:05,JP,paid_tiktok,Android
u_013038,2024-11-27 14:19:50,KR,paid_facebook,Android
u_013039,2024-11-02 05:54:11,KR,paid_google,Android
u_013040,2024-12-30 10:39:51,JP,paid_tiktok,iOS
u_013041,2024-11-11 13:06:04,KR,organic,iOS
u_013042,2024-11-22 01:49:53,KR,paid_tiktok,Android
u_013043,2024-11-26 17:44:09,US,organic,Android
u_013044,2024-12-30 17:58:56,JP,paid_facebook,Android
u_013045,2024-11-25 06:39:04,KR,organic,iOS
u_013046,2024-11-20 20:03:00,US,cross_promo,Android
u_013047,2024-11-18 09:46:57,KR,paid_google,iOS
u_013048,2024-11-02 09:03:22,KR,organic,iOS
u_013049,2024-11-14 18:02:30,KR,paid_tiktok,iOS
u_013050,2024-11-15 06:02:52,US,paid_facebook,Android
u_013051,2024-12-04 09:41:51,JP,referral,Android
u_013052,2024-12-19 09:18:17,KR,cross_promo,Android
u_013053,2024-11-16 14:25:09,KR,paid_google,Android
u_013054,2024-12-08 07:26:17,US,paid_google,Android
u_013055,2024-11-30 14:38:28,JP,paid_tiktok,Android
u_013056,2024-11-07 20:46:18,KR,paid_google,Android
u_013057,2024-11-20 05:47:27,KR,paid_google,iOS
u_013058,2024-12-15 13:59:01,KR,cross_promo,Android
u_013059,2024-12-03 06:57:55,JP,paid_google,Android
u_013060,2024-11-16 10:18:11,KR,paid_tiktok,Android
u_013061,2024-12-11 10:29:56,US,paid_facebook,Android
u_013062,2024-11-12 05:47:11,JP,paid_tiktok,iOS
u_013063,2024-12-11 15:18:27,JP,referral,iOS
u_013064,2024-11-19 19:04:10,JP,referral,iOS
u_013065,2024-12-13 12:53:03,KR,cross_promo,Android
u_013066,2024-12-19 21:11:42,JP,organic,iOS
u_013067,2024-11-25 21:23:26,JP,cross_promo,Android
u_013068,2024-12-27 09:02:48,JP,cross_promo,Android
u_013069,2024-12-16 03:40:53,US,paid_facebook,iOS
u_013070,2024-11-15 22:55:34,KR,organic,Android
u_013071,2024-12-29 16:35:46,KR,cross_promo,iOS
u_013072,2024-11-23 07:32:50,KR,paid_tiktok,iOS
u_013073,2024-11-16 21:22:29,KR,organic,Android
u_013074,2024-11-02 05:39:32,KR,referral,Android
u_013075,2024-11-27 11:18:03,KR,paid_google,Android
u_013076,2024-11-09 08:38:28,KR,paid_facebook,Android
u_013077,2024-12-14 03:24:39,KR,organic,iOS
u_013078,2024-11-06 01:10:10,KR,cross_promo,Android
u_013079,2024-12-08 05:46:06,US,referral,iOS
u_013080,2024-12-10 12:13:58,JP,cross_promo,Android
u_013081,2024-11-22 12:14:02,JP,referral,Android
u_013082,2024-12-28 00:35:02,JP,referral,Android
u_013083,2024-12-26 10:22:34,JP,cross_promo,Android
u_013084,2024-12-04 06:45:29,JP,cross_promo,iOS
u_013085,2024-11-23 08:32:18,US,referral,Android
u_013086,2024-11-15 23:58:50,KR,organic,Android
u_013087,2024-11-01 02:50:36,US,paid_google,iOS
u_013088,2024-11-09 07:59:25,KR,cross_promo,Android
u_013089,2024-12-03 21:30:31,KR,organic,Android
u_013090,2024-12-02 21:56:42,KR,cross_promo,Android
u_013091,2024-12-29 11:47:41,KR,paid_facebook,Android
u_013092,2024-12-27 04:36:34,KR,cross_promo,Android
u_013093,2024-11-07 09:07:49,KR,paid_facebook,Android
u_013094,2024-12-30 19:06:27,US,referral,Android
u_013095,2024-11-25 00:47:58,KR,paid_tiktok,Android
u_013096,2024-12-02 08:07:09,JP,paid_google,Android
u_013097,2024-12-28 19:33:05,KR,organic,Android
u_013098,2024-12-17 20:06:35,JP,cross_promo,iOS
u_013099,2024-11-04 12:28:46,KR,paid_google,Android
u_013100,2024-11-30 07:25:58,KR,referral,iOS
u_013101,2024-12-06 02:23:58,KR,paid_facebook,iOS
u_013102,2024-12-30 11:52:01,KR,paid_google,Android
u_013103,2024-12-19 09:43:48,JP,paid_tiktok,iOS
u_013104,2024-12-20 19:43:38,JP,cross_promo,Android
u_013105,2024-11-07 02:23:58,KR,paid_facebook,iOS
u_013106,2024-12-28 01:04:11,KR,paid_facebook,Android
u_013107,2024-11-29 21:04:33,JP,referral,Android
u_013108,2024-12-17 00:47:32,KR,cross_promo,Android
u_013109,2024-12-30 14:46:33,JP,paid_google,Android
u_013110,2024-11-14 21:12:56,KR,referral,iOS
u_013111,2024-11-08 06:04:22,JP,organic,Android
u_013112,2024-11-12 12:53:33,JP,paid_google,iOS
u_013113,2024-12-04 09:50:10,KR,organic,Android
u_013114,2024-11-08 02:58:12,KR,paid_facebook,Android
u_013115,2024-12-31 01:05:57,KR,paid_google,Android
u_013116,2024-11-07 11:26:34,US,paid_google,Android
u_013117,2024-12-15 09:33:55,KR,paid_facebook,Android
u_013118,2024-12-02 11:28:25,JP,paid_facebook,Android
u_013119,2024-12-13 12:06:33,US,referral,iOS
u_013120,2024-11-24 17:48:30,KR,cross_promo,Android
u_013121,2024-12-26 05:24:55,KR,paid_facebook,iOS
u_013122,2024-12-17 07:19:26,US,paid_facebook,Android
u_013123,2024-12-15 00:24:23,JP,paid_google,Android
u_013124,2024-11-07 21:13:14,KR,referral,Android
u_013125,2024-12-16 06:06:53,KR,paid_google,Android
u_013126,2024-11-15 20:24:07,KR,paid_google,iOS
u_013127,2024-11-07 18:26:20,JP,cross_promo,iOS
u_013128,2024-11-03 08:29:32,KR,organic,Android
u_013129,2024-12-09 21:57:59,US,organic,iOS
u_013130,2024-12-15 08:19:17,JP,cross_promo,iOS
u_013131,2024-12-29 16:22:57,KR,organic,Android
u_013132,2024-11-05 16:57:28,KR,cross_promo,Android
u_013133,2024-12-31 15:42:18,JP,paid_google,Android
u_013134,2024-12-04 02:30:16,JP,paid_facebook,Android
u_013135,2024-11-05 10:23:28,US,referral,iOS
u_013136,2024-11-19 17:04:54,KR,cross_promo,iOS
u_013137,2024-12-31 01:17:33,JP,paid_tiktok,Android
u_013138,2024-12-05 17:02:07,KR,paid_google,iOS
u_013139,2024-11-05 11:55:19,US,organic,Android
u_013140,2024-12-31 15:50:43,US,paid_tiktok,Android
u_013141,2024-12-16 17:32:55,KR,paid_tiktok,Android
u_013142,2024-12-04 00:43:49,KR,paid_google,iOS
u_013143,2024-11-06 03:56:29,US,referral,Android
u_013144,2024-11-04 07:30:52,KR,referral,Android
u_013145,2024-11-29 15:28:37,JP,paid_tiktok,iOS
u_013146,2024-11-09 03:01:17,US,referral,Android
u_013147,2024-12-31 22:28:45,KR,paid_tiktok,Android
u_013148,2024-11-12 14:11:19,JP,paid_google,iOS
u_013149,2024-11-25 22:53:25,KR,paid_google,iOS
u_013150,2024-12-30 06:31:57,US,organic,iOS
u_013151,2024-12-29 16:28:44,KR,paid_tiktok,Android
u_013152,2024-11-20 15:47:32,KR,organic,iOS
u_013153,2024-12-22 07:40:47,KR,organic,iOS
u_013154,2024-12-14 12:03:31,US,referral,iOS
u_013155,2024-11-24 04:48:48,JP,organic,iOS
u_013156,2024-11-18 11:03:16,KR,organic,Android
u_013157,2024-12-25 23:13:24,KR,organic,Android
u_013158,2024-12-13 07:05:26,US,paid_google,Android
u_013159,2024-12-14 21:01:45,KR,paid_tiktok,Android
u_013160,2024-12-15 00:22:09,KR,paid_tiktok,Android
u_013161,2024-11-11 10:06:00,KR,cross_promo,Android
u_013162,2024-12-15 09:53:27,JP,referral,Android
u_013163,2024-12-24 03:49:02,KR,referral,Android
u_013164,2024-11-18 17:10:41,JP,paid_tiktok,iOS
u_013165,2024-12-16 22:31:06,KR,organic,iOS
u_013166,2024-12-27 17:20:04,KR,paid_facebook,iOS
u_013167,2024-11-14 04:43:08,US,paid_tiktok,Android
u_013168,2024-11-22 01:37:18,KR,cross_promo,Android
u_013169,2024-12-09 13:15:03,KR,paid_google,iOS
u_013170,2024-12-23 21:20:20,JP,paid_google,Android
u_013171,2024-11-10 07:33:35,JP,paid_google,Android
u_013172,2024-11-20 20:25:24,KR,paid_facebook,Android
u_013173,2024-11-11 15:34:05,US,organic,iOS
u_013174,2024-12-20 20:13:06,JP,paid_tiktok,iOS
u_013175,2024-11-29 09:50:12,JP,paid_google,Android
u_013176,2024-12-17 11:56:11,KR,referral,Android
u_013177,2024-12-01 13:31:36,US,referral,iOS
u_013178,2024-11-09 05:26:29,KR,referral,Android
u_013179,2024-12-23 18:26:14,US,paid_facebook,Android
u_013180,2024-11-10 02:16:18,KR,paid_facebook,Android
u_013181,2024-11-07 09:24:36,JP,paid_google,Android
u_013182,2024-11-07 01:38:32,KR,referral,iOS
u_013183,2024-12-20 13:02:19,US,referral,Android
u_013184,2024-12-10 17:46:11,KR,organic,Android
u_013185,2024-11-11 19:16:14,KR,paid_facebook,iOS
u_013186,2024-12-25 03:40:18,KR,cross_promo,Android
u_013187,2024-11-13 10:12:02,KR,referral,Android
u_013188,2024-12-21 14:46:19,JP,paid_facebook,Android
u_013189,2024-12-25 04:51:11,KR,paid_google,Android
u_013190,2024-11-16 05:25:38,US,paid_google,Android
u_013191,2024-11-14 12:14:19,KR,paid_google,Android
u_013192,2024-12-03 09:59:18,KR,paid_facebook,iOS
u_013193,2024-11-22 01:35:00,JP,cross_promo,Android
u_013194,2024-11-20 15:00:10,US,organic,Android
u_013195,2024-11-17 15:27:37,KR,organic,Android
u_013196,2024-12-15 04:55:03,KR,cross_promo,Android
u_013197,2024-11-06 06:38:39,KR,cross_promo,Android
u_013198,2024-11-20 08:48:57,KR,cross_promo,Android
u_013199,2024-11-08 01:12:29,KR,paid_google,Android
u_013200,2024-11-07 13:46:47,JP,paid_google,Android
u_013201,2024-12-22 05:28:08,KR,paid_google,Android
u_013202,2024-11-26 09:18:35,KR,paid_facebook,Android
u_013203,2024-11-06 06:44:50,JP,cross_promo,Android
u_013204,2024-11-01 12:05:08,JP,organic,Android
u_013205,2024-11-06 07:52:23,KR,referral,Android
u_013206,2024-11-28 07:43:23,KR,paid_google,Android
u_013207,2024-11-29 04:30:22,JP,paid_google,Android
u_013208,2024-12-24 06:36:59,KR,paid_facebook,Android
u_013209,2024-12-17 04:22:47,KR,paid_google,iOS
u_013210,2024-11-10 15:29:05,JP,organic,iOS
u_013211,2024-12-15 07:42:50,US,cross_promo,iOS
u_013212,2024-11-21 23:33:56,KR,paid_facebook,Android
u_013213,2024-11-26 15:24:59,KR,paid_google,Android
u_013214,2024-12-24 19:31:09,KR,paid_tiktok,Android
u_013215,2024-12-03 19:16:53,JP,organic,Android
u_013216,2024-12-01 01:13:53,JP,paid_google,Android
u_013217,2024-11-18 19:20:02,KR,paid_tiktok,Android
u_013218,2024-12-20 15:54:11,US,referral,Android
u_013219,2024-11-23 00:45:08,KR,paid_google,iOS
u_013220,2024-11-06 14:26:10,JP,paid_tiktok,iOS
u_013221,2024-12-12 02:49:13,JP,organic,Android
u_013222,2024-11-01 08:56:44,KR,paid_facebook,iOS
u_013223,2024-12-22 15:49:53,JP,paid_google,iOS
u_013224,2024-12-27 08:42:43,US,cross_promo,iOS
u_013225,2024-12-29 17:45:00,US,organic,Android
u_013226,2024-11-12 05:33:34,KR,paid_facebook,iOS
u_013227,2024-11-26 06:35:58,KR,paid_tiktok,Android
u_013228,2024-11-19 22:48:54,KR,paid_facebook,Android
u_013229,2024-12-14 14:37:28,JP,paid_facebook,iOS
u_013230,2024-12-17 22:00:04,JP,paid_tiktok,Android
u_013231,2024-11-24 06:32:27,KR,paid_google,iOS
u_013232,2024-11-24 10:01:16,KR,paid_google,Android
u_013233,2024-12-22 21:31:26,JP,organic,Android
u_013234,2024-12-15 02:41:41,KR,cross_promo,Android
u_013235,2024-11-19 01:21:05,KR,paid_facebook,Android
u_013236,2024-11-04 22:43:22,US,paid_facebook,iOS
u_013237,2024-12-20 14:28:52,KR,paid_google,Android
u_013238,2024-11-23 22:08:29,US,paid_facebook,Android
u_013239,2024-12-16 23:39:42,KR,referral,Android
u_013240,2024-12-09 04:13:22,US,organic,Android
u_013241,2024-12-16 13:33:19,JP,paid_tiktok,Android
u_013242,2024-12-15 20:14:50,US,paid_google,iOS
u_013243,2024-12-30 05:51:36,KR,cross_promo,Android
u_013244,2024-11-14 07:03:36,JP,referral,Android
u_013245,2024-12-19 00:24:23,KR,cross_promo,Android
u_013246,2024-12-16 13:17:03,JP,cross_promo,iOS
u_013247,2024-12-09 03:58:26,JP,referral,iOS
u_013248,2024-11-08 12:37:06,US,cross_promo,iOS
u_013249,2024-11-11 15:27:24,KR,cross_promo,iOS
u_013250,2024-11-21 14:35:37,KR,paid_facebook,Android
u_013251,2024-11-06 20:53:28,KR,referral,Android
u_013252,2024-11-06 07:31:06,KR,paid_google,Android
u_013253,2024-12-05 15:00:20,US,cross_promo,Android
u_013254,2024-11-03 23:19:52,JP,organic,iOS
u_013255,2024-12-03 00:42:24,KR,paid_tiktok,Android
u_013256,2024-11-03 19:17:41,KR,cross_promo,iOS
u_013257,2024-12-05 23:19:12,US,paid_google,iOS
u_013258,2024-11-25 18:46:51,KR,paid_google,Android
u_013259,2024-12-08 16:06:57,US,organic,Android
u_013260,2024-11-15 04:19:57,KR,cross_promo,Android
u_013261,2024-12-12 11:52:22,KR,cross_promo,Android
u_013262,2024-12-16 11:22:23,KR,paid_google,Android
u_013263,2024-11-28 22:23:52,US,paid_google,Android
u_013264,2024-12-17 06:40:12,KR,paid_google,Android
u_013265,2024-12-04 17:38:21,US,referral,iOS
u_013266,2024-11-12 00:05:39,JP,paid_google,Android
u_013267,2024-11-01 04:50:16,KR,organic,Android
u_013268,2024-12-16 02:31:09,KR,paid_google,Android
u_013269,2024-12-24 04:52:25,KR,paid_tiktok,Android
u_013270,2024-11-07 02:04:22,JP,organic,iOS
u_013271,2024-12-02 16:49:21,JP,cross_promo,iOS
u_013272,2024-11-16 22:40:07,KR,referral,Android
u_013273,2024-12-03 07:21:06,KR,paid_facebook,Android
u_013274,2024-11-27 13:09:57,US,organic,Android
u_013275,2024-12-16 23:09:24,US,paid_tiktok,iOS
u_013276,2024-12-06 04:29:13,US,paid_facebook,Android
u_013277,2024-11-25 05:02:48,JP,paid_facebook,Android
u_013278,2024-11-09 17:42:54,JP,referral,iOS
u_013279,2024-12-04 19:19:55,KR,paid_facebook,Android
u_013280,2024-12-11 10:03:03,KR,organic,Android
u_013281,2024-11-21 12:27:50,JP,paid_facebook,iOS
u_013282,2024-11-02 21:45:45,KR,paid_google,Android
u_013283,2024-12-26 04:56:39,KR,paid_facebook,iOS
u_013284,2024-12-04 16:48:09,KR,organic,iOS
u_013285,2024-12-07 00:41:31,KR,paid_google,Android
u_013286,2024-11-09 14:53:49,KR,paid_facebook,iOS
u_013287,2024-11-04 16:28:18,JP,referral,iOS
u_013288,2024-12-31 01:02:19,KR,paid_tiktok,iOS
u_013289,2024-11-08 07:30:24,KR,organic,Android
u_013290,2024-11-28 06:13:15,KR,paid_facebook,Android
u_013291,2024-12-14 01:45:36,KR,paid_google,Android
u_013292,2024-12-15 21:38:30,JP,organic,Android
u_013293,2024-12-09 05:20:15,JP,paid_facebook,iOS
u_013294,2024-11-13 02:00:17,JP,paid_tiktok,Android
u_013295,2024-12-26 23:21:39,JP,cross_promo,Android
u_013296,2024-12-19 08:17:40,KR,paid_google,iOS
u_013297,2024-12-01 02:01:27,KR,cross_promo,Android
u_013298,2024-12-13 18:59:14,KR,paid_google,Android
u_013299,2024-11-22 07:15:45,US,referral,Android
u_013300,2024-11-29 17:41:14,JP,paid_google,Android
u_013301,2024-11-20 12:16:22,JP,paid_google,Android
u_013302,2024-11-14 06:50:05,KR,paid_facebook,Android
u_013303,2024-11-06 13:49:55,KR,paid_tiktok,iOS
u_013304,2024-12-11 07:11:53,US,organic,iOS
u_013305,2024-12-13 23:06:37,KR,paid_tiktok,Android
u_013306,2024-12-03 03:32:56,KR,referral,Android
u_013307,2024-11-22 13:08:16,KR,cross_promo,Android
u_013308,2024-11-21 02:55:56,US,paid_tiktok,iOS
u_013309,2024-11-18 11:07:06,JP,paid_tiktok,iOS
u_013310,2024-12-29 17:33:31,KR,paid_google,Android
u_013311,2024-11-02 02:35:55,KR,paid_tiktok,Android
u_013312,2024-11-24 01:46:05,US,paid_google,iOS
u_013313,2024-11-05 05:35:26,JP,organic,iOS
u_013314,2024-12-18 13:18:31,KR,paid_tiktok,iOS
u_013315,2024-12-13 11:30:24,US,paid_facebook,Android
u_013316,2024-12-04 16:56:04,KR,referral,Android
u_013317,2024-11-22 19:14:21,KR,paid_facebook,Android
u_013318,2024-11-01 17:21:20,JP,referral,Android
u_013319,2024-11-10 14:34:09,KR,paid_tiktok,Android
u_013320,2024-12-02 09:11:08,KR,organic,iOS
u_013321,2024-11-06 00:03:45,KR,paid_google,iOS
u_013322,2024-11-02 16:12:40,KR,cross_promo,Android
u_013323,2024-12-23 13:49:26,US,organic,Android
u_013324,2024-12-21 04:10:09,KR,cross_promo,Android
u_013325,2024-11-20 04:16:48,KR,paid_tiktok,iOS
u_013326,2024-12-15 08:11:11,US,paid_facebook,iOS
u_013327,2024-12-05 20:30:39,JP,paid_tiktok,iOS
u_013328,2024-12-03 05:03:19,US,referral,Android
u_013329,2024-11-28 01:54:10,KR,cross_promo,Android
u_013330,2024-12-24 13:04:33,KR,cross_promo,Android
u_013331,2024-12-07 12:16:23,US,paid_tiktok,iOS
u_013332,2024-12-26 13:59:50,KR,paid_facebook,Android
u_013333,2024-12-06 14:03:15,KR,organic,Android
u_013334,2024-11-23 10:26:50,KR,paid_tiktok,iOS
u_013335,2024-11-15 15:25:12,KR,paid_google,Android
u_013336,2024-12-21 06:25:57,US,paid_tiktok,iOS
u_013337,2024-11-18 09:56:32,KR,referral,iOS
u_013338,2024-12-29 10:52:00,KR,paid_facebook,iOS
u_013339,2024-11-26 03:45:35,KR,cross_promo,Android
u_013340,2024-11-03 02:13:41,JP,paid_tiktok,Android
u_013341,2024-11-28 10:29:16,KR,paid_tiktok,Android
u_013342,2024-12-30 00:22:12,JP,paid_tiktok,iOS
u_013343,2024-11-11 15:55:29,KR,referral,Android
u_013344,2024-11-19 01:40:42,US,paid_facebook,Android
u_013345,2024-12-21 20:44:54,KR,paid_google,iOS
u_013346,2024-11-11 03:12:16,KR,organic,iOS
u_013347,2024-12-26 05:02:10,JP,referral,iOS
u_013348,2024-11-28 10:47:57,KR,paid_facebook,iOS
u_013349,2024-11-16 03:38:01,JP,paid_facebook,Android
u_013350,2024-11-10 14:56:12,JP,cross_promo,Android
u_013351,2024-12-20 20:09:43,KR,paid_facebook,iOS
u_013352,2024-11-21 17:57:50,JP,paid_tiktok,Android
u_013353,2024-12-20 18:56:30,KR,organic,Android
u_013354,2024-11-06 22:02:28,JP,paid_tiktok,Android
u_013355,2024-12-19 01:47:19,KR,cross_promo,Android
u_013356,2024-12-04 03:58:38,KR,paid_google,Android
u_013357,2024-11-09 07:33:11,KR,cross_promo,iOS
u_013358,2024-11-23 06:41:42,US,paid_tiktok,iOS
u_013359,2024-12-31 05:58:41,KR,paid_facebook,Android
u_013360,2024-11-04 12:14:57,KR,paid_tiktok,iOS
u_013361,2024-12-29 21:23:26,KR,paid_tiktok,Android
u_013362,2024-11-15 23:14:13,JP,paid_tiktok,Android
u_013363,2024-11-27 23:51:37,US,organic,Android
u_013364,2024-12-30 04:41:22,KR,cross_promo,iOS
u_013365,2024-12-04 12:50:14,KR,cross_promo,Android
u_013366,2024-11-11 23:44:09,KR,cross_promo,iOS
u_013367,2024-11-21 08:11:11,KR,paid_google,Android
u_013368,2024-12-11 05:07:10,KR,paid_facebook,Android
u_013369,2024-12-22 20:05:19,KR,cross_promo,Android
u_013370,2024-12-11 17:39:01,JP,paid_tiktok,Android
u_013371,2024-11-19 17:37:30,JP,cross_promo,Android
u_013372,2024-11-11 22:10:31,US,paid_facebook,Android
u_013373,2024-12-27 22:17:27,US,paid_tiktok,Android
u_013374,2024-11-21 09:42:41,JP,referral,Android
u_013375,2024-11-22 09:21:00,US,cross_promo,Android
u_013376,2024-11-16 13:20:19,US,cross_promo,Android
u_013377,2024-11-26 12:38:25,KR,paid_facebook,iOS
u_013378,2024-12-12 08:07:59,US,cross_promo,Android
u_013379,2024-11-17 10:40:28,KR,organic,Android
u_013380,2024-11-07 20:46:46,KR,cross_promo,Android
u_013381,2024-12-14 11:33:14,KR,paid_google,iOS
u_013382,2024-12-31 07:52:13,KR,organic,iOS
u_013383,2024-11-19 20:17:49,KR,referral,Android
u_013384,2024-11-17 17:21:00,KR,paid_facebook,Android
u_013385,2024-11-28 13:59:07,KR,cross_promo,Android
u_013386,2024-12-31 03:47:41,JP,cross_promo,Android
u_013387,2024-11-04 05:36:20,JP,paid_google,iOS
u_013388,2024-12-28 00:11:47,KR,cross_promo,Android
u_013389,2024-12-18 08:20:55,JP,paid_google,iOS
u_013390,2024-12-11 06:58:34,US,paid_facebook,iOS
u_013391,2024-12-09 13:38:06,KR,paid_google,iOS
u_013392,2024-11-06 00:22:48,KR,cross_promo,Android
u_013393,2024-12-31 06:50:35,KR,referral,iOS
u_013394,2024-11-01 14:21:00,JP,paid_facebook,Android
u_013395,2024-11-01 23:51:36,JP,cross_promo,Android
u_013396,2024-11-01 17:47:31,KR,paid_facebook,iOS
u_013397,2024-12-21 04:39:18,KR,cross_promo,iOS
u_013398,2024-11-09 13:21:18,US,cross_promo,iOS
u_013399,2024-12-17 07:30:24,KR,cross_promo,Android
u_013400,2024-11-27 19:22:00,US,paid_facebook,Android
u_013401,2024-11-19 19:53:59,JP,referral,Android
u_013402,2024-12-06 17:44:54,US,paid_google,Android
u_013403,2024-11-22 03:12:29,KR,paid_facebook,iOS
u_013404,2024-11-23 11:13:40,US,cross_promo,Android
u_013405,2024-11-13 13:53:54,KR,paid_google,iOS
u_013406,2024-11-02 08:48:39,US,cross_promo,Android
u_013407,2024-12-08 20:42:58,KR,organic,iOS
u_013408,2024-11-23 23:58:47,KR,cross_promo,Android
u_013409,2024-12-30 21:43:45,KR,cross_promo,iOS
u_013410,2024-11-23 02:59:25,KR,paid_tiktok,Android
u_013411,2024-12-23 06:38:19,KR,organic,Android
u_013412,2024-12-08 16:54:47,KR,cross_promo,Android
u_013413,2024-12-20 12:41:58,KR,paid_google,iOS
u_013414,2024-11-12 06:51:50,US,paid_tiktok,Android
u_013415,2024-11-02 02:01:20,JP,referral,Android
u_013416,2024-12-26 22:44:48,KR,organic,iOS
u_013417,2024-11-02 12:24:22,JP,cross_promo,Android
u_013418,2024-12-20 18:09:51,KR,paid_facebook,Android
u_013419,2024-12-06 20:29:47,JP,cross_promo,Android
u_013420,2024-12-21 16:16:00,KR,paid_facebook,Android
u_013421,2024-11-06 03:18:13,JP,paid_google,Android
u_013422,2024-12-25 17:30:57,JP,paid_facebook,iOS
u_013423,2024-12-07 14:59:47,US,referral,Android
u_013424,2024-11-01 02:34:32,KR,paid_tiktok,Android
u_013425,2024-11-27 21:00:30,KR,organic,Android
u_013426,2024-11-22 21:32:31,US,paid_google,iOS
u_013427,2024-11-06 23:39:13,JP,paid_tiktok,Android
u_013428,2024-12-21 00:20:27,JP,paid_google,Android
u_013429,2024-12-05 01:14:09,KR,paid_tiktok,Android
u_013430,2024-12-07 02:14:35,KR,organic,Android
u_013431,2024-12-18 17:55:32,US,paid_tiktok,Android
u_013432,2024-12-07 14:50:56,JP,paid_tiktok,Android
u_013433,2024-11-09 13:07:16,JP,paid_tiktok,iOS
u_013434,2024-11-14 08:37:28,JP,paid_google,iOS
u_013435,2024-12-08 10:23:47,US,cross_promo,Android
u_013436,2024-12-28 18:57:28,JP,paid_google,iOS
u_013437,2024-11-29 08:53:32,KR,cross_promo,Android
u_013438,2024-12-18 04:33:43,JP,paid_google,Android
u_013439,2024-12-22 17:11:06,KR,paid_google,Android
u_013440,2024-11-30 15:59:10,JP,paid_tiktok,Android
u_013441,2024-12-08 21:55:34,US,cross_promo,Android
u_013442,2024-12-06 20:03:06,JP,referral,Android
u_013443,2024-12-15 17:24:56,JP,paid_google,Android
u_013444,2024-11-22 00:41:39,JP,paid_facebook,Android
u_013445,2024-12-26 09:18:21,US,paid_tiktok,iOS
u_013446,2024-12-27 20:13:12,JP,paid_google,Android
u_013447,2024-12-16 17:31:34,KR,cross_promo,iOS
u_013448,2024-12-09 21:34:21,KR,paid_facebook,iOS
u_013449,2024-11-20 08:20:26,KR,paid_google,Android
u_013450,2024-12-04 22:44:45,US,paid_tiktok,Android
u_013451,2024-12-24 19:05:48,JP,paid_google,Android
u_013452,2024-12-28 13:15:26,KR,organic,iOS
u_013453,2024-11-20 13:30:25,US,paid_google,Android
u_013454,2024-11-23 19:04:56,KR,referral,iOS
u_013455,2024-11-25 01:42:53,JP,paid_tiktok,iOS
u_013456,2024-12-15 01:08:04,KR,paid_tiktok,Android
u_013457,2024-12-11 11:56:17,KR,paid_google,Android
u_013458,2024-12-20 01:14:57,KR,organic,Android
u_013459,2024-11-16 00:24:13,KR,cross_promo,iOS
u_013460,2024-11-07 09:30:20,KR,referral,Android
u_013461,2024-12-17 04:43:50,KR,cross_promo,iOS
u_013462,2024-11-23 08:25:39,KR,organic,iOS
u_013463,2024-11-07 00:24:15,US,organic,Android
u_013464,2024-11-17 15:33:05,KR,paid_facebook,Android
u_013465,2024-11-19 01:09:32,KR,paid_tiktok,Android
u_013466,2024-11-19 07:37:52,KR,paid_tiktok,iOS
u_013467,2024-11-14 21:53:23,US,cross_promo,Android
u_013468,2024-12-18 00:26:56,KR,paid_tiktok,Android
u_013469,2024-11-05 17:08:17,US,paid_facebook,Android
u_013470,2024-12-13 13:37:28,JP,organic,Android
u_013471,2024-11-25 16:57:59,KR,organic,Android
u_013472,2024-12-06 18:53:55,JP,paid_google,iOS
u_013473,2024-12-03 02:14:12,JP,paid_google,Android
u_013474,2024-12-05 05:39:28,JP,referral,iOS
u_013475,2024-11-11 14:48:48,KR,paid_tiktok,iOS
u_013476,2024-11-19 18:05:17,KR,paid_google,Android
u_013477,2024-11-22 18:26:29,US,paid_tiktok,Android
u_013478,2024-11-26 11:25:59,US,paid_tiktok,Android
u_013479,2024-11-19 17:29:06,KR,paid_facebook,Android
u_013480,2024-12-13 15:56:54,US,cross_promo,Android
u_013481,2024-12-24 10:10:23,JP,cross_promo,Android
u_013482,2024-12-26 14:51:33,KR,referral,Android
u_013483,2024-11-07 19:42:26,JP,paid_facebook,iOS
u_013484,2024-11-20 09:14:43,KR,referral,Android
u_013485,2024-12-09 14:26:29,US,referral,Android
u_013486,2024-11-11 09:49:48,JP,paid_facebook,Android
u_013487,2024-11-10 22:33:07,KR,referral,iOS
u_013488,2024-11-16 02:30:53,JP,referral,Android
u_013489,2024-11-02 07:47:34,JP,cross_promo,Android
u_013490,2024-11-27 14:57:38,JP,paid_facebook,Android
u_013491,2024-11-27 15:50:22,US,organic,Android
u_013492,2024-12-27 20:54:33,US,organic,Android
u_013493,2024-11-12 02:34:23,KR,referral,iOS
u_013494,2024-11-19 10:42:25,JP,paid_facebook,Android
u_013495,2024-12-19 10:28:33,US,paid_tiktok,Android
u_013496,2024-11-20 18:48:27,KR,organic,iOS
u_013497,2024-11-13 03:29:12,KR,cross_promo,Android
u_013498,2024-12-14 02:33:45,KR,paid_google,iOS
u_013499,2024-11-01 17:05:39,JP,paid_facebook,iOS
u_013500,2024-12-07 16:54:37,JP,referral,Android
u_013501,2024-11-04 05:01:51,US,referral,Android
u_013502,2024-12-22 07:13:22,KR,paid_facebook,Android
u_013503,2024-11-25 03:05:58,KR,referral,iOS
u_013504,2024-12-06 16:04:21,JP,paid_facebook,Android
u_013505,2024-11-04 05:44:22,JP,cross_promo,iOS
u_013506,2024-12-24 01:59:35,US,cross_promo,Android
u_013507,2024-12-18 16:00:49,KR,paid_google,iOS
u_013508,2024-12-22 09:29:22,KR,paid_facebook,iOS
u_013509,2024-11-15 23:36:17,JP,organic,iOS
u_013510,2024-11-10 13:07:29,JP,cross_promo,Android
u_013511,2024-12-30 01:19:06,KR,paid_facebook,iOS
u_013512,2024-12-02 15:42:14,KR,paid_facebook,Android
u_013513,2024-12-07 02:12:02,KR,referral,Android
u_013514,2024-12-03 04:36:02,US,cross_promo,iOS
u_013515,2024-11-16 20:44:19,JP,cross_promo,Android
u_013516,2024-11-24 14:46:47,JP,paid_tiktok,Android
u_013517,2024-11-18 11:03:29,KR,paid_tiktok,iOS
u_013518,2024-12-11 07:36:10,JP,organic,Android
u_013519,2024-11-17 22:29:25,KR,paid_tiktok,Android
u_013520,2024-12-01 18:28:14,KR,paid_facebook,Android
u_013521,2024-12-13 12:04:58,JP,paid_facebook,Android
u_013522,2024-12-01 12:13:03,KR,paid_tiktok,Android
u_013523,2024-12-26 15:43:18,KR,paid_facebook,Android
u_013524,2024-11-21 02:36:18,KR,cross_promo,iOS
u_013525,2024-11-27 02:52:18,KR,organic,Android
u_013526,2024-12-09 04:16:13,JP,paid_tiktok,Android
u_013527,2024-11-15 14:31:32,US,paid_google,iOS
u_013528,2024-11-29 23:18:56,KR,paid_tiktok,Android
u_013529,2024-11-25 20:02:44,US,referral,iOS
u_013530,2024-11-21 01:39:05,KR,paid_facebook,iOS
u_013531,2024-12-09 08:02:29,KR,paid_google,Android
u_013532,2024-11-03 01:32:42,KR,paid_google,Android
u_013533,2024-12-14 05:03:33,JP,organic,Android
u_013534,2024-12-30 00:13:27,US,paid_facebook,iOS
u_013535,2024-11-11 22:56:16,US,paid_facebook,iOS
u_013536,2024-12-25 10:24:57,KR,paid_facebook,Android
u_013537,2024-12-17 10:27:52,JP,organic,Android
u_013538,2024-11-25 20:18:57,JP,organic,Android
u_013539,2024-11-09 11:46:27,KR,organic,Android
u_013540,2024-12-12 23:25:16,KR,paid_tiktok,iOS
u_013541,2024-11-09 06:07:28,KR,referral,Android
u_013542,2024-12-02 04:03:14,KR,referral,Android
u_013543,2024-12-20 09:53:18,JP,cross_promo,iOS
u_013544,2024-11-26 04:56:55,KR,paid_facebook,Android
u_013545,2024-12-10 03:41:10,KR,organic,iOS
u_013546,2024-12-20 05:01:26,JP,paid_google,Android
u_013547,2024-12-15 07:29:51,US,organic,iOS
u_013548,2024-11-22 01:21:49,US,paid_tiktok,iOS
u_013549,2024-12-29 08:31:23,JP,referral,iOS
u_013550,2024-11-11 21:26:13,KR,paid_facebook,Android
u_013551,2024-12-27 12:42:54,KR,organic,iOS
u_013552,2024-12-30 13:12:35,JP,organic,Android
u_013553,2024-12-20 14:04:21,US,paid_tiktok,Android
u_013554,2024-11-11 23:49:18,US,referral,iOS
u_013555,2024-12-17 17:47:04,JP,paid_tiktok,Android
u_013556,2024-11-19 02:32:19,KR,paid_facebook,Android
u_013557,2024-11-25 21:53:27,US,paid_google,Android
u_013558,2024-12-03 12:04:24,JP,paid_tiktok,Android
u_013559,2024-11-14 18:22:34,KR,paid_google,Android
u_013560,2024-12-08 03:37:29,JP,referral,Android
u_013561,2024-12-17 17:42:44,JP,referral,Android
u_013562,2024-12-03 06:35:16,JP,paid_facebook,Android
u_013563,2024-11-14 03:32:22,JP,organic,Android
u_013564,2024-12-11 01:11:40,JP,paid_google,Android
u_013565,2024-11-26 21:10:27,US,paid_tiktok,Android
u_013566,2024-12-07 22:43:01,KR,referral,Android
u_013567,2024-12-18 20:23:10,KR,organic,Android
u_013568,2024-11-17 10:26:56,KR,paid_google,Android
u_013569,2024-12-15 20:36:22,US,paid_facebook,iOS
u_013570,2024-11-26 02:59:27,KR,cross_promo,Android
u_013571,2024-11-02 23:44:17,KR,cross_promo,Android
u_013572,2024-12-26 00:01:12,US,paid_google,Android
u_013573,2024-11-22 23:46:14,US,cross_promo,Android
u_013574,2024-11-21 10:04:35,KR,paid_google,iOS
u_013575,2024-12-10 08:27:56,KR,cross_promo,Android
u_013576,2024-12-24 10:55:40,KR,paid_tiktok,Android
u_013577,2024-12-23 07:50:45,US,organic,Android
u_013578,2024-12-25 02:47:58,KR,referral,iOS
u_013579,2024-11-09 03:05:40,KR,organic,Android
u_013580,2024-12-02 10:32:23,KR,paid_google,Android
u_013581,2024-11-05 16:17:24,JP,organic,iOS
u_013582,2024-12-03 15:43:43,KR,paid_tiktok,Android
u_013583,2024-11-12 17:20:51,US,paid_tiktok,iOS
u_013584,2024-12-26 10:02:34,KR,referral,Android
u_013585,2024-12-19 02:56:51,KR,paid_facebook,Android
u_013586,2024-11-30 05:13:31,US,organic,iOS
u_013587,2024-11-21 03:00:03,KR,paid_google,iOS
u_013588,2024-11-23 13:13:27,JP,organic,Android
u_013589,2024-11-15 02:19:05,US,referral,Android
u_013590,2024-12-13 18:13:32,JP,organic,Android
u_013591,2024-11-30 09:01:43,KR,paid_facebook,Android
u_013592,2024-11-05 22:10:12,JP,paid_tiktok,Android
u_013593,2024-11-23 15:42:43,JP,paid_tiktok,iOS
u_013594,2024-12-19 16:18:50,US,paid_facebook,Android
u_013595,2024-12-03 14:17:24,KR,paid_facebook,Android
u_013596,2024-11-23 23:05:40,JP,paid_tiktok,Android
u_013597,2024-12-29 01:31:01,KR,cross_promo,iOS
u_013598,2024-11-28 04:15:49,US,paid_google,Android
u_013599,2024-12-03 07:44:58,KR,paid_google,Android
u_013600,2024-12-15 13:15:10,KR,organic,iOS
u_013601,2024-11-10 00:23:07,KR,cross_promo,Android
u_013602,2024-11-17 02:52:38,KR,cross_promo,Android
u_013603,2024-12-06 21:32:17,KR,paid_tiktok,Android
u_013604,2024-12-04 05:21:18,KR,paid_tiktok,Android
u_013605,2024-12-04 00:45:25,US,organic,Android
u_013606,2024-11-22 12:37:55,JP,organic,iOS
u_013607,2024-11-02 16:30:59,KR,paid_tiktok,iOS
u_013608,2024-11-19 22:03:32,KR,paid_tiktok,Android
u_013609,2024-11-03 13:58:10,US,paid_tiktok,Android
u_013610,2024-12-09 14:20:12,US,paid_facebook,iOS
u_013611,2024-12-09 22:44:37,KR,cross_promo,Android
u_013612,2024-11-12 12:31:46,KR,paid_tiktok,Android
u_013613,2024-11-28 13:32:28,JP,referral,iOS
u_013614,2024-12-01 17:44:50,KR,paid_tiktok,iOS
u_013615,2024-11-19 04:57:28,JP,referral,Android
u_013616,2024-12-15 08:50:17,KR,organic,Android
u_013617,2024-12-18 23:37:05,KR,organic,iOS
u_013618,2024-11-15 05:53:04,KR,paid_facebook,Android
u_013619,2024-12-05 09:50:58,US,referral,Android
u_013620,2024-11-26 20:42:25,JP,organic,Android
u_013621,2024-12-24 22:07:04,JP,paid_google,Android
u_013622,2024-12-23 16:42:33,JP,paid_tiktok,Android
u_013623,2024-12-03 16:31:53,KR,paid_facebook,Android
u_013624,2024-12-17 19:14:50,KR,cross_promo,iOS
u_013625,2024-11-22 09:54:49,US,paid_facebook,Android
u_013626,2024-12-24 07:40:06,KR,paid_tiktok,Android
u_013627,2024-12-13 10:21:15,KR,paid_google,iOS
u_013628,2024-12-07 09:50:26,KR,referral,iOS
u_013629,2024-11-16 03:02:50,KR,referral,iOS
u_013630,2024-11-14 18:37:24,KR,cross_promo,Android
u_013631,2024-11-07 16:12:16,KR,referral,iOS
u_013632,2024-11-06 02:55:00,KR,paid_google,Android
u_013633,2024-12-29 15:14:46,JP,paid_tiktok,Android
u_013634,2024-11-11 16:24:39,KR,paid_facebook,Android
u_013635,2024-12-22 15:44:59,JP,paid_facebook,Android
u_013636,2024-11-28 22:52:18,KR,organic,iOS
u_013637,2024-11-10 19:41:05,US,paid_facebook,Android
u_013638,2024-12-04 16:16:33,KR,cross_promo,Android
u_013639,2024-12-03 05:48:35,KR,referral,Android
u_013640,2024-12-04 06:00:51,JP,paid_tiktok,Android
u_013641,2024-11-13 18:06:14,US,paid_facebook,Android
u_013642,2024-11-29 03:24:22,JP,organic,iOS
u_013643,2024-11-09 02:22:45,US,paid_google,iOS
u_013644,2024-11-05 03:06:04,KR,paid_facebook,Android
u_013645,2024-12-02 03:22:31,KR,referral,Android
u_013646,2024-12-04 18:07:08,KR,paid_tiktok,Android
u_013647,2024-12-18 18:21:57,KR,organic,iOS
u_013648,2024-12-30 17:07:41,JP,referral,Android
u_013649,2024-11-19 16:38:22,KR,paid_tiktok,Android
u_013650,2024-12-30 10:21:29,JP,paid_facebook,Android
u_013651,2024-11-28 09:02:39,US,cross_promo,Android
u_013652,2024-12-29 02:52:18,KR,paid_facebook,Android
u_013653,2024-12-23 16:54:07,JP,cross_promo,Android
u_013654,2024-11-18 05:13:55,JP,cross_promo,Android
u_013655,2024-12-23 13:33:05,JP,paid_google,Android
u_013656,2024-12-24 02:08:35,KR,paid_facebook,Android
u_013657,2024-11-06 05:14:32,KR,paid_tiktok,iOS
u_013658,2024-11-02 15:52:26,KR,paid_facebook,Android
u_013659,2024-12-20 03:27:57,JP,paid_tiktok,Android
u_013660,2024-12-11 06:38:24,KR,organic,Android
u_013661,2024-12-18 19:02:48,JP,referral,Android
u_013662,2024-12-24 01:30:32,KR,cross_promo,Android
u_013663,2024-12-14 15:21:52,JP,paid_google,Android
u_013664,2024-12-03 08:44:25,KR,referral,Android
u_013665,2024-12-17 04:05:37,JP,referral,Android
u_013666,2024-11-11 05:48:50,JP,referral,Android
u_013667,2024-11-20 21:23:18,KR,paid_tiktok,Android
u_013668,2024-12-19 01:16:40,JP,paid_google,Android
u_013669,2024-11-06 03:43:03,KR,referral,Android
u_013670,2024-12-26 19:50:41,JP,cross_promo,Android
u_013671,2024-11-15 13:31:36,KR,paid_google,Android
u_013672,2024-11-15 07:31:34,KR,paid_tiktok,Android
u_013673,2024-11-08 11:17:26,KR,referral,Android
u_013674,2024-12-23 16:58:10,KR,organic,Android
u_013675,2024-11-04 06:28:03,US,paid_google,Android
u_013676,2024-11-12 05:09:10,KR,organic,Android
u_013677,2024-11-06 17:02:08,KR,referral,iOS
u_013678,2024-11-20 20:33:26,KR,paid_tiktok,Android
u_013679,2024-11-22 06:00:23,KR,paid_google,iOS
u_013680,2024-12-17 18:40:03,US,paid_facebook,iOS
u_013681,2024-12-24 14:47:32,JP,organic,iOS
u_013682,2024-11-18 23:59:44,KR,paid_tiktok,Android
u_013683,2024-11-17 13:14:08,US,referral,Android
u_013684,2024-12-19 20:17:08,KR,organic,Android
u_013685,2024-12-28 05:08:13,US,paid_facebook,iOS
u_013686,2024-12-23 15:38:39,KR,paid_tiktok,iOS
u_013687,2024-11-12 00:56:27,JP,paid_facebook,Android
u_013688,2024-11-16 04:01:53,JP,referral,iOS
u_013689,2024-11-03 15:54:42,US,cross_promo,Android
u_013690,2024-12-29 18:28:26,KR,referral,Android
u_013691,2024-11-01 20:49:35,US,paid_google,Android
u_013692,2024-12-11 18:10:45,US,paid_google,Android
u_013693,2024-12-14 12:37:00,US,cross_promo,Android
u_013694,2024-11-19 11:09:07,KR,cross_promo,Android
u_013695,2024-11-28 03:34:19,KR,paid_facebook,iOS
u_013696,2024-12-15 15:41:24,JP,organic,Android
u_013697,2024-11-25 07:26:46,US,paid_tiktok,Android
u_013698,2024-12-06 09:54:51,US,paid_tiktok,Android
u_013699,2024-12-24 13:14:17,KR,paid_google,iOS
u_013700,2024-11-24 10:39:40,US,organic,Android
u_013701,2024-12-30 12:30:21,JP,cross_promo,Android
u_013702,2024-12-24 16:19:34,JP,referral,Android
u_013703,2024-11-10 08:09:36,KR,referral,Android
u_013704,2024-12-22 19:29:50,JP,organic,Android
u_013705,2024-12-02 22:03:16,JP,organic,Android
u_013706,2024-12-11 17:36:06,KR,paid_tiktok,Android
u_013707,2024-11-16 20:38:11,KR,paid_tiktok,Android
u_013708,2024-11-27 08:25:35,KR,referral,Android
u_013709,2024-12-19 19:25:31,KR,referral,Android
u_013710,2024-11-12 16:44:30,US,paid_tiktok,Android
u_013711,2024-11-19 22:58:54,JP,organic,Android
u_013712,2024-11-06 10:00:01,US,paid_google,Android
u_013713,2024-12-18 14:57:19,KR,organic,Android
u_013714,2024-11-24 18:33:33,KR,cross_promo,Android
u_013715,2024-12-24 09:57:02,KR,referral,Android
u_013716,2024-11-26 06:47:43,JP,cross_promo,iOS
u_013717,2024-11-29 00:19:32,JP,organic,Android
u_013718,2024-11-06 10:20:05,KR,organic,iOS
u_013719,2024-11-20 09:44:49,JP,paid_tiktok,Android
u_013720,2024-12-02 13:03:14,KR,paid_facebook,iOS
u_013721,2024-12-07 20:24:42,KR,organic,iOS
u_013722,2024-12-07 09:41:37,KR,referral,iOS
u_013723,2024-12-19 19:55:51,JP,referral,Android
u_013724,2024-11-02 06:47:14,KR,organic,iOS
u_013725,2024-11-02 12:30:01,KR,paid_google,Android
u_013726,2024-11-22 04:39:38,JP,paid_facebook,Android
u_013727,2024-12-13 21:55:46,US,paid_tiktok,iOS
u_013728,2024-12-17 11:58:58,JP,referral,iOS
u_013729,2024-11-05 10:19:44,US,organic,Android
u_013730,2024-12-27 01:55:37,KR,referral,Android
u_013731,2024-11-10 11:30:56,US,organic,iOS
u_013732,2024-12-23 18:13:13,KR,cross_promo,Android
u_013733,2024-11-05 05:33:22,JP,cross_promo,iOS
u_013734,2024-11-25 21:15:20,US,paid_facebook,Android
u_013735,2024-12-01 10:15:32,KR,paid_google,Android
u_013736,2024-11-29 21:04:17,KR,organic,Android
u_013737,2024-12-13 11:09:41,JP,organic,Android
u_013738,2024-11-04 05:38:41,KR,referral,Android
u_013739,2024-12-17 16:48:13,KR,paid_tiktok,Android
u_013740,2024-12-29 01:06:02,KR,paid_google,Android
u_013741,2024-12-20 15:23:19,KR,cross_promo,Android
u_013742,2024-11-30 15:26:18,US,cross_promo,Android
u_013743,2024-12-07 13:08:55,KR,organic,Android
u_013744,2024-12-19 06:33:20,KR,cross_promo,Android
u_013745,2024-11-16 09:47:15,KR,paid_facebook,iOS
u_013746,2024-11-20 06:12:23,US,paid_tiktok,Android
u_013747,2024-11-22 03:18:42,US,organic,Android
u_013748,2024-12-24 15:31:58,US,paid_facebook,iOS
u_013749,2024-11-07 13:50:46,US,organic,Android
u_013750,2024-12-16 02:27:00,KR,paid_tiktok,Android
u_013751,2024-11-02 09:52:42,US,paid_tiktok,iOS
u_013752,2024-11-30 15:11:34,KR,referral,Android
u_013753,2024-11-25 08:11:35,US,cross_promo,Android
u_013754,2024-12-23 18:23:35,JP,referral,iOS
u_013755,2024-12-22 18:18:37,KR,paid_facebook,Android
u_013756,2024-11-26 19:22:15,KR,paid_facebook,Android
u_013757,2024-11-14 14:12:42,KR,referral,Android
u_013758,2024-12-21 07:00:37,JP,paid_tiktok,Android
u_013759,2024-12-11 10:46:25,KR,paid_google,Android
u_013760,2024-12-26 12:06:29,US,paid_google,iOS
u_013761,2024-11-09 14:03:42,US,paid_tiktok,iOS
u_013762,2024-11-11 07:04:30,KR,paid_facebook,Android
u_013763,2024-12-15 13:57:30,US,cross_promo,Android
u_013764,2024-11-22 12:32:41,KR,referral,iOS
u_013765,2024-11-08 09:49:32,KR,paid_google,iOS
u_013766,2024-12-17 13:58:06,US,paid_tiktok,Android
u_013767,2024-12-11 07:55:05,JP,paid_facebook,Android
u_013768,2024-11-12 11:27:40,KR,paid_tiktok,Android
u_013769,2024-11-06 09:59:02,KR,cross_promo,iOS
u_013770,2024-12-06 08:38:10,JP,paid_google,iOS
u_013771,2024-11-22 06:35:29,KR,organic,Android
u_013772,2024-11-15 17:07:35,JP,referral,iOS
u_013773,2024-12-21 17:34:33,JP,referral,Android
u_013774,2024-11-21 12:55:13,US,paid_tiktok,iOS
u_013775,2024-12-04 01:40:15,KR,organic,iOS
u_013776,2024-12-13 03:34:10,KR,paid_google,Android
u_013777,2024-11-09 21:03:54,JP,paid_facebook,iOS
u_013778,2024-11-27 08:08:40,KR,organic,Android
u_013779,2024-12-03 13:49:43,US,paid_tiktok,iOS
u_013780,2024-11-03 17:25:12,US,paid_tiktok,iOS
u_013781,2024-12-14 13:13:25,KR,paid_tiktok,iOS
u_013782,2024-12-08 13:10:04,US,organic,Android
u_013783,2024-12-22 05:17:33,US,organic,iOS
u_013784,2024-11-29 17:31:54,KR,paid_facebook,Android
u_013785,2024-11-19 21:16:50,JP,cross_promo,iOS
u_013786,2024-12-21 20:10:35,KR,paid_tiktok,Android
u_013787,2024-12-09 02:10:23,KR,paid_tiktok,Android
u_013788,2024-12-05 02:17:20,KR,paid_tiktok,Android
u_013789,2024-11-22 00:29:41,JP,paid_facebook,iOS
u_013790,2024-12-29 08:21:31,JP,referral,iOS
u_013791,2024-12-07 04:07:36,US,paid_tiktok,iOS
u_013792,2024-11-11 14:56:05,KR,organic,iOS
u_013793,2024-11-04 13:39:49,KR,organic,iOS
u_013794,2024-12-16 15:42:51,JP,paid_google,Android
u_013795,2024-11-25 12:03:07,JP,organic,Android
u_013796,2024-11-16 18:01:59,KR,paid_facebook,Android
u_013797,2024-11-16 01:09:14,JP,referral,Android
u_013798,2024-12-04 18:11:58,KR,referral,iOS
u_013799,2024-12-12 04:16:37,KR,cross_promo,iOS
u_013800,2024-11-24 00:13:55,KR,paid_google,Android
u_013801,2024-12-02 12:21:27,KR,paid_facebook,iOS
u_013802,2024-11-05 16:27:49,KR,paid_tiktok,iOS
u_013803,2024-11-06 23:56:34,KR,referral,Android
u_013804,2024-11-12 17:44:43,KR,paid_google,Android
u_013805,2024-12-17 11:32:27,JP,paid_tiktok,Android
u_013806,2024-12-19 05:58:48,KR,cross_promo,iOS
u_013807,2024-12-26 02:47:20,US,organic,iOS
u_013808,2024-12-23 02:24:13,KR,paid_tiktok,iOS
u_013809,2024-12-07 22:06:51,US,paid_tiktok,Android
u_013810,2024-12-21 04:24:58,KR,paid_facebook,iOS
u_013811,2024-12-28 07:25:18,KR,paid_google,iOS
u_013812,2024-12-13 23:09:30,KR,paid_tiktok,iOS
u_013813,2024-11-21 06:20:49,KR,paid_tiktok,Android
u_013814,2024-12-23 02:12:32,KR,referral,Android
u_013815,2024-12-27 01:57:10,KR,paid_tiktok,Android
u_013816,2024-12-11 17:25:45,KR,cross_promo,Android
u_013817,2024-12-02 00:25:16,US,organic,Android
u_013818,2024-12-26 01:00:44,KR,paid_facebook,iOS
u_013819,2024-11-15 17:28:48,US,organic,Android
u_013820,2024-12-10 14:18:09,KR,organic,iOS
u_013821,2024-12-17 01:14:20,KR,paid_google,Android
u_013822,2024-12-17 03:42:48,KR,paid_facebook,Android
u_013823,2024-11-01 19:20:16,KR,paid_tiktok,Android
u_013824,2024-11-27 11:40:38,KR,organic,Android
u_013825,2024-12-21 03:05:25,KR,organic,Android
u_013826,2024-12-26 23:03:15,KR,paid_facebook,iOS
u_013827,2024-11-19 09:51:08,JP,paid_facebook,Android
u_013828,2024-12-13 04:12:10,JP,referral,iOS
u_013829,2024-12-30 17:23:18,JP,paid_tiktok,Android
u_013830,2024-12-23 09:41:24,KR,paid_google,Android
u_013831,2024-12-01 09:34:38,JP,organic,Android
u_013832,2024-12-01 12:14:25,JP,organic,Android
u_013833,2024-11-23 02:40:18,KR,cross_promo,Android
u_013834,2024-12-08 13:41:41,US,cross_promo,Android
u_013835,2024-12-01 02:36:02,JP,paid_facebook,Android
u_013836,2024-11-26 22:41:29,KR,referral,Android
u_013837,2024-11-27 03:06:31,US,organic,iOS
u_013838,2024-11-04 04:52:11,JP,paid_facebook,iOS
u_013839,2024-11-03 06:49:44,KR,paid_tiktok,Android
u_013840,2024-11-22 14:44:23,JP,organic,Android
u_013841,2024-11-22 14:13:45,US,cross_promo,iOS
u_013842,2024-11-09 17:31:34,US,referral,iOS
u_013843,2024-11-09 12:26:22,KR,referral,iOS
u_013844,2024-12-31 08:24:57,KR,referral,Android
u_013845,2024-11-26 19:38:03,KR,paid_tiktok,iOS
u_013846,2024-12-06 15:25:20,US,paid_tiktok,Android
u_013847,2024-11-14 19:00:25,KR,cross_promo,iOS
u_013848,2024-11-13 15:02:21,US,organic,Android
u_013849,2024-11-28 11:56:59,JP,paid_google,iOS
u_013850,2024-12-15 16:33:53,KR,organic,Android
u_013851,2024-12-16 21:19:21,KR,paid_google,iOS
u_013852,2024-12-19 17:30:56,KR,paid_tiktok,Android
u_013853,2024-11-16 18:44:25,JP,paid_tiktok,Android
u_013854,2024-12-07 00:27:51,KR,organic,Android
u_013855,2024-11-24 00:09:05,JP,paid_google,iOS
u_013856,2024-12-14 11:16:15,KR,paid_google,Android
u_013857,2024-12-24 18:33:47,US,paid_facebook,iOS
u_013858,2024-12-27 17:30:30,KR,referral,iOS
u_013859,2024-12-29 17:10:47,KR,paid_facebook,Android
u_013860,2024-12-28 05:03:03,JP,paid_tiktok,Android
u_013861,2024-11-20 05:22:52,KR,paid_facebook,iOS
u_013862,2024-11-18 15:53:57,KR,cross_promo,Android
u_013863,2024-12-02 17:00:53,KR,organic,iOS
u_013864,2024-12-29 00:40:38,US,organic,iOS
u_013865,2024-11-23 13:56:59,KR,cross_promo,iOS
u_013866,2024-11-07 06:23:29,KR,referral,Android
u_013867,2024-12-05 03:45:12,KR,cross_promo,Android
u_013868,2024-12-09 02:11:11,KR,paid_facebook,Android
u_013869,2024-12-10 16:59:44,US,cross_promo,Android
u_013870,2024-11-13 12:11:41,US,referral,Android
u_013871,2024-11-02 11:57:27,JP,organic,Android
u_013872,2024-12-16 18:16:15,US,paid_tiktok,iOS
u_013873,2024-11-06 21:37:42,JP,cross_promo,Android
u_013874,2024-12-05 04:45:04,JP,cross_promo,iOS
u_013875,2024-12-27 07:30:16,KR,cross_promo,Android
u_013876,2024-12-20 06:53:02,KR,paid_google,iOS
u_013877,2024-11-18 06:11:47,JP,paid_facebook,iOS
u_013878,2024-12-23 19:15:35,US,organic,Android
u_013879,2024-11-04 20:35:20,KR,paid_tiktok,Android
u_013880,2024-12-20 02:19:19,KR,paid_facebook,Android
u_013881,2024-12-24 21:17:53,KR,cross_promo,iOS
u_013882,2024-12-28 22:39:32,US,paid_tiktok,Android
u_013883,2024-12-07 21:20:23,US,organic,Android
u_013884,2024-12-15 00:34:53,KR,cross_promo,Android
u_013885,2024-12-08 23:19:01,JP,cross_promo,Android
u_013886,2024-12-22 12:08:37,KR,referral,Android
u_013887,2024-12-20 18:16:43,US,paid_tiktok,Android
u_013888,2024-12-27 10:30:10,KR,referral,Android
u_013889,2024-11-07 20:26:45,KR,paid_tiktok,iOS
u_013890,2024-11-22 12:54:09,KR,organic,Android
u_013891,2024-11-27 20:49:26,KR,paid_google,Android
u_013892,2024-12-20 15:05:42,JP,organic,Android
u_013893,2024-12-29 20:01:49,JP,paid_facebook,Android
u_013894,2024-11-17 12:51:30,KR,paid_tiktok,iOS
u_013895,2024-12-14 16:22:37,JP,paid_facebook,iOS
u_013896,2024-11-28 21:27:11,KR,paid_tiktok,Android
u_013897,2024-11-13 14:16:54,KR,paid_google,iOS
u_013898,2024-11-23 18:52:46,KR,paid_google,Android
u_013899,2024-11-29 00:30:34,JP,cross_promo,Android
u_013900,2024-12-16 22:59:16,KR,paid_google,iOS
u_013901,2024-11-13 12:19:31,JP,organic,iOS
u_013902,2024-11-02 16:45:33,KR,cross_promo,Android
u_013903,2024-12-13 17:59:14,US,paid_tiktok,Android
u_013904,2024-11-09 13:07:00,KR,cross_promo,Android
u_013905,2024-12-03 22:01:41,JP,cross_promo,Android
u_013906,2024-11-20 01:53:57,JP,referral,iOS
u_013907,2024-11-02 04:36:35,KR,referral,Android
u_013908,2024-11-09 09:40:30,US,cross_promo,Android
u_013909,2024-11-13 13:26:36,JP,organic,iOS
u_013910,2024-12-15 09:30:44,US,paid_google,iOS
u_013911,2024-11-25 21:20:27,KR,paid_facebook,Android
u_013912,2024-11-13 18:55:07,KR,paid_facebook,Android
u_013913,2024-12-01 04:48:54,KR,paid_tiktok,Android
u_013914,2024-11-01 23:47:32,KR,cross_promo,Android
u_013915,2024-11-03 08:50:53,KR,paid_facebook,Android
u_013916,2024-12-05 21:12:49,US,paid_tiktok,iOS
u_013917,2024-12-15 05:39:01,JP,referral,iOS
u_013918,2024-11-16 11:34:56,US,paid_google,Android
u_013919,2024-11-19 16:36:56,US,cross_promo,Android
u_013920,2024-12-23 02:59:20,US,paid_tiktok,Android
u_013921,2024-12-24 14:24:26,KR,paid_google,iOS
u_013922,2024-11-07 06:41:23,KR,paid_google,Android
u_013923,2024-12-19 07:52:51,US,paid_tiktok,Android
u_013924,2024-12-25 22:58:57,KR,paid_tiktok,iOS
u_013925,2024-12-17 05:41:40,KR,organic,Android
u_013926,2024-11-22 04:27:02,JP,paid_tiktok,iOS
u_013927,2024-11-05 12:44:58,KR,organic,iOS
u_013928,2024-11-05 21:15:34,JP,paid_tiktok,Android
u_013929,2024-12-10 04:29:39,JP,referral,iOS
u_013930,2024-12-07 19:25:21,KR,cross_promo,Android
u_013931,2024-11-12 09:54:45,KR,referral,Android
u_013932,2024-12-20 19:03:15,KR,referral,Android
u_013933,2024-12-07 02:45:19,KR,referral,iOS
u_013934,2024-11-05 05:07:35,US,cross_promo,Android
u_013935,2024-12-02 15:31:45,US,referral,iOS
u_013936,2024-12-10 17:42:15,US,paid_facebook,Android
u_013937,2024-11-11 09:23:46,US,referral,Android
u_013938,2024-11-19 17:32:30,KR,cross_promo,Android
u_013939,2024-11-27 15:24:13,JP,paid_tiktok,Android
u_013940,2024-12-03 23:52:23,US,cross_promo,Android
u_013941,2024-11-23 13:19:38,KR,paid_google,iOS
u_013942,2024-11-28 00:17:43,US,cross_promo,Android
u_013943,2024-12-13 18:50:03,JP,paid_google,Android
u_013944,2024-12-24 07:22:03,JP,paid_google,Android
u_013945,2024-11-06 23:57:47,JP,paid_facebook,iOS
u_013946,2024-11-26 22:31:14,JP,organic,iOS
u_013947,2024-11-16 15:06:39,US,paid_facebook,Android
u_013948,2024-12-06 14:31:13,US,paid_facebook,Android
u_013949,2024-12-08 14:05:16,KR,paid_google,Android
u_013950,2024-12-15 19:40:15,KR,paid_tiktok,Android
u_013951,2024-11-30 10:09:30,JP,referral,Android
u_013952,2024-12-18 03:00:00,US,paid_facebook,iOS
u_013953,2024-12-06 09:25:59,JP,cross_promo,Android
u_013954,2024-11-28 02:06:25,KR,paid_google,Android
u_013955,2024-11-26 12:06:21,KR,organic,Android
u_013956,2024-12-22 05:05:13,JP,paid_google,Android
u_013957,2024-12-19 09:03:16,KR,referral,Android
u_013958,2024-11-10 13:34:27,KR,cross_promo,Android
u_013959,2024-12-01 21:45:58,KR,paid_tiktok,Android
u_013960,2024-11-03 23:12:11,JP,organic,Android
u_013961,2024-11-22 09:02:11,KR,paid_google,Android
u_013962,2024-11-25 21:21:48,US,organic,iOS
u_013963,2024-12-24 03:36:31,KR,organic,iOS
u_013964,2024-12-10 19:22:29,US,organic,Android
u_013965,2024-11-18 01:44:45,KR,paid_tiktok,iOS
u_013966,2024-12-04 11:18:01,US,paid_facebook,iOS
u_013967,2024-11-05 19:41:23,US,paid_facebook,iOS
u_013968,2024-12-18 02:50:57,KR,referral,Android
u_013969,2024-12-03 16:21:38,JP,cross_promo,iOS
u_013970,2024-11-23 16:25:10,US,referral,Android
u_013971,2024-12-27 02:18:33,KR,paid_tiktok,Android
u_013972,2024-11-10 16:42:01,US,referral,iOS
u_013973,2024-11-05 09:18:50,JP,paid_facebook,Android
u_013974,2024-11-09 06:39:26,KR,paid_tiktok,Android
u_013975,2024-11-20 23:11:16,US,organic,Android
u_013976,2024-12-13 23:17:48,JP,referral,Android
u_013977,2024-11-15 00:38:15,KR,referral,iOS
u_013978,2024-12-29 23:59:20,JP,cross_promo,iOS
u_013979,2024-12-06 18:55:56,US,paid_tiktok,Android
u_013980,2024-11-04 21:14:32,JP,organic,Android
u_013981,2024-11-04 05:24:18,JP,organic,Android
u_013982,2024-12-09 15:57:29,KR,paid_google,Android
u_013983,2024-11-07 19:36:03,KR,cross_promo,iOS
u_013984,2024-11-12 07:31:02,JP,paid_facebook,Android
u_013985,2024-12-06 19:50:14,US,cross_promo,Android
u_013986,2024-12-10 01:40:21,JP,paid_google,Android
u_013987,2024-12-19 05:19:08,KR,cross_promo,iOS
u_013988,2024-12-25 07:44:09,JP,organic,iOS
u_013989,2024-11-06 09:47:05,US,paid_google,iOS
u_013990,2024-12-19 19:51:01,KR,paid_tiktok,iOS
u_013991,2024-12-28 18:24:01,KR,referral,Android
u_013992,2024-11-24 12:21:00,KR,cross_promo,Android
u_013993,2024-11-03 22:24:40,KR,paid_google,Android
u_013994,2024-11-05 14:49:02,JP,paid_google,Android
u_013995,2024-11-13 00:22:04,KR,paid_google,Android
u_013996,2024-11-18 15:24:35,JP,paid_google,Android
u_013997,2024-11-16 12:36:19,US,referral,Android
u_013998,2024-11-20 12:11:55,KR,organic,iOS
u_013999,2024-11-30 11:04:38,KR,cross_promo,Android
u_014000,2024-12-31 06:50:58,JP,cross_promo,iOS
u_014001,2024-12-20 12:26:43,KR,paid_google,Android
u_014002,2024-12-13 16:58:41,JP,cross_promo,iOS
u_014003,2024-12-30 05:26:23,KR,cross_promo,Android
u_014004,2024-11-11 09:13:32,KR,paid_tiktok,Android
u_014005,2024-11-19 20:20:07,KR,referral,Android
u_014006,2024-12-18 04:19:35,KR,cross_promo,Android
u_014007,2024-12-19 01:08:57,JP,paid_google,iOS
u_014008,2024-11-19 14:10:32,US,paid_facebook,iOS
u_014009,2024-11-26 21:56:35,JP,cross_promo,Android
u_014010,2024-12-10 14:27:16,US,referral,iOS
u_014011,2024-11-02 05:09:10,KR,referral,iOS
u_014012,2024-11-11 21:27:19,JP,paid_facebook,Android
u_014013,2024-11-07 22:31:34,US,cross_promo,Android
u_014014,2024-11-08 03:51:03,JP,paid_facebook,Android
u_014015,2024-12-29 05:26:39,KR,organic,iOS
u_014016,2024-11-17 13:03:31,KR,paid_facebook,Android
u_014017,2024-12-16 15:24:24,KR,referral,Android
u_014018,2024-11-10 14:42:24,US,paid_facebook,iOS
u_014019,2024-11-04 19:15:22,KR,organic,Android
u_014020,2024-11-06 17:31:01,JP,paid_google,iOS
u_014021,2024-11-13 07:10:14,KR,cross_promo,iOS
u_014022,2024-12-22 10:47:57,KR,paid_google,Android
u_014023,2024-12-19 23:43:08,KR,paid_google,Android
u_014024,2024-11-09 21:16:58,JP,organic,iOS
u_014025,2024-12-17 20:02:02,JP,paid_google,iOS
u_014026,2024-11-18 21:53:14,JP,paid_tiktok,Android
u_014027,2024-12-20 08:12:08,US,paid_tiktok,iOS
u_014028,2024-11-29 05:45:47,KR,organic,Android
u_014029,2024-12-28 08:33:20,KR,organic,Android
u_014030,2024-12-14 19:49:09,KR,paid_facebook,iOS
u_014031,2024-12-25 19:08:13,KR,organic,Android
u_014032,2024-11-08 18:51:21,JP,paid_tiktok,iOS
u_014033,2024-12-11 01:05:43,JP,referral,Android
u_014034,2024-12-29 11:10:55,KR,organic,Android
u_014035,2024-11-21 00:05:25,US,organic,Android
u_014036,2024-11-17 18:25:17,JP,cross_promo,iOS
u_014037,2024-11-22 10:08:22,KR,cross_promo,iOS
u_014038,2024-11-30 10:37:56,KR,paid_google,Android
u_014039,2024-12-21 20:08:43,KR,cross_promo,Android
u_014040,2024-12-26 04:12:51,KR,paid_facebook,Android
u_014041,2024-11-01 09:21:58,KR,cross_promo,iOS
u_014042,2024-11-26 18:52:41,US,referral,Android
u_014043,2024-12-31 18:50:53,US,paid_google,Android
u_014044,2024-12-18 11:35:59,JP,paid_tiktok,Android
u_014045,2024-11-07 18:04:39,KR,cross_promo,Android
u_014046,2024-12-10 14:26:56,JP,cross_promo,Android
u_014047,2024-12-15 18:02:31,KR,paid_facebook,Android
u_014048,2024-11-12 11:15:17,JP,paid_google,Android
u_014049,2024-11-05 16:16:21,KR,paid_google,iOS
u_014050,2024-11-01 03:59:06,JP,paid_google,Android
u_014051,2024-12-22 10:26:06,KR,referral,Android
u_014052,2024-11-26 12:39:15,KR,organic,iOS
u_014053,2024-11-27 08:59:52,KR,referral,Android
u_014054,2024-12-20 22:23:53,JP,paid_facebook,Android
u_014055,2024-11-09 13:43:30,KR,referral,Android
u_014056,2024-12-25 05:42:13,KR,paid_facebook,Android
u_014057,2024-11-01 06:26:31,US,organic,Android
u_014058,2024-12-30 20:43:40,US,paid_facebook,iOS
u_014059,2024-11-02 00:55:48,KR,cross_promo,Android
u_014060,2024-12-22 16:52:55,JP,organic,Android
u_014061,2024-12-17 22:45:21,JP,organic,Android
u_014062,2024-12-31 01:20:02,KR,organic,Android
u_014063,2024-12-18 21:10:20,KR,organic,iOS
u_014064,2024-11-05 20:49:15,KR,paid_facebook,iOS
u_014065,2024-12-20 16:33:55,JP,organic,iOS
u_014066,2024-12-24 18:42:16,KR,paid_facebook,Android
u_014067,2024-11-30 17:41:54,US,cross_promo,Android
u_014068,2024-11-30 21:05:11,JP,referral,Android
u_014069,2024-11-11 05:14:53,KR,referral,Android
u_014070,2024-12-07 02:17:36,US,paid_google,iOS
u_014071,2024-12-27 00:33:37,JP,paid_google,Android
u_014072,2024-12-19 19:50:59,US,paid_facebook,Android
u_014073,2024-11-26 05:39:04,KR,paid_facebook,iOS
u_014074,2024-11-30 00:58:02,JP,paid_tiktok,Android
u_014075,2024-12-26 02:45:36,JP,paid_google,iOS
u_014076,2024-11-11 21:39:03,US,referral,Android
u_014077,2024-12-06 02:35:33,KR,organic,Android
u_014078,2024-11-28 02:15:34,US,paid_google,iOS
u_014079,2024-12-02 02:25:01,JP,paid_tiktok,Android
u_014080,2024-11-05 10:02:39,KR,referral,Android
u_014081,2024-11-11 03:06:05,US,paid_tiktok,iOS
u_014082,2024-11-16 23:43:10,US,organic,Android
u_014083,2024-12-09 20:19:52,KR,paid_google,iOS
u_014084,2024-12-15 05:28:20,KR,referral,Android
u_014085,2024-11-25 23:57:35,KR,paid_google,iOS
u_014086,2024-11-16 16:24:47,JP,cross_promo,Android
u_014087,2024-12-23 20:08:11,KR,referral,Android
u_014088,2024-12-28 10:54:46,JP,paid_tiktok,Android
u_014089,2024-11-04 07:48:24,KR,referral,Android
u_014090,2024-11-02 06:58:02,KR,paid_google,Android
u_014091,2024-11-17 22:41:55,KR,paid_google,Android
u_014092,2024-11-01 17:15:01,JP,referral,iOS
u_014093,2024-12-01 16:39:18,US,paid_tiktok,iOS
u_014094,2024-11-30 09:08:48,JP,paid_facebook,Android
u_014095,2024-12-10 10:38:38,KR,organic,iOS
u_014096,2024-12-28 06:46:58,US,cross_promo,Android
u_014097,2024-12-23 23:13:05,KR,referral,Android
u_014098,2024-11-24 01:32:08,KR,referral,Android
u_014099,2024-11-10 18:49:56,KR,organic,Android
u_014100,2024-12-27 06:40:45,JP,cross_promo,iOS
u_014101,2024-11-04 00:33:06,US,referral,iOS
u_014102,2024-12-07 20:48:52,JP,paid_facebook,Android
u_014103,2024-11-06 07:53:50,KR,referral,Android
u_014104,2024-11-23 10:32:15,JP,organic,iOS
u_014105,2024-12-17 08:12:36,KR,referral,Android
u_014106,2024-12-01 16:13:09,KR,paid_facebook,Android
u_014107,2024-11-15 12:30:25,KR,referral,iOS
u_014108,2024-12-25 09:12:38,KR,referral,Android
u_014109,2024-11-03 05:15:05,US,paid_google,Android
u_014110,2024-11-25 16:22:42,KR,referral,iOS
u_014111,2024-12-16 00:46:50,KR,paid_tiktok,Android
u_014112,2024-11-25 14:35:58,KR,referral,Android
u_014113,2024-12-10 08:09:10,KR,paid_google,Android
u_014114,2024-12-26 16:11:41,KR,referral,iOS
u_014115,2024-11-24 23:15:37,JP,referral,iOS
u_014116,2024-12-15 10:08:13,US,paid_facebook,Android
u_014117,2024-11-05 18:27:38,US,referral,Android
u_014118,2024-11-20 17:35:22,KR,paid_tiktok,Android
u_014119,2024-11-25 04:00:43,KR,organic,iOS
u_014120,2024-11-04 15:34:03,JP,cross_promo,Android
u_014121,2024-11-16 05:39:14,KR,paid_facebook,Android
u_014122,2024-11-04 19:52:05,KR,cross_promo,Android
u_014123,2024-12-07 22:43:29,KR,paid_google,Android
u_014124,2024-12-02 13:04:28,KR,cross_promo,iOS
u_014125,2024-12-04 08:20:58,KR,referral,Android
u_014126,2024-11-17 18:53:52,KR,organic,Android
u_014127,2024-11-06 15:06:17,KR,paid_tiktok,iOS
u_014128,2024-11-29 16:59:31,KR,referral,Android
u_014129,2024-11-04 00:30:11,US,referral,iOS
u_014130,2024-12-14 09:21:39,US,cross_promo,Android
u_014131,2024-11-22 08:10:22,KR,paid_tiktok,Android
u_014132,2024-11-03 12:19:37,KR,paid_tiktok,Android
u_014133,2024-11-27 01:15:04,KR,paid_facebook,iOS
u_014134,2024-12-10 17:17:34,JP,referral,iOS
u_014135,2024-12-10 00:57:20,KR,referral,Android
u_014136,2024-12-30 23:08:15,KR,organic,Android
u_014137,2024-11-13 19:35:46,KR,paid_tiktok,Android
u_014138,2024-11-30 22:54:42,KR,paid_google,Android
u_014139,2024-12-19 01:46:11,US,referral,Android
u_014140,2024-12-06 10:59:20,JP,paid_facebook,Android
u_014141,2024-12-25 14:20:25,KR,organic,Android
u_014142,2024-11-24 20:39:16,KR,paid_tiktok,Android
u_014143,2024-12-05 14:02:57,KR,paid_tiktok,iOS
u_014144,2024-11-17 18:49:33,JP,paid_google,iOS
u_014145,2024-11-09 22:25:41,US,referral,Android
u_014146,2024-11-08 06:38:57,US,organic,iOS
u_014147,2024-12-04 00:12:08,KR,cross_promo,Android
u_014148,2024-12-30 11:46:28,KR,paid_facebook,Android
u_014149,2024-12-06 12:17:15,JP,organic,Android
u_014150,2024-12-08 03:23:59,JP,organic,Android
u_014151,2024-11-10 10:14:12,KR,paid_facebook,Android
u_014152,2024-12-22 01:13:51,KR,organic,iOS
u_014153,2024-11-11 04:03:58,JP,paid_facebook,Android
u_014154,2024-11-07 04:15:08,KR,organic,Android
u_014155,2024-12-13 09:31:47,KR,referral,Android
u_014156,2024-12-18 10:32:39,US,cross_promo,Android
u_014157,2024-12-08 18:37:59,KR,referral,Android
u_014158,2024-11-16 08:56:49,KR,paid_facebook,iOS
u_014159,2024-12-21 12:17:18,KR,organic,Android
u_014160,2024-12-04 17:24:22,KR,cross_promo,Android
u_014161,2024-12-08 21:18:41,US,paid_facebook,iOS
u_014162,2024-11-03 18:42:24,JP,organic,Android
u_014163,2024-11-28 23:20:24,JP,organic,Android
u_014164,2024-11-13 17:30:11,JP,paid_google,iOS
u_014165,2024-12-28 11:14:47,JP,paid_google,Android
u_014166,2024-11-19 20:44:21,JP,paid_facebook,iOS
u_014167,2024-11-08 10:14:18,KR,paid_facebook,iOS
u_014168,2024-11-07 15:05:29,KR,referral,Android
u_014169,2024-12-18 13:07:51,US,paid_facebook,iOS
u_014170,2024-12-10 00:30:08,KR,referral,Android
u_014171,2024-12-28 03:50:15,KR,paid_facebook,Android
u_014172,2024-12-30 00:43:42,KR,organic,Android
u_014173,2024-12-23 09:42:53,KR,paid_tiktok,iOS
u_014174,2024-12-25 13:49:42,KR,referral,iOS
u_014175,2024-11-05 17:24:19,KR,paid_google,iOS
u_014176,2024-12-12 09:10:10,JP,paid_facebook,Android
u_014177,2024-12-16 10:08:49,US,organic,Android
u_014178,2024-11-25 10:55:42,US,referral,iOS
u_014179,2024-11-24 17:25:38,JP,cross_promo,iOS
u_014180,2024-12-13 03:14:45,KR,paid_tiktok,iOS
u_014181,2024-12-27 22:08:44,KR,paid_tiktok,Android
u_014182,2024-12-01 19:11:47,JP,referral,iOS
u_014183,2024-11-23 19:26:15,KR,referral,Android
u_014184,2024-11-21 22:19:52,JP,organic,Android
u_014185,2024-11-01 14:08:07,JP,organic,Android
u_014186,2024-12-08 22:54:17,US,paid_facebook,iOS
u_014187,2024-12-03 16:27:49,JP,organic,iOS
u_014188,2024-11-06 05:13:57,KR,referral,iOS
u_014189,2024-11-06 06:56:32,KR,paid_google,Android
u_014190,2024-12-20 04:12:25,KR,paid_tiktok,Android
u_014191,2024-11-11 18:01:05,US,paid_tiktok,Android
u_014192,2024-11-09 21:51:41,KR,organic,iOS
u_014193,2024-11-08 20:34:14,JP,paid_google,Android
u_014194,2024-12-08 11:11:42,JP,paid_google,Android
u_014195,2024-12-09 03:27:36,JP,paid_google,Android
u_014196,2024-12-25 18:33:36,US,referral,Android
u_014197,2024-12-12 22:43:55,US,cross_promo,iOS
u_014198,2024-12-26 22:48:04,KR,cross_promo,Android
u_014199,2024-11-26 05:31:57,US,referral,Android
u_014200,2024-11-22 16:19:26,KR,cross_promo,iOS
u_014201,2024-12-16 17:06:25,US,cross_promo,iOS
u_014202,2024-11-18 15:58:46,JP,paid_facebook,iOS
u_014203,2024-11-10 17:18:04,JP,paid_facebook,Android
u_014204,2024-12-17 01:50:13,US,referral,iOS
u_014205,2024-11-27 04:44:05,KR,paid_facebook,Android
u_014206,2024-12-23 01:25:54,US,paid_tiktok,iOS
u_014207,2024-12-23 07:19:38,KR,paid_facebook,iOS
u_014208,2024-12-13 16:21:08,KR,referral,Android
u_014209,2024-12-09 20:11:43,KR,paid_facebook,Android
u_014210,2024-12-09 21:06:42,KR,cross_promo,Android
u_014211,2024-11-18 10:09:53,KR,referral,Android
u_014212,2024-12-23 10:21:07,JP,cross_promo,Android
u_014213,2024-11-13 16:26:41,US,referral,iOS
u_014214,2024-12-02 18:20:35,KR,cross_promo,Android
u_014215,2024-12-01 05:54:24,KR,paid_facebook,Android
u_014216,2024-12-15 23:41:23,KR,organic,Android
u_014217,2024-12-01 12:16:30,KR,referral,Android
u_014218,2024-12-11 08:19:20,US,organic,Android
u_014219,2024-11-28 06:59:47,JP,cross_promo,iOS
u_014220,2024-11-05 09:33:45,US,cross_promo,Android
u_014221,2024-11-23 22:33:08,KR,paid_tiktok,iOS
u_014222,2024-12-14 18:28:08,JP,organic,iOS
u_014223,2024-12-12 02:30:53,KR,paid_google,Android
u_014224,2024-12-20 04:39:58,KR,paid_facebook,Android
u_014225,2024-12-15 11:06:41,JP,paid_facebook,Android
u_014226,2024-11-12 22:06:49,US,cross_promo,Android
u_014227,2024-11-29 19:43:11,KR,cross_promo,iOS
u_014228,2024-12-22 13:17:05,KR,paid_tiktok,iOS
u_014229,2024-12-22 20:52:27,US,cross_promo,Android
u_014230,2024-12-30 11:53:30,KR,organic,iOS
u_014231,2024-12-31 16:16:10,KR,cross_promo,Android
u_014232,2024-12-24 21:46:01,US,paid_google,Android
u_014233,2024-11-13 00:29:03,KR,organic,Android
u_014234,2024-12-08 09:27:43,US,cross_promo,Android
u_014235,2024-11-13 04:39:16,US,paid_google,Android
u_014236,2024-12-20 10:06:43,US,paid_tiktok,iOS
u_014237,2024-11-18 03:54:25,KR,cross_promo,iOS
u_014238,2024-12-14 08:06:20,KR,referral,Android
u_014239,2024-12-28 20:55:37,KR,paid_google,Android
u_014240,2024-12-15 16:47:53,KR,paid_tiktok,iOS
u_014241,2024-12-29 06:15:31,US,cross_promo,Android
u_014242,2024-12-26 00:33:15,KR,organic,Android
u_014243,2024-11-23 01:20:13,KR,paid_facebook,Android
u_014244,2024-11-16 07:59:38,JP,paid_facebook,Android
u_014245,2024-11-21 15:20:27,KR,referral,Android
u_014246,2024-12-02 00:50:26,KR,referral,Android
u_014247,2024-12-31 00:39:07,KR,paid_tiktok,Android
u_014248,2024-12-26 22:29:03,US,paid_tiktok,iOS
u_014249,2024-11-19 08:11:41,KR,paid_google,Android
u_014250,2024-12-01 01:58:35,KR,paid_google,iOS
u_014251,2024-12-19 13:39:28,KR,cross_promo,Android
u_014252,2024-12-14 02:30:42,KR,paid_google,iOS
u_014253,2024-12-15 22:52:04,KR,referral,Android
u_014254,2024-12-23 18:56:04,JP,paid_tiktok,Android
u_014255,2024-12-02 07:29:01,JP,referral,Android
u_014256,2024-11-29 22:55:35,US,organic,iOS
u_014257,2024-12-28 05:19:56,KR,cross_promo,Android
u_014258,2024-12-21 16:16:27,JP,referral,Android
u_014259,2024-12-22 20:13:14,KR,paid_google,iOS
u_014260,2024-12-18 16:12:52,US,paid_google,iOS
u_014261,2024-11-24 01:19:05,KR,paid_google,iOS
u_014262,2024-12-10 09:14:57,US,cross_promo,Android
u_014263,2024-12-12 10:57:35,KR,referral,iOS
u_014264,2024-12-20 09:58:51,KR,paid_google,Android
u_014265,2024-11-04 13:52:13,KR,paid_facebook,Android
u_014266,2024-12-08 13:21:53,KR,paid_google,iOS
u_014267,2024-12-10 22:11:22,US,referral,Android
u_014268,2024-12-06 02:46:17,US,paid_facebook,Android
u_014269,2024-11-01 01:41:56,KR,organic,iOS
u_014270,2024-12-17 21:17:04,KR,paid_facebook,iOS
u_014271,2024-11-18 00:10:27,US,organic,Android
u_014272,2024-11-12 15:23:02,US,paid_google,Android
u_014273,2024-11-21 14:08:48,JP,referral,Android
u_014274,2024-12-13 18:47:44,KR,referral,iOS
u_014275,2024-12-10 20:59:24,KR,paid_facebook,iOS
u_014276,2024-11-13 04:14:42,KR,paid_google,iOS
u_014277,2024-11-06 01:53:52,JP,organic,iOS
u_014278,2024-12-25 02:19:00,KR,paid_facebook,iOS
u_014279,2024-12-27 16:27:40,KR,paid_tiktok,iOS
u_014280,2024-11-18 01:23:35,JP,cross_promo,iOS
u_014281,2024-11-07 22:53:22,JP,cross_promo,Android
u_014282,2024-11-12 07:34:41,JP,cross_promo,iOS
u_014283,2024-12-26 12:51:45,KR,cross_promo,iOS
u_014284,2024-12-27 19:04:14,KR,referral,Android
u_014285,2024-11-09 03:43:36,KR,paid_google,Android
u_014286,2024-11-08 02:40:52,KR,paid_tiktok,iOS
u_014287,2024-11-13 15:46:13,US,cross_promo,Android
u_014288,2024-11-07 01:09:18,US,cross_promo,Android
u_014289,2024-11-10 05:27:11,US,organic,Android
u_014290,2024-11-21 22:45:19,KR,paid_facebook,iOS
u_014291,2024-11-24 18:33:52,KR,paid_facebook,iOS
u_014292,2024-11-22 23:23:11,US,paid_facebook,iOS
u_014293,2024-11-04 22:02:30,JP,cross_promo,Android
u_014294,2024-11-05 21:12:19,KR,paid_tiktok,Android
u_014295,2024-11-26 11:47:23,JP,paid_tiktok,Android
u_014296,2024-11-16 07:38:46,US,referral,Android
u_014297,2024-12-28 03:24:01,KR,paid_facebook,Android
u_014298,2024-11-23 21:54:30,JP,paid_tiktok,iOS
u_014299,2024-12-08 18:57:12,KR,paid_google,iOS
u_014300,2024-12-21 15:28:34,US,referral,Android
u_014301,2024-11-11 11:18:04,KR,organic,Android
u_014302,2024-12-03 21:41:58,JP,paid_google,Android
u_014303,2024-11-27 08:10:39,KR,organic,iOS
u_014304,2024-11-05 08:48:51,JP,referral,iOS
u_014305,2024-12-07 00:34:57,US,organic,Android
u_014306,2024-11-04 17:05:23,JP,paid_google,iOS
u_014307,2024-12-18 08:30:03,US,paid_google,Android
u_014308,2024-11-28 10:43:55,JP,organic,iOS
u_014309,2024-12-19 08:02:40,KR,paid_google,Android
u_014310,2024-12-13 18:06:40,JP,referral,Android
u_014311,2024-11-06 20:11:01,US,paid_facebook,Android
u_014312,2024-11-06 15:39:58,KR,organic,Android
u_014313,2024-11-17 16:26:18,KR,referral,Android
u_014314,2024-12-06 00:49:04,JP,paid_facebook,Android
u_014315,2024-11-11 16:11:56,KR,cross_promo,Android
u_014316,2024-11-02 07:28:10,JP,paid_facebook,iOS
u_014317,2024-12-10 07:12:40,JP,referral,iOS
u_014318,2024-12-02 22:42:47,JP,cross_promo,Android
u_014319,2024-12-16 06:34:48,JP,paid_tiktok,iOS
u_014320,2024-11-16 19:49:09,KR,referral,Android
u_014321,2024-11-22 15:15:00,KR,organic,Android
u_014322,2024-12-25 10:25:57,JP,paid_facebook,iOS
u_014323,2024-11-14 03:25:41,KR,organic,Android
u_014324,2024-11-29 10:19:57,KR,paid_tiktok,Android
u_014325,2024-11-14 11:57:05,KR,paid_facebook,Android
u_014326,2024-12-07 02:01:08,US,cross_promo,Android
u_014327,2024-12-05 02:47:34,KR,referral,Android
u_014328,2024-12-09 13:59:25,KR,paid_facebook,Android
u_014329,2024-11-23 07:46:02,JP,paid_google,Android
u_014330,2024-11-08 04:32:32,KR,cross_promo,Android
u_014331,2024-11-03 19:56:51,KR,cross_promo,iOS
u_014332,2024-11-19 09:43:33,US,paid_tiktok,Android
u_014333,2024-12-27 22:09:33,JP,cross_promo,Android
u_014334,2024-12-05 03:10:49,JP,paid_google,iOS
u_014335,2024-12-20 10:58:44,US,cross_promo,iOS
u_014336,2024-11-19 09:20:30,KR,paid_tiktok,Android
u_014337,2024-11-28 00:06:32,KR,paid_facebook,Android
u_014338,2024-11-04 09:57:39,US,cross_promo,Android
u_014339,2024-11-05 20:41:59,KR,referral,Android
u_014340,2024-12-19 04:48:35,US,cross_promo,iOS
u_014341,2024-11-02 11:42:10,KR,paid_tiktok,iOS
u_014342,2024-12-26 14:39:15,JP,referral,Android
u_014343,2024-11-29 06:14:46,KR,paid_google,Android
u_014344,2024-12-10 09:05:18,KR,paid_tiktok,Android
u_014345,2024-11-12 04:06:18,KR,organic,iOS
u_014346,2024-12-11 13:45:14,KR,paid_facebook,Android
u_014347,2024-12-02 05:20:30,KR,referral,Android
u_014348,2024-11-10 13:38:39,KR,paid_google,iOS
u_014349,2024-11-27 10:25:45,JP,cross_promo,Android
u_014350,2024-12-12 03:56:02,KR,referral,iOS
u_014351,2024-12-18 18:50:08,KR,cross_promo,Android
u_014352,2024-12-04 21:26:15,US,referral,Android
u_014353,2024-11-17 23:30:22,US,paid_facebook,iOS
u_014354,2024-12-24 01:22:29,JP,paid_facebook,Android
u_014355,2024-12-10 20:47:12,KR,cross_promo,iOS
u_014356,2024-11-16 16:05:27,US,paid_google,Android
u_014357,2024-11-16 04:02:36,KR,cross_promo,Android
u_014358,2024-11-28 17:27:33,KR,paid_google,Android
u_014359,2024-11-12 23:58:25,KR,paid_google,Android
u_014360,2024-12-16 03:25:26,KR,paid_tiktok,iOS
u_014361,2024-12-05 15:56:22,KR,organic,Android
u_014362,2024-11-04 08:34:16,US,referral,iOS
u_014363,2024-12-05 05:59:35,JP,paid_google,iOS
u_014364,2024-12-05 03:51:29,KR,paid_tiktok,iOS
u_014365,2024-12-18 06:54:09,KR,paid_google,iOS
u_014366,2024-12-02 16:52:20,KR,cross_promo,Android
u_014367,2024-11-11 22:08:52,US,paid_google,Android
u_014368,2024-11-13 14:40:51,KR,paid_google,Android
u_014369,2024-11-02 03:06:28,KR,cross_promo,iOS
u_014370,2024-11-05 22:33:48,US,organic,Android
u_014371,2024-12-07 11:30:32,KR,organic,Android
u_014372,2024-12-22 10:01:52,KR,referral,Android
u_014373,2024-11-17 04:45:46,KR,organic,iOS
u_014374,2024-12-05 06:11:17,KR,paid_google,Android
u_014375,2024-12-28 07:15:36,KR,cross_promo,Android
u_014376,2024-12-25 14:55:24,KR,referral,Android
u_014377,2024-11-10 07:13:24,KR,paid_tiktok,iOS
u_014378,2024-12-18 15:13:39,KR,paid_tiktok,Android
u_014379,2024-12-25 04:03:33,KR,organic,iOS
u_014380,2024-11-12 07:29:29,JP,cross_promo,iOS
u_014381,2024-11-16 20:14:31,KR,cross_promo,Android
u_014382,2024-11-08 17:02:13,US,organic,iOS
u_014383,2024-12-07 22:35:11,JP,paid_facebook,iOS
u_014384,2024-11-09 11:34:08,US,organic,iOS
u_014385,2024-12-02 14:43:22,US,organic,Android
u_014386,2024-12-29 06:28:17,JP,paid_google,Android
u_014387,2024-11-30 12:35:45,JP,paid_tiktok,Android
u_014388,2024-11-30 07:00:44,JP,organic,Android
u_014389,2024-12-28 16:37:47,KR,paid_google,iOS
u_014390,2024-11-06 16:06:34,KR,cross_promo,Android
u_014391,2024-12-30 14:22:56,KR,paid_tiktok,Android
u_014392,2024-12-19 01:16:11,US,cross_promo,iOS
u_014393,2024-12-02 18:36:13,KR,referral,Android
u_014394,2024-11-04 18:38:36,US,paid_facebook,Android
u_014395,2024-11-04 04:26:06,JP,paid_tiktok,Android
u_014396,2024-11-19 21:32:01,JP,paid_facebook,Android
u_014397,2024-11-07 07:02:03,US,referral,Android
u_014398,2024-12-02 12:01:10,KR,organic,Android
u_014399,2024-11-22 18:26:53,US,paid_tiktok,Android
u_014400,2024-11-29 04:52:49,JP,paid_google,Android
u_014401,2024-11-14 20:40:34,JP,referral,iOS
u_014402,2024-12-13 02:09:19,US,paid_tiktok,Android
u_014403,2024-11-21 01:42:48,KR,referral,iOS
u_014404,2024-11-20 22:51:29,KR,referral,Android
u_014405,2024-12-09 18:20:24,JP,organic,Android
u_014406,2024-12-22 00:20:57,JP,paid_facebook,iOS
u_014407,2024-12-07 12:49:55,KR,paid_tiktok,Android
u_014408,2024-12-10 09:00:06,KR,paid_tiktok,iOS
u_014409,2024-11-14 23:34:41,US,organic,Android
u_014410,2024-12-19 10:52:20,US,paid_google,iOS
u_014411,2024-12-11 04:40:02,US,organic,iOS
u_014412,2024-12-05 04:19:35,JP,paid_google,Android
u_014413,2024-12-20 14:45:11,KR,paid_tiktok,iOS
u_014414,2024-11-02 11:35:25,KR,paid_tiktok,iOS
u_014415,2024-12-02 22:13:49,US,referral,Android
u_014416,2024-11-22 17:32:12,KR,organic,iOS
u_014417,2024-12-17 16:59:15,KR,paid_tiktok,Android
u_014418,2024-12-11 11:32:16,KR,referral,iOS
u_014419,2024-12-10 05:29:20,JP,referral,Android
u_014420,2024-12-13 08:56:11,US,referral,Android
u_014421,2024-12-21 14:36:38,JP,organic,iOS
u_014422,2024-11-16 06:55:08,US,cross_promo,Android
u_014423,2024-11-02 16:26:10,KR,paid_tiktok,Android
u_014424,2024-11-08 23:47:05,JP,organic,Android
u_014425,2024-12-18 11:29:37,US,paid_tiktok,Android
u_014426,2024-11-17 09:08:45,KR,paid_tiktok,iOS
u_014427,2024-12-14 01:59:01,KR,organic,iOS
u_014428,2024-12-10 19:34:20,KR,referral,Android
u_014429,2024-12-23 14:26:03,KR,organic,iOS
u_014430,2024-11-17 11:13:08,KR,paid_facebook,Android
u_014431,2024-12-27 05:17:37,KR,paid_facebook,Android
u_014432,2024-12-10 14:36:22,US,paid_facebook,Android
u_014433,2024-11-14 21:53:02,KR,referral,iOS
u_014434,2024-12-11 12:05:18,KR,paid_facebook,Android
u_014435,2024-11-07 01:34:37,JP,cross_promo,Android
u_014436,2024-11-02 12:32:41,KR,referral,Android
u_014437,2024-12-02 22:12:04,KR,referral,Android
u_014438,2024-11-30 12:53:43,KR,referral,Android
u_014439,2024-11-29 03:52:02,KR,paid_tiktok,Android
u_014440,2024-11-16 11:12:56,KR,referral,Android
u_014441,2024-11-26 01:20:12,KR,referral,Android
u_014442,2024-12-05 05:22:31,US,organic,Android
u_014443,2024-11-11 13:18:25,JP,organic,iOS
u_014444,2024-11-20 18:24:36,JP,paid_tiktok,Android
u_014445,2024-11-24 00:31:06,KR,cross_promo,iOS
u_014446,2024-11-26 20:48:03,US,cross_promo,Android
u_014447,2024-12-17 04:35:42,KR,paid_google,Android
u_014448,2024-12-07 09:00:52,KR,organic,iOS
u_014449,2024-11-08 02:08:46,KR,cross_promo,Android
u_014450,2024-11-19 15:28:13,KR,paid_google,Android
u_014451,2024-12-10 23:12:52,JP,paid_tiktok,iOS
u_014452,2024-12-18 02:41:22,US,paid_tiktok,Android
u_014453,2024-11-02 12:08:22,KR,cross_promo,iOS
u_014454,2024-11-11 12:19:27,KR,paid_google,Android
u_014455,2024-12-07 00:10:15,JP,organic,iOS
u_014456,2024-12-06 18:02:47,JP,paid_tiktok,iOS
u_014457,2024-12-31 17:58:20,JP,paid_tiktok,iOS
u_014458,2024-12-17 16:47:37,JP,organic,Android
u_014459,2024-11-16 00:12:27,US,paid_tiktok,Android
u_014460,2024-12-20 18:46:35,KR,paid_facebook,Android
u_014461,2024-12-29 18:10:13,JP,paid_google,Android
u_014462,2024-12-23 22:09:47,KR,referral,Android
u_014463,2024-12-08 21:15:10,JP,cross_promo,Android
u_014464,2024-12-25 06:57:29,KR,referral,iOS
u_014465,2024-11-21 17:11:19,KR,referral,Android
u_014466,2024-11-28 11:10:57,US,organic,iOS
u_014467,2024-12-08 00:08:17,KR,paid_google,iOS
u_014468,2024-11-11 01:45:10,KR,cross_promo,Android
u_014469,2024-12-20 22:37:02,US,organic,iOS
u_014470,2024-12-12 08:49:44,KR,referral,Android
u_014471,2024-12-20 20:30:42,US,organic,iOS
u_014472,2024-12-20 12:30:20,KR,referral,Android
u_014473,2024-12-24 05:16:11,JP,paid_google,iOS
u_014474,2024-11-26 09:26:48,KR,organic,Android
u_014475,2024-12-21 07:26:03,JP,organic,iOS
u_014476,2024-11-16 01:50:30,KR,referral,iOS
u_014477,2024-12-31 06:17:03,KR,paid_facebook,Android
u_014478,2024-12-12 23:33:15,KR,organic,iOS
u_014479,2024-12-23 04:23:47,JP,referral,iOS
u_014480,2024-11-28 14:59:31,US,paid_tiktok,Android
u_014481,2024-11-28 19:05:50,KR,paid_facebook,Android
u_014482,2024-11-14 19:06:59,KR,paid_facebook,iOS
u_014483,2024-12-06 15:36:01,KR,cross_promo,iOS
u_014484,2024-11-23 04:00:55,JP,paid_google,Android
u_014485,2024-11-18 13:47:51,US,referral,iOS
u_014486,2024-12-04 01:02:34,JP,paid_tiktok,Android
u_014487,2024-12-23 13:40:22,KR,paid_facebook,iOS
u_014488,2024-11-06 07:54:08,US,paid_google,Android
u_014489,2024-12-31 06:58:44,KR,referral,Android
u_014490,2024-12-06 16:37:07,JP,paid_facebook,iOS
u_014491,2024-12-01 21:46:47,KR,organic,iOS
u_014492,2024-12-04 20:10:54,JP,cross_promo,Android
u_014493,2024-11-17 07:41:16,KR,paid_tiktok,Android
u_014494,2024-11-08 14:02:48,JP,paid_google,Android
u_014495,2024-11-04 04:44:55,KR,paid_google,Android
u_014496,2024-11-09 13:56:23,KR,cross_promo,iOS
u_014497,2024-12-20 17:58:49,JP,organic,iOS
u_014498,2024-12-19 00:25:47,KR,paid_facebook,iOS
u_014499,2024-11-26 00:21:17,KR,paid_tiktok,iOS
u_014500,2024-11-07 12:38:32,US,paid_google,Android
u_014501,2024-11-06 09:56:04,KR,paid_google,Android
u_014502,2024-12-14 14:54:53,KR,organic,Android
u_014503,2024-11-12 20:48:16,KR,paid_google,iOS
u_014504,2024-11-27 20:11:33,US,paid_google,Android
u_014505,2024-11-28 21:48:52,JP,paid_tiktok,Android
u_014506,2024-12-04 18:55:40,KR,cross_promo,iOS
u_014507,2024-11-02 18:10:02,KR,paid_facebook,Android
u_014508,2024-12-16 14:17:32,KR,referral,Android
u_014509,2024-12-16 13:04:10,JP,cross_promo,Android
u_014510,2024-11-28 21:12:54,KR,referral,Android
u_014511,2024-11-14 00:42:00,JP,organic,Android
u_014512,2024-11-30 07:33:54,JP,paid_facebook,iOS
u_014513,2024-11-03 21:55:20,KR,paid_facebook,iOS
u_014514,2024-11-12 08:35:59,US,cross_promo,Android
u_014515,2024-11-14 10:59:03,US,paid_tiktok,Android
u_014516,2024-12-31 07:15:14,US,cross_promo,Android
u_014517,2024-11-05 15:06:03,KR,paid_google,Android
u_014518,2024-12-08 11:08:29,US,paid_tiktok,Android
u_014519,2024-11-30 21:14:37,US,paid_google,Android
u_014520,2024-12-31 15:34:33,JP,paid_tiktok,Android
u_014521,2024-12-11 23:55:05,US,referral,Android
u_014522,2024-12-05 15:39:11,US,referral,iOS
u_014523,2024-11-14 12:53:30,JP,paid_facebook,Android
u_014524,2024-11-09 22:44:01,JP,cross_promo,iOS
u_014525,2024-11-05 14:32:29,US,referral,Android
u_014526,2024-11-07 19:03:54,JP,referral,Android
u_014527,2024-11-19 03:21:02,KR,referral,iOS
u_014528,2024-12-29 23:25:54,JP,referral,iOS
u_014529,2024-11-16 16:03:31,US,cross_promo,Android
u_014530,2024-12-26 11:33:25,JP,paid_google,Android
u_014531,2024-12-16 07:48:45,KR,organic,iOS
u_014532,2024-12-05 07:19:43,KR,organic,Android
u_014533,2024-11-25 16:12:26,JP,referral,Android
u_014534,2024-12-22 05:50:00,JP,paid_google,Android
u_014535,2024-11-02 09:10:56,US,referral,iOS
u_014536,2024-12-31 18:51:15,KR,paid_facebook,Android
u_014537,2024-12-27 09:56:10,US,paid_google,Android
u_014538,2024-11-03 13:59:12,US,paid_google,Android
u_014539,2024-11-13 15:36:35,JP,organic,Android
u_014540,2024-11-17 10:03:32,KR,organic,Android
u_014541,2024-11-18 12:17:53,US,referral,Android
u_014542,2024-11-18 02:24:55,US,paid_facebook,iOS
u_014543,2024-11-09 15:40:20,KR,paid_tiktok,Android
u_014544,2024-11-28 21:33:39,US,referral,Android
u_014545,2024-11-21 21:38:56,US,paid_facebook,iOS
u_014546,2024-12-01 04:11:06,US,paid_google,iOS
u_014547,2024-12-26 17:05:49,KR,referral,Android
u_014548,2024-12-02 17:41:54,KR,referral,iOS
u_014549,2024-11-02 12:13:57,KR,organic,Android
u_014550,2024-11-18 03:24:44,KR,paid_google,iOS
u_014551,2024-12-22 06:13:34,JP,cross_promo,Android
u_014552,2024-11-02 03:26:53,JP,cross_promo,Android
u_014553,2024-11-15 20:13:40,KR,cross_promo,iOS
u_014554,2024-11-26 12:15:59,US,paid_tiktok,iOS
u_014555,2024-12-22 00:14:54,KR,referral,Android
u_014556,2024-11-11 11:58:43,JP,organic,Android
u_014557,2024-11-25 15:07:05,KR,cross_promo,Android
u_014558,2024-11-12 04:17:11,KR,paid_facebook,Android
u_014559,2024-12-28 00:17:20,KR,paid_facebook,Android
u_014560,2024-11-17 07:30:24,US,paid_tiktok,Android
u_014561,2024-11-05 21:42:42,KR,referral,iOS
u_014562,2024-11-10 04:35:02,JP,paid_facebook,Android
u_014563,2024-12-19 02:07:43,JP,paid_tiktok,Android
u_014564,2024-11-28 06:55:53,KR,paid_google,iOS
u_014565,2024-11-20 02:31:19,US,paid_google,iOS
u_014566,2024-12-25 19:45:00,KR,organic,Android
u_014567,2024-12-07 13:08:57,US,paid_google,Android
u_014568,2024-12-27 02:10:27,KR,paid_google,iOS
u_014569,2024-12-13 03:51:38,KR,paid_facebook,iOS
u_014570,2024-12-27 03:21:04,JP,referral,iOS
u_014571,2024-11-01 12:41:48,JP,paid_facebook,Android
u_014572,2024-12-07 08:24:47,KR,paid_google,Android
u_014573,2024-12-30 19:16:00,US,organic,Android
u_014574,2024-12-18 02:39:16,KR,paid_google,iOS
u_014575,2024-12-13 20:10:02,KR,paid_facebook,Android
u_014576,2024-11-07 21:37:58,KR,cross_promo,Android
u_014577,2024-11-06 05:15:08,US,paid_google,Android
u_014578,2024-12-14 09:05:32,KR,paid_facebook,iOS
u_014579,2024-12-16 10:30:45,JP,referral,Android
u_014580,2024-11-29 04:29:22,JP,cross_promo,iOS
u_014581,2024-11-21 03:08:57,KR,referral,Android
u_014582,2024-12-31 03:46:13,KR,paid_google,iOS
u_014583,2024-12-18 14:50:45,KR,cross_promo,Android
u_014584,2024-11-12 13:33:03,KR,referral,Android
u_014585,2024-11-04 14:48:00,US,organic,Android
u_014586,2024-11-18 23:19:30,KR,referral,iOS
u_014587,2024-11-15 22:14:24,KR,organic,Android
u_014588,2024-12-30 19:36:29,KR,paid_tiktok,iOS
u_014589,2024-11-05 20:11:34,JP,cross_promo,Android
u_014590,2024-11-21 08:26:03,US,referral,Android
u_014591,2024-12-17 21:25:51,KR,referral,Android
u_014592,2024-12-27 06:10:46,KR,organic,Android
u_014593,2024-11-13 19:54:01,JP,paid_facebook,Android
u_014594,2024-11-20 17:11:41,KR,paid_tiktok,iOS
u_014595,2024-11-14 10:33:27,US,paid_facebook,Android
u_014596,2024-12-17 01:21:48,JP,cross_promo,Android
u_014597,2024-12-26 00:33:18,US,paid_tiktok,Android
u_014598,2024-11-27 22:38:02,JP,referral,Android
u_014599,2024-11-20 20:04:30,JP,paid_tiktok,iOS
u_014600,2024-11-19 12:29:40,KR,cross_promo,Android
u_014601,2024-12-30 18:55:21,KR,paid_facebook,Android
u_014602,2024-12-18 20:46:01,US,paid_facebook,Android
u_014603,2024-11-09 07:02:57,KR,organic,Android
u_014604,2024-11-29 00:23:24,KR,referral,iOS
u_014605,2024-11-25 10:08:08,KR,paid_facebook,Android
u_014606,2024-11-18 14:21:42,KR,paid_facebook,iOS
u_014607,2024-11-30 08:39:04,US,organic,iOS
u_014608,2024-11-28 10:55:24,KR,paid_facebook,iOS
u_014609,2024-12-14 13:02:07,JP,paid_google,iOS
u_014610,2024-11-28 11:59:30,JP,organic,iOS
u_014611,2024-11-28 23:26:23,KR,paid_tiktok,Android
u_014612,2024-12-25 22:24:40,JP,cross_promo,Android
u_014613,2024-11-22 10:07:53,US,cross_promo,Android
u_014614,2024-12-12 14:10:08,KR,paid_google,Android
u_014615,2024-11-04 05:57:32,KR,referral,Android
u_014616,2024-12-04 17:35:34,KR,paid_tiktok,Android
u_014617,2024-12-04 10:51:28,JP,paid_google,iOS
u_014618,2024-11-29 14:20:57,JP,organic,Android
u_014619,2024-12-06 18:08:33,JP,paid_facebook,Android
u_014620,2024-11-27 04:28:51,KR,paid_facebook,Android
u_014621,2024-11-09 07:49:41,US,organic,Android
u_014622,2024-12-30 03:20:04,KR,referral,Android
u_014623,2024-11-11 18:57:00,US,cross_promo,iOS
u_014624,2024-12-07 00:17:45,KR,cross_promo,Android
u_014625,2024-12-17 06:51:51,US,referral,Android
u_014626,2024-12-07 17:51:31,KR,cross_promo,iOS
u_014627,2024-11-18 11:47:42,JP,paid_facebook,Android
u_014628,2024-12-21 13:51:37,KR,paid_tiktok,Android
u_014629,2024-12-31 00:13:08,KR,organic,iOS
u_014630,2024-12-16 02:16:00,KR,paid_facebook,Android
u_014631,2024-12-19 21:44:03,KR,organic,iOS
u_014632,2024-11-20 03:36:20,US,referral,iOS
u_014633,2024-11-27 22:28:35,US,paid_google,iOS
u_014634,2024-11-26 03:02:12,US,paid_tiktok,iOS
u_014635,2024-12-10 00:03:05,KR,referral,Android
u_014636,2024-12-27 20:14:37,US,cross_promo,iOS
u_014637,2024-11-14 10:17:11,US,cross_promo,Android
u_014638,2024-12-13 05:59:16,KR,paid_tiktok,Android
u_014639,2024-12-11 00:24:25,US,cross_promo,iOS
u_014640,2024-11-28 05:45:43,KR,organic,Android
u_014641,2024-12-09 18:17:15,JP,referral,Android
u_014642,2024-11-17 02:18:59,JP,referral,Android
u_014643,2024-11-01 02:03:23,KR,paid_tiktok,Android
u_014644,2024-11-16 00:24:56,US,cross_promo,iOS
u_014645,2024-12-07 20:04:19,US,paid_facebook,Android
u_014646,2024-12-01 06:41:06,KR,cross_promo,iOS
u_014647,2024-11-10 17:11:53,US,paid_google,iOS
u_014648,2024-11-17 18:21:30,US,paid_tiktok,Android
u_014649,2024-12-23 12:33:23,KR,cross_promo,Android
u_014650,2024-11-05 01:34:57,JP,paid_tiktok,Android
u_014651,2024-11-07 12:05:07,KR,cross_promo,iOS
u_014652,2024-11-30 16:49:33,US,referral,Android
u_014653,2024-11-13 02:04:35,KR,referral,Android
u_014654,2024-11-10 02:51:48,US,paid_facebook,Android
u_014655,2024-11-01 18:34:31,KR,organic,iOS
u_014656,2024-12-03 11:03:45,JP,referral,Android
u_014657,2024-12-05 19:14:58,KR,cross_promo,Android
u_014658,2024-12-30 23:13:25,JP,paid_facebook,Android
u_014659,2024-11-13 03:15:04,US,paid_google,iOS
u_014660,2024-12-23 01:54:12,KR,referral,iOS
u_014661,2024-12-26 11:50:58,KR,paid_google,Android
u_014662,2024-12-06 09:33:41,KR,referral,iOS
u_014663,2024-12-21 13:50:13,US,paid_google,iOS
u_014664,2024-12-30 02:58:20,US,organic,Android
u_014665,2024-11-15 22:47:57,US,cross_promo,Android
u_014666,2024-11-02 16:07:36,KR,referral,Android
u_014667,2024-12-12 05:21:48,KR,referral,Android
u_014668,2024-11-25 09:56:14,US,paid_google,Android
u_014669,2024-12-05 03:59:40,US,cross_promo,Android
u_014670,2024-12-17 16:54:35,KR,paid_facebook,iOS
u_014671,2024-12-05 21:59:37,US,paid_facebook,Android
u_014672,2024-12-19 01:44:13,KR,organic,Android
u_014673,2024-12-25 11:27:20,KR,paid_facebook,Android
u_014674,2024-11-16 23:03:00,KR,paid_google,Android
u_014675,2024-12-05 12:21:14,US,paid_facebook,Android
u_014676,2024-11-25 12:33:29,KR,paid_facebook,Android
u_014677,2024-12-08 10:51:36,KR,cross_promo,Android
u_014678,2024-11-25 22:44:35,KR,organic,Android
u_014679,2024-11-11 14:07:29,KR,paid_google,Android
u_014680,2024-11-05 20:32:28,JP,paid_facebook,iOS
u_014681,2024-11-07 14:08:42,US,referral,Android
u_014682,2024-11-27 10:27:07,KR,referral,iOS
u_014683,2024-11-09 12:38:09,KR,paid_tiktok,iOS
u_014684,2024-11-18 14:06:47,JP,paid_tiktok,Android
u_014685,2024-12-09 20:47:02,KR,referral,Android
u_014686,2024-11-14 21:38:52,KR,referral,Android
u_014687,2024-11-10 12:28:09,KR,paid_tiktok,Android
u_014688,2024-12-12 19:52:04,US,paid_google,Android
u_014689,2024-12-05 23:13:35,KR,cross_promo,iOS
u_014690,2024-12-18 15:23:48,KR,paid_facebook,Android
u_014691,2024-12-27 10:48:19,KR,cross_promo,Android
u_014692,2024-12-25 21:42:41,KR,paid_facebook,iOS
u_014693,2024-12-09 03:57:45,US,paid_facebook,Android
u_014694,2024-11-25 06:08:14,JP,paid_google,Android
u_014695,2024-11-01 09:05:54,KR,paid_google,Android
u_014696,2024-11-04 19:58:08,JP,organic,Android
u_014697,2024-12-10 00:12:30,KR,cross_promo,Android
u_014698,2024-12-03 04:35:18,KR,referral,Android
u_014699,2024-12-21 00:21:15,KR,referral,iOS
u_014700,2024-11-11 11:46:49,KR,paid_google,Android
u_014701,2024-12-31 04:18:37,KR,organic,Android
u_014702,2024-12-07 11:33:10,US,cross_promo,iOS
u_014703,2024-12-21 04:07:03,KR,paid_google,Android
u_014704,2024-11-14 03:48:39,KR,paid_facebook,Android
u_014705,2024-12-16 06:18:29,JP,organic,iOS
u_014706,2024-11-09 19:10:16,KR,paid_tiktok,iOS
u_014707,2024-12-28 18:03:35,KR,paid_tiktok,Android
u_014708,2024-12-27 13:02:11,JP,paid_google,Android
u_014709,2024-12-29 17:59:13,KR,paid_tiktok,iOS
u_014710,2024-12-18 05:21:57,US,organic,Android
u_014711,2024-12-07 07:32:33,US,organic,iOS
u_014712,2024-11-21 17:41:03,JP,organic,Android
u_014713,2024-11-21 07:50:15,KR,paid_facebook,iOS
u_014714,2024-12-19 21:57:20,KR,organic,iOS
u_014715,2024-11-29 10:49:58,KR,referral,iOS
u_014716,2024-12-20 03:56:14,US,organic,Android
u_014717,2024-11-07 19:43:14,US,paid_facebook,Android
u_014718,2024-12-15 21:22:39,US,paid_google,iOS
u_014719,2024-12-14 01:28:56,JP,paid_google,Android
u_014720,2024-12-26 02:42:02,KR,paid_facebook,iOS
u_014721,2024-11-27 17:10:41,KR,paid_facebook,iOS
u_014722,2024-11-16 14:17:32,KR,paid_facebook,iOS
u_014723,2024-12-17 21:50:12,KR,paid_tiktok,Android
u_014724,2024-12-27 17:22:07,US,organic,Android
u_014725,2024-11-13 23:44:45,KR,cross_promo,Android
u_014726,2024-12-01 21:15:56,KR,referral,Android
u_014727,2024-12-26 14:35:17,JP,organic,iOS
u_014728,2024-12-22 03:24:44,US,referral,iOS
u_014729,2024-12-06 12:03:52,US,cross_promo,Android
u_014730,2024-11-02 03:08:02,US,cross_promo,iOS
u_014731,2024-12-15 17:23:44,KR,cross_promo,Android
u_014732,2024-12-12 15:01:53,KR,paid_facebook,Android
u_014733,2024-11-10 02:17:23,US,cross_promo,iOS
u_014734,2024-12-30 16:16:55,KR,paid_tiktok,Android
u_014735,2024-11-29 08:52:43,JP,referral,iOS
u_014736,2024-12-21 22:51:26,JP,cross_promo,Android
u_014737,2024-12-17 03:26:35,KR,paid_facebook,Android
u_014738,2024-11-01 14:23:32,KR,paid_facebook,Android
u_014739,2024-12-11 20:11:58,US,paid_facebook,Android
u_014740,2024-12-24 03:49:56,US,paid_facebook,Android
u_014741,2024-12-26 11:28:10,KR,organic,Android
u_014742,2024-11-03 05:40:32,JP,cross_promo,Android
u_014743,2024-12-04 00:26:01,JP,paid_facebook,Android
u_014744,2024-11-29 17:03:25,KR,cross_promo,iOS
u_014745,2024-11-29 17:01:21,JP,cross_promo,iOS
u_014746,2024-11-21 21:28:24,US,paid_tiktok,Android
u_014747,2024-12-05 10:32:03,US,paid_tiktok,iOS
u_014748,2024-12-25 04:56:21,US,paid_google,Android
u_014749,2024-12-12 06:35:59,US,paid_facebook,Android
u_014750,2024-11-14 11:50:10,KR,paid_tiktok,Android
u_014751,2024-12-18 00:56:17,US,organic,Android
u_014752,2024-11-18 12:24:05,JP,referral,Android
u_014753,2024-11-18 03:49:49,US,cross_promo,Android
u_014754,2024-11-09 10:42:20,US,cross_promo,iOS
u_014755,2024-12-06 22:07:58,JP,paid_tiktok,Android
u_014756,2024-11-28 22:57:58,KR,organic,Android
u_014757,2024-12-14 19:36:03,KR,cross_promo,Android
u_014758,2024-12-30 04:35:43,KR,cross_promo,iOS
u_014759,2024-12-19 13:14:57,KR,paid_google,Android
u_014760,2024-11-24 05:06:19,KR,referral,Android
u_014761,2024-12-29 06:29:49,US,paid_google,iOS
u_014762,2024-12-22 11:21:15,KR,referral,iOS
u_014763,2024-12-27 16:23:46,US,paid_facebook,Android
u_014764,2024-12-30 17:50:04,KR,paid_tiktok,Android
u_014765,2024-11-12 17:01:06,KR,paid_facebook,iOS
u_014766,2024-11-12 17:04:37,KR,referral,Android
u_014767,2024-11-07 19:06:54,JP,paid_tiktok,Android
u_014768,2024-11-27 14:00:58,KR,cross_promo,iOS
u_014769,2024-11-10 13:32:32,JP,referral,iOS
u_014770,2024-12-05 13:36:59,JP,referral,Android
u_014771,2024-12-08 03:58:35,KR,paid_tiktok,Android
u_014772,2024-11-01 19:03:43,JP,organic,iOS
u_014773,2024-12-09 08:24:29,JP,cross_promo,iOS
u_014774,2024-12-18 14:08:26,JP,paid_google,iOS
u_014775,2024-12-30 03:12:48,KR,paid_facebook,Android
u_014776,2024-12-24 02:57:53,KR,cross_promo,Android
u_014777,2024-11-02 03:22:29,JP,referral,Android
u_014778,2024-11-03 17:12:07,KR,paid_google,Android
u_014779,2024-11-02 17:39:11,KR,paid_google,Android
u_014780,2024-12-16 18:06:40,KR,paid_google,Android
u_014781,2024-11-02 11:18:11,JP,paid_tiktok,Android
u_014782,2024-12-13 07:06:38,US,cross_promo,iOS
u_014783,2024-11-05 02:55:51,JP,cross_promo,Android
u_014784,2024-11-01 17:39:04,JP,cross_promo,Android
u_014785,2024-12-19 10:49:48,KR,paid_facebook,iOS
u_014786,2024-11-05 11:29:49,KR,paid_google,iOS
u_014787,2024-11-19 18:47:39,US,paid_tiktok,Android
u_014788,2024-12-24 07:05:29,JP,referral,Android
u_014789,2024-12-23 02:37:56,KR,referral,Android
u_014790,2024-11-09 22:15:58,US,cross_promo,Android
u_014791,2024-11-26 01:12:01,KR,paid_facebook,iOS
u_014792,2024-12-05 18:58:24,KR,paid_tiktok,Android
u_014793,2024-12-03 04:03:25,KR,cross_promo,Android
u_014794,2024-11-22 05:42:35,KR,referral,iOS
u_014795,2024-12-22 00:56:11,KR,paid_tiktok,Android
u_014796,2024-11-06 08:51:54,KR,organic,Android
u_014797,2024-12-17 11:36:16,JP,paid_facebook,Android
u_014798,2024-11-15 02:14:08,KR,paid_facebook,Android
u_014799,2024-12-23 22:42:08,JP,paid_google,Android
u_014800,2024-11-18 14:57:23,JP,cross_promo,iOS
u_014801,2024-12-19 14:29:56,US,paid_google,Android
u_014802,2024-11-11 11:13:58,JP,paid_google,Android
u_014803,2024-12-18 05:33:42,KR,organic,iOS
u_014804,2024-11-18 09:32:55,JP,cross_promo,iOS
u_014805,2024-11-23 00:18:59,KR,paid_google,Android
u_014806,2024-12-10 05:31:02,JP,paid_google,Android
u_014807,2024-12-25 23:38:15,KR,paid_facebook,Android
u_014808,2024-11-23 18:33:15,US,paid_facebook,Android
u_014809,2024-12-13 03:26:05,KR,paid_google,Android
u_014810,2024-12-10 22:23:52,KR,paid_google,Android
u_014811,2024-12-10 18:47:20,JP,organic,iOS
u_014812,2024-12-02 19:48:04,KR,paid_facebook,Android
u_014813,2024-11-19 00:42:03,KR,paid_google,Android
u_014814,2024-12-09 17:17:22,KR,organic,Android
u_014815,2024-11-23 12:07:14,KR,paid_google,iOS
u_014816,2024-11-11 12:40:48,JP,cross_promo,Android
u_014817,2024-12-08 04:38:07,KR,paid_tiktok,iOS
u_014818,2024-11-24 05:59:46,KR,cross_promo,Android
u_014819,2024-11-29 12:33:00,KR,paid_tiktok,Android
u_014820,2024-11-30 09:44:44,KR,paid_facebook,iOS
u_014821,2024-12-21 16:45:05,KR,referral,Android
u_014822,2024-12-27 07:48:01,KR,paid_google,Android
u_014823,2024-11-30 19:12:36,JP,organic,iOS
u_014824,2024-12-14 16:45:58,KR,paid_tiktok,iOS
u_014825,2024-12-17 01:45:50,JP,paid_google,Android
u_014826,2024-11-02 23:47:48,KR,paid_tiktok,Android
u_014827,2024-12-30 23:22:03,JP,paid_tiktok,Android
u_014828,2024-12-10 13:40:32,KR,organic,iOS
u_014829,2024-12-12 11:59:36,US,paid_facebook,Android
u_014830,2024-12-31 22:04:12,JP,paid_tiktok,iOS
u_014831,2024-11-08 07:28:45,JP,paid_facebook,Android
u_014832,2024-12-09 03:12:28,KR,paid_google,iOS
u_014833,2024-12-04 06:38:47,US,cross_promo,Android
u_014834,2024-12-23 05:38:41,KR,paid_tiktok,Android
u_014835,2024-11-05 10:19:25,KR,paid_tiktok,Android
u_014836,2024-12-01 07:18:01,KR,cross_promo,Android
u_014837,2024-12-05 07:19:51,US,paid_tiktok,Android
u_014838,2024-12-29 08:35:51,JP,organic,Android
u_014839,2024-11-08 13:27:11,KR,paid_tiktok,Android
u_014840,2024-12-06 23:16:18,KR,paid_tiktok,Android
u_014841,2024-12-15 12:55:36,KR,paid_tiktok,iOS
u_014842,2024-12-18 16:02:53,KR,paid_google,iOS
u_014843,2024-12-31 02:19:40,US,paid_tiktok,Android
u_014844,2024-11-01 20:05:51,US,paid_google,Android
u_014845,2024-12-15 17:19:19,KR,paid_tiktok,iOS
u_014846,2024-12-30 18:00:06,KR,paid_facebook,iOS
u_014847,2024-12-20 13:56:34,KR,cross_promo,Android
u_014848,2024-11-04 00:13:04,US,paid_tiktok,Android
u_014849,2024-12-26 17:46:36,US,paid_google,Android
u_014850,2024-12-04 06:49:08,US,cross_promo,Android
u_014851,2024-11-17 12:30:05,KR,paid_facebook,Android
u_014852,2024-12-02 15:39:58,JP,organic,iOS
u_014853,2024-11-26 04:22:28,JP,paid_tiktok,Android
u_014854,2024-12-04 18:54:46,KR,paid_facebook,Android
u_014855,2024-11-20 02:07:55,KR,paid_tiktok,Android
u_014856,2024-11-21 09:21:44,JP,organic,Android
u_014857,2024-12-12 20:10:36,KR,organic,Android
u_014858,2024-11-15 16:18:13,KR,organic,iOS
u_014859,2024-11-03 23:07:28,US,cross_promo,iOS
u_014860,2024-11-15 12:30:19,KR,referral,iOS
u_014861,2024-12-05 13:20:50,KR,paid_tiktok,Android
u_014862,2024-11-07 07:58:16,JP,cross_promo,Android
u_014863,2024-11-27 16:27:15,KR,organic,Android
u_014864,2024-12-24 04:54:20,US,referral,Android
u_014865,2024-12-28 06:01:58,US,paid_facebook,Android
u_014866,2024-11-19 04:34:49,US,paid_tiktok,iOS
u_014867,2024-12-22 20:56:01,KR,organic,iOS
u_014868,2024-12-23 15:17:39,KR,referral,Android
u_014869,2024-11-09 01:06:45,KR,organic,Android
u_014870,2024-11-05 12:31:41,KR,paid_facebook,iOS
u_014871,2024-12-13 13:18:51,KR,organic,Android
u_014872,2024-11-21 16:58:24,US,cross_promo,Android
u_014873,2024-11-05 08:55:20,US,referral,Android
u_014874,2024-11-14 15:32:34,KR,paid_tiktok,Android
u_014875,2024-12-15 09:21:09,JP,organic,Android
u_014876,2024-11-30 02:53:48,KR,paid_facebook,Android
u_014877,2024-12-02 13:42:32,US,cross_promo,Android
u_014878,2024-11-14 12:49:48,KR,paid_facebook,Android
u_014879,2024-12-27 19:28:39,JP,paid_tiktok,Android
u_014880,2024-11-22 13:28:59,US,paid_facebook,Android
u_014881,2024-11-04 16:15:12,KR,organic,iOS
u_014882,2024-12-04 21:01:19,KR,cross_promo,iOS
u_014883,2024-11-24 17:44:59,US,organic,iOS
u_014884,2024-12-02 16:49:54,US,referral,Android
u_014885,2024-12-12 22:04:00,US,organic,Android
u_014886,2024-11-06 12:19:02,US,paid_facebook,iOS
u_014887,2024-12-31 14:17:14,KR,paid_facebook,Android
u_014888,2024-12-27 00:52:47,KR,cross_promo,Android
u_014889,2024-12-11 12:07:55,KR,paid_facebook,Android
u_014890,2024-12-21 22:09:47,JP,referral,Android
u_014891,2024-12-07 06:08:35,KR,paid_google,iOS
u_014892,2024-11-24 23:56:37,KR,organic,Android
u_014893,2024-11-05 14:20:35,KR,paid_tiktok,Android
u_014894,2024-12-18 23:28:57,KR,organic,iOS
u_014895,2024-11-08 23:53:13,US,paid_facebook,iOS
u_014896,2024-11-28 19:39:15,KR,paid_tiktok,Android
u_014897,2024-12-26 03:16:14,US,cross_promo,iOS
u_014898,2024-12-09 12:48:24,JP,paid_facebook,Android
u_014899,2024-12-09 07:36:17,JP,cross_promo,iOS
u_014900,2024-11-11 04:00:35,KR,paid_facebook,Android
u_014901,2024-12-21 17:33:31,US,cross_promo,Android
u_014902,2024-11-06 23:20:49,JP,paid_google,Android
u_014903,2024-12-31 19:59:54,KR,paid_google,Android
u_014904,2024-11-23 17:42:03,JP,cross_promo,Android
u_014905,2024-11-17 09:39:03,US,paid_tiktok,Android
u_014906,2024-12-18 18:18:45,KR,referral,Android
u_014907,2024-11-15 06:58:37,JP,paid_tiktok,iOS
u_014908,2024-11-05 17:20:16,US,organic,iOS
u_014909,2024-11-15 05:44:41,KR,cross_promo,iOS
u_014910,2024-11-28 07:36:18,US,referral,iOS
u_014911,2024-11-15 20:20:27,US,organic,Android
u_014912,2024-12-30 03:03:12,KR,paid_tiktok,Android
u_014913,2024-12-25 22:49:58,JP,paid_tiktok,Android
u_014914,2024-11-26 02:40:55,KR,paid_tiktok,Android
u_014915,2024-12-22 17:55:59,JP,organic,Android
u_014916,2024-11-10 04:26:43,US,cross_promo,Android
u_014917,2024-11-16 19:41:59,KR,referral,Android
u_014918,2024-12-04 19:23:27,US,cross_promo,Android
u_014919,2024-12-10 16:33:04,KR,paid_facebook,iOS
u_014920,2024-12-19 11:29:43,US,paid_facebook,iOS
u_014921,2024-12-17 08:09:41,KR,paid_tiktok,Android
u_014922,2024-12-28 05:10:48,KR,paid_tiktok,Android
u_014923,2024-12-14 22:29:20,KR,paid_tiktok,Android
u_014924,2024-12-27 16:38:55,KR,cross_promo,Android
u_014925,2024-12-14 12:06:17,KR,cross_promo,Android
u_014926,2024-11-21 19:52:24,JP,paid_tiktok,iOS
u_014927,2024-12-07 07:35:05,KR,paid_tiktok,Android
u_014928,2024-11-22 14:39:54,JP,cross_promo,iOS
u_014929,2024-12-18 16:44:13,KR,organic,iOS
u_014930,2024-11-29 00:37:42,KR,organic,iOS
u_014931,2024-11-19 11:11:57,JP,cross_promo,Android
u_014932,2024-11-12 00:06:40,JP,paid_facebook,Android
u_014933,2024-12-27 02:21:02,KR,cross_promo,Android
u_014934,2024-11-27 13:16:48,JP,paid_tiktok,Android
u_014935,2024-12-10 07:33:07,US,referral,iOS
u_014936,2024-12-15 16:12:45,JP,organic,Android
u_014937,2024-12-29 17:08:04,KR,cross_promo,iOS
u_014938,2024-11-25 00:35:13,JP,organic,Android
u_014939,2024-11-28 16:26:08,KR,referral,Android
u_014940,2024-12-15 10:46:08,KR,paid_facebook,Android
u_014941,2024-12-02 00:54:26,KR,paid_google,iOS
u_014942,2024-12-09 19:02:09,US,organic,Android
u_014943,2024-12-05 11:19:47,KR,paid_tiktok,Android
u_014944,2024-12-15 21:50:31,KR,paid_facebook,Android
u_014945,2024-11-25 21:16:55,US,cross_promo,Android
u_014946,2024-12-12 16:03:27,KR,organic,iOS
u_014947,2024-12-07 15:50:34,US,paid_tiktok,iOS
u_014948,2024-12-29 08:26:39,US,paid_facebook,Android
u_014949,2024-12-19 17:55:04,US,organic,Android
u_014950,2024-12-13 00:07:05,US,organic,Android
u_014951,2024-12-15 20:26:48,KR,cross_promo,Android
u_014952,2024-12-31 12:02:21,KR,paid_tiktok,Android
u_014953,2024-12-01 13:19:54,KR,cross_promo,Android
u_014954,2024-12-29 10:41:34,JP,paid_facebook,Android
u_014955,2024-12-22 23:55:47,KR,organic,iOS
u_014956,2024-12-09 19:18:30,JP,referral,Android
u_014957,2024-11-02 09:36:29,KR,paid_tiktok,Android
u_014958,2024-12-06 04:47:57,KR,organic,Android
u_014959,2024-12-24 23:33:15,JP,paid_facebook,Android
u_014960,2024-11-30 17:57:36,KR,paid_facebook,Android
u_014961,2024-11-12 03:54:28,JP,paid_tiktok,iOS
u_014962,2024-12-29 11:33:56,US,organic,Android
u_014963,2024-12-28 10:58:59,KR,paid_google,Android
u_014964,2024-11-18 05:01:37,US,paid_tiktok,iOS
u_014965,2024-12-24 10:13:35,US,cross_promo,iOS
u_014966,2024-11-23 18:18:58,KR,paid_facebook,iOS
u_014967,2024-11-16 16:30:29,KR,paid_google,Android
u_014968,2024-11-15 14:25:18,JP,paid_google,Android
u_014969,2024-12-15 07:52:44,JP,organic,Android
u_014970,2024-11-21 06:59:29,US,organic,iOS
u_014971,2024-12-26 11:41:31,KR,cross_promo,iOS
u_014972,2024-11-02 04:45:57,JP,paid_facebook,Android
u_014973,2024-12-13 21:11:54,KR,paid_google,Android
u_014974,2024-12-05 02:47:02,KR,referral,Android
u_014975,2024-12-19 22:16:01,JP,paid_tiktok,iOS
u_014976,2024-11-05 19:39:45,JP,referral,iOS
u_014977,2024-11-15 06:55:11,KR,paid_facebook,Android
u_014978,2024-12-23 10:58:41,KR,paid_facebook,iOS
u_014979,2024-12-11 04:08:45,KR,paid_facebook,Android
u_014980,2024-11-02 02:59:49,KR,referral,iOS
u_014981,2024-11-18 18:45:10,JP,cross_promo,Android
u_014982,2024-11-17 10:27:35,JP,referral,iOS
u_014983,2024-11-23 01:12:21,KR,paid_facebook,Android
u_014984,2024-12-16 16:05:04,KR,paid_google,Android
u_014985,2024-11-01 14:05:22,KR,organic,iOS
u_014986,2024-12-16 01:30:39,US,organic,iOS
u_014987,2024-12-02 14:36:49,KR,paid_google,Android
u_014988,2024-11-07 07:15:22,KR,paid_tiktok,Android
u_014989,2024-12-03 19:55:34,KR,paid_tiktok,Android
u_014990,2024-12-07 17:01:57,KR,paid_tiktok,Android
u_014991,2024-11-22 03:26:58,KR,paid_facebook,iOS
u_014992,2024-11-20 07:57:08,KR,paid_google,Android
u_014993,2024-12-12 03:47:21,US,paid_google,iOS
u_014994,2024-11-25 21:19:01,US,paid_facebook,Android
u_014995,2024-11-15 15:45:52,KR,paid_google,Android
u_014996,2024-11-18 01:20:38,KR,paid_tiktok,Android
u_014997,2024-12-22 08:42:17,US,cross_promo,iOS
u_014998,2024-12-30 17:22:09,JP,referral,iOS
u_014999,2024-12-06 04:20:29,KR,paid_google,Android
u_015000,2024-11-12 09:17:33,KR,paid_facebook,Android
